symbol,exchange,type,organ_short_name,organ_name,product_grp_id,icb_code2
YTC,UPCOM,STOCK,XNK Y tế TP.HCM,Công ty Cổ phần Xuất nhập khẩu Y tế Thành phố Hồ Chí Minh,UPX,4500
YEG,HSX,STOCK,Tập đoàn Yeah1,Công ty Cổ phần Tập đoàn Yeah1,STO,5500
YBM,HSX,STOCK,Khoáng sản CN Yên Bái,Công ty Cổ phần Khoáng sản Công nghiệp Yên Bái,STO,1700
YBC,UPCOM,STOCK,Xi măng và Khoáng sản Yên Bái,Công ty Cổ phần Xi măng và Khoáng sản Yên Bái,UPX,2300
XPH,UPCOM,STOCK,Xà phòng Hà Nội,Công ty Cổ phần Xà phòng Hà Nội,UPX,3700
XMP,UPCOM,STOCK,Thủy điện Xuân Minh,Công ty Cổ phần Thủy điện Xuân Minh,UPX,7500
XMD,UPCOM,STOCK,Xuân Mai - Đạo Tú,Công ty Cổ phần Xuân Mai - Đạo Tú,UPX,2300
XMC,UPCOM,STOCK,Bê tông Xuân Mai,Công ty cổ phần Đầu tư và Xây dựng Xuân Mai,UPX,2300
XLV,UPCOM,STOCK,XL và DV Sông Đà,Công ty Cổ phần Xây lắp và Dịch vụ Sông Đà,UPX,2300
XHC,UPCOM,STOCK,Nội thất Xuân Hòa,Công ty Cổ phần Xuân Hòa Việt Nam,UPX,3700
XDH,UPCOM,STOCK,Đầu tư XD Dân dụng Hà Nội,Công ty Cổ phần Đầu tư Xây dựng Dân dụng Hà Nội,UPX,8600
XDC,DELISTED,STOCK,Xây dựng Công trình Tân Cảng,Công ty Cổ phần Xây dựng Công trình Tân Cảng,,2300
X77,UPCOM,STOCK,Thành An 77,Công ty Cổ phần Thành An 77,UPX,2300
X26,UPCOM,STOCK,Công ty 26,Công ty Cổ phần 26,UPX,3700
X20,HNX,STOCK,May mặc X20,Công ty Cổ phần X20,STX,3700
WTC,UPCOM,STOCK,Vận tải thủy Vinacomin,Công ty Cổ phần Vận tải thủy - Vinacomin,UPX,2700
WSS,HNX,STOCK,Chứng khoán Phố Wall,Công ty Cổ phần Chứng khoán Phố Wall,STX,8700
WSB,UPCOM,STOCK,Bia Sài Gòn - Miền Tây,Công ty Cổ phần Bia Sài Gòn - Miền Tây,UPX,3500
WCS,HNX,STOCK,Bến xe Miền Tây,Công ty Cổ phần Bến xe Miền Tây,STX,2700
VXT,UPCOM,STOCK,Kho vận và DV Thương mại,Công ty Cổ phần Kho vận và dịch vụ thương mại,UPX,2700
VXP,UPCOM,STOCK,Thuốc Thú y Trung ương VETVACO,Công ty Cổ phần Thuốc Thú y Trung ương VETVACO,UPX,1300
VXB,UPCOM,STOCK,VLXD Bến Tre,Công ty Cổ phần Vật liệu xây dựng Bến Tre,UPX,2300
VWS,UPCOM,STOCK,Nước và Môi trường VN,Công ty Cổ phần Nước và Môi trường Việt Nam,UPX,7500
VW3,UPCOM,STOCK,VIWASEEN.3,Công ty Cổ phần VIWASEEN3,UPX,2300
VVS,HSX,STOCK,Đầu tư Phát triển Máy Việt Nam,Công ty Cổ phần Đầu tư Phát triển Máy Việt Nam,STO,3300
VVN,UPCOM,STOCK,XD Công nghiệp Việt Nam,Tổng Công ty Cổ phần Xây dựng Công nghiệp Việt Nam,UPX,2300
VUA,UPCOM,STOCK,Chứng khoán Stanley Brothers,Công ty Cổ phần Chứng khoán Stanley Brothers,UPX,8700
VTZ,HNX,STOCK,Nhựa Việt Thành,Công ty Cổ phần Sản xuất và Thương mại Nhựa Việt Thành,STX,1300
VTX,UPCOM,STOCK,Vận tải Đa phương thức,Công ty Cổ phần Vận tải Đa phương thức VIETRANSTIMEX,UPX,2700
VTV,HNX,STOCK,Năng lượng và Môi trường VICEM,Công ty Cổ phần Năng lượng và Môi trường VICEM,STX,2300
VTS,UPCOM,STOCK,Gạch Ngói Từ Sơn,Công ty Cổ phần Gạch Ngói Từ Sơn,UPX,2300
VTR,UPCOM,STOCK,Du lịch Vietravel,Công ty Cổ phần Du lịch Vietravel,UPX,5700
VTQ,UPCOM,STOCK,Việt Trung Quảng Bình,Công ty Cổ phần Việt Trung Quảng Bình,UPX,1300
VTP,HSX,STOCK,Bưu chính Viettel,Tổng Công ty Cổ phần Bưu chính Viettel,STO,2700
VTO,HSX,STOCK,VITACO,Công ty Cổ phần Vận tải Xăng dầu VITACO,STO,2700
VTM,UPCOM,STOCK,Đưa đón thợ mỏ - Vinacomin,Công ty Cổ phần Vận tải và Đưa đón thợ mỏ - Vinacomin,UPX,5700
VTL,DELISTED,STOCK,Vang Thăng Long,Công ty Cổ phần Vang Thăng Long,UPX,3500
VTK,UPCOM,STOCK,Tư vấn thiết kế Viettel,Công ty Cổ phần Tư vấn và Dịch vụ Viettel,UPX,2700
VTJ,HNX,STOCK,TM và Đầu tư VINATABA,Công ty Cổ phần Thương mại và Đầu tư VI NA TA BA,STX,3700
VTI,UPCOM,STOCK,Sản xuất - XNK Dệt may,Công ty Cổ phần Sản xuất - Xuất nhập khẩu Dệt may,UPX,3700
VTH,HNX,STOCK,Dây cáp điện Việt Thái,Công ty Cổ phần Dây cáp điện Việt Thái,STX,2700
VTG,UPCOM,STOCK,Du lịch tỉnh BR-VT,Công ty Cổ phần Du lịch tỉnh Bà Rịa - Vũng Tàu,UPX,5700
VTE,UPCOM,STOCK,VINACAP Kim Long,Công ty Cổ phần VINACAP Kim Long,UPX,9500
VTD,UPCOM,STOCK,Du lịch Vietourist,Công ty Cổ phần Vietourist Holdings,UPX,5700
VTC,HNX,STOCK,Viễn thông VTC,Công ty Cổ phần Viễn Thông VTC,STX,9500
VTB,HSX,STOCK,Viettronics Tân Bình,Công ty Cổ phần Viettronics Tân Bình,STO,2700
VTA,UPCOM,STOCK,Gạch men VITALY,Công ty Cổ phần VITALY,UPX,2300
VST,UPCOM,STOCK,Vận tải và Thuê Tàu biển Việt Nam,Công ty Cổ phần Vận tải và Thuê Tàu biển Việt Nam,UPX,2700
VSP,DELISTED,STOCK,ShinPetrol,Công ty Cổ phần Vận tải biển và Bất động sản Việt Hải,,2700
VSN,UPCOM,STOCK,VN Kỹ Nghệ Súc Sản (VISSAN),Công ty Cổ phần Việt Nam Kỹ Nghệ Súc Sản,UPX,3500
VSM,HNX,STOCK,Container Miền Trung,Công ty Cổ phần Container Miền Trung,STX,2700
VSI,HSX,STOCK,Đầu tư và Xây dựng Cấp thoát nước,Công ty Cổ phần Đầu tư và Xây dựng Cấp thoát nước,STO,2300
VSH,HSX,STOCK,Thủy điện Vĩnh Sơn - Sông Hinh,Công ty Cổ phần Thủy điện Vĩnh Sơn - Sông Hinh,STO,7500
VSG,UPCOM,STOCK,Container Phía Nam,Công ty Cổ phần Container Phía Nam,UPX,2700
VSF,UPCOM,STOCK,Vinafood 2,Tổng Công ty Lương thực Miền Nam - Công ty Cổ phần,UPX,3500
VSE,UPCOM,STOCK,DV Đường cao tốc Việt Nam,Công ty Cổ phần Dịch vụ Đường cao tốc Việt Nam,UPX,2700
VSC,HSX,STOCK,VICONSHIP,Công ty Cổ phần Container Việt Nam,STO,2700
VSA,HNX,STOCK,Đại lý Hàng hải VN,Công ty Cổ phần Đại lý Hàng hải Việt Nam,STX,2700
VRG,UPCOM,STOCK,PT Đô thị và KCN Cao su VN,Công ty Cổ phần Phát triển Đô thị và Khu Công nghiệp Cao Su Việt Nam,UPX,8600
VRE12007,DELISTED,BOND,Trái phiếu Công ty Cổ phần Vincom Retail,Trái phiếu Công ty Cổ phần Vincom Retail,HCX,
VRE,HSX,STOCK,Vincom Retail,Công ty Cổ phần Vincom Retail,STO,8600
VRC,HSX,STOCK,Bất động sản và Đầu tư VRC,Công ty Cổ phần Bất động sản và Đầu tư VRC,STO,8600
VQC,UPCOM,STOCK,Giám định Vinaconmin,Công ty Cổ phần Giám định Vinaconmin,UPX,2700
VPX,HSX,STOCK,Chứng khoán VPBank,Công ty Cổ phần Chứng khoán VPBank,STO,8700
VPW,UPCOM,STOCK,Cấp thoát nước số 1 Vĩnh Phúc,Công ty Cổ phần Cấp thoát nước số 1 Vĩnh Phúc,UPX,7500
VPS,HSX,STOCK,Thuốc sát trùng Việt Nam,Công ty Cổ phần Thuốc sát trùng Việt Nam,STO,1300
VPR,UPCOM,STOCK,VINAPRINT,Công ty Cổ phần VINAPRINT,UPX,5500
VPL,HSX,STOCK,Vinpearl ,Công ty Cổ phần Vinpearl,STO,5700
VPI124001,BOND,BOND,Trái phiếu CTCP Đầu tư Văn Phú -Invest,Trái phiếu CTCP Đầu tư Văn Phú -Invest,HCX,
VPI,HSX,STOCK,Đầu tư Văn Phú - Invest,Công ty Cổ phần Phát triển Bất động sản Văn Phú,STO,8600
VPH,HSX,STOCK,Vạn Phát Hưng,Công ty Cổ phần Vạn Phát Hưng,STO,8600
VPG,HSX,STOCK,Đầu tư TMại XNK Việt Phát,Công ty Cổ phần Đầu tư Thương mại Xuất nhập khẩu Việt Phát,STO,1700
VPD,HSX,STOCK,Phát triển Điện lực Việt Nam,Công ty Cổ phần Phát triển Điện lực Việt Nam,STO,7500
VPC,UPCOM,STOCK,V- Power,Công ty Cổ phần Đầu tư và Phát triển Năng lượng Việt Nam,UPX,2300
VPB,HSX,STOCK,VPBank,Ngân hàng Thương mại Cổ phần Việt Nam Thịnh Vượng,STO,8300
VPA,UPCOM,STOCK,Vận tải Hóa dầu VP,Công ty Cổ phần Vận tải Hóa dầu VP,UPX,2700
VOS,HSX,STOCK,Vận tải Biển Việt Nam,Công ty Cổ phần Vận tải Biển Việt Nam,STO,2700
VOC,DELISTED,STOCK,Dầu thực vật Việt Nam,Tổng Công ty Công nghiệp Dầu thực vật Việt Nam - Công ty Cổ phần,UPX,3500
VNZ,UPCOM,STOCK,Tập đoàn VNG,Công ty Cổ phần Tập đoàn VNG,UPX,5500
VNY,UPCOM,STOCK,Thuốc thú y Trung ương I,Công ty Cổ phần Thuốc thú y Trung ương I,UPX,1300
VNX,UPCOM,STOCK,QC và Hội chợ Thương mại,Công ty Cổ phần Quảng cáo và Hội chợ Thương mại Vinexad,UPX,5500
VNT421032,DELISTED,BOND,VNT421032 - Trái phiếu,VNT421032 - Trái phiếu,,
VNT,HNX,STOCK,Vận tải ngoại thương,Công ty Cổ phần Giao nhận Vận tải Ngoại Thương,STX,2700
VNS,HSX,STOCK,Ánh Dương Việt Nam,Công ty Cổ phần Ánh Dương Việt Nam,STO,5700
VNR,HNX,STOCK,Tái bảo hiểm Quốc gia,Tổng Công ty Cổ phần Tái bảo hiểm Quốc gia Việt Nam,STX,8500
VNP,UPCOM,STOCK,Nhựa Việt Nam,Công ty Cổ phần Nhựa Việt Nam,UPX,1300
VNM,HSX,STOCK,VINAMILK,Công ty Cổ phần Sữa Việt Nam,STO,3500
VNL,HSX,STOCK,Vinalink Logistics,Công ty Cổ phần Logistics Vinalink,STO,2700
VNI,UPCOM,STOCK,ĐT BĐS Việt Nam,Công ty Cổ phần Đầu tư Bất động sản Việt Nam,UPX,8600
VNH,UPCOM,STOCK,Đầu tư Việt Việt Nhật,Công ty Cổ phần Đầu tư Việt Việt Nhật,UPX,3500
VNG122002,DELISTED,BOND,VNG122002 - Trái phiếu,VNG122002 - Trái phiếu,,
VNG,HSX,STOCK,DL Thành Thành Công,Công ty Cổ phần Du Lịch Thành Thành Công,STO,5700
VNF,HNX,STOCK,VINAFREIGHT,Công ty Cổ phần Vinafreight,STX,2700
VNE,HSX,STOCK,Xây dựng điện Việt Nam,Tổng Công ty Cổ phần Xây dựng điện Việt Nam,STO,2300
VND125033,BOND,BOND,Trái phiếu Công ty cổ phần Chứng khoán VNDIRECT (VNDL2528002),Trái phiếu Công ty cổ phần Chứng khoán VNDIRECT (VNDL2528002),HCX,
VND125032,BOND,BOND,Trái phiếu Công ty cổ phần Chứng khoán VNDIRECT (VNDL2527001),Trái phiếu Công ty cổ phần Chứng khoán VNDIRECT (VNDL2527001),HCX,
VND122014,DELISTED,BOND,VND122014 - Trái phiếu,VND122014 - Trái phiếu,,
VND122013,DELISTED,BOND,VND122013 - Trái phiếu,VND122013 - Trái phiếu,,
VND122012,DELISTED,BOND,VND122012 - Trái phiếu,VND122012 - Trái phiếu,,
VND,HSX,STOCK,Chứng khoán VNDIRECT,Công ty Cổ phần Chứng khoán VNDIRECT,STO,8700
VNC,HNX,STOCK,VINACONTROL,Công ty Cổ phần Tập đoàn Vinacontrol,STX,2700
VNB,UPCOM,STOCK,Sách Việt Nam,Công ty Cổ phần Sách Việt Nam,UPX,5500
VNA,UPCOM,STOCK,Vận tải biển Vinaship,Công ty Cổ phần Vận tải biển Vinaship,UPX,2700
VN30F2512,DELISTED,FU,VN30F2512 - HĐTL,VN30F2512 - HĐTL,FIO,
VN30F2509,DELISTED,FU,VN30F2509 - HĐTL,VN30F2509 - HĐTL,FIO,
VN30F2506,DELISTED,FU,VN30F2506 - HĐTL,VN30F2506 - HĐTL,FIO,
VN30F2505,DELISTED,FU,VN30F2505 - HĐTL,VN30F2505 - HĐTL,FIO,
VN30F2504,DELISTED,FU,VN30F2504 - HĐTL,VN30F2504 - HĐTL,,
VN30F2503,DELISTED,FU,VN30F2503 - HĐTL,VN30F2503 - HĐTL,,
VN30F2502,DELISTED,FU,VN30F2502 - HĐTL,VN30F2502 - HĐTL,,
VN30F2501,DELISTED,FU,VN30F2501 - HĐTL,VN30F2501 - HĐTL,,
VN30F2412,DELISTED,FU,VN30F2412 - HĐTL,VN30F2412 - HĐTL,,
VN30F2411,DELISTED,FU,VN30F2411 - HĐTL,VN30F2411 - HĐTL,,
VN30F2410,DELISTED,FU,VN30F2410 - HĐTL,VN30F2410 - HĐTL,,
VN30F2409,DELISTED,FU,VN30F2409 - HĐTL,VN30F2409 - HĐTL,,
VN30F2408,DELISTED,FU,VN30F2408 - HĐTL,VN30F2408 - HĐTL,,
VN30F2407,DELISTED,FU,VN30F2407 - HĐTL,VN30F2407 - HĐTL,,
VN30F2406,DELISTED,FU,VN30F2406 - HĐTL,VN30F2406 - HĐTL,,
VN30F2405,DELISTED,FU,VN30F2405 - HĐTL,VN30F2405 - HĐTL,,
VN30F2404,DELISTED,FU,VN30F2404 - HĐTL,VN30F2404 - HĐTL,,
VN30F2403,DELISTED,FU,VN30F2403 - HĐTL,VN30F2403 - HĐTL,,
VN30F2402,DELISTED,FU,VN30F2402 - HĐTL,VN30F2402 - HĐTL,,
VN30F2401,DELISTED,FU,VN30F2401 - HĐTL,VN30F2401 - HĐTL,,
VMT,UPCOM,STOCK,Giao nhận Vận tải Miền Trung,Công ty Cổ phần Giao nhận Vận tải Miền Trung,UPX,2700
VMS,HNX,STOCK,Phát triển Hàng Hải,Công ty Cổ phần Phát triển Hàng Hải,STX,2700
VMK,UPCOM,STOCK,Vimarko,Công ty Cổ phần Vimarko,UPX,2300
VMI,DELISTED,STOCK,KS và Đầu tư VISACO,Công ty Cổ phần Khoáng sản và Đầu tư VISACO,,2300
VMG,UPCOM,STOCK,Vimexco Gas,Công ty Cổ phần Thương mại và Dịch vụ Dầu khí Vũng Tàu,UPX,7500
VMD,HSX,STOCK,Y Dược phẩm Vimedimex,Công ty Cổ phần Y Dược phẩm Vimedimex,STO,4500
VMC,HNX,STOCK,VIMECO,Công ty Cổ phần VIMECO,STX,2300
VMA,UPCOM,STOCK,CN Ô tô - Vinacomin,Công ty Cổ phần Công nghiệp Ô tô - Vinacomin,UPX,3300
VLW,UPCOM,STOCK,Cấp nước Vĩnh Long,Công ty Cổ phần Cấp nước Vĩnh Long,UPX,7500
VLS,UPCOM,STOCK,Sản xuất Thép Việt Long,Công ty Cổ phần Sản xuất Thép Việt Long,UPX,1700
VLP,UPCOM,STOCK,Công trình Công cộng Vĩnh Long,Công ty Cổ phần Công trình Công cộng Vĩnh Long,UPX,2700
VLG,UPCOM,STOCK,VIMC Logistics,Công ty Cổ phần VIMC Logistics,UPX,2700
VLF,DELISTED,STOCK,Lương thực Vĩnh Long,Công ty Cổ phần Lương thực Thực phẩm Vĩnh Long,UPX,3500
VLC,UPCOM,STOCK,Chăn nuôi Việt Nam,Tổng Công ty Chăn nuôi Việt Nam - Công ty Cổ phần,UPX,3500
VLB,UPCOM,STOCK,VLXD Biên Hòa,Công ty Cổ phần Xây dựng và Sản xuất Vật liệu Xây dựng Biên Hòa,UPX,2300
VLA,HNX,STOCK,PT Công nghệ Văn Lang,Công ty Cổ phần Đầu tư và Phát triển Công nghệ Văn Lang,STX,9500
VKP,UPCOM,STOCK,Nhựa Tân Hóa,Công ty Cổ phần Nhựa Tân Hóa,UPX,1300
VKD,DELISTED,STOCK,Nước khoáng Khánh Hòa,Công ty Cổ phần Nước khoáng Khánh Hòa,,3500
VKC,UPCOM,STOCK,VKC Holdings,Công ty Cổ phần VKC Holdings,UPX,3300
VJC,HSX,STOCK,Vietjet Air,Công ty Cổ phần Hàng không Vietjet,STO,5700
VIX,HSX,STOCK,Chứng khoán VIX,Công ty Cổ phần Chứng khoán VIX,STO,8700
VIW,UPCOM,STOCK,Đầu tư nước và môi trường VN - Viwaseen,Tổng công ty Đầu tư Nước và Môi trường Việt Nam - Công ty Cổ phần,UPX,2300
VIT,HNX,STOCK,Viglacera Tiên Sơn,Công ty Cổ phần Viglacera Tiên Sơn,STX,2300
VIS,DELISTED,STOCK,Thép Việt Ý,Công ty Cổ phần Thép Việt Ý,,1700
VIR,UPCOM,STOCK,Du lịch Vũng Tàu,Công ty Cổ phần Du lịch Quốc tế Vũng Tàu,UPX,5700
VIP,HSX,STOCK,Vận tải Xăng dầu VIPCO,Công ty Cổ phần Vận tải Xăng dầu VIPCO,STO,2700
VIN,UPCOM,STOCK,Kho vận ngoại thương VN,Công ty Cổ phần Giao nhận Kho vận Ngoại thương Việt Nam,UPX,2700
VIM,UPCOM,STOCK,Khoáng sản Viglacera,Công ty Cổ phần Khoáng sản Viglacera,UPX,1700
VIH,UPCOM,STOCK,Viglacera Hà Nội,Công ty Cổ phần Viglacera Hà Nội,UPX,2300
VIG,HNX,STOCK,Chứng khoán Đầu tư Tài chính Việt Nam,Công ty Cổ phần Chứng khoán Đầu tư Tài chính Việt Nam,STX,8700
VIF,HNX,STOCK,Lâm nghiệp Việt Nam,Tổng Công ty Lâm nghiệp Việt Nam - Công ty Cổ phần,STX,1700
VIE,UPCOM,STOCK,CN Viễn thông VI TE CO,Công ty Cổ phần Công nghệ Viễn thông VI TE CO,UPX,9500
VID,HSX,STOCK,Viễn Đông,Công ty Cổ phần Đầu tư Phát triển Thương mại Viễn Đông,STO,1700
VIC124005,BOND,BOND,Trai phieu VICH2326003,Trai phieu VICH2326003,HCX,
VIC124004,DELISTED,BOND,Trai phieu VICH2325005,Trai phieu VICH2325005,HCX,
VIC124003,BOND,BOND,Trai phieu VICH2326002,Trai phieu VICH2326002,HCX,
VIC123029,BOND,BOND,Trai phieu VICH2326001,Trai phieu VICH2326001,HCX,
VIC123028,DELISTED,BOND,Trai phieu VICH2325004,Trai phieu VICH2325004,HCX,
VIC121005,DELISTED,BOND,VIC121005 - Trái phiếu,VIC121005 - Trái phiếu,,
VIC121004,DELISTED,BOND,VIC121004 - Trái phiếu,VIC121004 - Trái phiếu,,
VIC121003,DELISTED,BOND,VIC121003 - Trái phiếu,VIC121003 - Trái phiếu,,
VIC,HSX,STOCK,VinGroup,Tập đoàn Vingroup - Công ty CP,STO,8600
VIB,HSX,STOCK,VIBBank,Ngân hàng Thương mại Cổ phần Quốc tế Việt Nam,STO,8300
VHM121025,BOND,BOND,Trái phiếu Công ty cổ phần Vinhomes,Trái phiếu Công ty cổ phần Vinhomes,HCX,
VHM121024,DELISTED,BOND,VHM121024 - Trái phiếu,VHM121024 - Trái phiếu,,
VHM,HSX,STOCK,Vinhomes,Công ty Cổ phần Vinhomes,STO,8600
VHL,HNX,STOCK,Viglacera Hạ Long,Công ty Cổ phần Viglacera Hạ Long,STX,2300
VHI,DELISTED,STOCK,,,,3500
VHH,UPCOM,STOCK,Kinh doanh nhà Thành Đạt,Công ty Cổ phần Đầu tư Kinh doanh nhà Thành Đạt,UPX,2300
VHG,UPCOM,STOCK,Đầu tư và Phát triển Việt Trung Nam,Công ty Cổ phần Đầu tư và Phát triển Việt Trung Nam,UPX,2700
VHF,UPCOM,STOCK,Chế biến lương thực Vĩnh Hà,Công ty Cổ phần Xây dựng và Chế biến lương thực Vĩnh Hà,UPX,3500
VHE,HNX,STOCK,Dược liệu và Thực phẩm VN,Công ty Cổ phần Dược liệu và Thực phẩm Việt Nam,STX,4500
VHD,UPCOM,STOCK,PT Nhà và Đô thị Vinaconex,Công ty Cổ phần Đầu tư phát triển nhà và đô thị VINAHUD,UPX,8600
VHC,HSX,STOCK,Thủy sản Vĩnh Hoàn,Công ty Cổ phần Vĩnh Hoàn,STO,3500
VGV,UPCOM,STOCK,Tư vấn Xây dựng Việt Nam,Tổng Công ty Tư vấn Xây dựng Việt Nam - CTCP,UPX,8600
VGT,UPCOM,STOCK,VINATEX,Tập đoàn Dệt May Việt Nam,UPX,3700
VGS,HNX,STOCK,Ống thép Việt Đức,Công ty Cổ phần Ống thép Việt - Đức VG PIPE,STX,1700
VGR,UPCOM,STOCK,Cảng xanh VIP,Công ty Cổ phần Cảng xanh VIP,UPX,2700
VGP,HNX,STOCK,Cảng Rau Quả,Công ty Cổ phần Cảng Rau Quả,STX,2700
VGL,UPCOM,STOCK,Mạ kẽm công nghiệp Vingal-Vnsteel,Công ty Cổ phần Mạ kẽm công nghiệp Vingal-Vnsteel,UPX,1700
VGI,UPCOM,STOCK,Đầu tư Quốc tế Viettel,Tổng Công ty Cổ phần Đầu tư Quốc tế Viettel,UPX,6500
VGG,UPCOM,STOCK,May Việt Tiến,Tổng Công Ty Cổ phần May Việt Tiến,UPX,3700
VGC,HSX,STOCK,Tổng Công ty Viglacera,Tổng Công ty Viglacera - Công ty Cổ phần,STO,2300
VFS,HNX,STOCK,Chứng khoán Nhất Việt,Công ty Cổ phần Chứng khoán Nhất Việt,STX,8700
VFR,UPCOM,STOCK,Vận tải Vietfracht,Công ty Cổ phần Vận tải và Thuê tàu,UPX,2700
VFG,HSX,STOCK,Khử trùng Việt Nam,Công ty Cổ phần Khử trùng Việt Nam,STO,1300
VFC,UPCOM,STOCK,Vận tải biển VINAFCO,Công ty Cổ phần VINAFCO,UPX,2700
VET,UPCOM,STOCK,Thuốc thú y trung ương Navetco,Công ty Cổ phần Thuốc Thú y Trung ương NAVETCO,UPX,1300
VES,UPCOM,STOCK,MÊ CA VNECO,Công ty Cổ phần Đầu tư và Xây dựng Điện MÊ CA VNECO,UPX,8600
VEF,UPCOM,STOCK,Hội chợ Triển lãm Việt Nam,Công ty Cổ phần Trung tâm Hội chợ Triển lãm Việt Nam,UPX,8600
VEC,UPCOM,STOCK,Điện tử và Tin học VN,Tổng Công ty Cổ phần Điện tử và Tin học Việt Nam,UPX,9500
VEA,UPCOM,STOCK,Máy động lực và Máy NN,Tổng Công ty Máy động lực và Máy nông nghiệp Việt Nam - CTCP,UPX,2700
VE9,UPCOM,STOCK,VNECO 9,Công ty Cổ phần Đầu tư và Xây dựng VNECO 9,UPX,2300
VE8,UPCOM,STOCK,Xây dựng Điện Vneco 8,Công ty Cổ phần Xây dựng Điện Vneco 8,UPX,2300
VE4,HNX,STOCK,Xây dựng điện VNECO4,Công ty Cổ phần Xây dựng điện VNECO4,STX,2300
VE3,HNX,STOCK,Xây dựng điện VNECO 3,Công ty Cổ phần Xây dựng điện VNECO 3,STX,2300
VE2,UPCOM,STOCK,Xây dựng Điện VNECO 2,Công ty Cổ phần Xây dựng Điện VNECO 2,UPX,2300
VE1,HNX,STOCK,VNECO 1,Công ty Cổ phần Xây dựng điện VNECO 1,STX,2300
VDT,UPCOM,STOCK,Lưới thép Bình Tây,Công ty Cổ phần Lưới thép Bình Tây,UPX,1700
VDS,HSX,STOCK,Chứng khoán Rồng Việt,Công ty Cổ phần Chứng khoán Rồng Việt,STO,8700
VDP,HSX,STOCK,Dược phẩm VIDIPHA,Công ty Cổ phần Dược phẩm Trung ương VIDIPHA,STO,4500
VDN,UPCOM,STOCK,Vinatex Đà Nẵng,Công ty Cổ phần Vinatex Đà Nẵng,UPX,3700
VDM,DELISTED,STOCK,Viện Nghiên cứu Dệt may,Công ty Cổ phần - Viện Nghiên cứu Dệt may,,3700
VDL,HNX,STOCK,Thực phẩm Lâm Đồng,Công ty Cổ phần Thực phẩm Lâm Đồng,STX,3500
VDG,UPCOM,STOCK,Vạn Đạt Group,Công ty Cổ phần Vạn Đạt Group,UPX,3700
VDB,UPCOM,STOCK,Vận tải và CB Than Đông Bắc,Công ty Cổ phần Vận tải và Chế biến Than Đông Bắc,UPX,1700
VCX,UPCOM,STOCK,Xi măng Yên Bình,Công ty Cổ phần Xi măng Yên Bình,UPX,2300
VCW,DELISTED,STOCK,Đầu tư Nước sạch Sông Đà,Công ty Cổ phần Đầu tư Nước sạch Sông Đà,UPX,7500
VCT,UPCOM,STOCK,Tư vấn XD Vinaconex,Công ty Cổ phần Tư vấn Xây dựng Vinaconex,UPX,2700
VCS,HNX,STOCK,VICOSTONE,Công ty Cổ phần VICOSTONE,STX,2300
VCR,UPCOM,STOCK,Vinaconex - ITC,Công ty Cổ phần Đầu tư và Phát triển Du lịch Vinaconex,UPX,8600
VCP,UPCOM,STOCK,Xây dựng và Năng lượng VCP,Công ty Cổ phần Xây dựng và Năng lượng VCP,UPX,7500
VCM,HNX,STOCK,BV Life,Công ty Cổ phần BV Life,STX,2700
VCK125005,BOND,BOND,Trai phieu CTCP Chung khoan VPS chao ban ra cong chung 2025,Trai phieu CTCP Chung khoan VPS chao ban ra cong chung 2025,HCX,
VCK,HSX,STOCK,Chứng Khoán VPS,Công ty Cổ phần Chứng Khoán VPS,STO,8700
VCI,HSX,STOCK,Chứng khoán Vietcap,Công ty Cổ phần Chứng khoán Vietcap,STO,8700
VCG,HSX,STOCK,VINACONEX,Tổng Công ty Cổ phần Xuất nhập khẩu và Xây dựng Việt Nam,STO,2300
VCF,HSX,STOCK,VinaCafé Biên Hòa,Công ty Cổ phần VinaCafé Biên Hòa,STO,3500
VCE,UPCOM,STOCK,Xây lắp Môi trường,Công ty Cổ phần Xây lắp Môi trường,UPX,2300
VCC,HNX,STOCK,Vinaconex 25,Công ty Cổ phần Vinaconex 25,STX,2300
VCB,HSX,STOCK,Vietcombank,Ngân hàng Thương mại Cổ phần Ngoại thương Việt Nam,STO,8300
VCA,HSX,STOCK,Thép VICASA - VNSTEEL,Công ty Cổ phần Thép VICASA - VNSTEEL,STO,1700
VC9,HNX,STOCK,Xây dựng số 9,Công ty Cổ phần Xây dựng số 9 - VC9,STX,2300
VC7,HNX,STOCK,BGI Group,Công ty Cổ phần Tập đoàn BGI,STX,2300
VC6,HNX,STOCK,Visicons,Công ty cổ phần Xây dựng và Đầu tư Visicons,STX,2300
VC5,UPCOM,STOCK,Xây dựng Số 5,Công ty Cổ phần Xây dựng Số 5,UPX,2300
VC3,HNX,STOCK,Tập đoàn Nam Mê Kông,Công ty Cổ phần Tập đoàn Nam Mê Kông,STX,8600
VC2,HNX,STOCK,Đầu tư và Xây dựng VINA2,Công ty Cổ phần Đầu tư và Xây dựng VINA2,STX,2300
VC1,HNX,STOCK,Xây dựng số 1,Công ty Cổ phần Xây dựng số 1,STX,2300
VBH,UPCOM,STOCK,Điện tử Bình Hòa,Công ty Cổ phần Điện tử Bình Hòa,UPX,2700
VBG,UPCOM,STOCK,Địa chất Việt Bắc - TKV,Công ty Cổ phần Địa chất Việt Bắc - TKV,UPX,1700
VBC,HNX,STOCK,Nhựa - Bao bì Vinh,"Công ty Cổ phần Nhựa, Bao bì Vinh",STX,2700
VBB124007,BOND,BOND,Trái phiếu Vietbank 2022,Trái phiếu Vietbank 2022,HCX,
VBB123017,BOND,BOND,Trái phiếu Vietbank 2022 đợt 2,Trái phiếu Vietbank 2022 đợt 2,HCX,
VBB122033,DELISTED,BOND,VBB122033 - Trái phiếu,VBB122033 - Trái phiếu,,
VBB,UPCOM,STOCK,VietBank,Ngân hàng Thương mại Cổ phần Việt Nam Thương Tín,UPX,8300
VBA125019,BOND,BOND,Trái phiếu Agribank phát hành ra công chúng năm 2025,Trái phiếu Agribank phát hành ra công chúng năm 2025,HCX,
VBA124019,BOND,BOND,Trai Phieu Agribank 2024-2034,Trai Phieu Agribank 2024-2034,HCX,
VBA123036,BOND,BOND,Trái phiếu Agribank,Trái phiếu Agribank,HCX,
VBA122001,DELISTED,BOND,Trai phieu NHNN&PTNT VN,Trai phieu NHNN&PTNT VN,HCX,
VBA121033,BOND,BOND,Trai phieu Ngan hang Nong nghiep va Phat trien nong thon Vie,Trai phieu Ngan hang Nong nghiep va Phat trien nong thon Vie,HCX,
VAV,UPCOM,STOCK,VIWACO,Công ty Cổ phần VIWACO,UPX,7500
VAT,DELISTED,STOCK,Viễn thông Vạn Xuân,Công ty Cổ phần VT Vạn Xuân,,9500
VAF,HSX,STOCK,Phân lân Văn Điển,Công ty Cổ phần Phân lân nung chảy Văn Điển,STO,1300
VAB125034,BOND,BOND,Trái phiếu VAB phát hành ra công chúng (TPVAB253203),Trái phiếu VAB phát hành ra công chúng (TPVAB253203),HCX,
VAB125029,BOND,BOND,Trái phiếu VAB phát hành ra công chúng (TPVAB253202) (VAB125029),Trái phiếu VAB phát hành ra công chúng (TPVAB253202) (VAB125029),HCX,
VAB125020,BOND,BOND,Trái phiếu VAB phát hành ra công chúng (VAB125020),Trái phiếu VAB phát hành ra công chúng (VAB125020),HCX,
VAB,HSX,STOCK,Ngân hàng Việt Á,Ngân hàng Thương mại Cổ phần Việt Á,STO,8300
V21,HNX,STOCK,Vinaconex 21,Công ty Cổ phần Vinaconex 21,STX,8600
V15,DELISTED,STOCK,Vinaconex 15,Công ty Cổ phần Xây dựng số 15,UPX,2300
V12,HNX,STOCK,VINACONEX 12,Công ty Cổ phần Xây dựng số 12,STX,2300
V11,DELISTED,STOCK,VINACONEX No11,Công ty Cổ phần Xây dựng số 11,UPX,8600
UXC,UPCOM,STOCK,Chế biến Thủy sản Út Xi,Công ty Cổ phần Chế biến Thủy sản Út Xi,UPX,3500
UTT,UPCOM,STOCK,Môi trường Đô thị Thanh Trì,Công ty Cổ phần Môi trường Đô thị Thanh Trì,UPX,2700
USD,UPCOM,STOCK,Công trình Đô thị Sóc Trăng,Công ty Cổ phần Công trình Đô thị Sóc Trăng,UPX,2700
USC,UPCOM,STOCK,Khảo sát và Xây dựng - USCO,Công ty Cổ phần Khảo sát và Xây dựng - USCO,UPX,2300
UPH,UPCOM,STOCK,Dược phẩm TW25,Công ty Cổ phần Dược phẩm TW25,UPX,4500
UPC,UPCOM,STOCK,Cây xanh Vũng Tàu,Công ty Cổ phần Phát triển Công viên Cây xanh và Đô thị Vũng Tàu,UPX,7500
UNI,HNX,STOCK,Đầu tư và Phát triển Sao Mai Việt,Công ty Cổ phần Đầu tư và Phát triển Sao Mai Việt,STX,9500
UMC,UPCOM,STOCK,Công trình đô thị Nam Định,Công ty Cổ phần Công trình đô thị Nam Định,UPX,2300
UIC,HSX,STOCK,Phát triển Nhà và Đô thị IDICO,Công ty Cổ phần Đầu tư Phát triển Nhà và Đô thị IDICO,STO,7500
UEM,UPCOM,STOCK,Cơ điện Uông Bí - Vinacomin,Công ty Cổ phần Cơ điện Uông Bí - Vinacomin,UPX,2700
UDL,UPCOM,STOCK,Đô thị và Môi trường Đắk Lắk,Công ty Cổ phần Đô thị và Môi trường Đắk Lắk,UPX,2700
UDJ,UPCOM,STOCK,Becamex UDJ,Công ty Cổ phần Phát triển Đô thị,UPX,2300
UDC,UPCOM,STOCK,Đầu tư Xây dựng UDCons,Công ty Cổ phần Đầu tư Xây dựng UDCons,UPX,2300
UCT,UPCOM,STOCK,Đô thị Cần Thơ,Công ty Cổ phần Đô thị Cần Thơ,UPX,2700
TYA,HSX,STOCK,Dây và Cáp điện Taya,Công ty Cổ phần Dây và Cáp điện Taya Việt Nam,STO,2700
TXM,HNX,STOCK,Thạch cao Xi măng,Công ty Cổ phần VICEM Thạch cao Xi Măng,STX,2300
TW3,UPCOM,STOCK,Dược TW3,Công ty Cổ phần Dược Trung Ương 3,UPX,4500
TVW,DELISTED,STOCK,Cấp thoát nước Trà Vinh,Công ty Cổ phần Cấp thoát nước Trà Vinh,,7500
TVT,HSX,STOCK,May Việt Thắng,Tổng Công ty Việt Thắng - CTCP,STO,3700
TVS,HSX,STOCK,Chứng khoán Thiên Việt,Công ty Cổ phần Chứng khoán Thiên Việt,STO,8700
TVP,DELISTED,STOCK,Dược phẩm TV.Pharm,Công ty Cổ phần Dược phẩm TV.Pharm,,4500
TVN,UPCOM,STOCK,Thép Việt Nam,Tổng Công ty Thép Việt Nam - Công ty Cổ phần,UPX,1700
TVM,UPCOM,STOCK,Tư vấn đầu tư Mỏ,Công ty Cổ phần Tư vấn đầu tư Mỏ và công nghiệp - Vinacomin,UPX,2700
TVH,UPCOM,STOCK,Tư vấn XD công trình Hàng hải,Công ty Cổ phần Tư vấn Xây dựng công trình Hàng hải,UPX,2300
TVG,UPCOM,STOCK,XD Giao thông Vận tải,Công ty Cổ phần Tư vấn Đầu tư và Xây dựng Giao thông Vận tải,UPX,2300
TVD,HNX,STOCK,Than Vàng Danh,Công ty Cổ phần Than Vàng Danh - Vinacomin,STX,1700
TVC,HNX,STOCK,Tập đoàn Quản lý tài sản T-Corp,Công ty Cổ phần Tập đoàn Quản lý tài sản T-Corp,STX,8700
TVB,HSX,STOCK,Chứng khoán T-Cap,Công ty Cổ phần Chứng khoán T-Cap,STO,8700
TVA,UPCOM,STOCK,Sứ Viglacera Thanh Trì,Công ty cổ phần Sứ Viglacera Thanh Trì,UPX,2300
TV6,UPCOM,STOCK,Tập đoàn EMA LAND,Công ty Cổ phần Tập đoàn EMA LAND,UPX,8600
TV4,HNX,STOCK,Tư vấn XD Điện 4,Công ty Cổ phần Tư vấn Xây dựng Điện 4,STX,2700
TV3,HNX,STOCK,Tư vấn XD điện 3,Công ty Cổ phần Tư vấn Xây dựng Điện 3,STX,2300
TV2,HSX,STOCK,Tư vấn XD Điện 2,Công ty Cổ phần Tư vấn Xây dựng Điện 2,STO,2700
TV1,UPCOM,STOCK,Tư vấn XD Điện 1,Công ty Cổ phần Tư vấn Xây dựng Điện 1,UPX,2700
TUG,UPCOM,STOCK,Lai dắt và VT cảng Hải Phòng,Công ty Cổ phần Lai dắt và Vận tải Cảng Hải Phòng,UPX,2700
TTZ,UPCOM,STOCK,Xây dựng Tiến Trung,Công ty Cổ phần Đầu tư Xây dựng và Công nghệ Tiến Trung,UPX,2300
TTT,HNX,STOCK,Du lịch - Thương Mại Tây Ninh,Công ty Cổ phần Du Lịch - Thương Mại Tây Ninh,STX,5700
TTS,UPCOM,STOCK,Cán thép Thái Trung,Công ty Cổ phần Cán thép Thái Trung,UPX,1700
TTP,DELISTED,STOCK,Bao bì nhựa Tân Tiến,Công ty Cổ phần Bao bì Tân Tiến,,2700
TTN,UPCOM,STOCK,Công nghệ và Truyền thông VN,Công ty Cổ phần Công nghệ & Truyền thông Việt Nam,UPX,6500
TTL,HNX,STOCK,TCT Thăng Long,Tổng Công ty Thăng Long - Công ty Cổ phần,STX,2300
TTH,HNX,STOCK,TM và DV Tiến Thành,Công ty Cổ phần Thương mại và Dịch vụ Tiến Thành,STX,1700
TTG,UPCOM,STOCK,May Thanh Trì,Công ty Cổ phần May Thanh Trì,UPX,3700
TTF,HSX,STOCK,Gỗ Trường Thành,Công ty Cổ phần Tập đoàn Kỹ nghệ Gỗ Trường Thành,STO,1700
TTE,HSX,STOCK,ĐT Năng lượng Trường Thịnh,Công ty Cổ phần Đầu tư Năng lượng Trường Thịnh,STO,7500
TTD,UPCOM,STOCK,Bệnh viện Tim Tâm Đức,Công ty Cổ phần Bệnh viện Tim Tâm Đức,UPX,4500
TTC,HNX,STOCK,Gạch men Thanh Thanh,Công ty Cổ phần Gạch men Thanh Thanh,STX,2300
TTB,UPCOM,STOCK,Tập đoàn Tiến Bộ,Công ty Cổ phần TTBGROUP,UPX,2300
TTA,HSX,STOCK,XD và PT Trường Thành,Công ty Cổ phần Đầu tư Xây dựng và Phát triển Trường Thành,STO,7500
TT6,UPCOM,STOCK,Tien Thinh Group,Công ty Cổ Phần Tập Đoàn Tiến Thịnh,UPX,3500
TST,UPCOM,STOCK,Dịch vụ KT Viễn Thông,Công ty Cổ phần Dịch vụ Kỹ thuật Viễn thông,UPX,9500
TSJ,UPCOM,STOCK,Hanoi Toserco,Công ty Cổ phần Du lịch Dịch vụ Hà Nội,UPX,5700
TSG,UPCOM,STOCK,TTTH Đường sắt Sài Gòn,Công ty Cổ phần Thông tin Tín hiệu Đường sắt Sài Gòn,UPX,2700
TSD,UPCOM,STOCK,Du lịch Trường Sơn Coecco,Công ty Cổ phần Du lịch Trường Sơn Coecco,UPX,5700
TSC,HSX,STOCK,Kỹ thuật NN Cần Thơ,Công ty Cổ phần Vật tư Kỹ thuật Nông nghiệp Cần Thơ,STO,1300
TSB,HNX,STOCK,Ắc quy Tia Sáng,Công ty Cổ phần Ắc quy Tia Sáng,STX,2700
TSA,HSX,STOCK,Đầu Tư Và Xây Lắp Trường Sơn,Công ty Cổ Phần Đầu Tư Và Xây Lắp Trường Sơn,STO,2300
TS5,DELISTED,STOCK,,,,
TS4,DELISTED,STOCK,Thủy sản số 4,Công ty Cổ phần Thủy sản số 4,UPX,3500
TS3,UPCOM,STOCK,Trường Sơn 532,Công ty Cổ phần Trường Sơn 532,UPX,2300
TRV,UPCOM,STOCK,Vận tải Đường sắt,Công ty Cổ Phần Vận tải Đường sắt,UPX,2700
TRT,UPCOM,STOCK,CTCP RedstarCera,Công ty Cổ phần RedstarCera,UPX,2300
TRS,UPCOM,STOCK,Vận tải và Dịch vụ Hàng Hải,Công ty Cổ phần Vận tải và Dịch vụ Hàng Hải,UPX,2700
TRC,HSX,STOCK,Cao su Tây Ninh,Công ty Cổ phần Cao su Tây Ninh,STO,1300
TRA,HSX,STOCK,Traphaco,Công ty Cổ phần Traphaco,STO,4500
TR1,UPCOM,STOCK,Vận Tải 1 Traco,Công ty Cổ phần Vận Tải 1 Traco,UPX,2700
TQW,UPCOM,STOCK,Cấp thoát nước Tuyên Quang,Công ty Cổ phần Cấp thoát nước Tuyên Quang,UPX,7500
TQN,UPCOM,STOCK,Thông Quảng Ninh,Công ty Cổ phần Thông Quảng Ninh,UPX,1700
TPS,UPCOM,STOCK,Bến bãi vận tải Sài Gòn,Công ty Cổ phần Bến bãi vận tải Sài Gòn,UPX,5700
TPP,HNX,STOCK,Nhựa Tân Phú VN,Công ty Cổ phần Tân Phú Việt Nam,STX,2700
TPH,DELISTED,STOCK,In Sách giáo khoa TP.Hà Nội,Công ty Cổ phần In Sách giáo khoa tại Thành phố Hà Nội,STX,5500
TPC,HSX,STOCK,Nhựa Tân Đại Hưng,Công ty Cổ phần Nhựa Tân Đại Hưng,STO,1300
TPB,HSX,STOCK,TPBank,Ngân hàng Thương mại Cổ phần Tiên Phong,STO,8300
TOW,UPCOM,STOCK,Cấp nước Trà Nóc - Ô Môn,Công ty Cổ phần Cấp nước Trà Nóc - Ô Môn,UPX,7500
TOT,HNX,STOCK,Vận tải Transimex,Công ty Cổ phần Transimex Logistics,STX,2700
TOS,UPCOM,STOCK,Dịch vụ biển Tân Cảng,Công ty Cổ phần Dịch vụ biển Tân Cảng,UPX,0500
TOP,UPCOM,STOCK,Phân phối Top One,Công ty Cổ phần Phân phối Top One,UPX,5300
TNW,UPCOM,STOCK,Nước sạch Thái Nguyên,Công ty Cổ phần Nước sạch Thái Nguyên,UPX,7500
TNV,UPCOM,STOCK,Xe đạp Thống Nhất,Công ty Cổ phần Thống Nhất Hà Nội,UPX,3700
TNT,HSX,STOCK,Tập đoàn TNT,Công ty Cổ phần Tập đoàn TNT,STO,2300
TNS,UPCOM,STOCK,Thép tấm lá Thống Nhất,Công ty Cổ phần Thép tấm lá Thống Nhất,UPX,1700
TNP,UPCOM,STOCK,Cảng Thị Nại,Công ty Cổ phần Cảng Thị Nại,UPX,2700
TNM,UPCOM,STOCK,XNK và XD Công trình,Công ty Cổ phần Xuất nhập khẩu và Xây dựng Công trình,UPX,2300
TNI,HSX,STOCK,Tập đoàn Thành Nam,Công ty Cổ phần Tập đoàn Thành Nam,STO,1700
TNH,HSX,STOCK,Tập đoàn Bệnh viện TNH,Công ty Cổ phần Tập đoàn Bệnh viện TNH,STO,4500
TNG124027,BOND,BOND,Trái phiếu TNGH2428001 (TNG124027),Trái phiếu TNGH2428001 (TNG124027),HCX,
TNG122017,BOND,BOND,Trai phieu CTCP Dau tu thuong mai TNG,Trai phieu CTCP Dau tu thuong mai TNG,HCX,
TNG119007,DELISTED,BOND,TNG119007 - Trái phiếu,TNG119007 - Trái phiếu,,
TNG,HNX,STOCK,Đầu tư và Thương mại TNG,Công ty Cổ phần Đầu tư và Thương mại TNG,STX,3700
TNC,HSX,STOCK,Cao su Thống Nhất,Công ty Cổ phần Cao su Thống Nhất,STO,1300
TNB,UPCOM,STOCK,Thép Nhà Bè,Công ty Cổ phần Thép Nhà Bè - VNSTEEL,UPX,1700
TNA,UPCOM,STOCK,XNK Thiên Nam,Công ty Cổ phần Thương mại Xuất nhập khẩu Thiên Nam,UPX,1700
TN1122016,DELISTED,BOND,TN1122016 - Trái phiếu,TN1122016 - Trái phiếu,,
TN1,HSX,STOCK,Rox Key Holdings,Công ty Cổ phần Rox Key Holdings,STO,8600
TMX,HNX,STOCK,Thương mại Xi măng,Công ty Cổ phần VICEM Thương mại Xi măng,STX,2300
TMW,UPCOM,STOCK,Gỗ Tân Mai,Công ty Cổ phần Tổng hợp Gỗ Tân Mai,UPX,1700
TMT,HSX,STOCK,Ô tô TMT,Công ty Cổ phần Ô tô TMT,STO,3300
TMS,HSX,STOCK,Transimex,Công ty Cổ phần Transimex,STO,2700
TMP,HSX,STOCK,Thủy điện Thác Mơ,Công ty Cổ phần Thủy điện Thác Mơ,STO,7500
TMG,UPCOM,STOCK,Kim loại màu Thái Nguyên - Vimico,Công ty Cổ phần Kim loại màu Thái Nguyên - Vimico,UPX,1700
TMC,HNX,STOCK,XNK Thủ Đức,Công ty Cổ phần Thương mại Xuất nhập khẩu Thủ Đức,STX,7500
TMB,HNX,STOCK,Than Miền Bắc - Vinacomin,Công ty Cổ phần Kinh doanh Than Miền Bắc - Vinacomin,STX,1700
TLT,UPCOM,STOCK,Viglacera Thăng long,Công ty Cổ phần Viglacera Thăng Long,UPX,2300
TLP,UPCOM,STOCK,Thương mại XNK Thanh Lễ,Tổng Công ty Thương mại Xuất nhập khẩu Thanh Lễ - CTCP,UPX,7500
TLI,DELISTED,STOCK,May Quốc tế Thắng Lợi,Công ty Cổ phần May Quốc tế Thắng Lợi,UPX,3700
TLH,HSX,STOCK,Thép Tiến Lên,Công ty Cổ phần Tập đoàn Thép Tiến Lên,STO,1700
TLG,HSX,STOCK,Tập đoàn Thiên Long,Công ty Cổ phần Tập đoàn Thiên Long,STO,3700
TLD,HSX,STOCK,ĐT XD và PT Đô thị Thăng Long,Công ty Cổ phần Đầu tư Xây dựng và Phát triển Đô thị Thăng Long,STO,2300
TL4,UPCOM,STOCK,XD Thủy lợi 4,Tổng Công ty Xây dựng Thủy lợi 4 - Công ty Cổ phần,UPX,2300
TKU,HNX,STOCK,Công nghiệp Tung Kuang,Công ty Cổ phần Công nghiệp Tung Kuang,STX,1700
TKG,DELISTED,STOCK,SX và T.Mại Tùng Khánh,Công ty Cổ phần Sản xuất và Thương mại Tùng Khánh,UPX,1700
TKC,UPCOM,STOCK,Địa ốc Tân Kỷ,Công ty Cổ phần Xây dựng và Kinh doanh Địa ốc Tân Kỷ,UPX,2300
TKA,UPCOM,STOCK,Bao bì Tân Khánh An,Công ty Cổ phần Bao bì Tân Khánh An,UPX,2700
TJC,HNX,STOCK,Dịch vụ Vận tải và Thương mại,Công ty Cổ phần Dịch vụ Vận tải và Thương mại,STX,2700
TIX,HSX,STOCK,TANIMEX,Công ty Cổ phần Sản xuất Kinh doanh Xuất nhập khẩu Dịch vụ và Đầu tư Tân Bình,STO,8600
TIS,UPCOM,STOCK,Gang thép Thái Nguyên,Công ty Cổ phần Gang thép Thái Nguyên,UPX,1700
TIP,HSX,STOCK,PT KCN Tín Nghĩa,Công ty Cổ phần Phát triển Khu công nghiệp Tín Nghĩa,STO,8600
TIN,UPCOM,STOCK,Tài chính Cổ phần Tín Việt,Công ty Tài chính tổng hợp cổ phần Tín Việt,UPX,8700
TIG,HNX,STOCK,Tập đoàn Đầu tư Thăng Long,Công ty Cổ phần Tập đoàn Đầu tư Thăng Long,STX,8600
TIE,UPCOM,STOCK,Điện tử TIE,Công ty Cổ phần TIE,UPX,2700
TID,UPCOM,STOCK,Tổng Công ty Tín Nghĩa,Công ty Cổ phần Tổng Công ty Tín Nghĩa,UPX,8600
THW,UPCOM,STOCK,Cấp nước Tân Hòa,Công ty Cổ phần Cấp nước Tân Hòa,UPX,7500
THU,UPCOM,STOCK,Môi trường và CTĐT Thanh Hóa,Công ty Cổ phần Môi trường và Công trình đô thị Thanh Hóa,UPX,2700
THT,HNX,STOCK,Than Hà Tu,Công ty Cổ phần Than Hà Tu - Vinacomin,STX,1700
THS,HNX,STOCK,Thanh Hoa Sông Đà,Công ty Cổ phần Thanh Hoa Sông Đà,STX,5300
THP,UPCOM,STOCK,Thủy sản và TMại Thuận Phước,Công ty Cổ phần Thủy sản và Thương mại Thuận Phước,UPX,3500
THN,UPCOM,STOCK,Cấp nước Thanh Hóa,Công ty Cổ phần Cấp nước Thanh Hóa,UPX,7500
THM,UPCOM,STOCK,Tứ Hải Hà Nam,Công ty Cổ phần Tứ Hải Hà Nam,UPX,3700
THI,DELISTED,STOCK,Thiết bị điện,Công ty Cổ phần Thiết bị điện,,2700
THG,HSX,STOCK,XD Tiền Giang,Công ty Cổ phần Đầu tư và Xây dựng Tiền Giang,STO,2300
THD,HNX,STOCK,Công ty Thaiholdings,Công ty Cổ phần Thaiholdings,STX,8600
THB,HNX,STOCK,Bia Hà Nội - Thanh Hóa,Công ty Cổ phần Bia Hà Nội - Thanh Hóa,STX,3500
TH1,UPCOM,STOCK,XNK Tổng hợp 1,Công ty Cổ phần Xuất nhập khẩu Tổng hợp I Việt Nam,UPX,5300
TGP,UPCOM,STOCK,Cáp Trường Phú,Công ty Cổ phần Trường Phú,UPX,2700
TGG,UPCOM,STOCK,The Golden Group,Công ty Cổ phần The Golden Group,UPX,2300
TFC,HNX,STOCK,CTCP Trang,Công ty Cổ phần Trang,STX,3500
TET,HNX,STOCK,May mặc Miền Bắc,Công ty Cổ phần Vải sợi May mặc Miền Bắc,STX,3700
TEL,DELISTED,STOCK,Phát triển Công trình Viễn thông,Công ty Cổ phần Phát triển Công trình Viễn thông,UPX,2300
TEG,HSX,STOCK,Trường Thành Energy Group,Công ty Cổ phần Trường Thành Energy Group,STO,8600
TED,UPCOM,STOCK,Thiết kế GTVT,Tổng Công ty Tư vấn Thiết kế Giao thông Vận tải - CTCP,UPX,2300
TEC,DELISTED,STOCK,Traenco,Công ty Cổ phần Traenco,,2300
TDW,HSX,STOCK,Cấp nước Thủ Đức,Công ty Cổ phần Cấp nước Thủ Đức,STO,7500
TDT,HNX,STOCK,Đầu tư và Phát triển TDT,Công ty Cổ phần Đầu tư và Phát triển TDT,STX,3700
TDS,UPCOM,STOCK,Thép Thủ Đức,Công ty Cổ phần Thép Thủ Đức - VNSTEEL,UPX,1700
TDP124010,BOND,BOND,Trái phiếu TDPH2326001,Trái phiếu TDPH2326001,HCX,
TDP,HSX,STOCK,Công ty Thuận Đức,Công ty Cổ phần Thuận Đức,STO,2700
TDN,DELISTED,STOCK,Than Đèo Nai,Công ty Cổ phần Than Đèo Nai - Vinacomin,,1700
TDM,HSX,STOCK,Nước Thủ Dầu Một,Công ty Cổ phần Nước Thủ Dầu Một,STO,7500
TDI,DELISTED,STOCK,Tập đoàn TDI,Công ty Cổ phần Tập đoàn TDI ,,2300
TDH,HSX,STOCK,Thủ Đức House,Công ty Cổ phần Phát triển Nhà Thủ Đức,STO,8600
TDG,HSX,STOCK,Đầu tư TDG Global,Công ty Cổ phần Đầu tư TDG Global,STO,7500
TDF,UPCOM,STOCK,Xây dựng Trung Đô,Công ty Cổ phần Trung Đô,UPX,2300
TDC,HSX,STOCK,Becamex TDC,Công ty Cổ phần Kinh doanh và Phát triển Bình Dương,STO,8600
TDB,UPCOM,STOCK,Thủy điện Định Bình,Công ty Cổ phần Thủy điện Định Bình,UPX,7500
TD6,HNX,STOCK,Than Đèo Nai - Cọc Sáu - TKV,Công ty Cổ Phần Than Đèo Nai - Cọc Sáu - TKV,STX,1700
TCX124013,DELISTED,BOND,Trái phiếu TCSCPO2325003,Trái phiếu TCSCPO2325003,HCX,
TCX124012,DELISTED,BOND,Trái phiếu TCSCPO2325002,Trái phiếu TCSCPO2325002,HCX,
TCX124011,DELISTED,BOND,Trái phiếu TCSCPO2325001,Trái phiếu TCSCPO2325001,HCX,
TCX,HSX,STOCK,Chứng khoán TCBS,Công ty Cổ phần Chứng khoán Kỹ Thương,STO,8700
TCW,UPCOM,STOCK,Kho Vận Tân Cảng,Công ty Cổ phần Kho Vận Tân Cảng,UPX,2700
TCT,HSX,STOCK,Cáp treo Tây Ninh,Công ty Cổ phần Cáp treo Núi Bà Tây Ninh,STO,5700
TCR,HSX,STOCK,Gốm sứ TAICERA,Công ty Cổ phần Công nghiệp Gốm sứ TAICERA,STO,2300
TCO,HSX,STOCK,TCO Holdings,Công ty Cổ phần TCO Holdings,STO,3500
TCM,HSX,STOCK,Dệt may Thành Công,Công ty Cổ phần Dệt may - Đầu tư - Thương mại Thành Công,STO,3700
TCL,HSX,STOCK,Tan Cang Logistics,Công ty Cổ phần Đại lý Giao nhận Vận tải Xếp dỡ Tân Cảng,STO,2700
TCK,UPCOM,STOCK,COMA,Tổng Công ty Cơ khí Xây dựng - CTCP,UPX,2300
TCJ,UPCOM,STOCK,Tô Châu,Công ty Cổ phần Tô Châu,UPX,3500
TCI,HSX,STOCK,Chứng khoán Thành Công,Công ty Cổ phần Chứng khoán Thành Công,STO,8700
TCH,HSX,STOCK,ĐT DV Tài chính Hoàng Huy,Công ty Cổ phần Đầu tư Dịch vụ Tài chính Hoàng Huy,STO,8600
TCD,HSX,STOCK,Tập đoàn Xây dựng Tracodi,Công ty cổ phần Tập đoàn Xây dựng Tracodi,STO,2300
TCB,HSX,STOCK,Techcombank,Ngân hàng Thương mại Cổ phần Kỹ thương Việt Nam,STO,8300
TC6,DELISTED,STOCK,Than Cọc Sáu,Công ty Cổ phần Than Cọc Sáu - Vinacomin,,1700
TBX,DELISTED,STOCK,Xi măng Thái Bình,Công ty Cổ phần Xi măng Thái Bình,STX,2300
TBW,UPCOM,STOCK,Nước sạch Thái Bình,Công ty cổ phần Nước sạch Thái Bình,UPX,7500
TBT,DELISTED,STOCK,XD Công trình GT Bến Tre,Công ty Cổ phần Xây dựng Công trình Giao thông Bến Tre,UPX,2300
TBR,UPCOM,STOCK,Địa ốc Tân Bình,Công ty Cổ phần Địa ốc Tân Bình,UPX,8600
TBH,DELISTED,STOCK,Tổng Bách Hóa,Công ty Cổ phần Tổng Bách Hóa,UPX,2700
TBD,UPCOM,STOCK,Thiết bị điện Đông Anh,Tổng công ty Thiết bị điện Đông Anh - Công ty Cổ phần,UPX,2700
TBC,HSX,STOCK,Thủy điện Thác Bà,Công ty Cổ phần Thủy điện Thác Bà,STO,7500
TB8,UPCOM,STOCK,SX và KD Vật tư Thiết bị - VVMI,Công ty Cổ phần Sản xuất và Kinh doanh Vật tư Thiết bị - VVMI,UPX,2700
TAW,UPCOM,STOCK,Cấp nước Trung An,Công ty Cổ phần Cấp nước Trung An,UPX,7500
TAR,UPCOM,STOCK,Nông nghiệp CN cao Trung An,Công ty Cổ phần Nông nghiệp Công nghệ cao Trung An,UPX,3500
TAP,DELISTED,STOCK,Đô thị Tân An,Công ty Cổ phần Đô thị Tân An,,2700
TAN,UPCOM,STOCK,Cà phê Thuận An,Công ty Cổ phần Cà phê Thuận An,UPX,3500
TAL,HSX,STOCK,Đầu Tư Bất Động Sản Taseco,Công Ty Cổ Phần Đầu Tư Bất Động Sản Taseco,STO,8600
TAG,DELISTED,STOCK,Trần Anh Company,Công ty Cổ phần Thế giới số Trần Anh,,8600
TAC,DELISTED,STOCK,Dầu Tường An,Công ty Cổ phần Dầu Thực vật Tường An,,
TAB,UPCOM,STOCK,Freco Việt Nam,Công ty Cổ phần Freco Việt Nam,UPX,2700
TA9,HNX,STOCK,Xây lắp Thành An 96,Công ty Cổ phần Xây lắp Thành An 96,STX,2300
TA6,UPCOM,STOCK,Đầu tư và Xây lắp Thành An 665,Công ty Cổ phần Đầu tư và Xây lắp Thành An 665,UPX,2300
TA3,DELISTED,STOCK,ĐT và Xây lắp Thành An 386,Công ty cổ phần Đầu tư và Xây lắp Thành An 386,,2300
T12,DELISTED,STOCK,,,,
SZL,HSX,STOCK,Sonadezi Long Thành,Công ty Cổ phần Sonadezi Long Thành,STO,8600
SZG,UPCOM,STOCK,Sonadezi Giang Điền,Công ty Cổ phần Sonadezi Giang Điền,UPX,8600
SZE,UPCOM,STOCK,Môi trường Sonadezi,Công ty Cổ phần Môi trường Sonadezi,UPX,2700
SZC,HSX,STOCK,Sonadezi Châu Đức,Công ty Cổ phần Sonadezi Châu Đức,STO,8600
SZB,HNX,STOCK,Sonadezi Long Bình,Công ty Cổ phần Sonadezi Long Bình,STX,8600
SWC,UPCOM,STOCK,Đường Sông Miền Nam,Tổng Công ty Cổ phần Đường Sông Miền Nam,UPX,2700
SVT,HSX,STOCK,Công nghệ SG Viễn Đông,Công ty Cổ phần Công nghệ Sài Gòn Viễn Đông,STO,5300
SVN,HNX,STOCK,Tập đoàn Vexilla Việt Nam,Công ty Cổ phần Tập đoàn Vexilla Việt Nam,STX,2300
SVL,DELISTED,STOCK,,,,2700
SVI,DELISTED,STOCK,Bao bì Biên Hòa,Công ty Cổ phần Bao bì Biên Hòa,STO,2700
SVH,UPCOM,STOCK,Thủy điện Sông Vàng,Công ty Cổ phần Thủy điện Sông Vàng,UPX,7500
SVG,UPCOM,STOCK,Hơi kỹ nghệ Que hàn,Công ty Cổ phần Hơi kỹ nghệ Que hàn,UPX,2700
SVD,HSX,STOCK,Đầu tư & Thương mại Vũ Đăng,Công ty Cổ phần Đầu tư & Thương mại Vũ Đăng,STO,3700
SVC,HSX,STOCK,SAVICO,Công ty Cổ phần Dịch vụ tổng hợp Sài Gòn,STO,3300
STW,UPCOM,STOCK,Cấp nước Sóc Trăng,Công ty Cổ phần Cấp nước Sóc Trăng,UPX,7500
STT,UPCOM,STOCK,Vận chuyển Sài Gòn Tourist,Công ty Cổ phần Vận chuyển Sài Gòn Tourist,UPX,5700
STS,UPCOM,STOCK,Dịch vụ vận tải Sài Gòn,Công ty Cổ phần Dịch vụ vận tải Sài Gòn,UPX,2700
STP,HNX,STOCK,CN Thương Mại Sông Đà,Công ty Cổ phần Công nghiệp Thương mại Sông Đà,STX,2700
STL,UPCOM,STOCK,Sông Đà - Thăng Long,Công ty Cổ phần Sông Đà - Thăng Long,UPX,8600
STK,HSX,STOCK,Sợi Thế Kỷ,Công ty Cổ phần Sợi Thế Kỷ,STO,3700
STH,UPCOM,STOCK,STH Holdings,Công ty Cổ phần STH Holdings,UPX,5500
STG,HSX,STOCK,Kho Vận Miền Nam,Công ty Cổ phần Kho Vận Miền Nam,STO,2700
STD,UPCOM,STOCK,Bia - NGK Sài Gòn - Tây Đô,Công ty Cổ phần Bia - Nước giải khát Sài Gòn - Tây Đô,UPX,3500
STC,HNX,STOCK,Sách và TB Trường học TP HCM,Công ty Cổ phần Sách và Thiết bị trường học Thành phố Hồ Chí Minh,STX,5500
STB,HSX,STOCK,Sacombank,Ngân hàng Thương mại Cổ phần Sài Gòn Thương Tín,STO,8300
ST8,HSX,STOCK,Tập đoàn ST8,Công ty Cổ phần Tập đoàn ST8,STO,9500
SSU,DELISTED,STOCK,Môi trường Đô thị Sóc Sơn,Công ty Cổ phần Môi trường Đô thị Sóc Sơn,,2700
SSN,UPCOM,STOCK,Thủy sản Sài Gòn,Công ty Cổ phần Xuất nhập khẩu Thủy sản Sài Gòn,UPX,3500
SSM,HNX,STOCK,Kết cấu Thép VNECO,Công ty Cổ phần Chế tạo kết cấu thép VNECO.SSM,STX,1700
SSI,HSX,STOCK,Chứng khoán SSI,Công ty Cổ phần Chứng khoán SSI,STO,8700
SSH,UPCOM,STOCK,Phát triển Sunshine Homes,Công ty Cổ phần Phát triển Sunshine Homes,UPX,8600
SSG,UPCOM,STOCK,Vận tải Biển Hải Âu,Công ty Cổ phần Vận tải Biển Hải Âu,UPX,2700
SSF,UPCOM,STOCK,Giáo dục G Sài Gòn,Công ty Cổ phần Giáo dục G Sài Gòn,UPX,3700
SSC,HSX,STOCK,Giống cây trồng Miền Nam,Công ty Cổ phần Giống cây trồng Miền Nam,STO,3500
SSB,HSX,STOCK,SeABank,Ngân hàng Thương mại Cổ phần Đông Nam Á,STO,8300
SRT,DELISTED,STOCK,Vận tải Đường sắt Sài Gòn,Công ty Cổ phần Vận tải Đường sắt Sài Gòn,,5700
SRF,HSX,STOCK,SEAREFICO,Công ty Cổ phần Searefico,STO,2700
SRC,HSX,STOCK,Cao su Sao Vàng,Công ty Cổ phần Cao su Sao Vàng,STO,3300
SRB,UPCOM,STOCK,SARA,Công ty Cổ phần Tập đoàn Sara,UPX,9500
SRA,HNX,STOCK,SARA Việt Nam,Công ty Cổ phần SARA Việt Nam,STX,4500
SQC,DELISTED,STOCK,Khoáng sản SG-Quy Nhơn,Công ty Cổ phần Khoáng sản Sài Gòn - Quy Nhơn,UPX,1700
SPV,UPCOM,STOCK,Thủy đặc sản,Công ty Cổ phần Thủy Đặc Sản,UPX,3500
SPP,DELISTED,STOCK,Bao bì Nhựa SG,Công ty Cổ phần Bao bì Nhựa Sài Gòn,,2700
SPM,HSX,STOCK,S.P.M CORP,Công ty Cổ phần S.P.M,STO,4500
SPI,UPCOM,STOCK,Spiral Galaxy,Công ty Cổ phần Spiral Galaxy,UPX,1700
SPH,UPCOM,STOCK,XNK Thủy sản Hà Nội,Công ty Cổ phần Xuất Nhập khẩu Thủy sản Hà Nội,UPX,3500
SPD,UPCOM,STOCK,Thủy sản Miền Trung,Công ty Cổ phần Xuất nhập khẩu Thủy sản Miền Trung,UPX,3500
SPC,HNX,STOCK,BV Thực vật Sài Gòn,Công ty Cổ phần Bảo vệ Thực vật Sài Gòn,STX,1300
SPB,UPCOM,STOCK,Sợi Phú Bài,Công ty Cổ phần Sợi Phú Bài,UPX,3700
SPA,DELISTED,STOCK,Bao bì Sài Gòn,Công ty Cổ phần Bao bì Sài Gòn,,2700
SP2,UPCOM,STOCK,Thủy điện Sử Pán 2,Công ty Cổ phần Thủy điện Sử Pán 2,UPX,7500
SON,DELISTED,STOCK,,,,2700
SNZ,UPCOM,STOCK,SONADEZI,Tổng Công ty Cổ phần Phát triển Khu Công nghiệp,UPX,2300
SNC,UPCOM,STOCK,Thủy sản Năm Căn,Công ty Cổ phần Xuất nhập khẩu Thủy sản Năm Căn,UPX,3500
SMT,HNX,STOCK,SAMETEL,Công ty Cổ phần SAMETEL,STX,9500
SMN,HNX,STOCK,Sách và thiết bị GD miền Nam,Công ty Cổ phần Sách và thiết bị giáo dục Miền Nam,STX,5500
SMC,HSX,STOCK,Đầu tư Thương mại SMC,Công ty Cổ phần Đầu tư Thương mại SMC,STO,1700
SMB,HSX,STOCK,Bia Sài Gòn - Miền Trung,Công ty Cổ phần Bia Sài Gòn - Miền Trung,STO,3500
SMA,HSX,STOCK,Thiết bị Phụ tùng Sài Gòn,Công ty Cổ phần Thiết bị Phụ tùng Sài Gòn,STO,7500
SLS,HNX,STOCK,Mía đường Sơn La,Công ty Cổ phần Mía đường Sơn La,STX,3500
SLD,UPCOM,STOCK,Địa Ốc Sacom,Công ty Cổ phần Địa Ốc Sacom,UPX,8600
SKV,UPCOM,STOCK,NGK Yến sào Khánh Hòa,Công ty Cổ phần Nước Giải khát Yến sào Khánh Hòa,UPX,3500
SKN,UPCOM,STOCK,NGK Sanna Khánh Hòa,Công ty Cổ phần Nước giải khát Sanna Khánh Hòa,UPX,3500
SKH,UPCOM,STOCK,NGK Sanest Khánh Hòa,Công ty Cổ phần Nước giải khát Sanest Khánh Hòa,UPX,3500
SKG,HSX,STOCK,Tàu Cao tốc Superdong,Công ty Cổ phần Tàu Cao tốc Superdong - Kiên Giang,STO,5700
SJS,HSX,STOCK,SJ Group,Công ty Cổ phần SJ Group,STO,8600
SJM,UPCOM,STOCK,Sunspace Holdings,Công ty Cổ phần Sunspace Holdings,UPX,2300
SJG,UPCOM,STOCK,Tổng Công ty Sông Đà,Tổng Công ty Sông Đà,UPX,2300
SJF,UPCOM,STOCK,Đầu tư Sao Thái Dương,Công ty Cổ phần Đầu tư Sao Thái Dương,UPX,1700
SJE,HNX,STOCK,Sông Đà 11,Công ty Cổ phần Sông Đà 11,STX,2300
SJD,HSX,STOCK,Thủy điện Cần Đơn,Công ty Cổ phần Thủy điện Cần Đơn,STO,7500
SJC,DELISTED,STOCK,Sông Đà 1.01,Công ty Cổ phần Sông Đà 1.01,UPX,2300
SJ1,HNX,STOCK,Nông nghiệp Hùng Hậu,Công ty Cổ phần Nông nghiệp Hùng Hậu,STX,3500
SIV,UPCOM,STOCK,SIVICO,Công ty Cổ phần SIVICO,UPX,2300
SIP,HSX,STOCK,Đầu tư Sài Gòn VRG,Công ty Cổ phần Đầu tư Sài Gòn VRG,STO,8600
SII,UPCOM,STOCK,Hạ tầng Nước Sài Gòn,Công ty Cổ phần Hạ tầng Nước Sài Gòn,UPX,7500
SIG,UPCOM,STOCK,Đầu tư và Thương mại Sông Đà,Công ty Cổ phần Đầu tư và Thương mại Sông Đà,UPX,2300
SID,UPCOM,STOCK,Đầu tư PT Sài Gòn Co.op,Công ty Cổ phần Đầu tư Phát triển Sài Gòn Co.op,UPX,8600
SIC,DELISTED,STOCK,Công ty Cổ phần ANI,Công ty Cổ phần ANI,,
SHX,DELISTED,STOCK,Sài Gòn Hỏa xa,Công ty Cổ phần Sài Gòn Hỏa xa,,5700
SHS,HNX,STOCK,Chứng khoán SG - HN,Công ty Cổ phần Chứng khoán Sài Gòn - Hà Nội,STX,8700
SHP,HSX,STOCK,Thủy điện Miền Nam,Công ty Cổ phần Thủy điện Miền Nam,STO,7500
SHN,HNX,STOCK,Đầu tư Tổng hợp Hà Nội,Công ty Cổ phần Đầu tư Tổng hợp Hà Nội,STX,1700
SHI,HSX,STOCK,Quốc tế Sơn Hà,Công ty Cổ phần Quốc tế Sơn Hà,STO,1700
SHG,UPCOM,STOCK,Tổng Công ty Sông Hồng,Tổng Công ty Cổ phần Sông Hồng,UPX,2300
SHE,HNX,STOCK,PT Năng Lượng Sơn Hà,Công ty Cổ phần Phát triển Năng Lượng Sơn Hà,STX,3700
SHC,UPCOM,STOCK,Hàng hải Sài Gòn,Công ty Cổ phần Hàng hải Sài Gòn,UPX,2700
SHB125017,BOND,BOND,Trái phiếu SHB phát hành ra công chúng năm 2024 (SHBC7Y202402) (SHB125017),Trái phiếu SHB phát hành ra công chúng năm 2024 (SHBC7Y202402) (SHB125017),HCX,
SHB125010,BOND,BOND,Trái phiếu SHB phát hành ra công chúng năm 2024 (SHBC7Y202401),Trái phiếu SHB phát hành ra công chúng năm 2024 (SHBC7Y202401),HCX,
SHB,HSX,STOCK,SHB,Ngân hàng Thương mại Cổ phần Sài Gòn – Hà Nội,STO,8300
SHA,HSX,STOCK,Sơn Hà Sài Gòn,Công ty Cổ phần Sơn Hà Sài Gòn,STO,1700
SGT,HSX,STOCK,Sài Gòn Telecom,Công ty Cổ phần Công nghệ Viễn thông Sài Gòn,STO,9500
SGS,UPCOM,STOCK,Vận tải biển Sài Gòn,Công ty Cổ phần Vận tải biển Sài Gòn,UPX,2700
SGR,HSX,STOCK,Địa ốc Sài Gòn,Công ty Cổ phần Tổng Công ty Cổ phần Địa ốc Sài Gòn,STO,8600
SGP,UPCOM,STOCK,Cảng Sài Gòn,Công ty Cổ phần Cảng Sài Gòn,UPX,2700
SGO,DELISTED,STOCK,Dầu thực vật Sài Gòn,Công ty Cổ phần Dầu thực vật Sài Gòn,,3500
SGN,HSX,STOCK,Phục vụ mặt đất Sài Gòn,Công ty Cổ phần Phục vụ mặt đất Sài Gòn,STO,2700
SGI,UPCOM,STOCK,Đầu tư SGI Holdings,Công ty Cổ phần Đầu tư SGI Holdings,UPX,3700
SGH,HNX,STOCK,Khách sạn Sài Gòn,Công ty Cổ phần Khách sạn Sài Gòn,STX,5700
SGD,HNX,STOCK,Sách GD TP.HCM,Công ty Cổ phần Sách Giáo dục tại Thành phố Hồ Chí Minh,STX,5500
SGC,HNX,STOCK,Bánh phồng tôm Sa Giang,Công ty Cổ phần Xuất nhập khẩu Sa Giang,STX,3500
SGB,UPCOM,STOCK,Sài Gòn Công thương,Ngân hàng Thương mại Cổ phần Sài Gòn Công thương,UPX,8300
SFN,HNX,STOCK,Dệt lưới Sài Gòn,Công ty Cổ phần Dệt lưới Sài Gòn,STX,2700
SFI,HSX,STOCK,Vận tải SAFI,Công ty Cổ phần Đại lý Vận tải SAFI,STO,2700
SFG,HSX,STOCK,Phân bón Miền Nam,Công ty Cổ phần Phân bón Miền Nam,STO,1300
SFC,HSX,STOCK,Nhiên liệu Sài Gòn,Công ty Cổ phần Nhiên liệu Sài Gòn,STO,7500
SEP,UPCOM,STOCK,Thương mại Quảng Trị,Công ty Cổ phần Tổng Công ty Thương mại Quảng Trị,UPX,1300
SED,HNX,STOCK,Phát triển GD Phương Nam,Công ty Cổ phần Đầu tư và Phát triển Giáo dục Phương Nam,STX,5500
SEB,HNX,STOCK,Điện miền Trung,Công ty Cổ phần Đầu tư và Phát triển Điện Miền Trung,STX,7500
SEA,UPCOM,STOCK,SEAPRODEX,Tổng Công ty Thủy sản Việt Nam - Công ty Cổ phần,UPX,3500
SDY,UPCOM,STOCK,Xi măng Sông Đà Yaly,Công ty Cổ phần Xi măng Sông Đà Yaly,UPX,2300
SDX,DELISTED,STOCK,PCCC và Đầu tư XD Sông Đà,Công ty Cổ phần Phòng cháy chữa cháy và Đầu tư Xây dựng Sông Đà,UPX,2300
SDV,UPCOM,STOCK,Dịch vụ Sonadezi,Công ty Cổ phần Dịch vụ Sonadezi,UPX,2700
SDU,HNX,STOCK,Đô thị Sông Đà,Công ty Cổ phần Đầu tư Xây dựng và Phát triển Đô thị Sông Đà,STX,2300
SDT,UPCOM,STOCK,Sông Đà 10,Công ty Cổ phần Sông Đà 10,UPX,2300
SDP,UPCOM,STOCK,Công ty Cổ phần SDP,Công ty Cổ phần SDP,UPX,2300
SDN,HNX,STOCK,Sơn Đồng Nai,Công ty Cổ phần Sơn Đồng Nai,STX,2300
SDK,UPCOM,STOCK,Cơ khí Luyện Kim,Công ty Cổ phần Cơ khí Luyện Kim,UPX,2700
SDJ,DELISTED,STOCK,Sông Đà 25,Công ty Cổ phần Sông Đà 25,UPX,2300
SDH,DELISTED,STOCK,Hạ tầng Sông Đà,Công ty Cổ phần Xây dựng hạ tầng Sông Đà,,2300
SDG,HNX,STOCK,Sadico Cần Thơ,Công ty Cổ phần Sadico Cần Thơ,STX,2700
SDD,UPCOM,STOCK,Xây lắp Sông Đà,Công ty Cổ phần Đầu tư và Xây lắp Sông Đà,UPX,2300
SDC,HNX,STOCK,Tư vấn Sông Đà,Công ty Cổ phần Tư vấn Sông Đà,STX,2700
SDB,DELISTED,STOCK,Sông Đà 207,Công ty Cổ phần Sông Đà 207,UPX,2300
SDA,HNX,STOCK,XKLĐ Sông Đà,Công ty Cổ phần SIMCO Sông Đà,STX,2700
SD9,HNX,STOCK,Sông Đà 9,Công ty Cổ phần Sông Đà 9,STX,2300
SD8,UPCOM,STOCK,Sông Đà 8,Công ty Cổ phần Sông Đà 8,UPX,2300
SD7,UPCOM,STOCK,Sông Đà 7,Công ty Cổ phần Sông Đà 7,UPX,2300
SD6,UPCOM,STOCK,Sông Đà 6,Công ty Cổ phần Sông Đà 6,UPX,2300
SD5,HNX,STOCK,Sông Đà 5,Công ty Cổ phần Sông Đà 5,STX,2300
SD4,UPCOM,STOCK,Sông Đà 4,Công ty Cổ phần Sông Đà 4,UPX,2300
SD3,UPCOM,STOCK,Sông Đà 3,Công ty Cổ phần Sông Đà 3,UPX,2300
SD2,UPCOM,STOCK,Sông Đà 2,Công ty Cổ phần Sông Đà 2,UPX,2300
SD1,DELISTED,STOCK,Sông Đà 1,Công ty Cổ phần Sông Đà 1,UPX,2300
SCY,DELISTED,STOCK,Đóng tàu Sông Cấm,Công ty Cổ phần Đóng tàu Sông Cấm,UPX,2700
SCV,DELISTED,STOCK,"Visalco.,JSC",Công ty Cổ phần Muối Việt Nam,,3500
SCS,HSX,STOCK,DV Hàng hóa Sài Gòn,Công ty Cổ phần Dịch vụ Hàng hóa Sài Gòn,STO,5700
SCR,HSX,STOCK,TTC Land,Công ty Cổ phần Địa Ốc Sài Gòn Thương Tín,STO,8600
SCO,UPCOM,STOCK,Công nghiệp Thủy Sản,Công ty Cổ phần Công nghiệp Thủy sản,UPX,2700
SCL,UPCOM,STOCK,Sông Đà Cao Cường,Công ty Cổ phần Sông Đà Cao Cường,UPX,2300
SCJ,UPCOM,STOCK,Xi măng Sài Sơn,Công ty Cổ phần Xi măng Sài Sơn,UPX,2300
SCI,HNX,STOCK,SCI E&C,Công ty Cổ phần SCI E&C,STX,2300
SCG,HNX,STOCK,Xây dựng SCG,Công ty Cổ phần Tập đoàn Xây dựng SCG,STX,2300
SCD,UPCOM,STOCK,Giải khát Chương Dương,Công ty Cổ phần Nước giải khát Chương Dương,UPX,3500
SCC,UPCOM,STOCK,Thương mại Đầu tư SHB,Công ty Cổ phần Thương mại Đầu tư SHB,UPX,2300
SCA,DELISTED,STOCK,Nông nghiệp Sông Con,Công ty Cổ phần Nông nghiệp Sông Con,,1700
SC5,HSX,STOCK,Xây dựng Số 5,Công ty Cổ phần Xây dựng số 5,STO,2300
SBV,HSX,STOCK,Siam Brothers Việt Nam,Công ty Cổ phần Siam Brothers Việt Nam,STO,5300
SBT425026,BOND,BOND,Trái phiếu SBT425001,Trái phiếu SBT425001,HCX,
SBT121002,DELISTED,BOND,SBT121002 - Trái phiếu,SBT121002 - Trái phiếu,,
SBT,HSX,STOCK,Mía đường Thành Thành Công - Biên Hòa,Công ty Cổ phần Thành Thành Công - Biên Hòa,STO,3500
SBS,UPCOM,STOCK,Chứng khoán SBS,Công ty Cổ phần Chứng khoán SBS,UPX,8700
SBR,UPCOM,STOCK,Cao su Sông Bé,Công ty Cổ phần Cao su Sông Bé,UPX,1300
SBM,UPCOM,STOCK,Đầu tư PT Bắc Minh,Công ty Cổ phần Đầu tư phát triển Bắc Minh,UPX,2300
SBL,UPCOM,STOCK,Bia Sài Gòn - Bạc Liêu,Công ty Cổ phần Bia Sài Gòn - Bạc Liêu,UPX,3500
SBH,UPCOM,STOCK,Thủy điện Sông Ba Hạ,Công ty Cổ phần Thủy điện Sông Ba Hạ,UPX,7500
SBG,HSX,STOCK,Tập Đoàn Cơ Khí Công Nghệ Cao Siba,Công ty Cổ Phần Tập Đoàn Cơ Khí Công Nghệ Cao Siba,STO,2700
SBD,UPCOM,STOCK,Công nghệ Sao Bắc Đẩu,Công ty Cổ phần Công nghệ Sao Bắc Đẩu,UPX,9500
SBB,UPCOM,STOCK,Bia Sài Gòn Bình Tây,Công ty Cổ phần Tập đoàn Bia Sài Gòn Bình Tây,UPX,3500
SBA,HSX,STOCK,Sông Ba JSC,Công ty Cổ phần Sông Ba,STO,7500
SB1,UPCOM,STOCK,Bia Sài Gòn - Nghệ Tĩnh,Công ty Cổ phần Bia Sài Gòn - Nghệ Tĩnh,UPX,3500
SAV,HSX,STOCK,Savimex,Công ty Cổ phần Hợp tác Kinh tế và Xuất nhập khẩu Savimex,STO,1700
SAS,UPCOM,STOCK,DV Hàng không sân bay TSN,Công ty Cổ phần Dịch vụ Hàng không Sân bay Tân Sơn Nhất,UPX,5300
SAP,DELISTED,STOCK,In Sách TP.HCM,Công ty Cổ phần In Sách Giáo khoa TP.Hồ Chí Minh,UPX,5500
SAM,HSX,STOCK,SAM Holdings,Công ty Cổ phần SAM Holdings,STO,9500
SAL,UPCOM,STOCK,Trục vớt Cứu hộ Việt Nam,Công ty Cổ phần Trục vớt Cứu hộ Việt Nam,UPX,2700
SAF,HNX,STOCK,Thực Phẩm SAFOCO,Công ty Cổ phần Lương thực Thực phẩm SAFOCO,STX,3500
SAC,UPCOM,STOCK,Dịch vụ cảng Sài Gòn,Công ty Cổ phần Xếp dỡ và Dịch vụ cảng Sài Gòn,UPX,2700
SAB,HSX,STOCK,SABECO,Tổng Công ty Cổ phần Bia - Rượu - Nước Giải khát Sài Gòn,STO,3500
S99,HNX,STOCK,Sông Đà 9.09 (SCI),Công ty Cổ phần SCI,STX,2300
S96,DELISTED,STOCK,Sông Đà 9.06,Công ty Cổ phần Sông Đà 9.06,UPX,2300
S74,UPCOM,STOCK,Sông Đà 7.04,Công ty Cổ phần Sông Đà 7.04,UPX,2300
S72,UPCOM,STOCK,Sông Đà 7.02,Công ty Cổ phần Sông Đà 7.02,UPX,2300
S55,HNX,STOCK,Sông Đà 505,Công ty Cổ phần Sông Đà 505,STX,2300
S4A,HSX,STOCK,Thủy điện Sê San 4A,Công ty Cổ phần Thủy điện Sê San 4A,STO,7500
S27,DELISTED,STOCK,Sông Đà 27,Công ty Cổ phần Sông Đà 27,UPX,2300
S12,UPCOM,STOCK,Sông Đà 12,Công ty Cổ phần Sông Đà 12,UPX,2300
RYG,HSX,STOCK,Sản xuất và Đầu tư Hoàng Gia,Công ty Cổ phần Sản xuất và Đầu tư Hoàng Gia,STO,2300
RTB,UPCOM,STOCK,Cao su Tân Biên,Công ty Cổ phần Cao su Tân Biên,UPX,1300
ROS,DELISTED,STOCK,Xây dựng FLC FAROS,Công ty Cổ phần Xây dựng FLC FAROS,,2300
RIC,UPCOM,STOCK,Quốc tế Hoàng Gia,Công ty Cổ phần Quốc Tế Hoàng Gia,UPX,5700
RGG,UPCOM,STOCK,Regal Group,Công ty Cổ phần Regal Group,UPX,8600
RGC,DELISTED,STOCK,Đầu tư PV-Inconess,Công ty Cổ phần Đầu tư PV-Inconess,,5500
REE,HSX,STOCK,Cơ Điện Lạnh REE,Công ty Cổ phần Cơ điện Lạnh,STO,7500
RDP,UPCOM,STOCK,Nhựa Rạng Đông,Công ty Cổ phần Rạng Đông Holding,UPX,1300
RCL,HNX,STOCK,Địa Ốc Chợ Lớn,Công ty Cổ phần Địa ốc Chợ Lớn,STX,8600
RCD,UPCOM,STOCK,XD - Địa ốc Cao su,Công ty Cổ phần Xây dựng - Địa ốc Cao su,UPX,2300
RCC,UPCOM,STOCK,Công trình Đường sắt Việt Nam,Công ty Cổ phần Tổng Công ty Công trình Đường sắt Việt Nam,UPX,2300
RBC,UPCOM,STOCK,Công Nghiệp và Xuất nhập khẩu Cao Su,Công ty Cổ phần Công Nghiệp và Xuất nhập khẩu Cao Su,UPX,1300
RAT,UPCOM,STOCK,VT và TM Đường sắt,Công ty Cổ phần Vận tải và Thương mại Đường sắt,UPX,2700
RAL,HSX,STOCK,Bóng đèn Phích nước Rạng Đông,Công ty Cổ phần Bóng đèn Phích nước Rạng Đông,STO,3700
QTP,UPCOM,STOCK,Nhiệt điện Quảng Ninh,Công ty Cổ phần Nhiệt điện Quảng Ninh,UPX,7500
QTC,HNX,STOCK,GTVT Quảng Nam,Công ty Cổ phần Công trình Giao thông Vận tải Quảng Nam,STX,2300
QST,HNX,STOCK,Sách Quảng Ninh,Công ty Cổ phần Sách và Thiết bị trường học Quảng Ninh,STX,5500
QSP,UPCOM,STOCK,Tân cảng Quy Nhơn,Công ty Cổ phần Tân cảng Quy Nhơn,UPX,2700
QPH,UPCOM,STOCK,Thủy điện Quế Phong,Công ty Cổ phần Thủy điện Quế Phong,UPX,7500
QNW,UPCOM,STOCK,Cấp thoát nước và XD Quảng Ngãi,Công ty Cổ phần Cấp thoát nước và xây dựng Quảng Ngãi,UPX,7500
QNU,UPCOM,STOCK,Môi trường Đô thị Quảng Nam,Công ty Cổ phần Môi trường Đô thị Quảng Nam,UPX,2700
QNT,UPCOM,STOCK,Tư vấn và Đầu tư Phát triển Quảng Nam,Công ty Cổ phần Tư vấn và Đầu tư Phát triển Quảng Nam,UPX,2300
QNS,UPCOM,STOCK,Đường Quảng Ngãi,Công ty Cổ phần Đường Quảng Ngãi,UPX,3500
QNP,HSX,STOCK,Cảng Quy Nhơn,Công ty Cổ phần Cảng Quy Nhơn,STO,2700
QNC,UPCOM,STOCK,Xi măng Quảng Ninh,Công ty Cổ phần Xi măng và Xây dựng Quảng Ninh,UPX,2300
QLT,DELISTED,STOCK,Bảo trì đường thủy nội địa số 10,Công ty Cổ phần Quản lý Bảo trì Đường thủy Nội địa số 10,,2700
QLD,DELISTED,STOCK,QL và XD Giao thông Lạng Sơn,Công ty Cổ phần Quản lý và Xây dựng Giao thông Lạng Sơn,,2300
QHW,UPCOM,STOCK,Nước khoáng Quảng Ninh,Công ty Cổ phần Nước khoáng Quảng Ninh,UPX,3500
QHD,HNX,STOCK,Que hàn Việt Đức,Công ty Cổ phần Que hàn điện Việt Đức,STX,2700
QCG,HSX,STOCK,Quốc Cường Gia Lai,Công ty Cổ phần Quốc Cường Gia Lai,STO,8600
QCC,UPCOM,STOCK,Đầu tư XD và PT Hạ tầng Viễn Thông,Công ty Cổ phần Đầu tư Xây dựng và Phát triển Hạ tầng Viễn Thông,UPX,2300
QBS,UPCOM,STOCK,Xuất nhập khẩu Quảng Bình,Công ty Cổ phần Xuất nhập khẩu Quảng Bình,UPX,1300
PYU,DELISTED,STOCK,Công trình đô thị Phúc Yên,Công ty Cổ phần Môi trường và Công trình đô thị Phúc Yên,,
PXT,UPCOM,STOCK,Xây lắp Đường ống Dầu khí,Công ty Cổ phần Xây lắp Đường ống Bể chứa Dầu khí,UPX,2300
PXS,UPCOM,STOCK,Lắp máy Dầu khí,Công ty Cổ phần Kết cấu Kim loại và Lắp máy Dầu khí,UPX,2300
PXM,UPCOM,STOCK,Xây lắp Dầu khí Miền Trung,Công ty Cổ phần Xây lắp Dầu khí Miền Trung,UPX,2300
PXL,UPCOM,STOCK,KCN Dầu khí Long Sơn,Công ty Cổ phần Đầu tư Khu Công Nghiệp Dầu khí Long Sơn,UPX,8600
PXI,UPCOM,STOCK,XL CN và dân dụng Dầu khí,Công ty Cổ phần Xây dựng Công nghiệp và Dân dụng Dầu khí,UPX,2300
PXC,DELISTED,STOCK,Phát triển Đô thị Dầu khí,Công ty Cổ phần Phát triển Đô thị Dầu khí,UPX,8600
PXA,UPCOM,STOCK,Đầu tư và Thương mại Dầu khí Nghệ An,Công ty Cổ phần Đầu tư và Thương mại Dầu khí Nghệ An,UPX,8600
PX1,UPCOM,STOCK,Xi măng Sông Lam 2,Công ty Cổ phần Xi măng Sông Lam 2,UPX,2300
PWS,UPCOM,STOCK,Cấp thoát nước Phú Yên,Công ty Cổ phần Cấp thoát nước Phú Yên,UPX,7500
PWA,UPCOM,STOCK,Bất động sản dầu khí,Công ty Cổ phần Bất động sản dầu khí,UPX,8600
PVY,UPCOM,STOCK,Chế tạo Giàn khoan Dầu khí,Công ty Cổ phần Chế tạo Giàn khoan Dầu khí,UPX,2300
PVX,UPCOM,STOCK,Xây lắp Dầu khí Việt Nam,Tổng Công ty Cổ phần Xây lắp Dầu khí Việt Nam,UPX,2300
PVV,UPCOM,STOCK,Vinaconex 39,Công ty Cổ phần Vinaconex 39,UPX,2300
PVT,HSX,STOCK,Vận tải Dầu khí PVTrans,Tổng Công ty Cổ phần Vận tải Dầu khí,STO,2700
PVS,HNX,STOCK,DVKT Dầu khí PTSC,Tổng Công ty Cổ phần Dịch vụ Kỹ thuật Dầu khí Việt Nam,STX,0500
PVR,UPCOM,STOCK,Đầu tư PVR Hà Nội,Công ty Cổ phần Đầu tư PVR Hà Nội,UPX,8600
PVP,HSX,STOCK,Vận tải Dầu khí Thái Bình Dương,Công ty Cổ phần Vận tải Dầu khí Thái Bình Dương,STO,2700
PVO,UPCOM,STOCK,Dầu nhờn PV Oil,Công ty Cổ phần Dầu nhờn PV Oil,UPX,1300
PVM,UPCOM,STOCK,Thiết bị dầu khí (PV MACHINO),Công ty Cổ phần Máy - Thiết bị Dầu khí,UPX,2700
PVL,UPCOM,STOCK,Địa ốc Dầu khí,Công ty Cổ phần Địa ốc Dầu khí,UPX,8600
PVI,HNX,STOCK,PVI Holdings,Công ty Cổ phần PVI,STX,8500
PVH,UPCOM,STOCK,Xây lắp Dầu khí Thanh Hóa,Công ty Cổ phần Xây lắp Dầu khí Thanh Hóa,UPX,2300
PVG,HNX,STOCK,Kinh doanh LPG Việt Nam,Công ty Cổ phần Kinh doanh LPG Việt Nam,STX,7500
PVE,UPCOM,STOCK,Tư vấn Dầu khí,Tổng Công ty Tư vấn Thiết kế Dầu khí - Công ty Cổ phần,UPX,0500
PVD,HSX,STOCK,Khoan Dầu khí PVDrilling,Tổng Công ty Cổ phần Khoan và Dịch vụ khoan Dầu khí,STO,0500
PVC,HNX,STOCK,Hóa chất và Dịch vụ Dầu khí,Tổng Công ty Hóa chất và Dịch vụ Dầu khí - Công ty Cổ phần,STX,0500
PVB,HNX,STOCK,Bọc ống Dầu khí Việt Nam,Công ty Cổ phần Bọc ống Dầu khí Việt Nam,STX,0500
PVA,UPCOM,STOCK,Xây dựng dầu khí Nghệ An,Công ty Cổ phần Tổng Công ty Xây lắp Dầu khí Nghệ An,UPX,2300
PV2,HNX,STOCK,Đầu tư PV2,Công ty Cổ phần Đầu tư PV2,STX,8600
PTX,HNX,STOCK,VT Petrolimex Nghệ Tĩnh,Công ty Cổ phần Vận tải và Dịch vụ Petrolimex Nghệ Tĩnh,STX,7500
PTV,UPCOM,STOCK,Thương mại dầu khí,Công ty Cổ phần Thương mại Dầu khí,UPX,0500
PTT,UPCOM,STOCK,Vận tải Dầu khí Đông Dương,Công ty Cổ phần Vận tải Dầu khí Đông Dương,UPX,2700
PTS,HNX,STOCK,Vận tải Petrolimex HP,Công ty Cổ phần Vận tải và Dịch vụ Petrolimex Hải Phòng,STX,2700
PTP,UPCOM,STOCK,Viễn Thông và In Bưu điện,Công ty Cổ phần PTP,UPX,6500
PTO,UPCOM,STOCK,Xây dựng Công trình Bưu điện,Công ty Cổ phần Dịch vụ - Xây dựng Công trình Bưu điện,UPX,2300
PTN,DELISTED,STOCK,Phát triển Nhà Khánh Hòa,Công ty Cổ phần Phát triển Nhà Khánh Hòa,,8600
PTM,UPCOM,STOCK,Ô tô PTM,"Công ty Cổ phần Sản xuất, Thương mại Và Dịch vụ Ô tô PTM",UPX,3300
PTL,HSX,STOCK,Victory Group,Công ty Cổ phần Victory Group,STO,8600
PTI,HNX,STOCK,Bảo hiểm Bưu điện,Tổng Công ty Cổ phần Bảo hiểm Bưu điện,STX,8500
PTH,UPCOM,STOCK,Vận tải và DV Petrolimex Hà Tây,Công ty Cổ phần Vận tải và Dịch vụ Petrolimex Hà Tây,UPX,7500
PTG,UPCOM,STOCK,May Phan Thiết,Công ty Cổ phần May Xuất Khẩu Phan Thiết,UPX,3700
PTE,UPCOM,STOCK,Xi măng Phú Thọ,Công ty Cổ phần Xi măng Phú Thọ,UPX,2300
PTD,HNX,STOCK,Thiết kế-XD-TM Phúc Thịnh,Công ty Cổ phần Thiết kế - Xây dựng - Thương mại Phúc Thịnh,STX,2300
PTC,HSX,STOCK,Đầu tư ICAPITAL,Công ty Cổ phần Đầu tư ICAPITAL,STO,2300
PTB,HSX,STOCK,Công ty Cổ phần Phú Tài,Công ty Cổ phần Phú Tài,STO,1700
PSW,HNX,STOCK,Phân bón hóa chất dầu khí Tây Nam Bộ,Công ty Cổ phần Phân bón và hóa chất dầu khí Tây Nam Bộ,STX,1300
PSP,UPCOM,STOCK,DV Dầu Khí Đình Vũ,Công ty Cổ phần Cảng Dịch vụ Dầu khí Đình Vũ,UPX,2700
PSN,UPCOM,STOCK,PTSC Thanh Hóa,Công ty Cổ phần Dịch vụ Kỹ thuật PTSC Thanh Hóa,UPX,2700
PSL,UPCOM,STOCK,Chăn nuôi Phú Sơn,Công ty Cổ phần Chăn nuôi Phú Sơn,UPX,3500
PSI,HNX,STOCK,Chứng khoán Dầu khí,Công ty Cổ phần Chứng khoán Dầu khí,STX,8700
PSH,UPCOM,STOCK,TMại ĐT Dầu khí Nam Sông Hậu,Công ty Cổ phần Thương mại Đầu tư Dầu khí Nam Sông Hậu,UPX,7500
PSG,UPCOM,STOCK,XL Dầu khí Sài Gòn,Công ty Cổ phần Đầu tư và Xây lắp Dầu khí Sài Gòn,UPX,2300
PSE,HNX,STOCK,Phân bón và hóa chất dầu khí Đông Nam Bộ,Công ty Cổ phần Phân bón và hóa chất dầu khí Đông Nam Bộ,STX,1300
PSD,HNX,STOCK,Phân phối Tổng hợp Dầu khí,Công ty Cổ phần Dịch vụ Phân phối Tổng hợp Dầu khí,STX,5300
PSC,HNX,STOCK,Vận tải Petrolimex SG,Công ty Cổ phần Vận tải và Dịch vụ Petrolimex Sài Gòn,STX,2700
PSB,UPCOM,STOCK,Sao Mai Bến Đình,Công ty Cổ phần Đầu tư Dầu khí Sao Mai Bến Đình,UPX,2300
PRT,UPCOM,STOCK,Sản xuất - XNK Bình Dương,Tổng Công ty Sản xuất - Xuất nhập khẩu Bình Dương - Công ty cổ phần,UPX,8600
PRO,UPCOM,STOCK,Procimex Việt Nam,Công ty Cổ phần Procimex Việt Nam,UPX,3500
PRE,HNX,STOCK,Tái bảo hiểm PVI,Tổng Công ty Cổ phần Tái bảo hiểm Hà Nội,STX,8500
PRC,HNX,STOCK,Vận tải Portserco,Công ty Cổ phần Logistics Portserco,STX,2700
PQN,UPCOM,STOCK,DV Dầu khí Quảng Ngãi PTSC,Công ty Cổ phần Dịch vụ Dầu khí Quảng Ngãi PTSC,UPX,2700
PPY,HNX,STOCK,Xăng dầu dầu khí Phú Yên,Công ty Cổ phần Xăng dầu dầu khí Phú Yên,STX,7500
PPT,HNX,STOCK,Petro Times,Công ty cổ phần Petro Times,STX,7500
PPS,HNX,STOCK,DVKT Điện lực Dầu khí,Công ty Cổ phần Dịch vụ Kỹ thuật Điện lực Dầu khí Việt Nam,STX,2700
PPP,HNX,STOCK,PP.Pharco,Công ty Cổ phần Dược phẩm Phong Phú,STX,4500
PPI,UPCOM,STOCK,BĐS Thái Bình Dương,Công ty Cổ phần Đầu tư và Phát triển dự án hạ tầng Thái Bình Dương,UPX,8600
PPH,UPCOM,STOCK,Phong Phú Corp.,Tổng Công ty Cổ phần Phong Phú,UPX,3700
PPE,HNX,STOCK,PVPower Engineering,Công ty Cổ phần Tư vấn Đầu tư PP Enterprise,STX,2700
PPC,HSX,STOCK,Nhiệt điện Phả Lại,Công ty Cổ phần Nhiệt điện Phả Lại,STO,7500
POW,HSX,STOCK,Điện lực Dầu khí Việt Nam,Tổng Công ty Điện lực Dầu khí Việt Nam - CTCP,STO,7500
POV,UPCOM,STOCK,PV Oil Vũng Áng,Công ty Cổ phần Xăng dầu Dầu khí Vũng Áng,UPX,7500
POT,HNX,STOCK,Thiết bị Bưu điện Postef,Công ty Cổ phần Thiết bị Bưu điện,STX,9500
POS,UPCOM,STOCK,Vận hành và Xây lắp PTSC,Công ty Cổ phần Vận hành và Xây lắp PTSC,UPX,0500
POM,UPCOM,STOCK,Thép Pomina,Công ty Cổ phần Thép Pomina,UPX,1700
POB,UPCOM,STOCK,PVOIL Hưng Yên,Công ty Cổ phần Xăng dầu Dầu khí Hưng Yên,UPX,7500
PNT,UPCOM,STOCK,Kỹ thuật XD Phú Nhuận,Công ty Cổ phần Kỹ thuật Xây dựng Phú Nhuận,UPX,2300
PNP,UPCOM,STOCK,Tân Cảng - Phú Hữu,Công ty Cổ phần Tân Cảng – Phú Hữu,UPX,2700
PNJ,HSX,STOCK,Vàng Phú Nhuận,Công ty Cổ phần Vàng bạc Đá quý Phú Nhuận,STO,3700
PNG,UPCOM,STOCK,Thương Mại Phú Nhuận,Công ty Cổ phần Thương Mại Phú Nhuận,UPX,5700
PND,UPCOM,STOCK,Xăng dầu Dầu khí Nam Định,Công ty Cổ phần Xăng dầu Dầu khí Nam Định,UPX,7500
PNC,HSX,STOCK,Văn hóa Phương Nam,Công ty Cổ phần Văn hóa Phương Nam,STO,5500
PMW,UPCOM,STOCK,Cấp Nước Phú Mỹ,Công ty Cổ phần Cấp Nước Phú Mỹ,UPX,7500
PMT,UPCOM,STOCK,Telvina Việt Nam,Công ty Cổ phần Viễn thông Telvina Việt Nam,UPX,9500
PMS,HNX,STOCK,Cơ khí xăng dầu,Công ty Cổ phần Cơ khí Xăng dầu,STX,2700
PMP,HNX,STOCK,Bao bì Đạm Phú Mỹ,Công ty Cổ phần Bao bì Đạm Phú Mỹ,STX,2700
PMJ,UPCOM,STOCK,Vật tư Bưu điện,Công ty Cổ phần Vật tư Bưu điện,UPX,9500
PMG,HSX,STOCK,ĐT và SX Petro Miền Trung,Công ty Cổ phần Đầu tư và Sản xuất Petro Miền Trung,STO,7500
PMC,HNX,STOCK,Pharmedic,Công ty Cổ phần Dược phẩm Dược liệu Pharmedic,STX,4500
PMB,HNX,STOCK,Phân bón và Hóa chất Dầu khí Miền Bắc,Công ty Cổ phần Phân bón và Hóa chất Dầu khí Miền Bắc,STX,1300
PLX,HSX,STOCK,Petrolimex,Tập đoàn Xăng dầu Việt Nam,STO,0500
PLP,HSX,STOCK,SX và CN Nhựa Pha Lê,Công ty Cổ phần Sản xuất và Công nghệ Nhựa Pha Lê,STO,1300
PLO,UPCOM,STOCK,Kho vận Petec,Công ty Cổ phần Kho vận Petec,UPX,2700
PLE,UPCOM,STOCK,Tư vấn Xây dựng Petrolimex,Công ty Cổ phần Tư vấn Xây dựng Petrolimex,UPX,2300
PLC,HNX,STOCK,Hóa dầu Petrolimex,Tổng Công ty Hóa dầu Petrolimex - Công ty Cổ phần,STX,1300
PLA,UPCOM,STOCK,ĐT&DV Hạ tầng Xăng dầu (PLAND),Công ty Cổ phần Đầu tư và Dịch vụ hạ tầng Xăng dầu,UPX,2300
PJT,HSX,STOCK,Vận tải thủy PETROLIMEX,Công ty Cổ phần Vận tải Xăng dầu đường thủy Petrolimex,STO,2700
PJS,UPCOM,STOCK,Cấp nước Phú Hòa Tân,Công ty Cổ phần Cấp nước Phú Hòa Tân,UPX,7500
PJC,HNX,STOCK,TM và Vận tải Petrolimex HN,Công ty Cổ phần Thương mại và Vận tải Petrolimex Hà Nội,STX,7500
PIV,UPCOM,STOCK,PIV JSC,Công ty Cổ phần PIV,UPX,8600
PIT,HSX,STOCK,XNK PETROLIMEX,Công ty Cổ phần Xuất nhập khẩu Petrolimex,STO,5300
PIS,UPCOM,STOCK,Pisico Bình Định,Tổng Công ty Pisico Bình Định - Công ty Cổ phần,UPX,1700
PID,UPCOM,STOCK,Trang trí nội thất Dầu khí,Công ty Cổ phần Trang trí nội thất Dầu khí,UPX,2300
PIC,HNX,STOCK,Đầu tư Điện lực 3,Công ty Cổ phần Đầu tư Điện lực 3,STX,7500
PIA,HNX,STOCK,Tin học Viễn thông Petrolimex,Công ty Cổ phần Tin học Viễn thông Petrolimex,STX,6500
PHS,UPCOM,STOCK,Chứng khoán Phú Hưng,Công ty Cổ phần Chứng khoán Phú Hưng,UPX,8700
PHR,HSX,STOCK,Cao su Phước Hòa,Công ty Cổ phần Cao su Phước Hòa,STO,1300
PHP,UPCOM,STOCK,Cảng Hải Phòng,Công ty Cổ phần Cảng Hải Phòng,UPX,2700
PHN,HNX,STOCK,Pin Hà Nội,Công ty Cổ phần Pin Hà Nội,STX,2700
PHH,UPCOM,STOCK,Hồng Hà Việt Nam,Công ty Cổ phần Hồng Hà Việt Nam,UPX,2300
PHC,HSX,STOCK,Xây dựng Phục Hưng Holdings,Công ty Cổ phần Xây dựng Phục Hưng Holdings,STO,2300
PGV,HSX,STOCK,Tổng Công ty Phát điện 3,Tổng Công ty Phát điện 3 - Công ty Cổ phần,STO,7500
PGT,HNX,STOCK,PGT Holdings,Công ty Cổ phần PGT Holdings,STX,5700
PGS,HNX,STOCK,Khí Miền Nam,Công ty Cổ phần Kinh doanh Khí Miền Nam,STX,7500
PGN,HNX,STOCK,Phụ Gia Nhựa,Công ty Cổ phần Phụ Gia Nhựa,STX,1300
PGI,HSX,STOCK,Bảo hiểm PJICO,Tổng Công ty Cổ phần Bảo hiểm Petrolimex,STO,8500
PGD,HSX,STOCK,PV GAS D,Công ty Cổ phần Phân phối khí thấp áp dầu khí Việt Nam,STO,7500
PGC,HSX,STOCK,Gas Petrolimex,Tổng Công ty Gas Petrolimex - Công ty Cổ phần,STO,7500
PGB,UPCOM,STOCK,PG Bank,Ngân hàng Thương mại Cổ phần Thịnh vượng và Phát triển,UPX,8300
PFL,UPCOM,STOCK,Dầu khí Đông Đô,Công ty Cổ phần Dầu khí Đông Đô,UPX,2300
PET,HSX,STOCK,Dịch vụ Tổng hợp Dầu khí,Tổng Công ty Cổ phần Dịch vụ Tổng hợp Dầu khí,STO,5300
PEQ,UPCOM,STOCK,Thiết bị xăng dầu Petrolimex,Công ty Cổ phần Thiết bị xăng dầu Petrolimex,UPX,0500
PEN,HNX,STOCK,Xây lắp III Petrolimex,Công ty Cổ phần Xây lắp III Petrolimex,STX,2300
PEG,UPCOM,STOCK,TM Kỹ thuật và Đầu tư (PETEC),Tổng Công ty Thương mại Kỹ thuật và Đầu tư - Công ty Cổ phần,UPX,7500
PEC,DELISTED,STOCK,Cơ khí Điện lực,Công ty Cổ phần Cơ khí Điện lực,UPX,2700
PDV,HSX,STOCK,Vận tải Phương Đông Việt,Công ty Cổ phần Vận tải và Tiếp vận Phương Đông Việt,STO,2700
PDT,DELISTED,STOCK,,,,7500
PDR,HSX,STOCK,BĐS Phát Đạt,Công ty Cổ phần Phát triển Bất động sản Phát Đạt,STO,8600
PDN,HSX,STOCK,Cảng Đồng Nai,Công ty Cổ phần Cảng Đồng Nai,STO,2700
PDC,UPCOM,STOCK,Dầu khí Phương Đông,Công ty Cổ phần Du lịch Dầu khí Phương Đông,UPX,5700
PDB,HNX,STOCK,DIN Capital,Công ty Cổ phần Tập đoàn Đầu tư DIN Capital,STX,2300
PCT,HNX,STOCK,Vận tải Biển Global Pacific,Công ty Cổ phần Vận tải Biển Global Pacific,STX,2700
PCN,DELISTED,STOCK,Dầu khí DMC-Miền Bắc,Công ty Cổ phần Hóa phẩm dầu khí DMC - Miền Bắc,,1300
PCM,UPCOM,STOCK,VLXD Bưu điện,Công ty Cổ phần Vật liệu Xây dựng Bưu điện,UPX,2300
PCH,HNX,STOCK,Nhựa Picomat,Công ty Cổ phần Nhựa Picomat,STX,1300
PCG,UPCOM,STOCK,Đầu tư PT Gas Đô thị,Công ty Cổ phần Đầu tư Phát triển Gas Đô thị,UPX,7500
PCF,UPCOM,STOCK,Cà phê PETEC,Công ty Cổ phần Cà phê PETEC,UPX,3500
PCE,HNX,STOCK,Phân bón và Hóa chất DK Miền Trung,Công ty Cổ phần Phân bón và hóa chất dầu khí Miền Trung,STX,1300
PCC,UPCOM,STOCK,Xây lắp 1- Petrolimex,Công ty Cổ phần Tập đoàn Xây lắp 1 - Petrolimex,UPX,2300
PC1,HSX,STOCK,Tập đoàn PC1,Công ty Cổ phần Tập đoàn PC1,STO,2300
PBT,UPCOM,STOCK,Bao bì và TM Dầu khí Bình Sơn,Công ty Cổ Phần Bao bì và Thương mại Dầu khí Bình Sơn,UPX,2700
PBP,HNX,STOCK,Bao bì Dầu khí VN,Công ty Cổ phần Bao bì Dầu khí Việt Nam,STX,2700
PBC,UPCOM,STOCK,Dược Phẩm TW 1- Pharbaco,Công ty Cổ phần Dược Phẩm Trung ương 1 - Pharbaco,UPX,4500
PAT,UPCOM,STOCK,Phốt pho Apatit Việt Nam,Công ty Cổ phần Phốt pho Apatit Việt Nam,UPX,1300
PAS,UPCOM,STOCK,Quốc tế Phương Anh,Công ty Cổ phần Quốc tế Phương Anh,UPX,1700
PAP,UPCOM,STOCK,Cảng Phước An,Công ty Cổ phần Dầu khí đầu tư khai thác Cảng Phước An,UPX,2700
PAN,HSX,STOCK,Tập đoàn PAN,Công ty Cổ phần Tập đoàn PAN,STO,3500
PAI,UPCOM,STOCK,"CNTT, VT và Tự động hóa Dầu khí - PAIC","Công ty Cổ phần Công nghê thông tin, Viễn thông và Tự động hóa Dầu khí",UPX,6500
PAC,HSX,STOCK,Pin Ắc quy Miền Nam,Công ty Cổ phần Pin Ắc quy Miền Nam,STO,2700
ORS,HSX,STOCK,Chứng khoán Tiên Phong,Công ty Cổ phần Chứng khoán Tiên Phong,STO,8700
OPC,HSX,STOCK,Dược phẩm OPC,Công ty Cổ phần Dược Phẩm OPC,STO,4500
ONW,UPCOM,STOCK,Dịch vụ Một Thế giới,Công ty Cổ phần Dịch vụ Một Thế giới,UPX,5700
ONE,HNX,STOCK,Truyền thông Số 1,Công ty Cổ phần Công nghệ ONE,STX,9500
OIL,UPCOM,STOCK,PV Oil,Tổng Công ty Dầu Việt Nam - Công ty Cổ phần,UPX,0500
OGC,HSX,STOCK,Tập đoàn Đại Dương,Công ty Cổ phần Tập đoàn Đại Dương,STO,8700
ODE,UPCOM,STOCK,Tập đoàn Truyền thông và Giải trí ODE,Công ty cổ phần Tập đoàn Truyền thông và Giải trí ODE,UPX,5500
OCH,HNX,STOCK,Khách sạn và Dịch vụ OCH,Công ty Cổ phần One Capital Hospitality,STX,3500
OCB,HSX,STOCK,Ngân hàng Phương Đông,Ngân hàng Thương mại Cổ phần Phương Đông,STO,8300
NXT,UPCOM,STOCK,SX và Cung ứng VLXD Kon Tum,Công ty Cổ phần Sản xuất và Cung ứng vật liệu xây dựng Kon Tum,UPX,2300
NWT,UPCOM,STOCK,Vận tải Newway,Công ty Cổ phần Vận tải Newway,UPX,5700
NVT,HSX,STOCK,Ninh Vân Bay,Công ty Cổ phần Bất động sản Du lịch Ninh Vân Bay,STO,8600
NVP,UPCOM,STOCK,Nước sạch Vĩnh Phúc,Công ty Cổ phần Nước sạch Vĩnh Phúc,UPX,7500
NVL122001,BOND,BOND,Trai Phieu CTCP Tap doan dau tu dia oc No Va,Trai Phieu CTCP Tap doan dau tu dia oc No Va,HCX,
NVL,HSX,STOCK,Novaland,Công ty Cổ phần Tập đoàn Đầu tư Địa ốc No Va,STO,8600
NVB,HNX,STOCK,Ngân hàng Quốc Dân,Ngân hàng Thương mại Cổ phần Quốc Dân,STX,8300
NUE,UPCOM,STOCK,Môi trường Đô thị Nha Trang,Công ty Cổ phần Môi trường Đô thị Nha Trang,UPX,2700
NTW,UPCOM,STOCK,Cấp nước Nhơn Trạch,Công ty Cổ phần Cấp nước Nhơn Trạch,UPX,7500
NTT,UPCOM,STOCK,Dệt - May Nha Trang,Công ty Cổ phần Dệt - May Nha Trang,UPX,3700
NTP,HNX,STOCK,Nhựa Tiền Phong,Công ty Cổ phần Nhựa Thiếu niên Tiền Phong,STX,2300
NTL,HSX,STOCK,Đô thị Từ Liêm,Công ty Cổ phần Phát triển Đô thị Từ Liêm,STO,8600
NTH,HNX,STOCK,Thủy điện Nước Trong,Công ty Cổ phần Thủy điện Nước Trong,STX,7500
NTF,UPCOM,STOCK,Dược Nghệ An,Công ty Cổ phần Dược - Vật tư y tế Nghệ An,UPX,4500
NTC,HSX,STOCK,KCN Nam Tân Uyên,Công ty Cổ phần Khu Công nghiệp Nam Tân Uyên,STO,8600
NTB,UPCOM,STOCK,Công trình giao thông 584,Công ty Cổ phần Đầu tư Xây dựng và Khai thác Công trình giao thông 584,UPX,8600
NT2,HSX,STOCK,Điện lực Nhơn Trạch 2,Công ty Cổ phần Điện lực Dầu khí Nhơn Trạch 2,STO,7500
NST,HNX,STOCK,Thuốc lá Ngân Sơn,Công ty Cổ phần Ngân Sơn,STX,3700
NSS,UPCOM,STOCK,Nông súc sản Đồng Nai,Công ty Cổ phần Nông súc sản Đồng Nai,UPX,3500
NSL,UPCOM,STOCK,Cấp nước Sơn La,Công ty Cổ phần Cấp nước Sơn La,UPX,7500
NSH,HNX,STOCK,Nhôm Sông Hồng,Công ty Cổ phần Tập đoàn Nhôm Sông Hồng Shalumi,STX,1700
NSG,UPCOM,STOCK,Nhựa Sài Gòn,Công ty Cổ phần Nhựa Sài Gòn,UPX,1300
NSC,HSX,STOCK,Tập đoàn Giống cây trồng Việt Nam,Công ty Cổ phần Tập đoàn Giống cây trồng Việt Nam,STO,3500
NS3,DELISTED,STOCK,Nước sạch số 3 Hà Nội,Công ty Cổ phần Sản xuất Kinh doanh Nước sạch số 3 Hà Nội,,7500
NS2,DELISTED,STOCK,Nước sạch số 2 Hà Nội,Công ty Cổ phần Nước sạch số 2 Hà Nội,UPX,7500
NRC,HNX,STOCK,Tập đoàn NRC,Công ty Cổ phần Tập đoàn NRC,STX,8600
NQT,DELISTED,STOCK,Nước sạch Quảng Trị,Công ty Cổ phần Nước sạch Quảng Trị,UPX,7500
NQN,UPCOM,STOCK,Nước sạch Quảng Ninh,Công ty Cổ phần Nước sạch Quảng Ninh,UPX,7500
NQB,UPCOM,STOCK,Cấp nước Quảng Bình,Công ty Cổ phần Cấp nước Quảng Bình,UPX,7500
NPM123024,BOND,BOND,CT TNHH Khai thac Che bien Khoang san Nui Phao,CT TNHH Khai thac Che bien Khoang san Nui Phao,HCX,
NPM123023,BOND,BOND,CT TNHH Khai thac Che bien Khoang san Nui Phao,CT TNHH Khai thac Che bien Khoang san Nui Phao,HCX,
NPM123022,BOND,BOND,Cong ty TNHH Khai thac Che  bien Khoang san Nui Phao,Cong ty TNHH Khai thac Che  bien Khoang san Nui Phao,HCX,
NPM123021,BOND,BOND,CT TNHH Khai thac Che bien Khoang san Nui Phao,CT TNHH Khai thac Che bien Khoang san Nui Phao,HCX,
NPM11911,DELISTED,BOND,NPM11911 - Trái phiếu,NPM11911 - Trái phiếu,,
NPM11907,DELISTED,BOND,NPM11907 - Trái phiếu,NPM11907 - Trái phiếu,,
NPM11805,DELISTED,BOND,NPM11805 - Trái phiếu,NPM11805 - Trái phiếu,,
NOS,UPCOM,STOCK,Vận tải Biển và Thương mại Phương Đông,Công ty Cổ phần Vận tải Biển và Thương mại Phương Đông,UPX,2700
NO1,HSX,STOCK,Tâp đoàn 911,Công ty Cổ phần Tâp đoàn 911,STO,2700
NNT,UPCOM,STOCK,Cấp nước Ninh Thuận,Công ty Cổ phần Cấp nước Ninh Thuận,UPX,7500
NNQ,DELISTED,STOCK,,,,3500
NNG,DELISTED,STOCK,CN - DV - TM Ngọc Nghĩa,Công ty Cổ phần Công nghiệp - Dịch vụ - Thương mại Ngọc Nghĩa,,1300
NNC,HSX,STOCK,Đá Núi Nhỏ,Công ty Cổ phần Đá Núi Nhỏ,STO,2300
NLS,UPCOM,STOCK,Cấp thoát nước Lạng Sơn,Công ty Cổ phần Cấp thoát nước Lạng Sơn,UPX,7500
NLG,HSX,STOCK,BĐS Nam Long,Công ty Cổ phần Đầu tư Nam Long,STO,8600
NKG,HSX,STOCK,Thép Nam Kim,Công ty Cổ phần Thép Nam Kim,STO,1700
NJC,UPCOM,STOCK,May Nam Định,Công ty Cổ phần May Nam Định,UPX,3700
NHV,UPCOM,STOCK,Đầu tư NHV,Công ty Cổ phần Sức khỏe Hồi sinh Việt Nam,UPX,1700
NHT,HSX,STOCK,Sản xuất và Thương mại Nam Hoa,Công ty Cổ phần Sản xuất và Thương mại Nam Hoa,STO,3700
NHP,UPCOM,STOCK,Sản xuất XNK NHP,Công ty Cổ phần Sản xuất Xuất nhập khẩu NHP,UPX,2700
NHH,HSX,STOCK,Nhựa Hà Nội,Công ty Cổ phần Nhựa Hà Nội,STO,1300
NHC,HNX,STOCK,Gạch ngói Nhị Hiệp,Công ty Cổ phần Gạch ngói Nhị Hiệp,STX,2300
NHA,HSX,STOCK,PT Nhà và Đô thị Nam HN,Tổng Công ty Đầu tư Phát triển Nhà và Đô thị Nam Hà Nội,STO,2300
NGC,UPCOM,STOCK,Thủy sản Ngô Quyền,Công ty Cổ phần Chế biến Thủy sản Xuất khẩu Ngô Quyền,UPX,3500
NFC,HNX,STOCK,Phân lân Ninh Bình,Công ty Cổ phần Phân lân Ninh Bình,STX,1300
NET,HNX,STOCK,Bột giặt Net,Công ty Cổ phần Bột giặt Net,STX,3700
NEM,DELISTED,STOCK,Thiết bị Điện Miền Bắc,Công ty Cổ phần Thiết bị Điện Miền Bắc,UPX,2700
NED,UPCOM,STOCK,Phát triển Điện Tây Bắc,Công ty Cổ phần Đầu tư và Phát triển Điện Tây Bắc,UPX,2300
NDX,HNX,STOCK,Phát triển Nhà Đà Nẵng,Công ty Cổ phần Xây lắp Phát triển Nhà Đà Nẵng,STX,2300
NDW,UPCOM,STOCK,Cấp nước Nam Định,Công ty Cổ phần Cấp nước Nam Định,UPX,7500
NDT,UPCOM,STOCK,Dệt may Nam Định,Tổng Công ty Cổ phần Dệt may Nam Định,UPX,3700
NDP,UPCOM,STOCK,Dược phẩm 2/9,Công ty Cổ phần Dược phẩm 2/9,UPX,4500
NDN,HNX,STOCK,PT Nhà Đà Nẵng,Công ty Cổ phần Đầu tư Phát triển Nhà Đà Nẵng,STX,8600
NDF,UPCOM,STOCK,Nông sản XK Nam Định,Công ty Cổ phần Chế biến thực phẩm nông sản xuất khẩu Nam Định,UPX,3500
NDC,UPCOM,STOCK,Dược phẩm Nam Dược,Công ty Cổ phần Nam Dược,UPX,4500
ND2,UPCOM,STOCK,Đầu tư và PT điện Miền Bắc 2,Công ty Cổ phần Đầu tư và Phát triển điện Miền Bắc 2,UPX,7500
NCT,HSX,STOCK,DV Hàng hóa Nội Bài,Công ty Cổ phần Dịch vụ Hàng hóa Nội Bài,STO,2700
NCS,UPCOM,STOCK,Suất ăn Hàng không Nội Bài,Công ty Cổ phần Suất ăn Hàng không Nội Bài,UPX,3500
NCG,UPCOM,STOCK,Nova Consumer,Công ty Cổ phần Tập đoàn Nova Consumer,UPX,3500
NBW,HNX,STOCK,Cấp nước Nhà Bè,Công ty Cổ phần Cấp nước Nhà Bè,STX,7500
NBT,UPCOM,STOCK,Cấp thoát nước Bến Tre,Công ty Cổ phần Cấp thoát nước Bến Tre,UPX,7500
NBP,HNX,STOCK,Nhiệt điện Ninh Bình,Công ty Cổ phần Nhiệt Điện Ninh Bình,STX,7500
NBE,UPCOM,STOCK,Sách và Thiết bị GD Miền Bắc,Công ty Cổ phần Sách và Thiết bị Giáo dục Miền Bắc,UPX,5500
NBC,HNX,STOCK,Than Núi Béo,Công ty Cổ phần Than Núi Béo - Vinacomin,STX,1700
NBB,HSX,STOCK,577 CORP,Công ty Cổ phần Đầu tư Năm Bảy Bảy,STO,8600
NAW,UPCOM,STOCK,Cấp nước Nghệ An,Công ty Cổ phần Cấp nước Nghệ An,UPX,7500
NAV,HSX,STOCK,Tấm lợp và gỗ Nam Việt,Công ty Cổ phần Nam Việt,STO,2300
NAU,UPCOM,STOCK,Công trình Đô thị Nghệ An,Công ty Cổ phần Môi trường và Công trình Đô thị Nghệ An,UPX,2700
NAS,UPCOM,STOCK,DV Hàng không SB Việt Nam,Công ty Cổ phần Dịch vụ Hàng không Sân bay Việt Nam,UPX,2700
NAP,HNX,STOCK,Cảng Nghệ Tĩnh,Công ty Cổ phần Cảng Nghệ Tĩnh,STX,2700
NAG,HNX,STOCK,Tập đoàn Nagakawa,Công ty Cổ phần Tập đoàn Nagakawa,STX,2700
NAF,HSX,STOCK,Nafoods Group,Công ty Cổ phần Nafoods Group,STO,3500
NAC,UPCOM,STOCK,Tư vấn xây dựng Tổng hợp,Công ty Cổ phần Tư vấn Xây dựng Tổng hợp,UPX,2300
NAB,HSX,STOCK,Ngân hàng Nam Á,Ngân hàng Thương mại Cổ phần Nam Á,STO,8300
MZG,UPCOM,STOCK,Miza Corp,Công ty Cổ Phần Miza,UPX,1700
MXC,DELISTED,STOCK,,,,
MWG,HSX,STOCK,Thế giới di động,Công ty Cổ phần Đầu tư Thế Giới Di Động,STO,5300
MVN,UPCOM,STOCK,TCT Hàng hải Việt Nam,Tổng Công ty Hàng hải Việt Nam - CTCP,UPX,2700
MVC,UPCOM,STOCK,VL và XD Bình Dương,Công ty Cổ phần Vật liệu và Xây dựng Bình Dương,UPX,2300
MVB,HNX,STOCK,Mỏ Việt Bắc - TKV,Tổng Công ty Công nghiệp mỏ Việt Bắc TKV - Công ty Cổ phần,STX,1700
MTX,DELISTED,STOCK,Công Trình Đô Thị Gò Công,Công ty Cổ phần Công trình Đô thị Gò Công,UPX,2700
MTV,UPCOM,STOCK,Công trình đô thị Vũng Tàu,Công ty Cổ phần Dịch vụ Môi trường và Công trình Đô thị Vũng Tàu,UPX,2700
MTS,UPCOM,STOCK,Vật tư - TKV,Công ty Cổ phần Vật tư - TKV,UPX,2700
MTP,UPCOM,STOCK,Dược Medipharco,Công ty Cổ phần Dược Medipharco,UPX,4500
MTL,UPCOM,STOCK,Môi trường Đô thị Từ Liêm,Công ty Cổ phần Dịch vụ Môi trường Đô thị Từ Liêm,UPX,2700
MTH,UPCOM,STOCK,Môi trường Đô thị Hà Đông,Công ty Cổ phần Môi trường Đô thị Hà Đông,UPX,2700
MTG,UPCOM,STOCK,MTGAS,Công ty Cổ phần MT Gas,UPX,7500
MTC,DELISTED,STOCK,Dịch Vụ Du Lịch Mỹ Trà,Công ty Cổ phần Dịch vụ Du lịch Mỹ Trà,UPX,5700
MTB,UPCOM,STOCK,Công trình đô thị tỉnh Thái Bình,Công ty Cổ phần Môi trường và Công trình đô thị tỉnh Thái Bình,UPX,2700
MTA,UPCOM,STOCK,Khoáng sản và TM Hà Tĩnh,Tổng Công ty Khoáng sản và Thương mại Hà Tĩnh - Công ty Cổ phần,UPX,1700
MST,HNX,STOCK,Đầu tư MST,Công ty Cổ phần Đầu tư MST,STX,2300
MSR11808,DELISTED,BOND,MSR11808 - Trái phiếu,MSR11808 - Trái phiếu,,
MSR,UPCOM,STOCK,Masan High-Tech Materials,Công ty Cổ phần Masan High-Tech Materials,UPX,1700
MSN123014,BOND,BOND,Trai phieu Masan,Trai phieu Masan,HCX,
MSN123010,BOND,BOND,Trai phieu CTCP tap doan Masan,Trai phieu CTCP tap doan Masan,HCX,
MSN123009,BOND,BOND,Trai phieu CTCP Tap doan Masan,Trai phieu CTCP Tap doan Masan,HCX,
MSN123008,BOND,BOND,Trai phieu CTCP Tap doan Masan,Trai phieu CTCP Tap doan Masan,HCX,
MSN121015,DELISTED,BOND,MSN121015 - Trái phiếu,MSN121015 - Trái phiếu,,
MSN121014,DELISTED,BOND,MSN121014 - Trái phiếu,MSN121014 - Trái phiếu,,
MSN121013,DELISTED,BOND,MSN121013 - Trái phiếu,MSN121013 - Trái phiếu,,
MSN12005,DELISTED,BOND,MSN12005 - Trái phiếu,MSN12005 - Trái phiếu,,
MSN12003,DELISTED,BOND,MSN12003 - Trái phiếu,MSN12003 - Trái phiếu,,
MSN12002,DELISTED,BOND,MSN12002 - Trái phiếu,MSN12002 - Trái phiếu,,
MSN120012,DELISTED,BOND,MSN120012 - Trái phiếu,MSN120012 - Trái phiếu,,
MSN120011,DELISTED,BOND,MSN120011 - Trái phiếu,MSN120011 - Trái phiếu,,
MSN120010,DELISTED,BOND,MSN120010 - Trái phiếu,MSN120010 - Trái phiếu,,
MSN12001,DELISTED,BOND,MSN12001 - Trái phiếu,MSN12001 - Trái phiếu,,
MSN120009,DELISTED,BOND,MSN120009 - Trái phiếu,MSN120009 - Trái phiếu,,
MSN120008,DELISTED,BOND,MSN120008 - Trái phiếu,MSN120008 - Trái phiếu,,
MSN120007,DELISTED,BOND,MSN120007 - Trái phiếu,MSN120007 - Trái phiếu,,
MSN,HSX,STOCK,Tập đoàn Masan,Công ty Cổ phần Tập đoàn Masan,STO,3500
MSH,HSX,STOCK,May Sông Hồng,Công ty Cổ phần May Sông Hồng,STO,3700
MSB,HSX,STOCK,MSB Bank,Ngân hàng Thương mại Cổ phần Hàng Hải Việt Nam,STO,8300
MRF,UPCOM,STOCK,Cao su y tế MERUFA,Công ty Cổ phần MERUFA,UPX,4500
MQN,UPCOM,STOCK,Môi trường đô thị Quảng Ngãi,Công ty Cổ phần Môi trường đô thị Quảng Ngãi,UPX,2700
MQB,UPCOM,STOCK,Môi trường và PT đô thị Quảng Bình,Công ty Cổ phần Môi trường và Phát triển đô thị Quảng Bình,UPX,2700
MPY,UPCOM,STOCK,Môi trường đô thị Phú Yên,Công ty Cổ phần Môi trường đô thị Phú Yên,UPX,2700
MPT,UPCOM,STOCK,Tập đoàn MPT,Công ty Cổ phần Tập đoàn MPT,UPX,3700
MPC,UPCOM,STOCK,Thủy sản Minh Phú,Công ty Cổ phần Tập đoàn Thủy sản Minh Phú,UPX,3500
MND,UPCOM,STOCK,Môi trường Nam Định,Công ty Cổ phần Môi trường Nam Định,UPX,2700
MNB,UPCOM,STOCK,May Nhà Bè,Tổng Công ty May Nhà Bè - Công ty Cổ phần,UPX,3700
MML121021,BOND,BOND,Trai phieu CTCP Masan Meatlife,Trai phieu CTCP Masan Meatlife,HCX,
MML,UPCOM,STOCK,Masan MEATLife,Công ty Cổ phần Masan MEATLife,UPX,3500
MLS,UPCOM,STOCK,Chăn nuôi Mitraco,Công ty Cổ phần Chăn nuôi - Mitraco,UPX,3500
MLC,UPCOM,STOCK,Môi trường Đô thị Tỉnh Lào Cai,Công ty Cổ phần Môi trường Đô thị Tỉnh Lào Cai,UPX,2700
MKV,HNX,STOCK,Dược Thú Y Cai Lậy,Công ty Cổ phần Dược Thú Y Cai Lậy,STX,4500
MKP,UPCOM,STOCK,Dược phẩm Mekophar,Công ty Cổ phần Hóa - Dược phẩm Mekophar,UPX,4500
MIM,DELISTED,STOCK,Khoáng sản và Cơ khí,Công ty Cổ phần Khoáng sản và Cơ khí,UPX,1700
MIG,HSX,STOCK,Bảo hiểm Quân đội,Tổng Công ty Cổ phần Bảo hiểm Quân đội,STO,8500
MIE,UPCOM,STOCK,Máy và Thiết bị Công nghiệp,Tổng Công ty Máy và Thiết bị Công nghiệp - CTCP,UPX,2700
MIC,HNX,STOCK,Khoáng sản Quảng Nam,Công ty Cổ phần Kỹ nghệ Khoáng sản Quảng Nam,STX,1700
MHL,UPCOM,STOCK,Minh Hữu Liên,Công ty Cổ phần Minh Hữu Liên,UPX,1700
MHC,HSX,STOCK,CTCP MHC,Công ty Cổ phần MHC,STO,2700
MH3,UPCOM,STOCK,KCN Cao su Bình Long,Công ty Cổ phần Khu công nghiệp Cao su Bình Long,UPX,8600
MGR,UPCOM,STOCK,Tập đoàn MGROUP,Công ty cổ phần Tập đoàn MGROUP,UPX,8600
MGG,UPCOM,STOCK,May Đức Giang,Tổng Công ty Đức Giang - Công ty Cổ phần,UPX,3700
MGC,UPCOM,STOCK,Địa chất mỏ - TKV,Công ty Cổ phần Địa chất mỏ - TKV,UPX,1700
MFS,UPCOM,STOCK,Mobifone Service,Công ty Cổ phần Dịch vụ kỹ thuật Mobifone,UPX,6500
MES,UPCOM,STOCK,Cơ điện Công trình,Công ty Cổ phần Cơ điện Công trình,UPX,2300
MEL,HNX,STOCK,Thép Mê Lin,Công ty Cổ phần Thép Mê Lin,STX,1700
MEG,DELISTED,STOCK,Công ty Megram,Công ty Cổ phần Megram,,3700
MEF,UPCOM,STOCK,MEINFA,Công ty Cổ phần MEINFA,UPX,4500
MED,HNX,STOCK,Dược Mediplantex,Công ty Cổ phần Dược Trung ương Mediplantex,STX,4500
MEC,UPCOM,STOCK,Lắp máy Sông Đà,Công ty Cổ phần Cơ khí - Lắp máy Sông Đà,UPX,2300
MDG,HSX,STOCK,Xây dựng Miền Đông,Công ty Cổ phần Miền Đông,STO,2300
MDF,UPCOM,STOCK,Gỗ MDF VRG - Quảng Trị,Công ty Cổ phần Gỗ MDF VRG - Quảng Trị,UPX,1700
MDC,HNX,STOCK,Than Mông Dương,Công ty Cổ phần Than Mông Dương - Vinacomin,STX,1700
MDA,UPCOM,STOCK,Môi trường Đô thị Đông Anh,Công ty Cổ phần Môi trường Đô thị Đông Anh,UPX,2700
MCP,HSX,STOCK,In và Bao bì Mỹ Châu,Công ty Cổ phần In và Bao bì Mỹ Châu,STO,2700
MCO,HNX,STOCK,BDC Việt Nam,Công ty Cổ phần Đầu tư và Xây dựng BDC Việt Nam,STX,2300
MCM,HSX,STOCK,Giống bò sữa Mộc Châu,Công ty Cổ phần Giống bò sữa Mộc Châu,STO,3500
MCI,DELISTED,STOCK,Đầu tư Xây dựng và Phát triển Vật liệu IDICO,Công ty Cổ phần Đầu tư Xây dựng và Phát triển Vật liệu IDICO,,2300
MCH,HSX,STOCK,Hàng Tiêu Dùng MaSan,Công ty Cổ phần Hàng Tiêu Dùng MaSan,STO,3500
MCG,UPCOM,STOCK,Năng lượng và Bất động sản MCG,Công ty Cổ phần Năng lượng và Bất động sản MCG,UPX,2300
MCF,HNX,STOCK,Cơ khí và Lương thực Thực phẩm,Công ty Cổ phần Xây lắp Cơ khí và Lương thực Thực phẩm,STX,3500
MCD,DELISTED,STOCK,Môi trường và Đô thị Đông Hà,Công ty Cổ phần Môi trường và Công trình Đô thị Đông Hà,,2700
MCC,HNX,STOCK,Gạch ngói cao cấp,Công ty Cổ phần Gạch ngói cao cấp,STX,2300
MC3,DELISTED,STOCK,Khoáng sản 3 - Vimico,Công ty Cổ phần Khoáng sản 3 - Vimico,,1700
MBT,UPCOM,STOCK,BĐS cho thuê Minh Bảo Tín,Công ty Cổ phần Bất động sản cho thuê Minh Bảo Tín,UPX,8600
MBS,HNX,STOCK,Chứng khoán MB,Công ty Cổ phần Chứng khoán MB,STX,8700
MBN,UPCOM,STOCK,Môi trường và Công trình ĐT Bắc Ninh,Công ty Cổ phần Môi trường và Công trình đô thị Bắc Ninh,UPX,2700
MBG,HNX,STOCK,Tập đoàn MBG,Công ty Cổ phần Tập đoàn MBG,STX,2300
MBB125008,DELISTED,BOND,Trái phiếu Ngân hàng TMCP Quân Đội (MBBH2430003),Trái phiếu Ngân hàng TMCP Quân Đội (MBBH2430003),HCX,
MBB124022,DELISTED,BOND,Trái phiếu Ngân hàng TMCP Quân Đội,Trái phiếu Ngân hàng TMCP Quân Đội,HCX,
MBB124017,DELISTED,BOND,Trai phieu NHTMCP Quan Doi,Trai phieu NHTMCP Quan Doi,HCX,
MBB,HSX,STOCK,MBBank,Ngân hàng Thương mại Cổ phần Quân đội,STO,8300
MAS,HNX,STOCK,Sân bay Đà Nẵng,Công ty cổ phần Dịch vụ Hàng Không Sân Bay Đà Nẵng,STX,5700
MAC,HNX,STOCK,Tập đoàn Macstar,Công ty Cổ phần Tập đoàn Macstar,STX,2700
MA1,UPCOM,STOCK,MACHINCO1,Công ty Cổ phần Thiết bị,UPX,8600
M10,UPCOM,STOCK,Tổng công ty May 10,Tổng công ty May 10 - Công ty Cổ phần,UPX,3700
LYF,DELISTED,STOCK,Công ty Lương Thực Lương Yên,Công ty Cổ phần Lương Thực Lương Yên,,3500
LWS,DELISTED,STOCK,Cấp nước Lào Cai,Công ty Cổ phần Cấp nước Tỉnh Lào Cai,,7500
LUT,UPCOM,STOCK,Đầu tư Xây dựng Lương Tài,Công ty Cổ phần Đầu tư Xây dựng Lương Tài,UPX,2300
LTG,UPCOM,STOCK,Tập đoàn Lộc Trời (BVTV An Giang),Công ty Cổ phần Tập đoàn Lộc Trời,UPX,3500
LTC,UPCOM,STOCK,Điện nhẹ Viễn thông,Công ty Cổ phần Điện nhẹ Viễn Thông,UPX,9500
LSS,HSX,STOCK,Mía đường Lam Sơn,Công ty Cổ phần Mía đường Lam Sơn,STO,3500
LSG,UPCOM,STOCK,BĐS Sài Gòn Vina,Công ty Cổ phần Bất động sản Sài Gòn Vi na,UPX,8600
LQN,UPCOM,STOCK,Licogi Quảng Ngãi,Công ty Cổ phần Licogi Quảng Ngãi,UPX,2300
LPT,UPCOM,STOCK,TM và SX Lập Phương Thành,Công ty Cổ phần Thương mại và Sản xuất Lập Phương Thành,UPX,2700
LPB125028,BOND,BOND,Trái phiếu phát hành ra công chúng LPBank năm 2024 (LPB10Y202404),Trái phiếu phát hành ra công chúng LPBank năm 2024 (LPB10Y202404),HCX,
LPB125027,BOND,BOND,Trái phiếu phát hành ra công chúng LPBank năm 2024 (LPB7Y202403),Trái phiếu phát hành ra công chúng LPBank năm 2024 (LPB7Y202403),HCX,
LPB125007,BOND,BOND,Trai phieu LPBank 2024 LPB10Y202402,Trai phieu LPBank 2024 LPB10Y202402,HCX,
LPB125006,BOND,BOND,Trai phieu LPBank 2024 LPB7Y202401,Trai phieu LPBank 2024 LPB7Y202401,HCX,
LPB123016,BOND,BOND,Trai phieu NHTMCP Buu Dien Lien Viet,Trai phieu NHTMCP Buu Dien Lien Viet,HCX,
LPB123015,DELISTED,BOND,LPB123015 - Trái phiếu,LPB123015 - Trái phiếu,HCX,
LPB123009,BOND,BOND,Trái phiếu Ngân hàng TMCP Bưu Điện Liên Việt,Trái phiếu Ngân hàng TMCP Bưu Điện Liên Việt,HCX,
LPB123008,DELISTED,BOND,Trái phiếu Ngân hàng TMCP Bưu Điện Liên Việt 2022,Trái phiếu Ngân hàng TMCP Bưu Điện Liên Việt 2022,HCX,
LPB122013,BOND,BOND,Trai Phieu NHTMCP Lien viet 2022,Trai Phieu NHTMCP Lien viet 2022,HCX,
LPB122012,DELISTED,BOND,LPB122012 - Trái phiếu,LPB122012 - Trái phiếu,,
LPB122011,BOND,BOND,Trai phieu NHTMCP Buu dien Lien viet,Trai phieu NHTMCP Buu dien Lien viet,HCX,
LPB122010,DELISTED,BOND,LPB122010 - Trái phiếu,LPB122010 - Trái phiếu,,
LPB121036,BOND,BOND,Trai phieu Ngan hang TMCP Buu dien Lien Viet,Trai phieu Ngan hang TMCP Buu dien Lien Viet,HCX,
LPB121035,DELISTED,BOND,LPB121035 - Trái phiếu,LPB121035 - Trái phiếu,,
LPB,HSX,STOCK,LPBank,Ngân hàng Thương mại Cổ phần Lộc Phát Việt Nam,STO,8300
LO5,UPCOM,STOCK,LILAMA 5,Công ty Cổ phần Lilama 5,UPX,2700
LNC,UPCOM,STOCK,Lệ Ninh - Quảng Bình,Công ty Cổ phần Lệ Ninh,UPX,1300
LMI,UPCOM,STOCK,Lắp máy IDICO,Công ty Cổ phần Đầu tư Xây dựng Lắp máy IDICO,UPX,2700
LMH,UPCOM,STOCK,CTCP Quốc Tế Holding,Công ty Cổ phần Quốc Tế Holding,UPX,8600
LMC,UPCOM,STOCK,Khoáng sản LATCA,Công ty Cổ phần Long Beach LMC,UPX,1700
LM8,HSX,STOCK,LILAMA 18,Công ty Cổ phần Lilama 18,STO,2300
LM7,UPCOM,STOCK,LILAMA 7,Công ty Cổ phần Lilama 7,UPX,2700
LM3,UPCOM,STOCK,Lilama 3,Công ty Cổ phần Lilama 3,UPX,2300
LLM,UPCOM,STOCK,LILAMA,Tổng Công ty lắp máy Việt Nam - Công ty Cổ phần,UPX,2700
LKW,UPCOM,STOCK,Cấp nước Long Khánh,Công ty Cổ phần Cấp nước Long Khánh,UPX,7500
LIX,HSX,STOCK,Bột Giặt LIX,Công ty Cổ phần Bột Giặt LIX,STO,3700
LIG,HNX,STOCK,Licogi 13,Công ty Cổ phần Licogi 13,STX,2300
LIC,UPCOM,STOCK,LICOGI,Tổng Công ty LICOGI - Công ty Cổ phần,UPX,2300
LHG,HSX,STOCK,KCN Long Hậu,Công ty Cổ phần Long Hậu,STO,8600
LHC,HNX,STOCK,XD Thủy lợi Lâm Đồng,Công ty Cổ phần Đầu tư và Xây dựng Thủy lợi Lâm Đồng,STX,2300
LGM,DELISTED,STOCK,Giày da và may mặc XK (Legamex),Công ty Cổ phần Giày da và May mặc Xuất khẩu (Legamex),UPX,3700
LGL,HSX,STOCK,Long Giang Land,Công ty Cổ phần Đầu tư và Phát triển Đô thị Long Giang,STO,8600
LGC,HSX,STOCK,Đầu tư Cầu đường CII,Công ty Cổ phần Đầu tư Cầu đường CII,STO,2300
LG9,UPCOM,STOCK,Cơ giới và XL số 9 (Licogi 9),Công ty Cổ phần Cơ giới và Xây lắp số 9,UPX,2300
LEC,UPCOM,STOCK,BĐS Điện lực Miền Trung,Công ty Cổ phần Bất động sản Điện lực Miền Trung,UPX,8600
LDW,UPCOM,STOCK,Cấp thoát nước Lâm Đồng,Công ty Cổ phần Cấp thoát nước Lâm Đồng,UPX,7500
LDP,HNX,STOCK,Dược Lâm Đồng - Ladophar,Công ty Cổ phần Dược Lâm Đồng - Ladophar,STX,4500
LDG,HSX,STOCK,Đầu tư LDG,Công ty Cổ phần Đầu tư LDG,STO,8600
LCW,DELISTED,STOCK,Nước sạch Lai Châu,Công ty Cổ phần Nước sạch Lai Châu,,7500
LCS,DELISTED,STOCK,Licogi 16.6,Công ty Cổ phần Licogi 16.6,UPX,2300
LCM,UPCOM,STOCK,Khoáng sản Lào Cai,Công ty Cổ phần Khai thác và Chế biến Khoáng sản Lào Cai,UPX,1700
LCG,HSX,STOCK,LIZEN,Công ty Cổ phần Lizen,STO,2300
LCD,HNX,STOCK,Thí nghiệm cơ điện,Công ty Cổ phần Lắp máy - Thí nghiệm cơ điện,STX,2300
LCC,UPCOM,STOCK,Xi măng Hồng Phong,Công ty Cổ phần Xi măng Hồng Phong,UPX,2300
LBM,HSX,STOCK,Khoáng sản Lâm Đồng,Công ty Cổ phần Khoáng sản và Vật liệu xây dựng Lâm Đồng,STO,2300
LBE,HNX,STOCK,Thương mại và Dịch vụ LVA,Công ty Cổ phần Thương mại và Dịch vụ LVA,STX,3700
LBC,DELISTED,STOCK,Thương mại - Đầu tư Long Biên,Công ty Cổ phần Thương mại - Đầu tư Long Biên,,5300
LAW,UPCOM,STOCK,Cấp thoát nước Long An,Công ty Cổ phần Cấp thoát nước Long An,UPX,7500
LAS,HNX,STOCK,Hóa chất Lâm Thao,Công ty Cổ phần Supe Phốt phát và Hóa chất Lâm Thao,STX,1300
LAI,UPCOM,STOCK,XD Long An IDICO,Công ty Cổ phần Đầu tư Xây dựng Long An IDICO,UPX,2300
LAF,HSX,STOCK,Chế biến Hàng XK Long An,Công ty Cổ phần Chế biến Hàng Xuất khẩu Long An,STO,3500
L63,UPCOM,STOCK,Lilama 69-3,Công ty Cổ phần Lilama 69-3,UPX,2700
L62,UPCOM,STOCK,LILAMA 69.2,Công ty Cổ phần Lilama 69 - 2,UPX,2700
L61,UPCOM,STOCK,LILAMA 69-1,Công ty Cổ phần Lilama 69-1,UPX,2700
L45,UPCOM,STOCK,Lilama 45.1,Công ty Cổ phần Lilama 45.1,UPX,2300
L44,DELISTED,STOCK,LILAMA 45.4,Công ty Cổ phần Lilama 45.4,UPX,2700
L43,UPCOM,STOCK,LILAMA 45.3,Công ty Cổ phần Lilama 45.3,UPX,2300
L40,HNX,STOCK,Đầu tư và Xây dựng 40,Công ty Cổ phần Đầu tư và Xây dựng 40,STX,2300
L35,UPCOM,STOCK,Cơ khí Lilama,Công ty Cổ phần Cơ khí Lắp máy Lilama,UPX,2700
L18,HNX,STOCK,LICOGI - 18,Công ty Cổ phần Đầu tư và Xây dựng số 18,STX,2300
L14,HNX,STOCK,Licogi 14,Công ty Cổ phần Licogi 14,STX,2300
L12,UPCOM,STOCK,LICOGI 12,Công ty Cổ phần Licogi 12,UPX,2300
L10,HSX,STOCK,LILAMA 10,Công ty Cổ phần Lilama 10,STO,2700
KWA,DELISTED,STOCK,Cấp thoát nước Kiến Tường,Công ty Cổ phần Cấp thoát nước và Môi trường Kiến Tường,UPX,7500
KVC,UPCOM,STOCK,XNK Inox Kim Vĩ,Công ty Cổ phần Sản xuất Xuất nhập khẩu Inox Kim Vĩ,UPX,1700
KTW,DELISTED,STOCK,Cấp nước Kon Tum,Công ty Cổ phần Cấp nước Kon Tum,,7500
KTT,UPCOM,STOCK,Tập đoàn Đầu tư KTT,Công ty Cổ phần Tập đoàn Đầu tư KTT,UPX,2300
KTS,HNX,STOCK,Đường Kon Tum,Công ty Cổ phần Đường Kon Tum,STX,3500
KTL,UPCOM,STOCK,Kim khí Thăng Long,Công ty Cổ phần Kim khí Thăng Long,UPX,1700
KTC,UPCOM,STOCK,Thương mại Kiên Giang,Công ty Cổ phần Thương mại Kiên Giang,UPX,3500
KSV,HNX,STOCK,Khoáng sản TKV,Tổng Công ty Khoáng sản TKV - Công ty Cổ phần,STX,1700
KST,HNX,STOCK,KASATI,Công ty Cổ phần KASATI,STX,9500
KSS,DELISTED,STOCK,,,STO,1700
KSQ,UPCOM,STOCK,CNC Capital Việt Nam,Công ty Cổ phần CNC Capital Việt Nam,UPX,2300
KSH,DELISTED,STOCK,Damac GLS,Công ty Cổ phần Damac GLS,UPX,3500
KSF,HNX,STOCK,Tập đoàn Sunshine,Công ty Cổ phần Tập đoàn Sunshine,STX,8600
KSD,HNX,STOCK,Đầu tư DNA,Công ty Cổ phần Đầu tư DNA,STX,3700
KSB,HSX,STOCK,Khoáng sản Bình Dương,Công ty Cổ phần Khoáng sản và Xây dựng Bình Dương,STO,2300
KPF,UPCOM,STOCK,Đầu tư Tài sản KOJI,Công ty Cổ phần Đầu tư Tài sản KOJI,UPX,2300
KOS,HSX,STOCK,Công ty KOSY,Công ty Cổ phần KOSY,STO,8600
KMT,HNX,STOCK,Kim khí Miền Trung,Công ty Cổ phần Kim khí Miền Trung,STX,1700
KMR,HSX,STOCK,MIRAE,Công ty Cổ phần Mirae,STO,3700
KLM,DELISTED,STOCK,Kim loại màu Nghệ Tĩnh,Công ty Cổ phần Kim loại màu Nghệ Tĩnh,,1700
KLF,DELISTED,STOCK,KLF Global,Công ty Cổ phần Đầu tư Thương mại và Xuất nhập khẩu CFS,UPX,5700
KLB125031,BOND,BOND,Trái phiếu Ngân hàng TMCP Kiên Long phát hành ra công chúng (KLB7Y202501),Trái phiếu Ngân hàng TMCP Kiên Long phát hành ra công chúng (KLB7Y202501),HCX,
KLB125016,BOND,BOND,Trái phiếu Ngân hàng TMCP Kiên Long phát hành ra công chúng (KLB7Y202403),Trái phiếu Ngân hàng TMCP Kiên Long phát hành ra công chúng (KLB7Y202403),HCX,
KLB125015,BOND,BOND,Trái phiếu Ngân hàng TMCP Kiên Long phát hành ra công chúng (KLB7Y202402),Trái phiếu Ngân hàng TMCP Kiên Long phát hành ra công chúng (KLB7Y202402),HCX,
KLB124009,BOND,BOND,Trái phiếu Ngân hàng TMCP Kiên Long phát hành ra công chúng (KLB7Y202401),Trái phiếu Ngân hàng TMCP Kiên Long phát hành ra công chúng (KLB7Y202401),HCX,
KLB,HSX,STOCK,KienlongBank,Ngân hàng Thương mại Cổ phần Kiên Long,STO,8300
KKC,HNX,STOCK,Tập đoàn Thành Thái,Công ty Cổ phần Tập đoàn Thành Thái,STX,1700
KIP,UPCOM,STOCK,K.I.P Việt Nam,Công ty Cổ phần K.I.P Việt Nam,UPX,2700
KHX,UPCOM,STOCK,Fahasa Khanh Hoa,Công ty Cổ phần Phát hành sách Khánh Hoà,UPX,5500
KHW,UPCOM,STOCK,Cấp thoát nước Khánh Hòa,Công ty Cổ phần Cấp thoát nước Khánh Hòa,UPX,7500
KHS,HNX,STOCK,Thủy sản Kiên Hùng,Công ty Cổ phần Kiên Hùng,STX,3500
KHP,HSX,STOCK,Điện lực Khánh Hòa,Công ty Cổ phần Điện lực Khánh Hòa,STO,7500
KHL,DELISTED,STOCK,VLXD Hưng Long,Công ty Cổ phần Khoáng sản và Vật liệu Xây dựng Hưng Long,UPX,2300
KHG,HSX,STOCK,Tập đoàn Khải Hoàn Land,Công ty Cổ phần Tập đoàn Khải Hoàn Land,STO,8600
KHD,UPCOM,STOCK,Khoáng sản Hải Dương,"Công ty Cổ phần Khai thác, Chế biến Khoáng sản Hải Dương",UPX,1700
KHB,DELISTED,STOCK,Khoáng sản Hòa Bình,Công ty Cổ phần Khoáng sản Hòa Bình,,1700
KHA,DELISTED,STOCK,Đầu tư và DV Khánh Hội,Công ty Cổ phần Đầu tư và Dịch vụ Khánh Hội,,8600
KGM,UPCOM,STOCK,XNK Kiên Giang,Công ty Cổ phần Xuất nhập khẩu Kiên Giang,UPX,5300
KDM,HNX,STOCK,Tập đoàn GCL,Công ty Cổ phần Tập đoàn GCL,STX,2300
KDH,HSX,STOCK,Nhà Khang Điền,Công ty Cổ phần Đầu tư và Kinh doanh nhà Khang Điền,STO,8600
KDC,HSX,STOCK,Tập đoàn KIDO,Công ty Cổ phần Tập đoàn KIDO,STO,3500
KCE,DELISTED,STOCK,Bê tông Ly tâm ĐL Khánh Hòa,Công ty Cổ phần Bê tông Ly tâm Điện lực Khánh Hòa,UPX,2300
KCB,UPCOM,STOCK,Khoáng Sản Luyện Kim Cao Bằng,Công ty Cổ phần Khoáng Sản và Luyện Kim Cao Bằng,UPX,1700
KBC121020,DELISTED,BOND,KBC121020 - Trái phiếu,KBC121020 - Trái phiếu,,
KBC,HSX,STOCK,TCT Đô thị Kinh Bắc,Tổng Công ty Phát triển Đô thị Kinh Bắc - CTCP,STO,8600
KAC,DELISTED,STOCK,Địa ốc Khang An,Công ty Cổ phần Đầu tư Địa ốc Khang An,UPX,8600
JVC,HSX,STOCK,Đầu tư Y tế - Dược phẩm Việt Nam,Công ty Cổ phần Đầu tư Y tế - Dược phẩm Việt Nam,STO,4500
JOS,UPCOM,STOCK,Thủy sản Minh Hải,Công ty Cổ phần Chế biến Thủy sản Xuất khẩu Minh Hải,UPX,3500
IVS,HNX,STOCK,Chứng khoán Guotai Junan (Việt Nam),Công ty Cổ phần Chứng khoán Guotai Junan (Việt Nam),STX,8700
ITS,UPCOM,STOCK,Thương mại và DV - Vinacomin,"Công ty Cổ phần Đầu tư, Thương mại và Dịch vụ - Vinacomin",UPX,2700
ITQ,HNX,STOCK,Tập đoàn Thiên Quang,Công ty Cổ phần Tập đoàn Thiên Quang,STX,1700
ITD,HSX,STOCK,Công nghệ ITD,Công ty Cổ phần Công nghệ ITD,STO,9500
ITC,HSX,STOCK,Đầu tư kinh doanh Nhà,Công ty Cổ phần Đầu tư - Kinh doanh nhà,STO,8600
ITA,UPCOM,STOCK,Đầu tư CN Tân Tạo,Công ty Cổ phần Đầu tư và Công nghiệp Tân Tạo,UPX,8600
IST,UPCOM,STOCK,ICD Tân Cảng Sóng Thần,Công ty Cổ phần ICD Tân Cảng Sóng Thần,UPX,2700
ISH,UPCOM,STOCK,Thủy điện Srok Phu Miêng,Công ty Cổ phần Thủy điện Srok Phu Miêng IDICO,UPX,7500
ISG,UPCOM,STOCK,Vận tải biển và Hợp tác LĐ Quốc Tế,Công ty Cổ phần Vận tải biển và Hợp tác lao động Quốc Tế,UPX,2700
IRC,UPCOM,STOCK,Cao su Công nghiệp,Công ty Cổ phần Cao su Công nghiệp,UPX,1300
IPH,DELISTED,STOCK,,,,
IPA,HNX,STOCK,Tập đoàn Đầu tư I.P.A,Công ty Cổ phần Tập đoàn Đầu tư I.P.A,STX,2700
INN,HNX,STOCK,Bao bì và In Nông Nghiệp,Công ty Cổ phần Bao bì và In Nông nghiệp,STX,2700
ING,DELISTED,STOCK,Đầu Tư Và Pt Xây Dựng,Công ty Cổ phần Đầu Tư Và Phát Triển Xây Dựng,UPX,2300
INC,HNX,STOCK,Tư vấn Đầu tư IDICO,Công ty Cổ phần Tư vấn Đầu tư IDICO,STX,2300
IN4,UPCOM,STOCK,In số 4,Công ty Cổ phần In số 4,UPX,5500
IMP,HSX,STOCK,IMEXPHARM,Công ty Cổ phần Dược phẩm IMEXPHARM,STO,4500
IME,UPCOM,STOCK,Xây lắp Công nghiệp,Công ty Cổ phần Cơ khí và Xây lắp Công nghiệp,UPX,2700
ILS,UPCOM,STOCK,TM và Dịch vụ Quốc tế,Công ty Cổ phần Đầu tư Thương mại và Dịch vụ Quốc tế,UPX,2700
ILC,UPCOM,STOCK,Hợp tác lao động với nước ngoài,Công ty Cổ phần Hợp tác lao động với nước ngoài,UPX,2700
ILB,HSX,STOCK,ICD Tân Cảng Long Bình,Công ty Cổ phần ICD Tân Cảng - Long Bình,STO,2700
ILA,UPCOM,STOCK,Công ty ILA,Công ty Cổ phần ILA,UPX,2300
IJC,HSX,STOCK,Becamex IJC,Công ty Cổ phần Phát triển Hạ tầng Kỹ thuật,STO,8600
IHK,UPCOM,STOCK,In Hàng Không,Công ty Cổ phần In Hàng Không,UPX,5500
IFS,UPCOM,STOCK,Thực phẩm Quốc tế,Công ty Cổ phần Thực phẩm Quốc tế,UPX,3500
IDV,HNX,STOCK,PT Hạ tầng Vĩnh Phúc,Công ty Cổ phần Phát triển Hạ tầng Vĩnh Phúc,STX,8600
IDP,UPCOM,STOCK,Sữa Quốc tế LOF,Công ty Cổ phần Sữa Quốc tế LOF,UPX,3500
IDJ,HNX,STOCK,Đầu tư IDJ Việt Nam,Công ty Cổ phần Đầu tư IDJ Việt Nam,STX,8600
IDI,HSX,STOCK,Đầu tư và PT Đa Quốc Gia I.D.I,Công ty Cổ phần Đầu tư và Phát triển Đa Quốc Gia I.D.I,STO,3500
IDC,HNX,STOCK,IDICO,Tổng Công ty IDICO - CTCP,STX,8600
ICT,HSX,STOCK,Viễn thông - Tin học Bưu điện,Công ty Cổ phần Viễn thông - Tin học Bưu điện,STO,9500
ICN,UPCOM,STOCK,XD Dầu Khí IDICO,Công ty Cổ phần Đầu tư Xây dựng Dầu khí IDICO,UPX,2300
ICI,UPCOM,STOCK,Đầu tư và XD Công nghiệp,Công ty Cổ phần Đầu tư và Xây dựng Công nghiệp,UPX,2300
ICG,HNX,STOCK,Xây dựng Sông Hồng,Công ty Cổ phần Xây dựng Sông Hồng,STX,2300
ICF,UPCOM,STOCK,ĐT TM Thủy sản,Công ty Cổ phần Đầu tư - Thương mại - Thuỷ sản,UPX,3500
ICC,UPCOM,STOCK,Xây dựng công nghiệp,Công ty Cổ phần Xây dựng Công nghiệp,UPX,2300
IBN,DELISTED,STOCK,In báo Nghệ An,Công ty Cổ phần In báo Nghệ An,,5500
IBD,UPCOM,STOCK,In Tổng hợp Bình Dương,Công ty Cổ phần In Tổng hợp Bình Dương,UPX,5500
IBC,DELISTED,STOCK,Đầu tư APAX Holdings,Công ty Cổ phần Đầu tư APAX Holdings,UPX,8700
HWS,UPCOM,STOCK,Cấp nước Huế,Công ty Cổ phần Cấp nước Huế,UPX,7500
HVX,UPCOM,STOCK,Xi măng Vicem Hải Vân,Công ty Cổ phần Xi măng Vicem Hải Vân,UPX,2300
HVT,HNX,STOCK,Hóa chất Việt trì,Công ty Cổ phần Hóa chất Việt Trì,STX,1300
HVN,HSX,STOCK,Vietnam Airlines,Tổng Công ty Hàng không Việt Nam - CTCP,STO,5700
HVH,HSX,STOCK,Đầu tư và Công nghệ HVC,Công ty Cổ phần Đầu tư và Công nghệ HVC,STO,2300
HVG,DELISTED,STOCK,Thủy sản Hùng Vương,Công ty Cổ phần Hùng Vương,UPX,3500
HVA,UPCOM,STOCK,Đầu tư HVA,Công ty Cổ phần Đầu tư HVA,UPX,8700
HUX,DELISTED,STOCK,,,,
HUT,HNX,STOCK,Tasco- CTCP,Công ty Cổ phần Tasco,STX,3300
HUG,UPCOM,STOCK,May Hưng Yên,Tổng công ty May Hưng Yên - Công ty Cổ phần,UPX,3700
HUB,HSX,STOCK,Xây lắp Huế,Công ty Cổ phần Xây lắp Thừa Thiên Huế,STO,2300
HU6,UPCOM,STOCK,PT Nhà và Đô thị HUD6,Công ty Cổ phần Đầu tư Phát triển Nhà và Đô thị HUD6,UPX,8600
HU4,UPCOM,STOCK,Đầu tư và Xây dựng HUD4,Công ty Cổ phần Đầu tư và Xây dựng HUD4,UPX,2300
HU3,UPCOM,STOCK,Xây dựng HUD3,Công ty Cổ phần Đầu tư và Xây dựng HUD3,UPX,2300
HU1,HSX,STOCK,Xây dựng HUD1,Công ty Cổ phần Đầu tư và Xây dựng HUD1,STO,2300
HTW,DELISTED,STOCK,Cấp nước Hà Tĩnh,Công ty Cổ phần Cấp nước Hà Tĩnh,,7500
HTV,HSX,STOCK,Logistics Vicem,Công ty Cổ phần Logistics Vicem,STO,2700
HTT,UPCOM,STOCK,Thương mại Hà Tây,Công ty Cổ phần Thương mại Hà Tây,UPX,5300
HTR,DELISTED,STOCK,Đường sắt Hà Thái,Công ty Cổ phần Đường sắt Hà Thái,,2700
HTP,UPCOM,STOCK,In SGK Hòa Phát,Công ty Cổ phần In Sách Giáo Khoa Hòa Phát,UPX,5500
HTN,HSX,STOCK,Hưng Thịnh Incons,Công ty Cổ phần Hưng Thịnh Incons,STO,8600
HTM,UPCOM,STOCK,Thương mại Hà Nội - Hapro,Tổng Công ty Thương mại Hà Nội – Công ty cổ phần,UPX,5300
HTL,HSX,STOCK,Ô tô Trường Long,Công ty Cổ phần Kỹ thuật và Ô tô Trường Long,STO,3300
HTK,DELISTED,STOCK,,,,2700
HTI,HSX,STOCK,PT Hạ tầng IDICO,Công ty Cổ phần Đầu tư Phát triển Hạ tầng IDICO,STO,2300
HTH,DELISTED,STOCK,Hoa tiêu Hàng hải - TKV,Công ty Cổ phần Hoa tiêu Hàng hải - TKV,,2700
HTG,HSX,STOCK,Dệt may Hòa Thọ,Tổng Công ty Cổ phần Dệt may Hòa Thọ,STO,3700
HTE,UPCOM,STOCK,Kinh doanh điện lực TP HCM,Công ty Cổ phần Đầu tư Kinh doanh Điện lực Thành phố Hồ Chí Minh,UPX,2700
HTC,HNX,STOCK,Thương mại Hóc Môn,Công ty Cổ phần Thương mại Hóc Môn,STX,7500
HT1,HSX,STOCK,VICEM Hà Tiên,Công ty Cổ phần Xi măng VICEM Hà Tiên,STO,2300
HSV,UPCOM,STOCK,Tập đoàn HSV Việt Nam,Công ty Cổ phần Tập đoàn HSV Việt Nam,UPX,1700
HSP,UPCOM,STOCK,Sơn Tổng hợp Hà Nội,Công ty Cổ phần Sơn Tổng hợp Hà Nội,UPX,2300
HSM,UPCOM,STOCK,HANOSIMEX,Tổng Công ty Cổ phần Dệt May Hà Nội,UPX,3700
HSL,HSX,STOCK,Thực phẩm Hồng Hà,Công ty Cổ phần Đầu tư Phát triển Thực phẩm Hồng Hà,STO,3500
HSI,UPCOM,STOCK,Phân bón Hóa sinh,Công ty Cổ phần Vật tư Tổng hợp và Phân bón Hóa sinh,UPX,1300
HSG,HSX,STOCK,Tập đoàn Hoa Sen,Công ty Cổ phần Tập đoàn Hoa Sen,STO,1700
HSA,UPCOM,STOCK,HESTIA,Công ty Cổ phần HESTIA,UPX,2700
HRT,DELISTED,STOCK,Vận tải đường sắt Hà Nội,Công ty Cổ phần Vận tải đường sắt Hà Nội,,5700
HRC,HSX,STOCK,Cao su Hòa Bình,Công ty Cổ phần Cao su Hòa Bình,STO,1300
HRB,UPCOM,STOCK,Harec Đầu tư và Thương Mại,Công ty Cổ phần Harec Đầu tư và Thương Mại,UPX,8600
HQC,HSX,STOCK,Địa ốc Hoàng Quân,Công ty Cổ phần Tư vấn - Thương mại - Dịch vụ Địa ốc Hoàng Quân,STO,8600
HPX,HSX,STOCK,Đầu tư Hải Phát,Công ty Cổ phần Đầu tư Hải Phát,STO,8600
HPW,UPCOM,STOCK,Cấp nước Hải Phòng,Công ty Cổ phần Cấp nước Hải Phòng,UPX,7500
HPT,UPCOM,STOCK,DV Công nghệ Tin học HPT,Công ty Cổ phần Dịch vụ Công nghệ Tin học HPT,UPX,9500
HPP,UPCOM,STOCK,Sơn Hải Phòng,Công ty Cổ phần Sơn Hải Phòng,UPX,2300
HPO,UPCOM,STOCK,Công nghiệp Hapulico,Công ty Cổ phần Công nghiệp Hapulico,UPX,2700
HPM,UPCOM,STOCK,Khoáng sản Hoàng Phúc,Công ty Cổ phần Xây dựng Thương mại và Khoáng sản Hoàng Phúc,UPX,1700
HPI,UPCOM,STOCK,Khu công nghiệp Hiệp Phước,Công ty Cổ phần Khu công nghiệp Hiệp Phước,UPX,8600
HPH,UPCOM,STOCK,Hóa Chất Hưng Phát Hà Bắc,Công ty Cổ phần Hóa Chất Hưng Phát Hà Bắc,UPX,1300
HPG,HSX,STOCK,Hòa Phát,Công ty Cổ phần Tập đoàn Hòa Phát,STO,1700
HPD,UPCOM,STOCK,Thủy điện Đăk Đoa,Công ty Cổ phần Thủy điện Đăk Đoa,UPX,7500
HPB,UPCOM,STOCK,Bao bì PP,Công ty Cổ phần Bao bì PP,UPX,2700
HPA,HSX,STOCK,Phát triển Nông nghiệp Hoà Phát,Công ty Cổ phần Phát triển Nông nghiệp Hoà Phát,STO,3500
HOT,UPCOM,STOCK,Du lịch - DV Hội An,Công ty Cổ phần Du lịch - Dịch vụ Hội An,UPX,5700
HOM,HNX,STOCK,Xi măng VICEM Hoàng Mai,Công ty Cổ phần Xi măng VICEM Hoàng Mai,STX,2300
HNT,DELISTED,STOCK,Xe điện Hà Nội,Công ty Cổ phần Xe điện Hà Nội,,5700
HNR,UPCOM,STOCK,Cồn Rượu và Nước Giải Khát Hà Nội,Công ty Cổ phần Rượu và Nước Giải Khát Hà Nội,UPX,3500
HNP,UPCOM,STOCK,Hanel Xốp Nhựa,Công ty Cổ phần Hanel Xốp Nhựa,UPX,1300
HNM,UPCOM,STOCK,HANOIMILK,Công ty Cổ phần Sữa Hà Nội,UPX,3500
HNI,UPCOM,STOCK,May Hữu Nghị,Công ty Cổ phần May Hữu Nghị,UPX,3700
HNG,UPCOM,STOCK,Nông nghiệp Quốc tế HAGL,Công ty Cổ phần Nông nghiệp Quốc tế Hoàng Anh Gia Lai,UPX,3500
HNF,UPCOM,STOCK,Bánh kẹo Hữu Nghị,Công ty Cổ phần Thực phẩm Hữu Nghị,UPX,3500
HNE,DELISTED,STOCK,,,,3700
HND,UPCOM,STOCK,Nhiệt điện Hải Phòng,Công ty Cổ phần Nhiệt điện Hải Phòng,UPX,7500
HNB,UPCOM,STOCK,Bến xe Hà Nội,Công ty Cổ phần Bến xe Hà Nội,UPX,2700
HNA,HSX,STOCK,Thủy điện Hủa Na,Công ty Cổ phần Thủy điện Hủa Na,STO,7500
HMS,UPCOM,STOCK,XD Bảo tàng Hồ Chí Minh,Công ty Cổ phần Xây dựng Bảo tàng Hồ Chí Minh,UPX,2300
HMR,HNX,STOCK,Đá Hoàng Mai,Công ty Cổ phần Đá Hoàng Mai,STX,2300
HMH,HNX,STOCK,Tập đoàn Hải Minh,Công ty Cổ phần Hải Minh,STX,2700
HMG,UPCOM,STOCK,Kim Khí Hà Nội,Công ty Cổ phần Kim Khí Hà Nội - VNSTEEL,UPX,1700
HMD,UPCOM,STOCK,Hóa chất Minh Đức,Công ty Cổ phần Hóa chất Minh Đức,UPX,1300
HMC,HSX,STOCK,Kim khí TP.HCM,Công ty Cổ phần Kim khí Thành phố Hồ Chí Minh - VNSTEEL,STO,1700
HLY,UPCOM,STOCK,Gốm Xây Dựng Yên Hưng,Công ty Cổ phần Gốm xây dựng Yên Hưng,UPX,2300
HLT,UPCOM,STOCK,Dệt may Hoàng Thị Loan,Công ty Cổ phần Dệt may Hoàng Thị Loan,UPX,3700
HLS,UPCOM,STOCK,Sứ Hoàng Liên Sơn,Công ty Cổ phần Sứ kỹ thuật Hoàng Liên Sơn,UPX,2700
HLR,DELISTED,STOCK,Đường sắt Hà Lạng,Công ty Cổ phần Đường sắt Hà Lạng,,2700
HLO,UPCOM,STOCK,Công Nghệ Ha Lô,Công Ty Cổ Phần Công Nghệ Ha Lô,UPX,2700
HLG,DELISTED,STOCK,Tập đoàn Hoàng Long,Công ty Cổ phần Tập đoàn Hoàng Long,,3500
HLE,DELISTED,STOCK,Điện chiếu sáng Hải Phòng,Công ty Cổ phần Điện chiếu sáng Hải Phòng,,2300
HLD,HNX,STOCK,Bất động sản HUDLAND,Công ty Cổ phần Đầu tư và Phát triển Bất động sản HUDLAND,STX,8600
HLC,HNX,STOCK,Than Hà Lầm,Công ty Cổ phần Than Hà Lầm - Vinacomin,STX,1700
HLB,UPCOM,STOCK,Bia và NGK Hạ Long,Công ty Cổ phần Bia và Nước giải khát Hạ Long,UPX,3500
HLA,UPCOM,STOCK,Hữu Liên Á Châu,Công ty Cổ phần Hữu Liên Á Châu,UPX,1700
HKT,HNX,STOCK,Đầu tư QP Xanh,Công ty Cổ phần Đầu tư QP Xanh,STX,3500
HKP,DELISTED,STOCK,Bao bì Hà Tiên,Công ty Cổ phần Bao bì Hà Tiên,,2700
HKB,UPCOM,STOCK,Thực phẩm Hà Nội - Kinh Bắc,Công ty Cổ phần Nông nghiệp và Thực phẩm Hà Nội - Kinh Bắc,UPX,3500
HJS,HNX,STOCK,Thủy điện Nậm Mu,Công ty Cổ phần Thủy điện Nậm Mu,STX,7500
HJC,UPCOM,STOCK,Công ty Cổ phần Hoà Việt,Công ty Cổ phần Hoà Việt,UPX,3700
HIO,UPCOM,STOCK,Helio Energy,Công ty Cổ Phần Helio Energy,UPX,7500
HII,HSX,STOCK,An Tiến Industries,Công ty Cổ phần An Tiến Industries,STO,1300
HIG,DELISTED,STOCK,Tập đoàn HIPT,Công ty Cổ phần Tập đoàn HIPT,UPX,9500
HID,HSX,STOCK,Halcom Vietnam,Công ty Cổ phần Halcom Vietnam,STO,2300
HHV,HSX,STOCK,Đầu tư Hạ tầng Giao thông Đèo Cả,Công ty Cổ phần Đầu tư Hạ tầng Giao thông Đèo Cả,STO,2300
HHS,HSX,STOCK,Đầu tư DV Hoàng Huy,Công ty Cổ phần Đầu tư Dịch vụ Hoàng Huy,STO,3300
HHR,DELISTED,STOCK,Đường sắt Hà Hải,Công ty Cổ phần Đường sắt Hà Hải,,2700
HHP,HSX,STOCK,HHP Global,Công ty Cổ phần HHP Global,STO,1700
HHN,UPCOM,STOCK,Vận tải và DV Hàng hóa Hà Nội,Công ty Cổ phần Vận tải và Dịch vụ Hàng hóa Hà Nội,UPX,2700
HHG,UPCOM,STOCK,Vận tải Hoàng Hà,Công ty Cổ phần Hoàng Hà,UPX,5700
HHC,HNX,STOCK,Bánh kẹo Hải Hà,Công ty Cổ phần Bánh kẹo Hải Hà,STX,3500
HHB,UPCOM,STOCK,Bia Hà Nội - Hồng Hà,Công ty Cổ Phần Bia Hà Nội - Hồng Hà,UPX,3500
HGW,DELISTED,STOCK,Công trình đô thị Hậu Giang,Công ty Cổ phần Cấp thoát nước - Công trình Đô thị Hậu Giang,,7500
HGT,UPCOM,STOCK,Du lịch Hương Giang,Công ty Cổ phần Du lịch Hương Giang,UPX,5700
HGR,DELISTED,STOCK,,,,
HGM,HNX,STOCK,Khoáng sản Hà Giang,Công ty Cổ phần Cơ khí và Khoáng sản Hà Giang,STX,1700
HGC,DELISTED,STOCK,,,,
HGA,DELISTED,STOCK,,,,
HFX,UPCOM,STOCK,XNK Thanh Hà,Công ty Cổ phần Sản xuất - Xuất nhập khẩu Thanh Hà,UPX,5300
HFC,UPCOM,STOCK,Xăng dầu HFC,Công ty Cổ phần Xăng dầu HFC,UPX,7500
HFB,UPCOM,STOCK,Công trình Cầu phà TP HCM,Công ty Cổ phần Công trình Cầu phà Thành phố Hồ Chí Minh,UPX,2300
HEV,HNX,STOCK,Sách Đại học - Dạy nghề,Công ty Cổ phần Sách Đại học - Dạy nghề,STX,5500
HES,UPCOM,STOCK,Dịch vụ Giải trí Hà Nội,Công ty Cổ phần Dịch vụ Giải trí Hà Nội,UPX,5700
HEP,UPCOM,STOCK,Môi trường và Công trình đô thị Huế,Công ty Cổ phần Môi trường và Công trình đô thị Huế,UPX,2700
HEM,DELISTED,STOCK,Chế tạo điện cơ Hà Nội,Công ty Cổ phần Chế tạo Điện cơ Hà Nội,,2700
HEJ,UPCOM,STOCK,Tư vấn Xây dựng Thủy Lợi VN,Tổng Công ty Tư vấn Xây dựng Thủy Lợi Việt Nam - CTCP,UPX,2300
HEC,UPCOM,STOCK,Tư vấn XD Thủy Lợi II (HEC II),Công ty Cổ phần Tư vấn xây dựng Thủy Lợi II,UPX,2700
HDW,UPCOM,STOCK,Nước sạch Hải Dương,Công ty Cổ phần Kinh doanh Nước sạch Hải Dương,UPX,7500
HDS,DELISTED,STOCK,Giống cây trồng Hải Dương,Công ty Cổ phần Giống cây trồng Hải Dương,UPX,3500
HDP,UPCOM,STOCK,Dược Hà Tĩnh,Công ty Cổ phần Dược Hà Tĩnh,UPX,4500
HDO,DELISTED,STOCK,Hưng Đạo Container,Công ty Cổ phần Hưng Đạo Container,UPX,2700
HDM,UPCOM,STOCK,Dệt May Huế,Công ty Cổ phần Dệt May Huế,UPX,3700
HDG121001,DELISTED,BOND,HDG121001 - Trái phiếu,HDG121001 - Trái phiếu,,
HDG,HSX,STOCK,Tập đoàn Hà Đô,Công ty Cổ phần Tập đoàn Hà Đô,STO,8600
HDC,HSX,STOCK,Phát triển Nhà BR-VT,Công ty Cổ phần Phát triển Nhà Bà Rịa Vũng Tàu,STO,8600
HDB125025,BOND,BOND,Trái phiếu HDBank phát hành ra công chúng năm 2025 (HDBC8Y253302) (HDB125025),Trái phiếu HDBank phát hành ra công chúng năm 2025 (HDBC8Y253302) (HDB125025),HCX,
HDB125024,BOND,BOND,Trái phiếu HDBank phát hành ra công chúng năm 2025 (HDBC7Y253202) (HDB125024),Trái phiếu HDBank phát hành ra công chúng năm 2025 (HDBC7Y253202) (HDB125024),HCX,
HDB125012,BOND,BOND,Trái phiếu HDBank phát hành ra công chúng năm 2025 (HDBC8Y253301),Trái phiếu HDBank phát hành ra công chúng năm 2025 (HDBC8Y253301),HCX,
HDB125011,BOND,BOND,Trái phiếu HDBank phát hành ra công chúng năm 2025 (HDBC7Y253201),Trái phiếu HDBank phát hành ra công chúng năm 2025 (HDBC7Y253201),HCX,
HDB124023,BOND,BOND,Trai phieu HD Bank,Trai phieu HD Bank,HCX,
HDB124018,BOND,BOND,Trai phieu HDBank 2023,Trai phieu HDBank 2023,HCX,
HDB124006,DELISTED,BOND,Trái phiếu HDBANK,Trái phiếu HDBANK,HCX,
HDB,HSX,STOCK,HDBank,Ngân hàng Thương mại Cổ phần Phát Triển Thành phố Hồ Chí Minh,STO,8300
HDA,HNX,STOCK,Hãng sơn Đông Á,Công ty Cổ phần Hãng sơn Đông Á,STX,2300
HD8,UPCOM,STOCK,PT Nhà và Đô thị HUD8,Công ty Cổ phần Đầu tư Phát triển Nhà và Đô thị HUD8,UPX,8600
HD6,UPCOM,STOCK,Phát triển nhà số 6 Hà Nội,Công ty Cổ phần Đầu tư và Phát triển nhà số 6 Hà Nội,UPX,8600
HD2,UPCOM,STOCK,Đầu tư phát triển nhà HUD 2,Công ty Cổ phần Đầu tư phát triển nhà HUD2,UPX,8600
HCT,HNX,STOCK,TM - DV - Vận tải Xi măng Hải Phòng ,Công ty Cổ phần Thương mại - Dịch vụ - Vận tải Xi măng Hải Phòng,STX,2700
HCMA0307,DELISTED,DEBENTURE,,,,
HCM,HSX,STOCK,Chứng khoán HSC,Công ty Cổ phần Chứng khoán Thành phố Hồ Chí Minh,STO,8700
HCI,UPCOM,STOCK,Đầu tư - XD Hà Nội,Công ty Cổ phần Đầu tư - Xây dựng Hà Nội,UPX,2300
HCD,HSX,STOCK,SX và Thương mại HCD,Công ty Cổ phần Đầu tư Sản xuất và Thương mại HCD,STO,1300
HCC,HNX,STOCK,Bê tông Hòa Cầm,Công ty Cổ phần Bê tông Hòa Cầm - Intimex,STX,2300
HCB,DELISTED,STOCK,Dệt may 29/3,Công ty Cổ phần Dệt may 29/3,UPX,3700
HC3,UPCOM,STOCK,Xây dựng số 3 Hải Phòng,Công ty Cổ phần Xây dựng số 3 Hải Phòng,UPX,2300
HC1,UPCOM,STOCK,Xây dựng số 1 Hà Nội,Công ty Cổ phần Xây dựng số 1 Hà Nội,UPX,2300
HBS,HNX,STOCK,Chứng khoán Hòa Bình,Công ty Cổ phần Chứng khoán Hòa Bình,STX,8700
HBH,UPCOM,STOCK,HABECO Hải Phòng,Công ty Cổ phần HABECO - Hải Phòng,UPX,3500
HBD,UPCOM,STOCK,Bao bì PP Bình Dương,Công ty Cổ phần Bao bì PP Bình Dương,UPX,2700
HBC,UPCOM,STOCK,Tập đoàn Xây dựng Hòa Bình,Công ty Cổ phần Tập đoàn Xây dựng Hòa Bình,UPX,2300
HAX,HSX,STOCK,Ô tô Hàng Xanh,Công ty Cổ phần Dịch vụ Ô tô Hàng Xanh,STO,3300
HAW,DELISTED,STOCK,,,,
HAV,UPCOM,STOCK,Rượu Hapro,Công ty Cổ phần Rượu Hapro,UPX,3500
HAT,HNX,STOCK,TM Bia Hà Nội,Công ty Cổ phần Thương mại Bia Hà Nội,STX,3500
HAS,HSX,STOCK,Hacisco,Công ty Cổ phần Hacisco,STO,2300
HAR,HSX,STOCK,BĐS An Dương Thảo Điền,Công ty Cổ phần Đầu tư Thương mại Bất động sản An Dương Thảo Điền,STO,8600
HAP,HSX,STOCK,Tập đoàn Hapaco,Công ty Cổ phần Tập Đoàn Hapaco,STO,1700
HAN,UPCOM,STOCK,Xây dựng Hà Nội,Tổng Công ty Xây dựng Hà Nội - CTCP,UPX,2300
HAM,UPCOM,STOCK,Vật tư Hậu Giang,Công ty Cổ phần Vật tư Hậu Giang,UPX,2300
HAI,DELISTED,STOCK,Nông Dược HAI,Công ty Cổ phần Nông dược HAI,UPX,1300
HAH,HSX,STOCK,Vận tải và Xếp dỡ Hải An,Công ty Cổ phần Vận tải và Xếp dỡ Hải An,STO,2700
HAG,HSX,STOCK,Hoàng Anh Gia Lai,Công ty Cổ phần Hoàng Anh Gia Lai,STO,3500
HAF,UPCOM,STOCK,Thực phẩm Hà Nội,Công ty Cổ phần Thực phẩm Hà Nội,UPX,3500
HAD,HNX,STOCK,Bia Hà Nội - Hải Dương,Công ty Cổ phần Bia Hà Nội - Hải Dương,STX,3500
HAC,UPCOM,STOCK,Chứng khoán Hải Phòng,Công ty Cổ phần Chứng khoán Hải Phòng,UPX,8700
HAB,DELISTED,STOCK,,,,5500
H11,UPCOM,STOCK,Xây dựng HUD101,Công ty Cổ phần Xây dựng HUD101,UPX,2300
GVT,UPCOM,STOCK,Giấy Việt Trì,Công ty Cổ phần Giấy Việt Trì,UPX,1700
GVR,HSX,STOCK,Tập đoàn CN Cao su VN,Tập đoàn Công nghiệp Cao su Việt Nam - Công ty Cổ phần,STO,1300
GTT,UPCOM,STOCK,Thuận Thảo Group,Công ty Cổ phần Thuận Thảo,UPX,5700
GTS,UPCOM,STOCK,Công trình Giao thông Sài Gòn,Công ty Cổ phần Công trình Giao thông Sài Gòn,UPX,2300
GTK,DELISTED,STOCK,,,,
GTH,DELISTED,STOCK,XD-GT Thừa Thiên Huế,Công ty Cổ phần Xây dựng Giao thông Thừa Thiên Huế,,2300
GTD,UPCOM,STOCK,Giầy Thượng Đình,Công ty Cổ phần Giầy Thượng Đình,UPX,3700
GTA,HSX,STOCK,Gỗ Thuận An,Công ty Cổ phần Chế biến Gỗ Thuận An,STO,1700
GSP,HSX,STOCK,Vận tải Sản phẩm Khí Quốc tế,Công ty Cổ phần Vận tải Sản phẩm Khí Quốc tế,STO,2700
GSM,UPCOM,STOCK,Thủy điện Hương Sơn,Công ty Cổ phần Thủy điện Hương Sơn,UPX,7500
GQN,DELISTED,STOCK,,,,3500
GPC,UPCOM,STOCK,Tập đoàn Green+,Công ty Cổ phần Tập đoàn Green+,UPX,4500
GND,UPCOM,STOCK,Gạch ngói Đồng Nai,Công ty Cổ phần Gạch ngói Đồng Nai,UPX,2300
GMX,HNX,STOCK,Gạch ngói Mỹ Xuân,Công ty Cổ phần Gạch ngói Gốm xây dựng Mỹ Xuân,STX,2300
GMH,HSX,STOCK,Minh Hưng Quảng Trị,Công ty Cổ phần Minh Hưng Quảng Trị,STO,2300
GMD,HSX,STOCK,Gemadept,Công ty Cổ phần Gemadept,STO,2700
GMC,UPCOM,STOCK,Garmex Sài Gòn,Công ty Cổ phần Garmex Sài Gòn,UPX,3700
GMA,HNX,STOCK,G-Automobile,Công ty Cổ phần G-Automobile,STX,3300
GLW,UPCOM,STOCK,Cấp thoát nước Gia Lai,Công ty Cổ phần Cấp thoát nước Gia Lai,UPX,7500
GLT,HNX,STOCK,KT Điện Toàn Cầu,Công ty Cổ phần Kỹ thuật điện Toàn Cầu,STX,3700
GLH121026,DELISTED,BOND,GLH121026 - Trái phiếu,GLH121026 - Trái phiếu,,
GLH121019,DELISTED,BOND,GLH121019 - Trái phiếu,GLH121019 - Trái phiếu,,
GLC,UPCOM,STOCK,Vàng Lào Cai,Công ty Cổ phần Vàng Lào Cai,UPX,1700
GKM,HNX,STOCK,GKM Holdings,Công ty Cổ phần GKM Holdings,STX,2300
GIL,HSX,STOCK,XNK Bình Thạnh,Công ty Cổ phần Sản xuất Kinh doanh Xuất nhập khẩu Bình Thạnh,STO,3700
GIC,HNX,STOCK,ĐT Dịch vụ và PT Xanh,Công ty Cổ phần VSC Green Logistics,STX,2700
GHC,HSX,STOCK,Thủy điện Gia Lai,Công ty Cổ phần Thủy điện Gia Lai,STO,7500
GH3,UPCOM,STOCK,Công trình giao thông Hà Nội,Công ty Cổ phần Công trình giao thông Hà Nội,UPX,2300
GGG,UPCOM,STOCK,Ôtô Giải Phóng,Công ty Cổ phần Ô tô Giải Phóng,UPX,3300
GEX,HSX,STOCK,Tập đoàn Gelex,Công ty Cổ phần Tập đoàn Gelex,STO,2700
GER,UPCOM,STOCK,Thể thao Ngôi sao Geru,Công ty Cổ phần Thể thao Ngôi sao Geru,UPX,1300
GEL,HSX,STOCK,Hạ tầng GELEX,Công ty Cổ phần Hạ tầng GELEX,STO,2300
GEG121022,DELISTED,BOND,GEG121022 - Trái phiếu,GEG121022 - Trái phiếu,,
GEG,HSX,STOCK,Điện Gia Lai,Công ty Cổ phần Điện Gia Lai,STO,7500
GEE,HSX,STOCK,Thiết bị điện GELEX,Công ty Cổ phần Điện lực Gelex,STO,2700
GE2,DELISTED,STOCK,Tổng Công ty Phát điện 2,Tổng Công ty Phát điện 2,,7500
GDW,HNX,STOCK,Cấp nước Gia Định,Công ty Cổ phần Cấp nước Gia Định,STX,7500
GDT,HSX,STOCK,Gỗ Đức Thành,Công ty Cổ phần Chế biến Gỗ Đức Thành,STO,3700
GDA,UPCOM,STOCK,Tôn Đông Á,Công ty Cổ phần Tôn Đông Á,UPX,1700
GCF,UPCOM,STOCK,Thực phẩm G.C,Công ty Cổ phần Thực phẩm G.C,UPX,3500
GCB,UPCOM,STOCK,PETEC Bình Định,Công ty Cổ phần PETEC Bình Định,UPX,7500
GB10F2512,DELISTED,FU,GB10F2512 - HĐTL,GB10F2512 - HĐTL,FBX,
GB10F2509,DELISTED,FU,GB10F2509 - HĐTL,GB10F2509 - HĐTL,FBX,
GB10F2506,DELISTED,FU,GB10F2506 - HĐTL,GB10F2506 - HĐTL,FBX,
GB10F2503,DELISTED,FU,GB10F2503 - HĐTL,GB10F2503 - HĐTL,,
GB10F2412,DELISTED,FU,GB10F2412 - HĐTL,GB10F2412 - HĐTL,,
GB10F2409,DELISTED,FU,GB10F2409 - HĐTL,GB10F2409 - HĐTL,,
GB10F2406,DELISTED,FU,GB10F2406 - HĐTL,GB10F2406 - HĐTL,,
GB10F2403,DELISTED,FU,GB10F2403 - HĐTL,GB10F2403 - HĐTL,,
GB10F2312,DELISTED,FU,GB10F2312 - HĐTL,GB10F2312 - HĐTL,,
GB10F2309,DELISTED,FU,GB10F2309 - HĐTL,GB10F2309 - HĐTL,,
GB10F2306,DELISTED,FU,GB10F2306 - HĐTL,GB10F2306 - HĐTL,,
GB10F2303,DELISTED,FU,GB10F2303 - HĐTL,GB10F2303 - HĐTL,,
GB10F2212,DELISTED,FU,GB10F2212 - HĐTL,GB10F2212 - HĐTL,,
GB10F2209,DELISTED,FU,GB10F2209 - HĐTL,GB10F2209 - HĐTL,,
GB10F2206,DELISTED,FU,GB10F2206 - HĐTL,GB10F2206 - HĐTL,,
GB05F2512,DELISTED,FU,GB05F2512 - HĐTL,GB05F2512 - HĐTL,FBX,
GB05F2509,DELISTED,FU,GB05F2509 - HĐTL,GB05F2509 - HĐTL,FBX,
GB05F2506,DELISTED,FU,GB05F2506 - HĐTL,GB05F2506 - HĐTL,FBX,
GB05F2503,DELISTED,FU,GB05F2503 - HĐTL,GB05F2503 - HĐTL,,
GB05F2412,DELISTED,FU,GB05F2412 - HĐTL,GB05F2412 - HĐTL,,
GB05F2409,DELISTED,FU,GB05F2409 - HĐTL,GB05F2409 - HĐTL,,
GB05F2406,DELISTED,FU,GB05F2406 - HĐTL,GB05F2406 - HĐTL,,
GB05F2403,DELISTED,FU,GB05F2403 - HĐTL,GB05F2403 - HĐTL,,
GB05F2312,DELISTED,FU,GB05F2312 - HĐTL,GB05F2312 - HĐTL,,
GB05F2309,DELISTED,FU,GB05F2309 - HĐTL,GB05F2309 - HĐTL,,
GB05F2306,DELISTED,FU,GB05F2306 - HĐTL,GB05F2306 - HĐTL,,
GB05F2303,DELISTED,FU,GB05F2303 - HĐTL,GB05F2303 - HĐTL,,
GB05F2212,DELISTED,FU,GB05F2212 - HĐTL,GB05F2212 - HĐTL,,
GB05F2209,DELISTED,FU,GB05F2209 - HĐTL,GB05F2209 - HĐTL,,
GB05F2206,DELISTED,FU,GB05F2206 - HĐTL,GB05F2206 - HĐTL,,
GAS,HSX,STOCK,PV Gas,Tổng Công ty Khí Việt Nam - Công ty Cổ phần,STO,7500
GAB,DELISTED,STOCK,ĐT Khai khoáng và QL Tài sản FLC,Công ty Cổ phần Đầu tư Khai khoáng & Quản lý Tài sản FLC,UPX,2300
G36,UPCOM,STOCK,Tổng Công ty 36,Tổng Công ty 36 - Công ty Cổ phần,UPX,2300
G20,UPCOM,STOCK,Đầu tư Dệt may Vĩnh Phúc,Công ty Cổ phần Đầu tư Dệt may Vĩnh Phúc,UPX,3700
FUEVN100,HSX,ETF,Quỹ ETF VINACAPITAL VN100,Quỹ ETF VINACAPITAL VN100,STO,8700
FUEVFVND,HSX,ETF,Quỹ ETF DCVFMVN DIAMOND,Quỹ ETF DCVFMVN DIAMOND,STO,8700
FUETPVND,HSX,ETF,Quỹ ETF VFCVN DIAMOND,Quỹ ETF VFCVN DIAMOND,STO,8700
FUETCC50,HSX,ETF,Quỹ ETF TECHCOM CAPITAL VNX50,Quỹ ETF TECHCOM CAPITAL VNX50,STO,8700
FUESSVFL,HSX,ETF,Quỹ ETF SSIAM VNFIN LEAD,Quỹ ETF SSIAM VNFIN LEAD,STO,8700
FUESSV50,HSX,ETF,Quỹ ETF SSIAM VNX50,Quỹ ETF SSIAM VNX50,STO,8700
FUESSV30,HSX,ETF,Quỹ ETF SSIAM VN30,Quỹ ETF SSIAM VN30,STO,8700
FUEMAVND,HSX,ETF,Quỹ ETF MAFM VNDIAMOND,Quỹ ETF MAFM VNDIAMOND,STO,8700
FUEMAV30,HSX,ETF,Quỹ ETF MAFM VN30,Quỹ ETF MAFM VN30,STO,8700
FUEKIVND,HSX,ETF,Quỹ ETF KIM GROWTH VN DIAMOND,Quỹ ETF KIM GROWTH VN DIAMOND,STO,8700
FUEKIVFS,HSX,ETF,Quỹ ETF KIM Growth VNFINSELECT,Quỹ ETF KIM Growth VNFINSELECT,STO,8700
FUEKIV30,HSX,ETF,Quỹ ETF KIM Growth VN30,Quỹ ETF KIM Growth VN30,STO,8700
FUEIP100,HSX,ETF,Quỹ ETF IPAAM VN100,Quỹ ETF IPAAM VN100,STO,8700
FUEFCV50,HSX,ETF,Quỹ ETF FPT CAPITAL VNX50,Quỹ ETF FPT CAPITAL VNX50,STO,8700
FUEDCMID,HSX,ETF,Quỹ ETF DCVFMVNMIDCAP,Quỹ ETF DCVFMVNMIDCAP,STO,8700
FUEBFVND,HSX,ETF,Quỹ ETF BVFVN DIAMOND,Quỹ ETF BVFVN DIAMOND,STO,8700
FUEABVND,HSX,ETF,Quỹ ETF ABFVN DIAMOND,Quỹ ETF ABFVN DIAMOND,STO,8700
FUCVREIT,HSX,UNIT_TRUST,Quỹ Đầu tư Bất động sản Techcom Việt Nam,Quỹ Đầu tư Bất động sản Techcom Việt Nam,STO,8700
FUCTVGF5,HSX,UNIT_TRUST,Quỹ Đầu tư Tăng trưởng Thiên Việt 5,Quỹ Đầu tư Tăng trưởng Thiên Việt 5,STO,8700
FUCTVGF4,HSX,UNIT_TRUST,Quỹ Đầu tư Tăng trưởng Thiên Việt 4,Quỹ Đầu tư Tăng trưởng Thiên Việt 4,STO,8700
FUCTVGF3,HSX,UNIT_TRUST,Quỹ Đầu tư Tăng trưởng Thiên Việt 3,Quỹ Đầu tư Tăng trưởng Thiên Việt 3,STO,8700
FTS,HSX,STOCK,Chứng khoán FPT,Công ty Cổ phần Chứng khoán FPT,STO,8700
FTM,UPCOM,STOCK,Phát triển Đức Quân,Công ty Cổ phần Đầu tư và Phát triển Đức Quân,UPX,3700
FTI,UPCOM,STOCK,Công nghiệp - Thương mại Hữu Nghị,Công ty Cổ phần Công nghiệp - Thương mại Hữu Nghị,UPX,3300
FT1,UPCOM,STOCK,Phụ tùng máy số 1,Công ty Cổ phần Phụ tùng máy số 1,UPX,2700
FSO,UPCOM,STOCK,Đóng tàu thủy sản VN,Công ty Cổ phần Cơ khí đóng tàu thủy sản Việt Nam,UPX,2700
FRT,HSX,STOCK,Bán lẻ FPT,Công ty Cổ phần Bán lẻ Kỹ thuật số FPT,STO,5300
FRM,UPCOM,STOCK,Lâm nghiệp Sài Gòn,Công ty Cổ phần Lâm nghiệp Sài Gòn,UPX,1700
FRC,UPCOM,STOCK,Lâm đặc sản xuất khẩu Quảng Nam,Công ty Cổ phần Lâm đặc sản xuất khẩu Quảng Nam,UPX,1700
FPT,HSX,STOCK,FPT Corp,Công ty Cổ phần FPT,STO,9500
FOX,UPCOM,STOCK,FPT Telecom,Công ty Cổ phần Viễn thông FPT,UPX,6500
FOC,UPCOM,STOCK,FPT Online,Công ty Cổ phần Dịch vụ Trực tuyến FPT,UPX,5500
FMC,HSX,STOCK,Thực phẩm Sao Ta,Công ty Cổ phần Thực phẩm Sao Ta,STO,3500
FLC,DELISTED,STOCK,Tập đoàn FLC,Công ty Cổ phần Tập đoàn FLC,UPX,8600
FIT,HSX,STOCK,Tập đoàn F.I.T,Công ty Cổ phần Tập đoàn F.I.T,STO,4500
FIR,HSX,STOCK,Địa ốc First Real,Công ty Cổ phần Địa ốc First Real,STO,8600
FID,HNX,STOCK,Đầu tư và PT doanh nghiệp VN,Công ty Cổ phần Đầu tư và Phát triển Doanh nghiệp Việt Nam,STX,2300
FIC,UPCOM,STOCK,VLXD số 1,Tổng Công ty Vật liệu Xây dựng số 1 - Công ty Cổ phần,UPX,2300
FHS,UPCOM,STOCK,Phát hành sách TP HCM - FAHASA,Công ty Cổ phần Phát hành sách Thành phố Hồ Chí Minh - FAHASA,UPX,5500
FHN,UPCOM,STOCK,XNK lương thực Hà Nội,Công ty Cổ phần Xuất nhập khẩu Lương thực - Thực phẩm Hà Nội,UPX,5300
FGL,UPCOM,STOCK,Cà Phê Gia Lai,Công ty Cổ phần Cà phê Gia Lai,UPX,3500
FDG,DELISTED,STOCK,Thủy sản Docimexco,Công ty Cổ phần Docimexco,,3500
FDC,HSX,STOCK,FIDECO,Công ty Cổ phần Ngoại thương và Phát triển Đầu tư Thành phố Hồ Chí Minh,STO,8600
FCS,UPCOM,STOCK,Lương thực TP Hồ Chí Minh,Công ty Cổ phần Lương thực Thành phố Hồ Chí Minh,UPX,3500
FCN,HSX,STOCK,FECON CORP,Công ty Cổ phần FECON,STO,2300
FCM,HSX,STOCK,Bê tông Phan Vũ Hà Nam,Công ty Cổ phần Bê tông Phan Vũ Hà Nam,STO,2300
FCC,UPCOM,STOCK,Liên hợp Thực phẩm,Công ty Cổ phần Liên hợp Thực phẩm,UPX,8600
FBC,UPCOM,STOCK,Cơ khí Phổ Yên,Công ty Cổ phần Cơ khí Phổ Yên,UPX,2700
FBA,DELISTED,STOCK,Tập đoàn Quốc tế FBA,Công ty Cổ phần Tập đoàn Quốc tế FBA,UPX,3700
F88126002,BOND,BOND,Trái phiếu F88BOND.PO.01,Trái phiếu F88BOND.PO.01,HCX,
F88,UPCOM,STOCK,Đầu tư F88,Công ty Cổ phần Đầu tư F88,UPX,8700
EVS,HNX,STOCK,Chứng khoán EVS,Công ty Cổ phần Chứng khoán EVS,STX,8700
EVG,HSX,STOCK,Tập đoàn Everland,Công ty Cổ phần Tập đoàn Everland,STO,2300
EVF,HSX,STOCK,Tài chính Tổng hợp Điện lực,Công ty Tài chính Tổng hợp Cổ phần Điện Lực,STO,8700
EVE,HSX,STOCK,Everpia,Công ty Cổ phần Everpia,STO,3700
EPH,DELISTED,STOCK,Xuất bản giáo dục Hà Nội,Công ty Cổ phần Dịch vụ Xuất bản Giáo dục Hà Nội,UPX,5500
EPC,DELISTED,STOCK,Cà Phê Ea Pốk,Công ty Cổ phần Cà Phê Ea Pốk,UPX,3500
EMS,UPCOM,STOCK,Chuyển phát nhanh Bưu điện,Tổng Công ty Chuyển phát nhanh Bưu điện - Công ty Cổ phần,UPX,2700
EMG,UPCOM,STOCK,Thiết bị phụ tùng cơ điện,Công ty Cổ phần Thiết bị Phụ tùng Cơ điện,UPX,2700
EME,UPCOM,STOCK,Điện Cơ,Công ty Cổ phần Điện Cơ,UPX,2700
EMC,DELISTED,STOCK,Cơ điện Thủ Đức,Công ty Cổ phần Cơ điện Thủ Đức,,2700
ELC,HSX,STOCK,ELCOM,Công ty Cổ phần Công nghệ - Viễn thông ELCOM,STO,9500
EIN,UPCOM,STOCK,Đầu tư - TM - DV Điện lực,Công ty Cổ phần Đầu tư - Thương Mại - Dịch vụ Điện lực,UPX,5700
EID,HNX,STOCK,Phát triển GD Hà Nội,Công ty Cổ phần Đầu tư và Phát triển Giáo dục Hà Nội,STX,5500
EIC,UPCOM,STOCK,EVN Quốc Tế,Công ty Cổ phần EVN Quốc Tế,UPX,2300
EIB,HSX,STOCK,Eximbank,Ngân hàng Thương mại Cổ phần Xuất nhập khẩu Việt Nam,STO,8300
EGL,UPCOM,STOCK,"Urenco Gia Lam.,Jsc",Công ty Cổ phần Môi Trường Đô Thị Gia Lâm,UPX,2700
EFI,UPCOM,STOCK,Tài chính giáo dục,Công ty Cổ phần Đầu tư Tài chính Giáo dục,UPX,8600
ECO,UPCOM,STOCK,Ecoplastic VN,Công ty Cổ Phần Nhựa Sinh Thái Việt Nam,UPX,1300
ECI,HNX,STOCK,Bản đồ và tranh ảnh GD,Công ty Cổ phần Tập đoàn ECI,STX,5500
EBS,HNX,STOCK,Sách Giáo dục Hà Nội,Công ty Cổ phần Sách Giáo dục tại Thành phố Hà Nội,STX,5500
EAD,DELISTED,STOCK,Điện lực Đắk Lắk,Công ty Cổ phần Thủy điện Điện lực Đắk Lắk,,7500
E29,UPCOM,STOCK,Đầu tư XD và Kỹ thuật 29,Công ty cổ phần Đầu tư Xây dựng và Kỹ thuật 29,UPX,2300
E1VFVN30,HSX,ETF,Quỹ ETF DCVFMVN30,Quỹ ETF DCVFMVN30,STO,8700
E12,UPCOM,STOCK,XD Điện VNECO 12,Công ty Cổ phần Xây Dựng Điện VNECO 12,UPX,2300
DZM,UPCOM,STOCK,Cơ điện Dzĩ An,Công ty Cổ phần Cơ điện Dzĩ An,UPX,2700
DXV,HSX,STOCK,Vật liệu Xây dựng Đà Nẵng,Công ty Cổ phần VICEM Vật liệu Xây dựng Đà Nẵng,STO,2300
DXS,HSX,STOCK,Dịch vụ BĐS Đất Xanh,Công ty Cổ phần Dịch vụ Bất động sản Đất Xanh,STO,8600
DXP,HNX,STOCK,Cảng Đoạn Xá,Công ty Cổ phần Cảng Đoạn Xá,STX,2700
DXL,UPCOM,STOCK,Du lịch và Xuất nhập khẩu Lạng Sơn,Công ty Cổ phần Du lịch và Xuất nhập khẩu Lạng Sơn,UPX,5700
DXG,HSX,STOCK,Địa ốc Đất Xanh,Công ty Cổ phần Tập đoàn Đất Xanh,STO,8600
DX2,DELISTED,STOCK,,,,2300
DWS,UPCOM,STOCK,Cấp nước Đồng Tháp,Công ty Cổ phần Cấp nước và Môi trường Đô thị Đồng Tháp,UPX,7500
DWC,UPCOM,STOCK,Cấp nước Đắk Lắk,Công ty Cổ phần Cấp nước Đắk Lắk,UPX,7500
DVW,UPCOM,STOCK,DV và XD cấp nước Đồng Nai,Công ty Cổ phần Dịch vụ và Xây dựng cấp nước Đồng Nai,UPX,2300
DVT,UPCOM,STOCK,ĐT & DV GTVT Bình Định,Công ty Cổ phần Đào tạo và Dịch vụ Giao thông vận tải Bình Định,UPX,2700
DVP,HSX,STOCK,ĐT và PT Cảng Đình Vũ,Công ty Cổ phần Đầu tư và Phát triển Cảng Đình Vũ,STO,2700
DVN,UPCOM,STOCK,Tổng Công ty Dược Việt Nam,Tổng Công ty Dược Việt Nam - CTCP,UPX,4500
DVM,HNX,STOCK,Dược liệu Việt Nam,Công ty Cổ phần Dược liệu Việt Nam,STX,4500
DVG,UPCOM,STOCK,Tập đoàn Sơn Đại Việt,Công ty Cổ phần Đại Việt Group DVG,UPX,2300
DVC,UPCOM,STOCK,TM dịch vụ Cảng Hải Phòng,Công ty Cổ phần Thương mại dịch vụ Tổng Hợp Cảng Hải Phòng,UPX,7500
DUS,UPCOM,STOCK,Dịch vụ Đô thị Đà Lạt,Công ty Cổ phần Dịch vụ Đô thị Đà Lạt,UPX,2700
DTV,DELISTED,STOCK,PT điện Nông thôn Trà Vinh,Công ty Cổ phần Phát triển điện Trà Vinh,,7500
DTT,HSX,STOCK,Kỹ nghệ Đô Thành,Công ty Cổ phần Kỹ nghệ Đô Thành,STO,1300
DTP,UPCOM,STOCK,Dược phẩm CPC1 Hà Nội,Công ty Cổ phần Dược phẩm CPC1 Hà Nội,UPX,4500
DTL,HSX,STOCK,Đại Thiên Lộc,Công ty Cổ phần Đại Thiên Lộc,STO,1700
DTK,HNX,STOCK,Vinacomin Power,Tổng Công ty Điện lực TKV - Công ty Cổ phần,STX,7500
DTI,UPCOM,STOCK,Đầu tư Đức Trung,Công ty Cổ phần Đầu tư Đức Trung,UPX,5700
DTH,UPCOM,STOCK,Vật tư Y tế Thanh Hóa,Công ty Cổ phần Dược - Vật tư Y tế Thanh Hóa,UPX,4500
DTG,HNX,STOCK,Dược phẩm Tipharco,Công ty Cổ phần Dược phẩm Tipharco,STX,4500
DTE,UPCOM,STOCK,Đại Trường Thành Holdings,Công ty Cổ phần Đầu tư Năng lượng Đại Trường Thành Holdings,UPX,7500
DTD,HNX,STOCK,Đầu tư Phát triển Thành Đạt,Công ty Cổ phần Đầu tư Phát triển Thành Đạt,STX,8600
DTC,UPCOM,STOCK,Viglacera Đông Triều,Công ty Cổ phần Viglacera Đông Triều,UPX,2300
DTB,DELISTED,STOCK,Công trình Đô thị Bảo Lộc,Công ty Cổ phần Công trình Đô thị Bảo Lộc,UPX,2700
DTA,HSX,STOCK,BĐS Đệ Tam,Công ty Cổ phần Đệ Tam,STO,8600
DT4,DELISTED,STOCK,Bảo trì đường thủy nội địa số 4,Công ty Cổ phần Quản lý Đường sông số 4,,2700
DSV,DELISTED,STOCK,Đường sắt Vĩnh Phú,Công ty Cổ phần Đường sắt Vĩnh Phú,,2700
DST,HNX,STOCK,Đầu tư Sao Thăng Long,Công ty Cổ phần Đầu tư Sao Thăng Long,STX,5500
DSP,UPCOM,STOCK,Dịch vụ Du lịch Phú Thọ,Công ty Cổ phần Dịch vụ Du lịch Phú Thọ,UPX,5700
DSN,HSX,STOCK,Công viên nước Đầm Sen,Công ty Cổ phần Công viên nước Đầm Sen,STO,5700
DSH,UPCOM,STOCK,ĐT Hạ tầng Đông Sơn,Công ty Cổ Phần Đầu tư Hạ tầng Đông Sơn,UPX,2300
DSG,UPCOM,STOCK,Kính Đáp Cầu,Công ty Cổ phần Kính Đáp Cầu,UPX,2300
DSE125018,BOND,BOND,Trái phiếu DSE125018,Trái phiếu DSE125018,HCX,
DSE125004,BOND,BOND,Trái phiếu DSEH2426001,Trái phiếu DSEH2426001,HCX,
DSE,HSX,STOCK,Chứng Khoán DNSE,Công ty Cổ phần Chứng khoán DNSE,STO,8700
DSD,UPCOM,STOCK,DHC Suối Đôi,Công ty cổ phần DHC Suối Đôi,UPX,5700
DSC,HSX,STOCK,Chứng khoán DSC,Công ty Cổ phần Chứng khoán DSC,STO,8700
DS3,HNX,STOCK,Quản lý Đường sông số 3,Công ty Cổ phần DS3,STX,2700
DRL,HSX,STOCK,Thủy điện - Điện lực 3,Công ty Cổ phần Thủy điện - Điện lực 3,STO,7500
DRI,UPCOM,STOCK,Đầu tư Cao su Đắk Lắk,Công ty Cổ phần Đầu tư Cao su Đắk Lắk,UPX,1300
DRH,HSX,STOCK,DRH Holdings,Công ty Cổ phần DRH Holdings,STO,8600
DRG,UPCOM,STOCK,Cao su Đắk Lắk,Công ty Cổ phần Cao su Đắk Lắk,UPX,1300
DRC,HSX,STOCK,Cao su Đà Nẵng,Công ty Cổ phần Cao su Đà Nẵng,STO,3300
DQC,HSX,STOCK,Tập đoàn Điện Quang,Công ty Cổ phần Tập đoàn Điện Quang,STO,3700
DPS,DELISTED,STOCK,Đầu tư Phát triển Sóc Sơn,Công ty Cổ phần Đầu tư Phát triển Sóc Sơn,UPX,1700
DPR,HSX,STOCK,Cao su Đồng Phú,Công ty Cổ phần Cao su Đồng Phú,STO,1300
DPP,UPCOM,STOCK,Dược Đồng Nai,Công ty Cổ phần Dược Đồng Nai,UPX,4500
DPM,HSX,STOCK,Tổng Công ty Phân bón và Hóa chất Dầu khí,Tổng Công ty Phân bón và Hóa chất Dầu khí - Công ty Cổ phần,STO,1300
DPH,UPCOM,STOCK,Dược phẩm Hải Phòng,Công ty Cổ phần Dược phẩm Hải Phòng,UPX,4500
DPG,HSX,STOCK,Tập đoàn Đạt Phương,Công ty Cổ phần Tập đoàn Đạt Phương,STO,2300
DPD,DELISTED,STOCK,Cao su Đồng Phú Đắk Nông,Công ty cổ phần Cao su Đồng Phú - Đắk Nông,,
DPC,UPCOM,STOCK,Nhựa Đà Nẵng,Công ty Cổ phần Nhựa Đà Nẵng,UPX,2700
DP3,HNX,STOCK,Dược Phẩm TW3,Công ty Cổ Phần Dược Phẩm Trung Ương 3,STX,4500
DP2,UPCOM,STOCK,Dược phẩm TW 2,Công ty Cổ phần Dược phẩm Trung ương 2,UPX,4500
DP1,UPCOM,STOCK,Dược phẩm Trung ương CPC1,Công ty Cổ phần Dược phẩm Trung ương CPC1,UPX,4500
DOP,UPCOM,STOCK,Vận tải XD Đồng Tháp,Công ty Cổ phần Vận tải Xăng dầu Đồng Tháp,UPX,2700
DOC,UPCOM,STOCK,Vật tư nông nghiệp Đồng Nai,Công ty Cổ phần Vật tư nông nghiệp Đồng Nai,UPX,1300
DNW,UPCOM,STOCK,Cấp nước Đồng Nai,Công ty Cổ phần Cấp nước Đồng Nai,UPX,7500
DNT,UPCOM,STOCK,Du lịch Đồng Nai,Công ty Cổ phần Du lịch Đồng Nai,UPX,5700
DNP,HNX,STOCK,DNP Holding,Công ty Cổ phần DNP Holding,STX,2300
DNN,UPCOM,STOCK,Cấp nước Đà Nẵng,Công ty Cổ phần Cấp nước Đà Nẵng,UPX,7500
DNM,UPCOM,STOCK,Y tế Danameco,Tổng Công ty Cổ phần Y tế Danameco,UPX,4500
DNL,UPCOM,STOCK,Logistics Cảng Đà Nẵng,Công ty Cổ phần Logistics Cảng Đà Nẵng,UPX,2700
DNH,UPCOM,STOCK,Thủy điện Đa Nhim-Hàm Thuận-Đa Mi,Công ty Cổ phần Thủy điện Đa Nhim - Hàm Thuận - Đa Mi,UPX,7500
DNE,UPCOM,STOCK,Môi trường Đô thị Đà Nẵng,Công ty Cổ phần Môi trường Đô thị Đà Nẵng,UPX,2700
DND,UPCOM,STOCK,XD và Vật liệu Đồng Nai,Công ty Cổ phần Đầu tư Xây dựng và Vật liệu Đồng Nai,UPX,2300
DNC,HNX,STOCK,Điện nước Hải Phòng,Công ty Cổ phần Điện nước Lắp máy Hải Phòng,STX,7500
DNB,DELISTED,STOCK,,,,5500
DNA,UPCOM,STOCK,Điện nước An Giang,Công ty Cổ phần Điện nước An Giang,UPX,7500
DMS,UPCOM,STOCK,Dầu khí DMC-miền Nam,Công ty Cổ phần Hóa phẩm dầu khí DMC - Miền Nam,UPX,7500
DMN,UPCOM,STOCK,Domenal,Công ty Cổ phần Domenal,UPX,3500
DMC,HSX,STOCK,Dược phẩm DOMESCO,Công ty Cổ phần Xuất nhập khẩu Y tế DOMESCO,STO,4500
DM7,UPCOM,STOCK,Dệt may 7,Công ty Cổ phần Dệt may 7,UPX,3700
DLT,UPCOM,STOCK,Du lịch và TM - Vinacomin,Công ty Cổ phần Du lịch và Thương mại - Vinacomin,UPX,5700
DLR,UPCOM,STOCK,Địa ốc Đà Lạt,Công ty Cổ phần Địa ốc Đà Lạt,UPX,2300
DLM,DELISTED,STOCK,Chiếu sáng công cộng Đà Nẵng,Công ty Cổ phần Chiếu sáng công cộng Đà Nẵng,,7500
DLG,HSX,STOCK,Đức Long Gia Lai,Công ty Cổ phần Tập đoàn Đức Long Gia Lai,STO,2300
DLD,UPCOM,STOCK,Du lịch Đắk Lắk,Công ty Cổ phần Du lịch Đắk Lắk,UPX,5700
DL1,HNX,STOCK,Tập đoàn Alpha 7,Công ty Cổ phần Tập đoàn Alpha Seven,STX,2700
DKW,DELISTED,STOCK,Cấp nước sinh hoạt Châu Thành,Công ty Cổ phần Cấp nước sinh hoạt Châu Thành,UPX,7500
DKH,DELISTED,STOCK,,,,
DKG,UPCOM,STOCK,Tập đoàn DamiK,Công ty Cổ Phần Tập đoàn DamiK,UPX,2300
DKC,UPCOM,STOCK,Chợ Lạng Sơn,Công ty Cổ phần Chợ Lạng Sơn,UPX,5300
DIH,HNX,STOCK,PT Xây dựng Hội An,Công ty Cổ phần Đầu tư Phát triển Xây dựng - Hội An,STX,2300
DIG,HSX,STOCK,DIC Corp,Tổng Công ty Cổ phần Đầu tư Phát triển Xây dựng,STO,8600
DID,UPCOM,STOCK,DIC - Đồng Tiến,Công ty Cổ phần DIC - Đồng Tiến,UPX,2300
DIC,UPCOM,STOCK,ĐT và TM DIC,Công ty Cổ phần Đầu tư và Thương mại DIC,UPX,2300
DHT,HNX,STOCK,Dược phẩm Hà Tây,Công ty Cổ phần Dược phẩm Hà Tây,STX,4500
DHP,HNX,STOCK,Điện cơ Hải Phòng,Công ty Cổ phần Điện cơ Hải Phòng,STX,2700
DHN,UPCOM,STOCK,Dược Hà Nội,Công ty Cổ phần Dược phẩm Hà Nội,UPX,4500
DHM,HSX,STOCK,Khoáng sản Dương Hiếu,Công ty Cổ phần Thương mại & Khai thác Khoáng sản Dương Hiếu,STO,1700
DHG,HSX,STOCK,Dược Hậu Giang,Công ty Cổ phần Dược Hậu Giang,STO,4500
DHD,UPCOM,STOCK,Dược Vật Tư Y Tế Hải Dương,Công ty Cổ phần Dược Vật Tư Y Tế Hải Dương,UPX,4500
DHC,HSX,STOCK,Đông Hải Bến Tre,Công ty Cổ phần Đông Hải Bến Tre,STO,1700
DHB,UPCOM,STOCK,Đạm Hà Bắc,Công ty Cổ phần Phân đạm và Hóa chất Hà Bắc,UPX,1300
DHA,HSX,STOCK,Hóa An,Công ty Cổ phần Hóa An,STO,2300
DGW,HSX,STOCK,Thế Giới Số,Công ty Cổ phần Thế Giới Số,STO,5300
DGT,UPCOM,STOCK,Công trình GT Đồng Nai,Công ty Cổ phần Công trình Giao thông Đồng Nai,UPX,2300
DGC,HSX,STOCK,Hóa chất Đức Giang,Công ty Cổ phần Tập đoàn Hóa chất Đức Giang,STO,1300
DFF,UPCOM,STOCK,Tập đoàn Đua Fat,Công ty Cổ phần Tập đoàn Đua Fat,UPX,2300
DFC,UPCOM,STOCK,Xích líp Đông Anh,Công ty Cổ phần Xích líp Đông Anh,UPX,1700
DDV,UPCOM,STOCK,DAP - Vinachem,Công ty Cổ phần DAP - Vinachem,UPX,1300
DDN,UPCOM,STOCK,Dược - TB Y tế Đà Nẵng,Công ty Cổ phần Dược - Thiết bị y tế Đà Nẵng,UPX,4500
DDM,UPCOM,STOCK,Hàng hải Đông Đô,Công ty Cổ phần Hàng hải Đông Đô,UPX,2700
DDH,UPCOM,STOCK,Đảm bảo GTĐT Hải Phòng,Công ty Cổ phần Đảm bảo giao thông đường thủy Hải Phòng,UPX,2700
DDG,HNX,STOCK,Đầu tư CN XNK Đông Dương,Công ty Cổ phần Đầu tư Công nghiệp Xuất nhập khẩu Đông Dương,STX,7500
DDB,UPCOM,STOCK,TM & XD Đông Dương,Công ty Cổ Phần Thương Mại Và Xây Dựng Đông Dương,UPX,2300
DCV,UPCOM,STOCK,Quản Lý Quỹ Dragon Capital Việt Nam,Công ty Cổ phần Quản Lý Quỹ đầu tư Dragon Capital Việt Nam,UPX,8700
DCT,UPCOM,STOCK,Tấm lợp VLXD Đồng Nai,Công ty Cổ phần Tấm lợp Vật liệu Xây dựng Đồng Nai,UPX,2300
DCS,UPCOM,STOCK,Tập đoàn EDX,Công ty Cổ phần Tập đoàn EDX,UPX,3700
DCR,UPCOM,STOCK,Gạch men COSEVCO,Công ty Cổ phần Gạch men COSEVCO,UPX,2300
DCM,HSX,STOCK,Đạm Cà Mau,Công ty Cổ phần - Tổng Công ty Phân bón Dầu Khí Cà Mau,STO,1300
DCL,HSX,STOCK,Dược phẩm Cửu Long,Công ty Cổ phần Dược phẩm Cửu Long,STO,4500
DCH,UPCOM,STOCK,Địa chính Hà Nội,Công ty Cổ phần Địa chính Hà Nội,UPX,8600
DCG,UPCOM,STOCK,May Đáp Cầu,Công ty Cổ phần Tổng Công ty May Đáp Cầu,UPX,3700
DCF,UPCOM,STOCK,XD và Thiết kế số 1,Công ty Cổ phần Xây dựng và Thiết kế số 1,UPX,2300
DC4,HSX,STOCK,Dicera Holdings,Công ty Cổ phần Dicera Holdings,STO,2300
DC2,HNX,STOCK,DIC Số 2,Công ty Cổ phần Đầu tư Phát triển - Xây dựng (DIC) số 2,STX,2300
DC1,UPCOM,STOCK,Phát triển Xây dựng số 1 (DIC1),Công ty Cổ phần Đầu tư Phát triển Xây dựng số 1,UPX,2300
DBW,DELISTED,STOCK,Cấp nước Điện Biên,Công ty Cổ phần Cấp nước Điện Biên,,7500
DBT,HSX,STOCK,Dược phẩm Bến Tre,Công ty Cổ phần Dược phẩm Bến Tre,STO,4500
DBM,UPCOM,STOCK,BAMEPHARM,Công ty Cổ phần Dược - Vật tư Y tế Đắk Lắk,UPX,4500
DBH,DELISTED,STOCK,Đường bộ Hải Phòng,Công ty Cổ phần Đường bộ Hải Phòng,,5700
DBD,HSX,STOCK,Dược - TB Y tế Bình Định,Công ty Cổ phần Dược - Trang thiết bị y tế Bình Định (BIDIPHAR),STO,4500
DBC,HSX,STOCK,Tập đoàn DABACO,Công ty Cổ phần Tập đoàn Dabaco Việt Nam,STO,3500
DAT,HSX,STOCK,ĐT Du lịch và PT Thủy sản,Công ty Cổ phần Đầu tư Du lịch và Phát triển Thủy sản,STO,3500
DAS,UPCOM,STOCK,Thiết bị Dầu khí Đà Nẵng,Công ty Cổ phần Máy - Thiết bị Dầu khí Đà Nẵng,UPX,3300
DAR,DELISTED,STOCK,Xe lửa Dĩ An,Công ty Cổ phần Xe lửa Dĩ An,,5700
DAN,UPCOM,STOCK,Dược Danapha,Công ty Cổ phần Dược Danapha,UPX,4500
DAH,HSX,STOCK,Tập đoàn Khách sạn Đông Á,Công ty Cổ phần Tập đoàn Khách sạn Đông Á,STO,5700
DAG,UPCOM,STOCK,TĐ Nhựa Đông Á,Công ty Cổ phần Tập đoàn Nhựa Đông Á,UPX,1300
DAE,HNX,STOCK,Sách Giáo dục Đà Nẵng,Công ty Cổ phần Sách Giáo dục tại Thành phố Đà Nẵng,STX,5500
DAD,HNX,STOCK,Phát triển GD Đà Nẵng,Công ty Cổ phần Đầu tư và Phát triển Giáo dục Đà Nẵng,STX,5500
DAC,UPCOM,STOCK,CTCP 382 Đông Anh,Công ty Cổ phần 382 Đông Anh,UPX,2300
D2D,HSX,STOCK,Phát triển Đô thị số 2,Công ty Cổ phần Phát triển Đô thị Công nghiệp số 2,STO,8600
D17,DELISTED,STOCK,Khai thác mỏ Đồng Tân,Công ty Cổ Phần Đồng Tân,,1700
D11,HNX,STOCK,Địa ốc 11,Công ty Cổ phần Địa ốc 11,STX,8600
CYC,UPCOM,STOCK,Gạch men Chang YIH,Công ty Cổ phần Gạch men Chang Yih,UPX,2300
CX8,HNX,STOCK,Constrexim số 8,Công ty Cổ phần Đầu tư và Xây lắp Constrexim số 8,STX,2300
CVT122009,BOND,BOND,Trai phieu CTCP CMC,Trai phieu CTCP CMC,HCX,
CVT122008,DELISTED,BOND,CVT122008 - Trái phiếu,CVT122008 - Trái phiếu,,
CVT122007,DELISTED,BOND,CVT122007 - Trái phiếu,CVT122007 - Trái phiếu,,
CVT,HSX,STOCK,CMC JSC,Công ty Cổ phần CMC,STO,2300
CVRE2602,HSX,CW,Chứng quyền.VRE.KIS.M.CA.T.46,Chứng quyền.VRE.KIS.M.CA.T.46,STO,
CVRE2601,HSX,CW,Chứng quyền VRE/VPBANKS/C/EU/6M/CASH/25-02,Chứng quyền VRE/VPBANKS/C/EU/6M/CASH/25-02,STO,
CVRE2527,HSX,CW,Chứng quyền VRE/VIETCAP/M/Au/T/A5,Chứng quyền VRE/VIETCAP/M/Au/T/A5,STO,
CVRE2526,HSX,CW,Chứng quyền VRE/15M/KAFI/C/EU/CASH/2502,Chứng quyền VRE/15M/KAFI/C/EU/CASH/2502,STO,
CVRE2525,HSX,CW,Chứng quyền VRE/12M/KAFI/C/EU/CASH/2501,Chứng quyền VRE/12M/KAFI/C/EU/CASH/2501,STO,
CVRE2524,HSX,CW,Chứng quyền.VRE.KIS.M.CA.T.45,Chứng quyền.VRE.KIS.M.CA.T.45,STO,
CVRE2523,HSX,CW,Chứng quyền.VRE.KIS.M.CA.T.44,Chứng quyền.VRE.KIS.M.CA.T.44,STO,
CVRE2522,HSX,CW,Chứng quyền VRE/MBS/C/EU/CASH/9M/25-01,Chứng quyền VRE/MBS/C/EU/CASH/9M/25-01,STO,
CVRE2521,HSX,CW,Chứng quyền VRE.07.PHS.C.EU.Cash,Chứng quyền VRE.07.PHS.C.EU.Cash,STO,
CVRE2520,HSX,CW,Chứng quyền VRE.06.PHS.C.EU.Cash,Chứng quyền VRE.06.PHS.C.EU.Cash,STO,
CVRE2519,HSX,CW,Chứng quyền.VRE.KIS.M.CA.T.42,Chứng quyền.VRE.KIS.M.CA.T.42,STO,
CVRE2518,HSX,CW,Chứng quyền.VRE.KIS.M.CA.T.41,Chứng quyền.VRE.KIS.M.CA.T.41,STO,
CVRE2517,DELISTED,CW,Chứng quyền.VRE.KIS.M.CA.T.40,Chứng quyền.VRE.KIS.M.CA.T.40,STO,
CVRE2516,HSX,CW,Chứng quyền VRE/12M/SSI/C/EU/Cash-20,Chứng quyền VRE/12M/SSI/C/EU/Cash-20,STO,
CVRE2515,DELISTED,CW,Chứng quyền VRE/VPBANKS/C/EU/6M/CASH/25-01,Chứng quyền VRE/VPBANKS/C/EU/6M/CASH/25-01,STO,
CVRE2514,DELISTED,CW,Chứng quyền VRE/5M/SSI/C/EU/Cash-19,Chứng quyền VRE/5M/SSI/C/EU/Cash-19,STO,
CVRE2513,DELISTED,CW,Chứng quyền VRE/7M/SSI/C/EU/Cash-19,Chứng quyền VRE/7M/SSI/C/EU/Cash-19,STO,
CVRE2512,HSX,CW,Chứng quyền VRE/ACBS/Call/EU/Cash/12M/80,Chứng quyền VRE/ACBS/Call/EU/Cash/12M/80,STO,
CVRE2511,HSX,CW,Chứng quyền VRE-HSC-MET19,Chứng quyền VRE-HSC-MET19,STO,
CVRE2510,DELISTED,CW,Chứng quyền.VRE.KIS.M.CA.T.39,Chứng quyền.VRE.KIS.M.CA.T.39,STO,
CVRE2509,DELISTED,CW,Chứng quyền.VRE.KIS.M.CA.T.38,Chứng quyền.VRE.KIS.M.CA.T.38,STO,
CVRE2508,DELISTED,CW,Chứng quyền.VRE.KIS.M.CA.T.37,Chứng quyền.VRE.KIS.M.CA.T.37,STO,
CVRE2507,DELISTED,CW,Chứng quyền.VRE.KIS.M.CA.T.36,Chứng quyền.VRE.KIS.M.CA.T.36,STO,
CVRE2506,DELISTED,CW,Chứng quyền.VRE.KIS.M.CA.T.35,Chứng quyền.VRE.KIS.M.CA.T.35,STO,
CVRE2505,DELISTED,CW,CVRE2505 - Chứng quyền,CVRE2505 - Chứng quyền,STO,
CVRE2504,DELISTED,CW,CVRE2504 - Chứng quyền,CVRE2504 - Chứng quyền,STO,
CVRE2503,DELISTED,CW,CVRE2503 - Chứng quyền,CVRE2503 - Chứng quyền,STO,
CVRE2502,DELISTED,CW,CVRE2502 - Chứng quyền,CVRE2502 - Chứng quyền,STO,
CVRE2501,DELISTED,CW,CVRE2501 - Chứng quyền,CVRE2501 - Chứng quyền,STO,
CVRE2410,DELISTED,CW,CVRE2410 - Chứng quyền,CVRE2410 - Chứng quyền,STO,
CVRE2409,DELISTED,CW,CVRE2409 - Chứng quyền,CVRE2409 - Chứng quyền,,
CVRE2408,DELISTED,CW,Chứng quyền VRE/MBS/C/EU/CASH/9M/24-01,Chứng quyền VRE/MBS/C/EU/CASH/9M/24-01,STO,
CVRE2407,DELISTED,CW,Chứng quyền VRE/ACBS/Call/EU/Cash/12M/67,Chứng quyền VRE/ACBS/Call/EU/Cash/12M/67,STO,
CVRE2406,DELISTED,CW,Chứng quyền VRE/9M/SSI/C/EU/Cash-17,Chứng quyền VRE/9M/SSI/C/EU/Cash-17,STO,
CVRE2405,DELISTED,CW,CVRE2405 - Chứng quyền,CVRE2405 - Chứng quyền,,
CVRE2404,DELISTED,CW,CVRE2404 - Chứng quyền,CVRE2404 - Chứng quyền,,
CVRE2403,DELISTED,CW,CVRE2403 - Chứng quyền,CVRE2403 - Chứng quyền,,
CVRE2402,DELISTED,CW,CVRE2402 - Chứng quyền,CVRE2402 - Chứng quyền,,
CVRE2401,DELISTED,CW,CVRE2401 - Chứng quyền,CVRE2401 - Chứng quyền,,
CVRE2323,DELISTED,CW,CVRE2323 - Chứng quyền,CVRE2323 - Chứng quyền,,
CVRE2322,DELISTED,CW,CVRE2322 - Chứng quyền,CVRE2322 - Chứng quyền,,
CVRE2321,DELISTED,CW,CVRE2321 - Chứng quyền,CVRE2321 - Chứng quyền,,
CVRE2320,DELISTED,CW,CVRE2320 - Chứng quyền,CVRE2320 - Chứng quyền,,
CVRE2319,DELISTED,CW,CVRE2319 - Chứng quyền,CVRE2319 - Chứng quyền,,
CVRE2318,DELISTED,CW,CVRE2318 - Chứng quyền,CVRE2318 - Chứng quyền,,
CVRE2317,DELISTED,CW,CVRE2317 - Chứng quyền,CVRE2317 - Chứng quyền,,
CVRE2316,DELISTED,CW,CVRE2316 - Chứng quyền,CVRE2316 - Chứng quyền,,
CVRE2315,DELISTED,CW,CVRE2315 - Chứng quyền,CVRE2315 - Chứng quyền,,
CVRE2314,DELISTED,CW,CVRE2314 - Chứng quyền,CVRE2314 - Chứng quyền,,
CVRE2313,DELISTED,CW,CVRE2313 - Chứng quyền,CVRE2313 - Chứng quyền,,
CVRE2312,DELISTED,CW,CVRE2312 - Chứng quyền,CVRE2312 - Chứng quyền,,
CVRE2311,DELISTED,CW,CVRE2311 - Chứng quyền,CVRE2311 - Chứng quyền,,
CVRE2310,DELISTED,CW,CVRE2310 - Chứng quyền,CVRE2310 - Chứng quyền,,
CVRE2309,DELISTED,CW,CVRE2309 - Chứng quyền,CVRE2309 - Chứng quyền,,
CVRE2308,DELISTED,CW,CVRE2308 - Chứng quyền,CVRE2308 - Chứng quyền,,
CVRE2307,DELISTED,CW,CVRE2307 - Chứng quyền,CVRE2307 - Chứng quyền,,
CVRE2306,DELISTED,CW,CVRE2306 - Chứng quyền,CVRE2306 - Chứng quyền,,
CVRE2305,DELISTED,CW,CVRE2305 - Chứng quyền,CVRE2305 - Chứng quyền,,
CVRE2304,DELISTED,CW,CVRE2304 - Chứng quyền,CVRE2304 - Chứng quyền,,
CVRE2303,DELISTED,CW,CVRE2303 - Chứng quyền,CVRE2303 - Chứng quyền,,
CVRE2302,DELISTED,CW,CVRE2302 - Chứng quyền,CVRE2302 - Chứng quyền,,
CVRE2301,DELISTED,CW,CVRE2301 - Chứng quyền,CVRE2301 - Chứng quyền,,
CVRE2221,DELISTED,CW,CVRE2221 - Chứng quyền,CVRE2221 - Chứng quyền,,
CVRE2220,DELISTED,CW,CVRE2220 - Chứng quyền,CVRE2220 - Chứng quyền,,
CVRE2219,DELISTED,CW,CVRE2219 - Chứng quyền,CVRE2219 - Chứng quyền,,
CVRE2218,DELISTED,CW,CVRE2218 - Chứng quyền,CVRE2218 - Chứng quyền,,
CVRE2217,DELISTED,CW,CVRE2217 - Chứng quyền,CVRE2217 - Chứng quyền,,
CVRE2216,DELISTED,CW,CVRE2216 - Chứng quyền,CVRE2216 - Chứng quyền,,
CVRE2215,DELISTED,CW,CVRE2215 - Chứng quyền,CVRE2215 - Chứng quyền,,
CVRE2214,DELISTED,CW,CVRE2214 - Chứng quyền,CVRE2214 - Chứng quyền,,
CVRE2213,DELISTED,CW,CVRE2213 - Chứng quyền,CVRE2213 - Chứng quyền,,
CVRE2212,DELISTED,CW,CVRE2212 - Chứng quyền,CVRE2212 - Chứng quyền,,
CVRE2211,DELISTED,CW,CVRE2211 - Chứng quyền,CVRE2211 - Chứng quyền,,
CVRE2210,DELISTED,CW,CVRE2210 - Chứng quyền,CVRE2210 - Chứng quyền,,
CVRE2209,DELISTED,CW,CVRE2209 - Chứng quyền,CVRE2209 - Chứng quyền,,
CVRE2208,DELISTED,CW,CVRE2208 - Chứng quyền,CVRE2208 - Chứng quyền,,
CVRE2207,DELISTED,CW,CVRE2207 - Chứng quyền,CVRE2207 - Chứng quyền,,
CVRE2206,DELISTED,CW,CVRE2206 - Chứng quyền,CVRE2206 - Chứng quyền,,
CVRE2205,DELISTED,CW,CVRE2205 - Chứng quyền,CVRE2205 - Chứng quyền,,
CVRE2204,DELISTED,CW,CVRE2204 - Chứng quyền,CVRE2204 - Chứng quyền,,
CVRE2203,DELISTED,CW,CVRE2203 - Chứng quyền,CVRE2203 - Chứng quyền,,
CVRE2202,DELISTED,CW,CVRE2202 - Chứng quyền,CVRE2202 - Chứng quyền,,
CVRE2201,DELISTED,CW,CVRE2201 - Chứng quyền,CVRE2201 - Chứng quyền,,
CVRE2114,DELISTED,CW,CVRE2114 - Chứng quyền,CVRE2114 - Chứng quyền,,
CVRE2113,DELISTED,CW,CVRE2113 - Chứng quyền,CVRE2113 - Chứng quyền,,
CVRE2110,DELISTED,CW,CVRE2110 - Chứng quyền,CVRE2110 - Chứng quyền,,
CVRE2105,DELISTED,CW,CVRE2105 - Chứng quyền,CVRE2105 - Chứng quyền,,
CVPB2607,HSX,CW,Chứng quyền.VPB.KIS.M.CA.T.23,Chứng quyền.VPB.KIS.M.CA.T.23,STO,
CVPB2606,HSX,CW,Chứng quyền VPB/9M/SSI/C/EU/Cash-21,Chứng quyền VPB/9M/SSI/C/EU/Cash-21,STO,
CVPB2605,HSX,CW,Chứng quyền VPB/6M/SSI/C/EU/Cash-21,Chứng quyền VPB/6M/SSI/C/EU/Cash-21,STO,
CVPB2604,HSX,CW,Chứng quyền VPB/LPBS/Call/EU/Cash/6M/11,Chứng quyền VPB/LPBS/Call/EU/Cash/6M/11,STO,
CVPB2603,HSX,CW,Chứng quyền VPB/TCBS/C/EU/12M/CASH/02,Chứng quyền VPB/TCBS/C/EU/12M/CASH/02,STO,
CVPB2602,HSX,CW,Chứng quyền VPB/TCBS/C/EU/9M/CASH/02,Chứng quyền VPB/TCBS/C/EU/9M/CASH/02,STO,
CVPB2601,HSX,CW,Chứng quyền VPB/TCBS/C/EU/6M/CASH/02,Chứng quyền VPB/TCBS/C/EU/6M/CASH/02,STO,
CVPB2533,HSX,CW,Chứng quyền VPB/VIETCAP/M/Au/T/A8,Chứng quyền VPB/VIETCAP/M/Au/T/A8,STO,
CVPB2532,HSX,CW,Chứng quyền VPB/15M/KAFI/C/EU/CASH/2502,Chứng quyền VPB/15M/KAFI/C/EU/CASH/2502,STO,
CVPB2531,HSX,CW,Chứng quyền VPB/12M/KAFI/C/EU/CASH/2501,Chứng quyền VPB/12M/KAFI/C/EU/CASH/2501,STO,
CVPB2530,HSX,CW,Chứng quyền VPB/PINETREE/C/EU/7M/CASH/25-01,Chứng quyền VPB/PINETREE/C/EU/7M/CASH/25-01,STO,
CVPB2529,DELISTED,CW,Chứng quyền VPB/PINETREE/C/EU/4M/CASH/25-01,Chứng quyền VPB/PINETREE/C/EU/4M/CASH/25-01,STO,
CVPB2528,HSX,CW,Chứng quyền.VPB.VND.M.CA.T.2025.2,Chứng quyền.VPB.VND.M.CA.T.2025.2,STO,
CVPB2527,HSX,CW,Chứng quyền.VPB.VND.M.CA.T.2025.1,Chứng quyền.VPB.VND.M.CA.T.2025.1,STO,
CVPB2526,HSX,CW,Chứng quyền VPB/0225/C/EU/Cash/MSVN,Chứng quyền VPB/0225/C/EU/Cash/MSVN,STO,
CVPB2525,HSX,CW,Chứng quyền VPB/0125/C/EU/Cash/MSVN,Chứng quyền VPB/0125/C/EU/Cash/MSVN,STO,
CVPB2524,HSX,CW,Chứng quyền.VPB.KIS.M.CA.T.22,Chứng quyền.VPB.KIS.M.CA.T.22,STO,
CVPB2523,DELISTED,CW,Chứng quyền VPB/MBS/C/EU/CASH/6M/25-01,Chứng quyền VPB/MBS/C/EU/CASH/6M/25-01,STO,
CVPB2522,HSX,CW,Chứng quyền VPB.06.PHS.C.EU.Cash,Chứng quyền VPB.06.PHS.C.EU.Cash,STO,
CVPB2521,HSX,CW,Chứng quyền VPB.03.PHS.C.EU.Cash,Chứng quyền VPB.03.PHS.C.EU.Cash,STO,
CVPB2520,HSX,CW,Chứng quyền.VPB.KIS.M.CA.T.21,Chứng quyền.VPB.KIS.M.CA.T.21,STO,
CVPB2519,HSX,CW,Chứng quyền.VPB.KIS.M.CA.T.20,Chứng quyền.VPB.KIS.M.CA.T.20,STO,
CVPB2518,DELISTED,CW,Chứng quyền.VPB.KIS.M.CA.T.19,Chứng quyền.VPB.KIS.M.CA.T.19,STO,
CVPB2517,DELISTED,CW,Chứng quyền.VPB.KIS.M.CA.T.18,Chứng quyền.VPB.KIS.M.CA.T.18,STO,
CVPB2516,HSX,CW,Chứng quyền VPB/12M/SSI/C/EU/Cash-20,Chứng quyền VPB/12M/SSI/C/EU/Cash-20,STO,
CVPB2515,DELISTED,CW,Chứng quyền VPB/7M/SSI/C/EU/Cash-19,Chứng quyền VPB/7M/SSI/C/EU/Cash-19,STO,
CVPB2514,DELISTED,CW,Chứng quyền VPB/5M/SSI/C/EU/Cash-19,Chứng quyền VPB/5M/SSI/C/EU/Cash-19,STO,
CVPB2513,HSX,CW,Chứng quyền VPB/ACBS/Call/EU/Cash/12M/79,Chứng quyền VPB/ACBS/Call/EU/Cash/12M/79,STO,
CVPB2512,HSX,CW,Chứng quyền VPB-HSC-MET18,Chứng quyền VPB-HSC-MET18,STO,
CVPB2511,DELISTED,CW,Chứng quyền VPB-HSC-MET17,Chứng quyền VPB-HSC-MET17,STO,
CVPB2510,DELISTED,CW,Chứng quyền.VPB.KIS.M.CA.T.17,Chứng quyền.VPB.KIS.M.CA.T.17,STO,
CVPB2509,DELISTED,CW,Chứng quyền.VPB.KIS.M.CA.T.16,Chứng quyền.VPB.KIS.M.CA.T.16,STO,
CVPB2508,DELISTED,CW,Chứng quyền.VPB.KIS.M.CA.T.15,Chứng quyền.VPB.KIS.M.CA.T.15,STO,
CVPB2507,DELISTED,CW,Chứng quyền.VPB.KIS.M.CA.T.14,Chứng quyền.VPB.KIS.M.CA.T.14,STO,
CVPB2506,DELISTED,CW,CVPB2506 - Chứng quyền,CVPB2506 - Chứng quyền,STO,
CVPB2505,DELISTED,CW,CVPB2505 - Chứng quyền,CVPB2505 - Chứng quyền,STO,
CVPB2504,HSX,CW,Chứng quyền VPB/BSC/C/15M/EU/Cash/2024-01,Chứng quyền VPB/BSC/C/15M/EU/Cash/2024-01,STO,
CVPB2503,DELISTED,CW,CVPB2503 - Chứng quyền,CVPB2503 - Chứng quyền,STO,
CVPB2502,HSX,CW,Chứng quyền VPB/15M/SSI/C/EU/Cash-18,Chứng quyền VPB/15M/SSI/C/EU/Cash-18,STO,
CVPB2501,DELISTED,CW,CVPB2501 - Chứng quyền,CVPB2501 - Chứng quyền,STO,
CVPB2412,DELISTED,CW,CVPB2412 - Chứng quyền,CVPB2412 - Chứng quyền,STO,
CVPB2411,DELISTED,CW,CVPB2411 - Chứng quyền,CVPB2411 - Chứng quyền,,
CVPB2410,DELISTED,CW,Chứng quyền VPB/MBS/C/EU/CASH/9M/24-01,Chứng quyền VPB/MBS/C/EU/CASH/9M/24-01,STO,
CVPB2409,DELISTED,CW,Chứng quyền VPB/ACBS/Call/EU/Cash/12M/66,Chứng quyền VPB/ACBS/Call/EU/Cash/12M/66,STO,
CVPB2408,DELISTED,CW,CVPB2408 - Chứng quyền,CVPB2408 - Chứng quyền,,
CVPB2407,DELISTED,CW,Chứng quyền VPB/9M/SSI/C/EU/Cash-17,Chứng quyền VPB/9M/SSI/C/EU/Cash-17,STO,
CVPB2406,DELISTED,CW,CVPB2406 - Chứng quyền,CVPB2406 - Chứng quyền,,
CVPB2405,DELISTED,CW,CVPB2405 - Chứng quyền,CVPB2405 - Chứng quyền,,
CVPB2404,DELISTED,CW,CVPB2404 - Chứng quyền,CVPB2404 - Chứng quyền,,
CVPB2403,DELISTED,CW,CVPB2403 - Chứng quyền,CVPB2403 - Chứng quyền,,
CVPB2402,DELISTED,CW,CVPB2402 - Chứng quyền,CVPB2402 - Chứng quyền,,
CVPB2401,DELISTED,CW,CVPB2401 - Chứng quyền,CVPB2401 - Chứng quyền,STO,
CVPB2322,DELISTED,CW,CVPB2322 - Chứng quyền,CVPB2322 - Chứng quyền,,
CVPB2321,DELISTED,CW,CVPB2321 - Chứng quyền,CVPB2321 - Chứng quyền,,
CVPB2320,DELISTED,CW,CVPB2320 - Chứng quyền,CVPB2320 - Chứng quyền,,
CVPB2319,DELISTED,CW,CVPB2319 - Chứng quyền,CVPB2319 - Chứng quyền,,
CVPB2318,DELISTED,CW,CVPB2318 - Chứng quyền,CVPB2318 - Chứng quyền,,
CVPB2317,DELISTED,CW,CVPB2317 - Chứng quyền,CVPB2317 - Chứng quyền,,
CVPB2316,DELISTED,CW,CVPB2316 - Chứng quyền,CVPB2316 - Chứng quyền,,
CVPB2315,DELISTED,CW,CVPB2315 - Chứng quyền,CVPB2315 - Chứng quyền,,
CVPB2314,DELISTED,CW,CVPB2314 - Chứng quyền,CVPB2314 - Chứng quyền,,
CVPB2313,DELISTED,CW,CVPB2313 - Chứng quyền,CVPB2313 - Chứng quyền,,
CVPB2312,DELISTED,CW,CVPB2312 - Chứng quyền,CVPB2312 - Chứng quyền,,
CVPB2311,DELISTED,CW,CVPB2311 - Chứng quyền,CVPB2311 - Chứng quyền,,
CVPB2310,DELISTED,CW,CVPB2310 - Chứng quyền,CVPB2310 - Chứng quyền,,
CVPB2309,DELISTED,CW,CVPB2309 - Chứng quyền,CVPB2309 - Chứng quyền,,
CVPB2308,DELISTED,CW,CVPB2308 - Chứng quyền,CVPB2308 - Chứng quyền,,
CVPB2307,DELISTED,CW,CVPB2307 - Chứng quyền,CVPB2307 - Chứng quyền,,
CVPB2306,DELISTED,CW,CVPB2306 - Chứng quyền,CVPB2306 - Chứng quyền,,
CVPB2305,DELISTED,CW,CVPB2305 - Chứng quyền,CVPB2305 - Chứng quyền,,
CVPB2304,DELISTED,CW,CVPB2304 - Chứng quyền,CVPB2304 - Chứng quyền,,
CVPB2303,DELISTED,CW,CVPB2303 - Chứng quyền,CVPB2303 - Chứng quyền,,
CVPB2302,DELISTED,CW,CVPB2302 - Chứng quyền,CVPB2302 - Chứng quyền,,
CVPB2301,DELISTED,CW,CVPB2301 - Chứng quyền,CVPB2301 - Chứng quyền,,
CVPB2214,DELISTED,CW,CVPB2214 - Chứng quyền,CVPB2214 - Chứng quyền,,
CVPB2213,DELISTED,CW,CVPB2213 - Chứng quyền,CVPB2213 - Chứng quyền,,
CVPB2212,DELISTED,CW,CVPB2212 - Chứng quyền,CVPB2212 - Chứng quyền,,
CVPB2211,DELISTED,CW,CVPB2211 - Chứng quyền,CVPB2211 - Chứng quyền,,
CVPB2210,DELISTED,CW,CVPB2210 - Chứng quyền,CVPB2210 - Chứng quyền,,
CVPB2209,DELISTED,CW,CVPB2209 - Chứng quyền,CVPB2209 - Chứng quyền,,
CVPB2208,DELISTED,CW,CVPB2208 - Chứng quyền,CVPB2208 - Chứng quyền,,
CVPB2207,DELISTED,CW,CVPB2207 - Chứng quyền,CVPB2207 - Chứng quyền,,
CVPB2206,DELISTED,CW,CVPB2206 - Chứng quyền,CVPB2206 - Chứng quyền,,
CVPB2205,DELISTED,CW,CVPB2205 - Chứng quyền,CVPB2205 - Chứng quyền,,
CVPB2204,DELISTED,CW,CVPB2204 - Chứng quyền,CVPB2204 - Chứng quyền,,
CVPB2203,DELISTED,CW,CVPB2203 - Chứng quyền,CVPB2203 - Chứng quyền,,
CVPB2202,DELISTED,CW,CVPB2202 - Chứng quyền,CVPB2202 - Chứng quyền,,
CVPB2201,DELISTED,CW,CVPB2201 - Chứng quyền,CVPB2201 - Chứng quyền,,
CVPB2111,DELISTED,CW,CVPB2111 - Chứng quyền,CVPB2111 - Chứng quyền,,
CVP,DELISTED,STOCK,Cảng Cửa Việt,Công ty cổ phần Cảng Cửa Việt,,2700
CVNM2604,HSX,CW,Chứng quyền.VNM.KIS.M.CA.T.38,Chứng quyền.VNM.KIS.M.CA.T.38,STO,
CVNM2603,HSX,CW,Chứng quyền VNM-HSC-MET13,Chứng quyền VNM-HSC-MET13,STO,
CVNM2602,HSX,CW,Chứng quyền VNM/VPBANKS/C/EU/7M/CASH/25-02,Chứng quyền VNM/VPBANKS/C/EU/7M/CASH/25-02,STO,
CVNM2601,HSX,CW,Chứng quyền VNM/LPBS/Call/EU/Cash/12M-24,Chứng quyền VNM/LPBS/Call/EU/Cash/12M-24,STO,
CVNM2524,HSX,CW,Chứng quyền VNM/VIETCAP/M/Au/T/A6,Chứng quyền VNM/VIETCAP/M/Au/T/A6,STO,
CVNM2523,HSX,CW,Chứng quyền.VNM.VND.M.CA.T.2025.2,Chứng quyền.VNM.VND.M.CA.T.2025.2,STO,
CVNM2522,HSX,CW,Chứng quyền.VNM.VND.M.CA.T.2025.1,Chứng quyền.VNM.VND.M.CA.T.2025.1,STO,
CVNM2521,HSX,CW,Chứng quyền.VNM.KIS.M.CA.T.37,Chứng quyền.VNM.KIS.M.CA.T.37,STO,
CVNM2520,HSX,CW,Chứng quyền VNM.06.PHS.C.EU.Cash,Chứng quyền VNM.06.PHS.C.EU.Cash,STO,
CVNM2519,HSX,CW,Chứng quyền.VNM.KIS.M.CA.T.36,Chứng quyền.VNM.KIS.M.CA.T.36,STO,
CVNM2518,HSX,CW,Chứng quyền.VNM.KIS.M.CA.T.35,Chứng quyền.VNM.KIS.M.CA.T.35,STO,
CVNM2517,DELISTED,CW,Chứng quyền.VNM.KIS.M.CA.T.34,Chứng quyền.VNM.KIS.M.CA.T.34,STO,
CVNM2516,DELISTED,CW,Chứng quyền.VNM.KIS.M.CA.T.33,Chứng quyền.VNM.KIS.M.CA.T.33,STO,
CVNM2515,HSX,CW,Chứng quyền VNM/12M/SSI/C/EU/Cash-20,Chứng quyền VNM/12M/SSI/C/EU/Cash-20,STO,
CVNM2514,DELISTED,CW,Chứng quyền VNM/VPBANKS/C/EU/7M/CASH/25-01,Chứng quyền VNM/VPBANKS/C/EU/7M/CASH/25-01,STO,
CVNM2513,DELISTED,CW,Chứng quyền VNM/7M/SSI/C/EU/Cash-19,Chứng quyền VNM/7M/SSI/C/EU/Cash-19,STO,
CVNM2512,DELISTED,CW,Chứng quyền VNM/5M/SSI/C/EU/Cash-19,Chứng quyền VNM/5M/SSI/C/EU/Cash-19,STO,
CVNM2511,HSX,CW,Chứng quyền VNM/ACBS/Call/EU/Cash/12M/78,Chứng quyền VNM/ACBS/Call/EU/Cash/12M/78,STO,
CVNM2510,DELISTED,CW,Chứng quyền VNM-HSC-MET12,Chứng quyền VNM-HSC-MET12,STO,
CVNM2509,DELISTED,CW,Chứng quyền.VNM.KIS.M.CA.T.32,Chứng quyền.VNM.KIS.M.CA.T.32,STO,
CVNM2508,DELISTED,CW,Chứng quyền.VNM.KIS.M.CA.T.31,Chứng quyền.VNM.KIS.M.CA.T.31,STO,
CVNM2507,DELISTED,CW,Chứng quyền.VNM.KIS.M.CA.T.30,Chứng quyền.VNM.KIS.M.CA.T.30,STO,
CVNM2506,DELISTED,CW,Chứng quyền.VNM.KIS.M.CA.T.29,Chứng quyền.VNM.KIS.M.CA.T.29,STO,
CVNM2505,DELISTED,CW,CVNM2505 - Chứng quyền,CVNM2505 - Chứng quyền,STO,
CVNM2504,DELISTED,CW,CVNM2504 - Chứng quyền,CVNM2504 - Chứng quyền,STO,
CVNM2503,HSX,CW,Chứng quyền VNM/15M/SSI/C/EU/Cash-18,Chứng quyền VNM/15M/SSI/C/EU/Cash-18,STO,
CVNM2502,DELISTED,CW,CVNM2502 - Chứng quyền,CVNM2502 - Chứng quyền,STO,
CVNM2501,DELISTED,CW,CVNM2501 - Chứng quyền,CVNM2501 - Chứng quyền,STO,
CVNM2408,DELISTED,CW,CVNM2408 - Chứng quyền,CVNM2408 - Chứng quyền,,
CVNM2407,DELISTED,CW,Chứng quyền VNM/ACBS/Call/EU/Cash/12M/65,Chứng quyền VNM/ACBS/Call/EU/Cash/12M/65,STO,
CVNM2406,DELISTED,CW,Chứng quyền VNM/9M/SSI/C/EU/Cash-17,Chứng quyền VNM/9M/SSI/C/EU/Cash-17,STO,
CVNM2405,DELISTED,CW,CVNM2405 - Chứng quyền,CVNM2405 - Chứng quyền,,
CVNM2404,DELISTED,CW,CVNM2404 - Chứng quyền,CVNM2404 - Chứng quyền,,
CVNM2403,DELISTED,CW,CVNM2403 - Chứng quyền,CVNM2403 - Chứng quyền,,
CVNM2402,DELISTED,CW,CVNM2402 - Chứng quyền,CVNM2402 - Chứng quyền,,
CVNM2401,DELISTED,CW,CVNM2401 - Chứng quyền,CVNM2401 - Chứng quyền,STO,
CVNM2316,DELISTED,CW,CVNM2316 - Chứng quyền,CVNM2316 - Chứng quyền,,
CVNM2315,DELISTED,CW,CVNM2315 - Chứng quyền,CVNM2315 - Chứng quyền,,
CVNM2314,DELISTED,CW,CVNM2314 - Chứng quyền,CVNM2314 - Chứng quyền,,
CVNM2313,DELISTED,CW,CVNM2313 - Chứng quyền,CVNM2313 - Chứng quyền,,
CVNM2312,DELISTED,CW,CVNM2312 - Chứng quyền,CVNM2312 - Chứng quyền,,
CVNM2311,DELISTED,CW,CVNM2311 - Chứng quyền,CVNM2311 - Chứng quyền,,
CVNM2310,DELISTED,CW,CVNM2310 - Chứng quyền,CVNM2310 - Chứng quyền,,
CVNM2309,DELISTED,CW,CVNM2309 - Chứng quyền,CVNM2309 - Chứng quyền,,
CVNM2308,DELISTED,CW,CVNM2308 - Chứng quyền,CVNM2308 - Chứng quyền,,
CVNM2307,DELISTED,CW,CVNM2307 - Chứng quyền,CVNM2307 - Chứng quyền,,
CVNM2306,DELISTED,CW,CVNM2306 - Chứng quyền,CVNM2306 - Chứng quyền,,
CVNM2305,DELISTED,CW,CVNM2305 - Chứng quyền,CVNM2305 - Chứng quyền,,
CVNM2304,DELISTED,CW,CVNM2304 - Chứng quyền,CVNM2304 - Chứng quyền,,
CVNM2303,DELISTED,CW,CVNM2303 - Chứng quyền,CVNM2303 - Chứng quyền,,
CVNM2302,DELISTED,CW,CVNM2302 - Chứng quyền,CVNM2302 - Chứng quyền,,
CVNM2301,DELISTED,CW,CVNM2301 - Chứng quyền,CVNM2301 - Chứng quyền,,
CVNM2212,DELISTED,CW,CVNM2212 - Chứng quyền,CVNM2212 - Chứng quyền,,
CVNM2211,DELISTED,CW,CVNM2211 - Chứng quyền,CVNM2211 - Chứng quyền,,
CVNM2210,DELISTED,CW,CVNM2210 - Chứng quyền,CVNM2210 - Chứng quyền,,
CVNM2209,DELISTED,CW,CVNM2209 - Chứng quyền,CVNM2209 - Chứng quyền,,
CVNM2208,DELISTED,CW,CVNM2208 - Chứng quyền,CVNM2208 - Chứng quyền,,
CVNM2207,DELISTED,CW,CVNM2207 - Chứng quyền,CVNM2207 - Chứng quyền,,
CVNM2206,DELISTED,CW,CVNM2206 - Chứng quyền,CVNM2206 - Chứng quyền,,
CVNM2205,DELISTED,CW,CVNM2205 - Chứng quyền,CVNM2205 - Chứng quyền,,
CVNM2204,DELISTED,CW,CVNM2204 - Chứng quyền,CVNM2204 - Chứng quyền,,
CVNM2203,DELISTED,CW,CVNM2203 - Chứng quyền,CVNM2203 - Chứng quyền,,
CVNM2202,DELISTED,CW,CVNM2202 - Chứng quyền,CVNM2202 - Chứng quyền,,
CVNM2201,DELISTED,CW,CVNM2201 - Chứng quyền,CVNM2201 - Chứng quyền,,
CVNM2114,DELISTED,CW,CVNM2114 - Chứng quyền,CVNM2114 - Chứng quyền,,
CVNM2113,DELISTED,CW,CVNM2113 - Chứng quyền,CVNM2113 - Chứng quyền,,
CVNM2112,DELISTED,CW,,,,
CVNM2111,DELISTED,CW,CVNM2111 - Chứng quyền,CVNM2111 - Chứng quyền,,
CVN,UPCOM,STOCK,Vinam Group,Công ty Cổ phần Vinam,UPX,4500
CVJC2601,HSX,CW,Chứng quyền.VJC.KIS.M.CA.T.24,Chứng quyền.VJC.KIS.M.CA.T.24,STO,
CVJC2507,HSX,CW,Chứng quyền VJC/VIETCAP/M/Au/T/A2,Chứng quyền VJC/VIETCAP/M/Au/T/A2,STO,
CVJC2506,HSX,CW,Chứng quyền.VJC.KIS.M.CA.T.23,Chứng quyền.VJC.KIS.M.CA.T.23,STO,
CVJC2505,DELISTED,CW,Chứng quyền.VJC.KIS.M.CA.T.22,Chứng quyền.VJC.KIS.M.CA.T.22,STO,
CVJC2504,DELISTED,CW,Chứng quyền.VJC.KIS.M.CA.T.21,Chứng quyền.VJC.KIS.M.CA.T.21,STO,
CVJC2503,DELISTED,CW,Chứng quyền.VJC.KIS.M.CA.T.20,Chứng quyền.VJC.KIS.M.CA.T.20,STO,
CVJC2502,DELISTED,CW,Chứng quyền.VJC.KIS.M.CA.T.19,Chứng quyền.VJC.KIS.M.CA.T.19,STO,
CVJC2501,DELISTED,CW,CVJC2501 - Chứng quyền,CVJC2501 - Chứng quyền,STO,
CVJC2401,DELISTED,CW,CVJC2401 - Chứng quyền,CVJC2401 - Chứng quyền,,
CVJC2206,DELISTED,CW,CVJC2206 - Chứng quyền,CVJC2206 - Chứng quyền,,
CVJC2205,DELISTED,CW,CVJC2205 - Chứng quyền,CVJC2205 - Chứng quyền,,
CVJC2204,DELISTED,CW,CVJC2204 - Chứng quyền,CVJC2204 - Chứng quyền,,
CVJC2203,DELISTED,CW,CVJC2203 - Chứng quyền,CVJC2203 - Chứng quyền,,
CVJC2202,DELISTED,CW,CVJC2202 - Chứng quyền,CVJC2202 - Chứng quyền,,
CVJC2201,DELISTED,CW,CVJC2201 - Chứng quyền,CVJC2201 - Chứng quyền,,
CVJC2103,DELISTED,CW,CVJC2103 - Chứng quyền,CVJC2103 - Chứng quyền,,
CVIC2601,HSX,CW,Chứng quyền.VIC.KIS.M.CA.T.42,Chứng quyền.VIC.KIS.M.CA.T.42,STO,
CVIC2517,HSX,CW,Chứng quyền VIC/VIETCAP/M/Au/T/A4,Chứng quyền VIC/VIETCAP/M/Au/T/A4,STO,
CVIC2516,HSX,CW,Chứng quyền VIC/15M/KAFI/C/EU/CASH/2502,Chứng quyền VIC/15M/KAFI/C/EU/CASH/2502,STO,
CVIC2515,HSX,CW,Chứng quyền VIC/12M/KAFI/C/EU/CASH/2501,Chứng quyền VIC/12M/KAFI/C/EU/CASH/2501,STO,
CVIC2514,HSX,CW,Chứng quyền.VIC.KIS.M.CA.T.41,Chứng quyền.VIC.KIS.M.CA.T.41,STO,
CVIC2513,HSX,CW,Chứng quyền.VIC.KIS.M.CA.T.40,Chứng quyền.VIC.KIS.M.CA.T.40,STO,
CVIC2511,HSX,CW,Chứng quyền.VIC.KIS.M.CA.T.37,Chứng quyền.VIC.KIS.M.CA.T.37,STO,
CVIC2510,DELISTED,CW,Chứng quyền.VIC.KIS.M.CA.T.36,Chứng quyền.VIC.KIS.M.CA.T.36,STO,
CVIC2509,DELISTED,CW,Chứng quyền VIC-HSC-MET05,Chứng quyền VIC-HSC-MET05,STO,
CVIC2508,DELISTED,CW,Chứng quyền.VIC.KIS.M.CA.T.35,Chứng quyền.VIC.KIS.M.CA.T.35,STO,
CVIC2507,DELISTED,CW,Chứng quyền.VIC.KIS.M.CA.T.34,Chứng quyền.VIC.KIS.M.CA.T.34,STO,
CVIC2506,DELISTED,CW,Chứng quyền.VIC.KIS.M.CA.T.33,Chứng quyền.VIC.KIS.M.CA.T.33,STO,
CVIC2505,DELISTED,CW,Chứng quyền.VIC.KIS.M.CA.T.32,Chứng quyền.VIC.KIS.M.CA.T.32,STO,
CVIC2504,DELISTED,CW,Chứng quyền.VIC.KIS.M.CA.T.31,Chứng quyền.VIC.KIS.M.CA.T.31,STO,
CVIC2503,DELISTED,CW,CVIC2503 - Chứng quyền,CVIC2503 - Chứng quyền,STO,
CVIC2502,DELISTED,CW,CVIC2502 - Chứng quyền,CVIC2502 - Chứng quyền,STO,
CVIC2501,DELISTED,CW,CVIC2501 - Chứng quyền,CVIC2501 - Chứng quyền,STO,
CVIC2407,DELISTED,CW,CVIC2407 - Chứng quyền,CVIC2407 - Chứng quyền,STO,
CVIC2406,DELISTED,CW,CVIC2406 - Chứng quyền,CVIC2406 - Chứng quyền,,
CVIC2405,DELISTED,CW,Chứng quyền VIC/9M/SSI/C/EU/Cash-17,Chứng quyền VIC/9M/SSI/C/EU/Cash-17,STO,
CVIC2404,DELISTED,CW,CVIC2404 - Chứng quyền,CVIC2404 - Chứng quyền,,
CVIC2403,DELISTED,CW,CVIC2403 - Chứng quyền,CVIC2403 - Chứng quyền,,
CVIC2402,DELISTED,CW,CVIC2402 - Chứng quyền,CVIC2402 - Chứng quyền,,
CVIC2401,DELISTED,CW,CVIC2401 - Chứng quyền,CVIC2401 - Chứng quyền,,
CVIC2314,DELISTED,CW,CVIC2314 - Chứng quyền,CVIC2314 - Chứng quyền,,
CVIC2313,DELISTED,CW,CVIC2313 - Chứng quyền,CVIC2313 - Chứng quyền,,
CVIC2312,DELISTED,CW,CVIC2312 - Chứng quyền,CVIC2312 - Chứng quyền,,
CVIC2311,DELISTED,CW,CVIC2311 - Chứng quyền,CVIC2311 - Chứng quyền,,
CVIC2310,DELISTED,CW,CVIC2310 - Chứng quyền,CVIC2310 - Chứng quyền,,
CVIC2309,DELISTED,CW,CVIC2309 - Chứng quyền,CVIC2309 - Chứng quyền,,
CVIC2308,DELISTED,CW,CVIC2308 - Chứng quyền,CVIC2308 - Chứng quyền,,
CVIC2307,DELISTED,CW,CVIC2307 - Chứng quyền,CVIC2307 - Chứng quyền,,
CVIC2306,DELISTED,CW,CVIC2306 - Chứng quyền,CVIC2306 - Chứng quyền,,
CVIC2305,DELISTED,CW,CVIC2305 - Chứng quyền,CVIC2305 - Chứng quyền,,
CVIC2304,DELISTED,CW,CVIC2304 - Chứng quyền,CVIC2304 - Chứng quyền,,
CVIC2303,DELISTED,CW,CVIC2303 - Chứng quyền,CVIC2303 - Chứng quyền,,
CVIC2302,DELISTED,CW,CVIC2302 - Chứng quyền,CVIC2302 - Chứng quyền,,
CVIC2301,DELISTED,CW,CVIC2301 - Chứng quyền,CVIC2301 - Chứng quyền,,
CVIC2206,DELISTED,CW,CVIC2206 - Chứng quyền,CVIC2206 - Chứng quyền,,
CVIC2205,DELISTED,CW,CVIC2205 - Chứng quyền,CVIC2205 - Chứng quyền,,
CVIC2204,DELISTED,CW,CVIC2204 - Chứng quyền,CVIC2204 - Chứng quyền,,
CVIC2203,DELISTED,CW,CVIC2203 - Chứng quyền,CVIC2203 - Chứng quyền,,
CVIC2202,DELISTED,CW,CVIC2202 - Chứng quyền,CVIC2202 - Chứng quyền,,
CVIC2201,DELISTED,CW,CVIC2201 - Chứng quyền,CVIC2201 - Chứng quyền,,
CVIC2109,DELISTED,CW,CVIC2109 - Chứng quyền,CVIC2109 - Chứng quyền,,
CVIC2108,DELISTED,CW,CVIC2108 - Chứng quyền,CVIC2108 - Chứng quyền,,
CVIC2107,DELISTED,CW,,,,
CVIC2106,DELISTED,CW,CVIC2106 - Chứng quyền,CVIC2106 - Chứng quyền,,
CVIB2603,HSX,CW,Chứng quyền VIB/VPBANKS/C/EU/8M/CASH/25-02,Chứng quyền VIB/VPBANKS/C/EU/8M/CASH/25-02,STO,
CVIB2602,HSX,CW,Chứng quyền VIB/VPBANKS/C/EU/5M/CASH/25-02,Chứng quyền VIB/VPBANKS/C/EU/5M/CASH/25-02,STO,
CVIB2601,HSX,CW,Chứng quyền VIB/LPBS/Call/EU/Cash/12M/10,Chứng quyền VIB/LPBS/Call/EU/Cash/12M/10,STO,
CVIB2514,HSX,CW,Chứng quyền VIB/VIETCAP/M/Au/T/A4,Chứng quyền VIB/VIETCAP/M/Au/T/A4,STO,
CVIB2513,HSX,CW,Chứng quyền.VIB.VND.M.CA.T.2025.2,Chứng quyền.VIB.VND.M.CA.T.2025.2,STO,
CVIB2512,HSX,CW,Chứng quyền.VIB.VND.M.CA.T.2025.1,Chứng quyền.VIB.VND.M.CA.T.2025.1,STO,
CVIB2511,DELISTED,CW,Chứng quyền VIB/MBS/C/EU/CASH/6M/25-01,Chứng quyền VIB/MBS/C/EU/CASH/6M/25-01,STO,
CVIB2510,DELISTED,CW,Chứng quyền.VIB.KIS.M.CA.T.02,Chứng quyền.VIB.KIS.M.CA.T.02,STO,
CVIB2509,DELISTED,CW,Chứng quyền.VIB.KIS.M.CA.T.01,Chứng quyền.VIB.KIS.M.CA.T.01,STO,
CVIB2508,HSX,CW,Chứng quyền VIB/12M/SSI/C/EU/Cash-20,Chứng quyền VIB/12M/SSI/C/EU/Cash-20,STO,
CVIB2507,DELISTED,CW,Chứng quyền VIB/VPBANKS/C/EU/6M/CASH/25-01,Chứng quyền VIB/VPBANKS/C/EU/6M/CASH/25-01,STO,
CVIB2506,DELISTED,CW,Chứng quyền VIB/5M/SSI/C/EU/Cash-19,Chứng quyền VIB/5M/SSI/C/EU/Cash-19,STO,
CVIB2505,DELISTED,CW,Chứng quyền VIB/7M/SSI/C/EU/Cash-19,Chứng quyền VIB/7M/SSI/C/EU/Cash-19,STO,
CVIB2504,HSX,CW,Chứng quyền VIB/ACBS/Call/EU/Cash/12M/77,Chứng quyền VIB/ACBS/Call/EU/Cash/12M/77,STO,
CVIB2503,DELISTED,CW,CVIB2503 - Chứng quyền,CVIB2503 - Chứng quyền,STO,
CVIB2502,DELISTED,CW,CVIB2502 - Chứng quyền,CVIB2502 - Chứng quyền,STO,
CVIB2501,DELISTED,CW,CVIB2501 - Chứng quyền,CVIB2501 - Chứng quyền,STO,
CVIB2408,DELISTED,CW,CVIB2408 - Chứng quyền,CVIB2408 - Chứng quyền,STO,
CVIB2407,DELISTED,CW,Chứng quyền VIB/ACBS/Call/EU/Cash/12M/64,Chứng quyền VIB/ACBS/Call/EU/Cash/12M/64,STO,
CVIB2406,DELISTED,CW,Chứng quyền VIB/9M/SSI/C/EU/Cash-17,Chứng quyền VIB/9M/SSI/C/EU/Cash-17,STO,
CVIB2405,DELISTED,CW,CVIB2405 - Chứng quyền,CVIB2405 - Chứng quyền,,
CVIB2404,DELISTED,CW,CVIB2404 - Chứng quyền,CVIB2404 - Chứng quyền,,
CVIB2403,DELISTED,CW,CVIB2403 - Chứng quyền,CVIB2403 - Chứng quyền,,
CVIB2402,DELISTED,CW,CVIB2402 - Chứng quyền,CVIB2402 - Chứng quyền,STO,
CVIB2401,DELISTED,CW,CVIB2401 - Chứng quyền,CVIB2401 - Chứng quyền,,
CVIB2307,DELISTED,CW,CVIB2307 - Chứng quyền,CVIB2307 - Chứng quyền,,
CVIB2306,DELISTED,CW,CVIB2306 - Chứng quyền,CVIB2306 - Chứng quyền,,
CVIB2305,DELISTED,CW,CVIB2305 - Chứng quyền,CVIB2305 - Chứng quyền,,
CVIB2304,DELISTED,CW,CVIB2304 - Chứng quyền,CVIB2304 - Chứng quyền,,
CVIB2303,DELISTED,CW,CVIB2303 - Chứng quyền,CVIB2303 - Chứng quyền,,
CVIB2302,DELISTED,CW,CVIB2302 - Chứng quyền,CVIB2302 - Chứng quyền,,
CVIB2301,DELISTED,CW,CVIB2301 - Chứng quyền,CVIB2301 - Chứng quyền,,
CVIB2201,DELISTED,CW,CVIB2201 - Chứng quyền,CVIB2201 - Chứng quyền,,
CVHM2608,HSX,CW,Chứng quyền.VHM.KIS.M.CA.T.41,Chứng quyền.VHM.KIS.M.CA.T.41,STO,
CVHM2607,HSX,CW,Chứng quyền VHM/9M/SSI/C/EU/Cash-21,Chứng quyền VHM/9M/SSI/C/EU/Cash-21,STO,
CVHM2606,HSX,CW,Chứng quyền VHM/6M/SSI/C/EU/Cash-21,Chứng quyền VHM/6M/SSI/C/EU/Cash-21,STO,
CVHM2605,HSX,CW,Chứng quyền VHM/VPBANKS/C/EU/6M/CASH/25-02,Chứng quyền VHM/VPBANKS/C/EU/6M/CASH/25-02,STO,
CVHM2604,HSX,CW,Chứng quyền VHM/LPBS/Call/EU/Cash/12M/22,Chứng quyền VHM/LPBS/Call/EU/Cash/12M/22,STO,
CVHM2603,HSX,CW,Chứng quyền VHM/TCBS/C/EU/12M/CASH/02,Chứng quyền VHM/TCBS/C/EU/12M/CASH/02,STO,
CVHM2602,HSX,CW,Chứng quyền VHM/TCBS/C/EU/9M/CASH/02,Chứng quyền VHM/TCBS/C/EU/9M/CASH/02,STO,
CVHM2601,HSX,CW,Chứng quyền VHM/TCBS/C/EU/6M/CASH/02,Chứng quyền VHM/TCBS/C/EU/6M/CASH/02,STO,
CVHM2525,HSX,CW,Chứng quyền VHM/VIETCAP/M/Au/T/A5,Chứng quyền VHM/VIETCAP/M/Au/T/A5,STO,
CVHM2524,HSX,CW,Chứng quyền VHM/15M/KAFI/C/EU/CASH/2502,Chứng quyền VHM/15M/KAFI/C/EU/CASH/2502,STO,
CVHM2523,HSX,CW,Chứng quyền VHM/12M/KAFI/C/EU/CASH/2501,Chứng quyền VHM/12M/KAFI/C/EU/CASH/2501,STO,
CVHM2522,HSX,CW,Chứng quyền.VHM.KIS.M.CA.T.40,Chứng quyền.VHM.KIS.M.CA.T.40,STO,
CVHM2521,HSX,CW,Chứng quyền.VHM.KIS.M.CA.T.39,Chứng quyền.VHM.KIS.M.CA.T.39,STO,
CVHM2520,HSX,CW,Chứng quyền VHM.03.PHS.C.EU.Cash,Chứng quyền VHM.03.PHS.C.EU.Cash,STO,
CVHM2519,HSX,CW,Chứng quyền VHM.01.PHS.C.EU.Cash,Chứng quyền VHM.01.PHS.C.EU.Cash,STO,
CVHM2518,HSX,CW,Chứng quyền.VHM.KIS.M.CA.T.36,Chứng quyền.VHM.KIS.M.CA.T.36,STO,
CVHM2517,DELISTED,CW,Chứng quyền.VHM.KIS.M.CA.T.35,Chứng quyền.VHM.KIS.M.CA.T.35,STO,
CVHM2516,HSX,CW,Chứng quyền VHM/12M/SSI/C/EU/Cash-20,Chứng quyền VHM/12M/SSI/C/EU/Cash-20,STO,
CVHM2515,DELISTED,CW,Chứng quyền VHM/VPBANKS/C/EU/6M/CASH/25-01,Chứng quyền VHM/VPBANKS/C/EU/6M/CASH/25-01,STO,
CVHM2514,DELISTED,CW,Chứng quyền VHM/7M/SSI/C/EU/Cash-19,Chứng quyền VHM/7M/SSI/C/EU/Cash-19,STO,
CVHM2513,DELISTED,CW,Chứng quyền VHM/5M/SSI/C/EU/Cash-19,Chứng quyền VHM/5M/SSI/C/EU/Cash-19,STO,
CVHM2512,HSX,CW,Chứng quyền VHM/ACBS/Call/EU/Cash/12M/76,Chứng quyền VHM/ACBS/Call/EU/Cash/12M/76,STO,
CVHM2511,HSX,CW,Chứng quyền VHM-HSC-MET17,Chứng quyền VHM-HSC-MET17,STO,
CVHM2510,DELISTED,CW,Chứng quyền VHM-HSC-MET16,Chứng quyền VHM-HSC-MET16,STO,
CVHM2509,DELISTED,CW,Chứng quyền.VHM.KIS.M.CA.T.34,Chứng quyền.VHM.KIS.M.CA.T.34,STO,
CVHM2508,DELISTED,CW,Chứng quyền.VHM.KIS.M.CA.T.33,Chứng quyền.VHM.KIS.M.CA.T.33,STO,
CVHM2507,DELISTED,CW,Chứng quyền.VHM.KIS.M.CA.T.32,Chứng quyền.VHM.KIS.M.CA.T.32,STO,
CVHM2506,DELISTED,CW,Chứng quyền.VHM.KIS.M.CA.T.31,Chứng quyền.VHM.KIS.M.CA.T.31,STO,
CVHM2505,DELISTED,CW,Chứng quyền.VHM.KIS.M.CA.T.30,Chứng quyền.VHM.KIS.M.CA.T.30,STO,
CVHM2504,DELISTED,CW,CVHM2504 - Chứng quyền,CVHM2504 - Chứng quyền,STO,
CVHM2503,HSX,CW,Chứng quyền VHM/BSC/C/15M/EU/Cash/2024-01,Chứng quyền VHM/BSC/C/15M/EU/Cash/2024-01,STO,
CVHM2502,DELISTED,CW,CVHM2502 - Chứng quyền,CVHM2502 - Chứng quyền,STO,
CVHM2501,DELISTED,CW,CVHM2501 - Chứng quyền,CVHM2501 - Chứng quyền,STO,
CVHM2411,DELISTED,CW,CVHM2411 - Chứng quyền,CVHM2411 - Chứng quyền,STO,
CVHM2410,DELISTED,CW,CVHM2410 - Chứng quyền,CVHM2410 - Chứng quyền,,
CVHM2409,DELISTED,CW,Chứng quyền VHM/MBS/C/EU/CASH/9M/24-01,Chứng quyền VHM/MBS/C/EU/CASH/9M/24-01,STO,
CVHM2408,DELISTED,CW,Chứng quyền VHM/ACBS/Call/EU/Cash/12M/63,Chứng quyền VHM/ACBS/Call/EU/Cash/12M/63,STO,
CVHM2407,DELISTED,CW,CVHM2407 - Chứng quyền,CVHM2407 - Chứng quyền,,
CVHM2406,DELISTED,CW,Chứng quyền VHM/9M/SSI/C/EU/Cash-17,Chứng quyền VHM/9M/SSI/C/EU/Cash-17,STO,
CVHM2405,DELISTED,CW,CVHM2405 - Chứng quyền,CVHM2405 - Chứng quyền,,
CVHM2404,DELISTED,CW,CVHM2404 - Chứng quyền,CVHM2404 - Chứng quyền,,
CVHM2403,DELISTED,CW,CVHM2403 - Chứng quyền,CVHM2403 - Chứng quyền,,
CVHM2402,DELISTED,CW,CVHM2402 - Chứng quyền,CVHM2402 - Chứng quyền,,
CVHM2401,DELISTED,CW,CVHM2401 - Chứng quyền,CVHM2401 - Chứng quyền,,
CVHM2319,DELISTED,CW,CVHM2319 - Chứng quyền,CVHM2319 - Chứng quyền,,
CVHM2318,DELISTED,CW,CVHM2318 - Chứng quyền,CVHM2318 - Chứng quyền,,
CVHM2317,DELISTED,CW,CVHM2317 - Chứng quyền,CVHM2317 - Chứng quyền,,
CVHM2316,DELISTED,CW,CVHM2316 - Chứng quyền,CVHM2316 - Chứng quyền,,
CVHM2315,DELISTED,CW,CVHM2315 - Chứng quyền,CVHM2315 - Chứng quyền,,
CVHM2314,DELISTED,CW,CVHM2314 - Chứng quyền,CVHM2314 - Chứng quyền,,
CVHM2313,DELISTED,CW,CVHM2313 - Chứng quyền,CVHM2313 - Chứng quyền,,
CVHM2312,DELISTED,CW,CVHM2312 - Chứng quyền,CVHM2312 - Chứng quyền,,
CVHM2311,DELISTED,CW,CVHM2311 - Chứng quyền,CVHM2311 - Chứng quyền,,
CVHM2310,DELISTED,CW,CVHM2310 - Chứng quyền,CVHM2310 - Chứng quyền,,
CVHM2309,DELISTED,CW,CVHM2309 - Chứng quyền,CVHM2309 - Chứng quyền,,
CVHM2308,DELISTED,CW,CVHM2308 - Chứng quyền,CVHM2308 - Chứng quyền,,
CVHM2307,DELISTED,CW,CVHM2307 - Chứng quyền,CVHM2307 - Chứng quyền,,
CVHM2306,DELISTED,CW,CVHM2306 - Chứng quyền,CVHM2306 - Chứng quyền,,
CVHM2305,DELISTED,CW,CVHM2305 - Chứng quyền,CVHM2305 - Chứng quyền,,
CVHM2304,DELISTED,CW,CVHM2304 - Chứng quyền,CVHM2304 - Chứng quyền,,
CVHM2303,DELISTED,CW,CVHM2303 - Chứng quyền,CVHM2303 - Chứng quyền,,
CVHM2302,DELISTED,CW,CVHM2302 - Chứng quyền,CVHM2302 - Chứng quyền,,
CVHM2301,DELISTED,CW,CVHM2301 - Chứng quyền,CVHM2301 - Chứng quyền,,
CVHM2220,DELISTED,CW,CVHM2220 - Chứng quyền,CVHM2220 - Chứng quyền,,
CVHM2219,DELISTED,CW,CVHM2219 - Chứng quyền,CVHM2219 - Chứng quyền,,
CVHM2218,DELISTED,CW,CVHM2218 - Chứng quyền,CVHM2218 - Chứng quyền,,
CVHM2217,DELISTED,CW,CVHM2217 - Chứng quyền,CVHM2217 - Chứng quyền,,
CVHM2216,DELISTED,CW,CVHM2216 - Chứng quyền,CVHM2216 - Chứng quyền,,
CVHM2215,DELISTED,CW,CVHM2215 - Chứng quyền,CVHM2215 - Chứng quyền,,
CVHM2214,DELISTED,CW,CVHM2214 - Chứng quyền,CVHM2214 - Chứng quyền,,
CVHM2213,DELISTED,CW,CVHM2213 - Chứng quyền,CVHM2213 - Chứng quyền,,
CVHM2212,DELISTED,CW,CVHM2212 - Chứng quyền,CVHM2212 - Chứng quyền,,
CVHM2211,DELISTED,CW,CVHM2211 - Chứng quyền,CVHM2211 - Chứng quyền,,
CVHM2210,DELISTED,CW,CVHM2210 - Chứng quyền,CVHM2210 - Chứng quyền,,
CVHM2209,DELISTED,CW,CVHM2209 - Chứng quyền,CVHM2209 - Chứng quyền,,
CVHM2208,DELISTED,CW,CVHM2208 - Chứng quyền,CVHM2208 - Chứng quyền,,
CVHM2207,DELISTED,CW,CVHM2207 - Chứng quyền,CVHM2207 - Chứng quyền,,
CVHM2206,DELISTED,CW,CVHM2206 - Chứng quyền,CVHM2206 - Chứng quyền,,
CVHM2205,DELISTED,CW,CVHM2205 - Chứng quyền,CVHM2205 - Chứng quyền,,
CVHM2204,DELISTED,CW,CVHM2204 - Chứng quyền,CVHM2204 - Chứng quyền,,
CVHM2203,DELISTED,CW,CVHM2203 - Chứng quyền,CVHM2203 - Chứng quyền,,
CVHM2202,DELISTED,CW,CVHM2202 - Chứng quyền,CVHM2202 - Chứng quyền,,
CVHM2201,DELISTED,CW,CVHM2201 - Chứng quyền,CVHM2201 - Chứng quyền,,
CVHM2115,DELISTED,CW,CVHM2115 - Chứng quyền,CVHM2115 - Chứng quyền,,
CVHM2114,DELISTED,CW,CVHM2114 - Chứng quyền,CVHM2114 - Chứng quyền,,
CVHM2113,DELISTED,CW,CVHM2113 - Chứng quyền,CVHM2113 - Chứng quyền,,
CVHM2111,DELISTED,CW,CVHM2111 - Chứng quyền,CVHM2111 - Chứng quyền,,
CTX,UPCOM,STOCK,CONSTREXIM,Tổng Công ty Cổ phần Đầu tư Xây dựng và Thương mại Việt Nam,UPX,2300
CTW,UPCOM,STOCK,Cấp thoát nước Cần Thơ,Công ty Cổ phần Cấp thoát nước Cần Thơ,UPX,7500
CTT,HNX,STOCK,Chế tạo máy - Vinacomin,Công ty Cổ phần Chế tạo máy - Vinacomin,STX,2700
CTS,HSX,STOCK,Chứng khoán Vietinbank,Công ty Cổ phần Chứng khoán Vietinbank,STO,8700
CTR,HSX,STOCK,Công trình Viettel,Tổng Công ty Cổ phần Công trình Viettel,STO,2300
CTPB2604,HSX,CW,Chứng quyền.TPB.KIS.M.CA.T.14,Chứng quyền.TPB.KIS.M.CA.T.14,STO,
CTPB2603,HSX,CW,Chứng quyền TPB.6M.SSV.C.EU.Cash.25.02,Chứng quyền TPB.6M.SSV.C.EU.Cash.25.02,STO,
CTPB2602,HSX,CW,Chứng quyền TPB/VPBANKS/C/EU/8M/CASH/25-02,Chứng quyền TPB/VPBANKS/C/EU/8M/CASH/25-02,STO,
CTPB2601,HSX,CW,Chứng quyền TPB/VPBANKS/C/EU/5M/CASH/25-02,Chứng quyền TPB/VPBANKS/C/EU/5M/CASH/25-02,STO,
CTPB2511,HSX,CW,Chứng quyền TPB/VIETCAP/M/Au/T/A4,Chứng quyền TPB/VIETCAP/M/Au/T/A4,STO,
CTPB2510,HSX,CW,Chứng quyền.TPB.KIS.M.CA.T.13,Chứng quyền.TPB.KIS.M.CA.T.13,STO,
CTPB2509,HSX,CW,Chứng quyền.TPB.KIS.M.CA.T.12,Chứng quyền.TPB.KIS.M.CA.T.12,STO,
CTPB2508,DELISTED,CW,Chứng quyền.TPB.KIS.M.CA.T.11,Chứng quyền.TPB.KIS.M.CA.T.11,STO,
CTPB2507,DELISTED,CW,Chứng quyền TPB/MBS/C/EU/CASH/6M/25-01,Chứng quyền TPB/MBS/C/EU/CASH/6M/25-01,STO,
CTPB2506,HSX,CW,Chứng quyền TPB.02.PHS.C.EU.Cash,Chứng quyền TPB.02.PHS.C.EU.Cash,STO,
CTPB2505,DELISTED,CW,Chứng quyền.TPB.KIS.M.CA.T.10,Chứng quyền.TPB.KIS.M.CA.T.10,STO,
CTPB2504,DELISTED,CW,Chứng quyền TPB/VPBANKS/C/EU/6M/CASH/25-01,Chứng quyền TPB/VPBANKS/C/EU/6M/CASH/25-01,STO,
CTPB2503,HSX,CW,Chứng quyền TPB/ACBS/Call/EU/Cash/12M/75,Chứng quyền TPB/ACBS/Call/EU/Cash/12M/75,STO,
CTPB2502,DELISTED,CW,Chứng quyền TPB-HSC-MET03,Chứng quyền TPB-HSC-MET03,STO,
CTPB2501,DELISTED,CW,CTPB2501 - Chứng quyền,CTPB2501 - Chứng quyền,STO,
CTPB2405,DELISTED,CW,CTPB2405 - Chứng quyền,CTPB2405 - Chứng quyền,STO,
CTPB2404,DELISTED,CW,CTPB2404 - Chứng quyền,CTPB2404 - Chứng quyền,,
CTPB2403,DELISTED,CW,CTPB2403 - Chứng quyền,CTPB2403 - Chứng quyền,STO,
CTPB2402,DELISTED,CW,CTPB2402 - Chứng quyền,CTPB2402 - Chứng quyền,,
CTPB2401,DELISTED,CW,CTPB2401 - Chứng quyền,CTPB2401 - Chứng quyền,,
CTPB2306,DELISTED,CW,CTPB2306 - Chứng quyền,CTPB2306 - Chứng quyền,,
CTPB2305,DELISTED,CW,CTPB2305 - Chứng quyền,CTPB2305 - Chứng quyền,,
CTPB2304,DELISTED,CW,CTPB2304 - Chứng quyền,CTPB2304 - Chứng quyền,,
CTPB2303,DELISTED,CW,CTPB2303 - Chứng quyền,CTPB2303 - Chứng quyền,,
CTPB2302,DELISTED,CW,CTPB2302 - Chứng quyền,CTPB2302 - Chứng quyền,,
CTPB2301,DELISTED,CW,CTPB2301 - Chứng quyền,CTPB2301 - Chứng quyền,,
CTPB2206,DELISTED,CW,CTPB2206 - Chứng quyền,CTPB2206 - Chứng quyền,,
CTPB2205,DELISTED,CW,CTPB2205 - Chứng quyền,CTPB2205 - Chứng quyền,,
CTPB2204,DELISTED,CW,CTPB2204 - Chứng quyền,CTPB2204 - Chứng quyền,,
CTPB2203,DELISTED,CW,CTPB2203 - Chứng quyền,CTPB2203 - Chứng quyền,,
CTPB2202,DELISTED,CW,CTPB2202 - Chứng quyền,CTPB2202 - Chứng quyền,,
CTPB2201,DELISTED,CW,CTPB2201 - Chứng quyền,CTPB2201 - Chứng quyền,,
CTP,HNX,STOCK,CTP Group,Công ty Cổ phần Tập đoàn CTP Group,STX,3500
CTN,DELISTED,STOCK,VINAVICO,Công ty Cổ phần Xây dựng Công trình ngầm,UPX,2300
CTI,HSX,STOCK,Cường Thuận IDICO,Công ty Cổ phần Đầu tư Phát triển Cường Thuận IDICO,STO,2300
CTG125014,BOND,BOND,Trái phiếu kỳ hạn 10 năm (CTG2434T2/02) (CTG125014),Trái phiếu kỳ hạn 10 năm (CTG2434T2/02) (CTG125014),HCX,
CTG125013,BOND,BOND,Trái phiếu kỳ hạn 8 năm (CTG2432T2/02) (CTG125013),Trái phiếu kỳ hạn 8 năm (CTG2432T2/02) (CTG125013),HCX,
CTG125002,BOND,BOND,Trai phieu ky han 10 nam (CTG2434T2/01),Trai phieu ky han 10 nam (CTG2434T2/01),HCX,
CTG125001,BOND,BOND,Trai phieu ky han 08 nam (CTG2432T2/01),Trai phieu ky han 08 nam (CTG2432T2/01),HCX,
CTG123034,BOND,BOND,Trai phieu CTG,Trai phieu CTG,HCX,
CTG123033,BOND,BOND,TRai phieu CTG,TRai phieu CTG,HCX,
CTG123019,BOND,BOND,Trai phieu NHTMCP Cong Thuong Viet Nam,Trai phieu NHTMCP Cong Thuong Viet Nam,HCX,
CTG123018,BOND,BOND,Trai phieu NHTMCP Cong Thuong Viet Nam,Trai phieu NHTMCP Cong Thuong Viet Nam,HCX,
CTG121031,BOND,BOND,Trai phieu Ngan hang Thuong mai Co Phan Cong thuong Viet Nam,Trai phieu Ngan hang Thuong mai Co Phan Cong thuong Viet Nam,HCX,
CTG121030,DELISTED,BOND,CTG121030 - Trái phiếu,CTG121030 - Trái phiếu,,
CTG,HSX,STOCK,VietinBank,Ngân hàng Thương mại Cổ phần Công thương Việt Nam,STO,8300
CTF,HSX,STOCK,City Auto,Công ty Cổ phần City Auto,STO,3300
CTD122015,DELISTED,BOND,CTD122015 - Trái phiếu,CTD122015 - Trái phiếu,,
CTD,HSX,STOCK,Xây dựng Coteccons,Công ty Cổ phần Xây dựng Coteccons,STO,2300
CTCB2606,HSX,CW,Chứng quyền TCB-HSC-MET16,Chứng quyền TCB-HSC-MET16,STO,
CTCB2605,HSX,CW,Chứng quyền TCB/9M/SSI/C/EU/Cash-21,Chứng quyền TCB/9M/SSI/C/EU/Cash-21,STO,
CTCB2604,HSX,CW,Chứng quyền TCB/6M/SSI/C/EU/Cash-21,Chứng quyền TCB/6M/SSI/C/EU/Cash-21,STO,
CTCB2603,HSX,CW,Chứng quyền TCB/VPBANKS/C/EU/9M/CASH/25-02,Chứng quyền TCB/VPBANKS/C/EU/9M/CASH/25-02,STO,
CTCB2602,HSX,CW,Chứng quyền TCB/LPBS/Call/EU/Cash/6M/07,Chứng quyền TCB/LPBS/Call/EU/Cash/6M/07,STO,
CTCB2601,HSX,CW,Chứng quyền TCB/ACBS/Call/EU/Cash/10M/91,Chứng quyền TCB/ACBS/Call/EU/Cash/10M/91,STO,
CTCB2524,HSX,CW,Chứng quyền TCB/VIETCAP/M/Au/T/A7,Chứng quyền TCB/VIETCAP/M/Au/T/A7,STO,
CTCB2523,HSX,CW,Chứng quyền TCB/15M/KAFI/C/EU/CASH/2502,Chứng quyền TCB/15M/KAFI/C/EU/CASH/2502,STO,
CTCB2522,HSX,CW,Chứng quyền TCB/12M/KAFI/C/EU/CASH/2501,Chứng quyền TCB/12M/KAFI/C/EU/CASH/2501,STO,
CTCB2521,HSX,CW,Chứng quyền.TCB.VND.M.CA.T.2025.3,Chứng quyền.TCB.VND.M.CA.T.2025.3,STO,
CTCB2520,HSX,CW,Chứng quyền.TCB.VND.M.CA.T.2025.2,Chứng quyền.TCB.VND.M.CA.T.2025.2,STO,
CTCB2519,DELISTED,CW,Chứng quyền.TCB.VND.M.CA.T.2025.1,Chứng quyền.TCB.VND.M.CA.T.2025.1,STO,
CTCB2518,DELISTED,CW,Chứng quyền TCB/ACBS/Call/EU/Cash/7M/86,Chứng quyền TCB/ACBS/Call/EU/Cash/7M/86,STO,
CTCB2517,HSX,CW,Chứng quyền.TCB.KIS.M.CA.T.06,Chứng quyền.TCB.KIS.M.CA.T.06,STO,
CTCB2516,HSX,CW,Chứng quyền.TCB.KIS.M.CA.T.05,Chứng quyền.TCB.KIS.M.CA.T.05,STO,
CTCB2515,DELISTED,CW,Chứng quyền.TCB.KIS.M.CA.T.04,Chứng quyền.TCB.KIS.M.CA.T.04,STO,
CTCB2514,DELISTED,CW,Chứng quyền TCB/MBS/C/EU/CASH/6M/25-01,Chứng quyền TCB/MBS/C/EU/CASH/6M/25-01,STO,
CTCB2513,DELISTED,CW,Chứng quyền.TCB.KIS.M.CA.T.03,Chứng quyền.TCB.KIS.M.CA.T.03,STO,
CTCB2512,HSX,CW,Chứng quyền TCB/12M/SSI/C/EU/Cash-20,Chứng quyền TCB/12M/SSI/C/EU/Cash-20,STO,
CTCB2511,HSX,CW,Chứng quyền TCB/VPBANKS/C/EU/9M/CASH/25-01,Chứng quyền TCB/VPBANKS/C/EU/9M/CASH/25-01,STO,
CTCB2510,DELISTED,CW,Chứng quyền TCB/VPBANKS/C/EU/6M/CASH/25-01,Chứng quyền TCB/VPBANKS/C/EU/6M/CASH/25-01,STO,
CTCB2509,DELISTED,CW,Chứng quyền TCB/7M/SSI/C/EU/Cash-19,Chứng quyền TCB/7M/SSI/C/EU/Cash-19,STO,
CTCB2508,DELISTED,CW,Chứng quyền TCB/5M/SSI/C/EU/Cash-19,Chứng quyền TCB/5M/SSI/C/EU/Cash-19,STO,
CTCB2507,HSX,CW,Chứng quyền TCB/ACBS/Call/EU/Cash/12M/74,Chứng quyền TCB/ACBS/Call/EU/Cash/12M/74,STO,
CTCB2506,DELISTED,CW,CTCB2506 - Chứng quyền,CTCB2506 - Chứng quyền,STO,
CTCB2505,DELISTED,CW,CTCB2505 - Chứng quyền,CTCB2505 - Chứng quyền,STO,
CTCB2504,DELISTED,CW,Chứng quyền TCB/BSC/C/12M/EU/Cash/2024-01,Chứng quyền TCB/BSC/C/12M/EU/Cash/2024-01,STO,
CTCB2503,DELISTED,CW,CTCB2503 - Chứng quyền,CTCB2503 - Chứng quyền,STO,
CTCB2502,DELISTED,CW,CTCB2502 - Chứng quyền,CTCB2502 - Chứng quyền,STO,
CTCB2501,DELISTED,CW,Chứng quyền TCB/VPBANKS/C/EU/7M/CASH/24-01,Chứng quyền TCB/VPBANKS/C/EU/7M/CASH/24-01,STO,
CTCB2406,DELISTED,CW,CTCB2406 - Chứng quyền,CTCB2406 - Chứng quyền,STO,
CTCB2405,DELISTED,CW,CTCB2405 - Chứng quyền,CTCB2405 - Chứng quyền,,
CTCB2404,DELISTED,CW,Chứng quyền TCB/MBS/C/EU/CASH/9M/24-01,Chứng quyền TCB/MBS/C/EU/CASH/9M/24-01,STO,
CTCB2403,DELISTED,CW,Chứng quyền TCB/ACBS/Call/EU/Cash/12M/62,Chứng quyền TCB/ACBS/Call/EU/Cash/12M/62,STO,
CTCB2402,DELISTED,CW,CTCB2402 - Chứng quyền,CTCB2402 - Chứng quyền,,
CTCB2401,DELISTED,CW,CTCB2401 - Chứng quyền,CTCB2401 - Chứng quyền,,
CTCB2312,DELISTED,CW,CTCB2312 - Chứng quyền,CTCB2312 - Chứng quyền,,
CTCB2311,DELISTED,CW,CTCB2311 - Chứng quyền,CTCB2311 - Chứng quyền,,
CTCB2310,DELISTED,CW,CTCB2310 - Chứng quyền,CTCB2310 - Chứng quyền,,
CTCB2309,DELISTED,CW,CTCB2309 - Chứng quyền,CTCB2309 - Chứng quyền,,
CTCB2308,DELISTED,CW,CTCB2308 - Chứng quyền,CTCB2308 - Chứng quyền,,
CTCB2307,DELISTED,CW,CTCB2307 - Chứng quyền,CTCB2307 - Chứng quyền,,
CTCB2306,DELISTED,CW,CTCB2306 - Chứng quyền,CTCB2306 - Chứng quyền,,
CTCB2305,DELISTED,CW,CTCB2305 - Chứng quyền,CTCB2305 - Chứng quyền,,
CTCB2304,DELISTED,CW,CTCB2304 - Chứng quyền,CTCB2304 - Chứng quyền,,
CTCB2303,DELISTED,CW,CTCB2303 - Chứng quyền,CTCB2303 - Chứng quyền,,
CTCB2302,DELISTED,CW,CTCB2302 - Chứng quyền,CTCB2302 - Chứng quyền,,
CTCB2301,DELISTED,CW,CTCB2301 - Chứng quyền,CTCB2301 - Chứng quyền,,
CTCB2216,DELISTED,CW,CTCB2216 - Chứng quyền,CTCB2216 - Chứng quyền,,
CTCB2215,DELISTED,CW,CTCB2215 - Chứng quyền,CTCB2215 - Chứng quyền,,
CTCB2214,DELISTED,CW,CTCB2214 - Chứng quyền,CTCB2214 - Chứng quyền,,
CTCB2213,DELISTED,CW,CTCB2213 - Chứng quyền,CTCB2213 - Chứng quyền,,
CTCB2212,DELISTED,CW,CTCB2212 - Chứng quyền,CTCB2212 - Chứng quyền,,
CTCB2211,DELISTED,CW,CTCB2211 - Chứng quyền,CTCB2211 - Chứng quyền,,
CTCB2210,DELISTED,CW,CTCB2210 - Chứng quyền,CTCB2210 - Chứng quyền,,
CTCB2209,DELISTED,CW,CTCB2209 - Chứng quyền,CTCB2209 - Chứng quyền,,
CTCB2208,DELISTED,CW,CTCB2208 - Chứng quyền,CTCB2208 - Chứng quyền,,
CTCB2207,DELISTED,CW,CTCB2207 - Chứng quyền,CTCB2207 - Chứng quyền,,
CTCB2206,DELISTED,CW,CTCB2206 - Chứng quyền,CTCB2206 - Chứng quyền,,
CTCB2205,DELISTED,CW,CTCB2205 - Chứng quyền,CTCB2205 - Chứng quyền,,
CTCB2204,DELISTED,CW,CTCB2204 - Chứng quyền,CTCB2204 - Chứng quyền,,
CTCB2203,DELISTED,CW,CTCB2203 - Chứng quyền,CTCB2203 - Chứng quyền,,
CTCB2202,DELISTED,CW,CTCB2202 - Chứng quyền,CTCB2202 - Chứng quyền,,
CTCB2201,DELISTED,CW,CTCB2201 - Chứng quyền,CTCB2201 - Chứng quyền,,
CTCB2112,DELISTED,CW,CTCB2112 - Chứng quyền,CTCB2112 - Chứng quyền,,
CTCB2105,DELISTED,CW,CTCB2105 - Chứng quyền,CTCB2105 - Chứng quyền,,
CTC,DELISTED,STOCK,Tập đoàn Hoàng Kim Tây Nguyên,Công ty Cổ phần Tập đoàn Hoàng Kim Tây Nguyên,,5700
CTB,HNX,STOCK,Bơm Hải Dương,Công ty Cổ phần Chế tạo Bơm Hải Dương,STX,2700
CTA,UPCOM,STOCK,Xây dựng Vinavico,Công ty Cổ phần Vinavico,UPX,2300
CT6,UPCOM,STOCK,Công trình 6,Công ty Cổ phần Công trình 6,UPX,2300
CT5,DELISTED,STOCK,,,,
CT3,UPCOM,STOCK,Xây dựng công trình 3,Công ty Cổ phần Đầu tư và Xây dựng công trình 3,UPX,2300
CSV,HSX,STOCK,Hóa chất Cơ bản miền Nam,Công ty Cổ phần Hóa chất Cơ bản miền Nam,STO,1300
CSTB2607,HSX,CW,Chứng quyền.STB.KIS.M.CA.T.51,Chứng quyền.STB.KIS.M.CA.T.51,STO,
CSTB2606,HSX,CW,Chứng quyền STB-HSC-MET16,Chứng quyền STB-HSC-MET16,STO,
CSTB2605,HSX,CW,Chứng quyền STB/LPBS/Call/EU/Cash/6M/05,Chứng quyền STB/LPBS/Call/EU/Cash/6M/05,STO,
CSTB2604,HSX,CW,Chứng quyền STB/ACBS/Call/EU/Cash/10M/90,Chứng quyền STB/ACBS/Call/EU/Cash/10M/90,STO,
CSTB2603,HSX,CW,Chứng quyền STB/TCBS/C/EU/12M/CASH/02,Chứng quyền STB/TCBS/C/EU/12M/CASH/02,STO,
CSTB2602,HSX,CW,Chứng quyền STB/TCBS/C/EU/9M/CASH/02,Chứng quyền STB/TCBS/C/EU/9M/CASH/02,STO,
CSTB2601,HSX,CW,Chứng quyền STB/TCBS/C/EU/6M/CASH/02,Chứng quyền STB/TCBS/C/EU/6M/CASH/02,STO,
CSTB2538,HSX,CW,Chứng quyền STB/VIETCAP/M/Au/T/A7,Chứng quyền STB/VIETCAP/M/Au/T/A7,STO,
CSTB2537,HSX,CW,Chứng quyền STB/15M/KAFI/C/EU/CASH/2502,Chứng quyền STB/15M/KAFI/C/EU/CASH/2502,STO,
CSTB2536,HSX,CW,Chứng quyền STB/12M/KAFI/C/EU/CASH/2501,Chứng quyền STB/12M/KAFI/C/EU/CASH/2501,STO,
CSTB2535,HSX,CW,Chứng quyền STB/PINETREE/C/EU/7M/CASH/25-01,Chứng quyền STB/PINETREE/C/EU/7M/CASH/25-01,STO,
CSTB2534,DELISTED,CW,Chứng quyền STB/PINETREE/C/EU/4M/CASH/25-01,Chứng quyền STB/PINETREE/C/EU/4M/CASH/25-01,STO,
CSTB2533,HSX,CW,Chứng quyền.STB.VND.M.CA.T.2025.3,Chứng quyền.STB.VND.M.CA.T.2025.3,STO,
CSTB2532,HSX,CW,Chứng quyền.STB.VND.M.CA.T.2025.2,Chứng quyền.STB.VND.M.CA.T.2025.2,STO,
CSTB2531,DELISTED,CW,Chứng quyền.STB.VND.M.CA.T.2025.1,Chứng quyền.STB.VND.M.CA.T.2025.1,STO,
CSTB2530,HSX,CW,Chứng quyền STB/0225/C/EU/Cash/MSVN,Chứng quyền STB/0225/C/EU/Cash/MSVN,STO,
CSTB2529,HSX,CW,Chứng quyền STB/0125/C/EU/Cash/MSVN,Chứng quyền STB/0125/C/EU/Cash/MSVN,STO,
CSTB2528,DELISTED,CW,Chứng quyền STB/ACBS/Call/EU/Cash/7M/85,Chứng quyền STB/ACBS/Call/EU/Cash/7M/85,STO,
CSTB2527,HSX,CW,Chứng quyền.STB.KIS.M.CA.T.50,Chứng quyền.STB.KIS.M.CA.T.50,STO,
CSTB2526,DELISTED,CW,Chứng quyền STB/MBS/C/EU/CASH/6M/25-01,Chứng quyền STB/MBS/C/EU/CASH/6M/25-01,STO,
CSTB2525,HSX,CW,Chứng quyền STB.06.PHS.C.EU.Cash,Chứng quyền STB.06.PHS.C.EU.Cash,STO,
CSTB2524,HSX,CW,Chứng quyền STB.03.PHS.C.EU.Cash,Chứng quyền STB.03.PHS.C.EU.Cash,STO,
CSTB2523,HSX,CW,Chứng quyền.STB.KIS.M.CA.T.49,Chứng quyền.STB.KIS.M.CA.T.49,STO,
CSTB2522,DELISTED,CW,Chứng quyền.STB.KIS.M.CA.T.48,Chứng quyền.STB.KIS.M.CA.T.48,STO,
CSTB2521,HSX,CW,Chứng quyền STB/12M/SSI/C/EU/Cash-20,Chứng quyền STB/12M/SSI/C/EU/Cash-20,STO,
CSTB2520,HSX,CW,Chứng quyền STB/VPBANKS/C/EU/9M/CASH/25-01,Chứng quyền STB/VPBANKS/C/EU/9M/CASH/25-01,STO,
CSTB2519,HSX,CW,Chứng quyền STB/VPBANKS/C/EU/12M/CASH/25-01,Chứng quyền STB/VPBANKS/C/EU/12M/CASH/25-01,STO,
CSTB2518,DELISTED,CW,Chứng quyền STB.6M.SSV.C.EU.Cash.25.01,Chứng quyền STB.6M.SSV.C.EU.Cash.25.01,STO,
CSTB2517,DELISTED,CW,Chứng quyền STB/7M/SSI/C/EU/Cash-19,Chứng quyền STB/7M/SSI/C/EU/Cash-19,STO,
CSTB2516,DELISTED,CW,Chứng quyền STB/5M/SSI/C/EU/Cash-19,Chứng quyền STB/5M/SSI/C/EU/Cash-19,STO,
CSTB2515,HSX,CW,Chứng quyền STB/ACBS/Call/EU/Cash/12M/73,Chứng quyền STB/ACBS/Call/EU/Cash/12M/73,STO,
CSTB2514,HSX,CW,Chứng quyền STB-HSC-MET15,Chứng quyền STB-HSC-MET15,STO,
CSTB2513,DELISTED,CW,Chứng quyền STB-HSC-MET14,Chứng quyền STB-HSC-MET14,STO,
CSTB2512,DELISTED,CW,Chứng quyền.STB.KIS.M.CA.T.47,Chứng quyền.STB.KIS.M.CA.T.47,STO,
CSTB2511,DELISTED,CW,Chứng quyền.STB.KIS.M.CA.T.46,Chứng quyền.STB.KIS.M.CA.T.46,STO,
CSTB2510,DELISTED,CW,Chứng quyền.STB.KIS.M.CA.T.45,Chứng quyền.STB.KIS.M.CA.T.45,STO,
CSTB2509,DELISTED,CW,Chứng quyền.STB.KIS.M.CA.T.44,Chứng quyền.STB.KIS.M.CA.T.44,STO,
CSTB2508,DELISTED,CW,Chứng quyền.STB.KIS.M.CA.T.43,Chứng quyền.STB.KIS.M.CA.T.43,STO,
CSTB2507,DELISTED,CW,Chứng quyền.STB.KIS.M.CA.T.42,Chứng quyền.STB.KIS.M.CA.T.42,STO,
CSTB2506,DELISTED,CW,CSTB2506 - Chứng quyền,CSTB2506 - Chứng quyền,STO,
CSTB2505,DELISTED,CW,CSTB2505 - Chứng quyền,CSTB2505 - Chứng quyền,STO,
CSTB2504,DELISTED,CW,CSTB2504 - Chứng quyền,CSTB2504 - Chứng quyền,STO,
CSTB2503,DELISTED,CW,CSTB2503 - Chứng quyền,CSTB2503 - Chứng quyền,STO,
CSTB2502,DELISTED,CW,Chứng quyền STB/VPBANKS/C/EU/9M/CASH/24-01,Chứng quyền STB/VPBANKS/C/EU/9M/CASH/24-01,STO,
CSTB2501,DELISTED,CW,CSTB2501 - Chứng quyền,CSTB2501 - Chứng quyền,STO,
CSTB2413,DELISTED,CW,CSTB2413 - Chứng quyền,CSTB2413 - Chứng quyền,STO,
CSTB2412,DELISTED,CW,CSTB2412 - Chứng quyền,CSTB2412 - Chứng quyền,,
CSTB2411,DELISTED,CW,CSTB2411 - Chứng quyền,CSTB2411 - Chứng quyền,STO,
CSTB2410,DELISTED,CW,Chứng quyền STB/ACBS/Call/EU/Cash/12M/61,Chứng quyền STB/ACBS/Call/EU/Cash/12M/61,STO,
CSTB2409,DELISTED,CW,Chứng quyền STB/9M/SSI/C/EU/Cash-17,Chứng quyền STB/9M/SSI/C/EU/Cash-17,STO,
CSTB2408,DELISTED,CW,CSTB2408 - Chứng quyền,CSTB2408 - Chứng quyền,,
CSTB2407,DELISTED,CW,CSTB2407 - Chứng quyền,CSTB2407 - Chứng quyền,,
CSTB2406,DELISTED,CW,CSTB2406 - Chứng quyền,CSTB2406 - Chứng quyền,,
CSTB2405,DELISTED,CW,CSTB2405 - Chứng quyền,CSTB2405 - Chứng quyền,,
CSTB2404,DELISTED,CW,CSTB2404 - Chứng quyền,CSTB2404 - Chứng quyền,,
CSTB2403,DELISTED,CW,CSTB2403 - Chứng quyền,CSTB2403 - Chứng quyền,,
CSTB2402,DELISTED,CW,CSTB2402 - Chứng quyền,CSTB2402 - Chứng quyền,STO,
CSTB2401,DELISTED,CW,CSTB2401 - Chứng quyền,CSTB2401 - Chứng quyền,,
CSTB2338,DELISTED,CW,CSTB2338 - Chứng quyền,CSTB2338 - Chứng quyền,,
CSTB2337,DELISTED,CW,CSTB2337 - Chứng quyền,CSTB2337 - Chứng quyền,,
CSTB2336,DELISTED,CW,CSTB2336 - Chứng quyền,CSTB2336 - Chứng quyền,,
CSTB2335,DELISTED,CW,CSTB2335 - Chứng quyền,CSTB2335 - Chứng quyền,,
CSTB2334,DELISTED,CW,CSTB2334 - Chứng quyền,CSTB2334 - Chứng quyền,,
CSTB2333,DELISTED,CW,CSTB2333 - Chứng quyền,CSTB2333 - Chứng quyền,,
CSTB2332,DELISTED,CW,CSTB2332 - Chứng quyền,CSTB2332 - Chứng quyền,,
CSTB2331,DELISTED,CW,CSTB2331 - Chứng quyền,CSTB2331 - Chứng quyền,,
CSTB2330,DELISTED,CW,CSTB2330 - Chứng quyền,CSTB2330 - Chứng quyền,,
CSTB2329,DELISTED,CW,CSTB2329 - Chứng quyền,CSTB2329 - Chứng quyền,,
CSTB2328,DELISTED,CW,CSTB2328 - Chứng quyền,CSTB2328 - Chứng quyền,,
CSTB2327,DELISTED,CW,CSTB2327 - Chứng quyền,CSTB2327 - Chứng quyền,,
CSTB2326,DELISTED,CW,CSTB2326 - Chứng quyền,CSTB2326 - Chứng quyền,,
CSTB2325,DELISTED,CW,CSTB2325 - Chứng quyền,CSTB2325 - Chứng quyền,,
CSTB2324,DELISTED,CW,CSTB2324 - Chứng quyền,CSTB2324 - Chứng quyền,,
CSTB2323,DELISTED,CW,CSTB2323 - Chứng quyền,CSTB2323 - Chứng quyền,,
CSTB2322,DELISTED,CW,CSTB2322 - Chứng quyền,CSTB2322 - Chứng quyền,,
CSTB2321,DELISTED,CW,CSTB2321 - Chứng quyền,CSTB2321 - Chứng quyền,,
CSTB2320,DELISTED,CW,CSTB2320 - Chứng quyền,CSTB2320 - Chứng quyền,,
CSTB2319,DELISTED,CW,CSTB2319 - Chứng quyền,CSTB2319 - Chứng quyền,,
CSTB2318,DELISTED,CW,CSTB2318 - Chứng quyền,CSTB2318 - Chứng quyền,,
CSTB2317,DELISTED,CW,CSTB2317 - Chứng quyền,CSTB2317 - Chứng quyền,,
CSTB2316,DELISTED,CW,CSTB2316 - Chứng quyền,CSTB2316 - Chứng quyền,,
CSTB2315,DELISTED,CW,CSTB2315 - Chứng quyền,CSTB2315 - Chứng quyền,,
CSTB2314,DELISTED,CW,CSTB2314 - Chứng quyền,CSTB2314 - Chứng quyền,,
CSTB2313,DELISTED,CW,CSTB2313 - Chứng quyền,CSTB2313 - Chứng quyền,,
CSTB2312,DELISTED,CW,CSTB2312 - Chứng quyền,CSTB2312 - Chứng quyền,,
CSTB2311,DELISTED,CW,CSTB2311 - Chứng quyền,CSTB2311 - Chứng quyền,,
CSTB2310,DELISTED,CW,CSTB2310 - Chứng quyền,CSTB2310 - Chứng quyền,,
CSTB2309,DELISTED,CW,CSTB2309 - Chứng quyền,CSTB2309 - Chứng quyền,,
CSTB2308,DELISTED,CW,CSTB2308 - Chứng quyền,CSTB2308 - Chứng quyền,,
CSTB2307,DELISTED,CW,CSTB2307 - Chứng quyền,CSTB2307 - Chứng quyền,,
CSTB2306,DELISTED,CW,CSTB2306 - Chứng quyền,CSTB2306 - Chứng quyền,,
CSTB2305,DELISTED,CW,CSTB2305 - Chứng quyền,CSTB2305 - Chứng quyền,,
CSTB2304,DELISTED,CW,CSTB2304 - Chứng quyền,CSTB2304 - Chứng quyền,,
CSTB2303,DELISTED,CW,CSTB2303 - Chứng quyền,CSTB2303 - Chứng quyền,,
CSTB2302,DELISTED,CW,CSTB2302 - Chứng quyền,CSTB2302 - Chứng quyền,,
CSTB2301,DELISTED,CW,CSTB2301 - Chứng quyền,CSTB2301 - Chứng quyền,,
CSTB2225,DELISTED,CW,CSTB2225 - Chứng quyền,CSTB2225 - Chứng quyền,,
CSTB2224,DELISTED,CW,CSTB2224 - Chứng quyền,CSTB2224 - Chứng quyền,,
CSTB2223,DELISTED,CW,CSTB2223 - Chứng quyền,CSTB2223 - Chứng quyền,,
CSTB2222,DELISTED,CW,CSTB2222 - Chứng quyền,CSTB2222 - Chứng quyền,,
CSTB2220,DELISTED,CW,CSTB2220 - Chứng quyền,CSTB2220 - Chứng quyền,,
CSTB2218,DELISTED,CW,CSTB2218 - Chứng quyền,CSTB2218 - Chứng quyền,,
CSTB2217,DELISTED,CW,CSTB2217 - Chứng quyền,CSTB2217 - Chứng quyền,,
CSTB2216,DELISTED,CW,CSTB2216 - Chứng quyền,CSTB2216 - Chứng quyền,,
CSTB2215,DELISTED,CW,CSTB2215 - Chứng quyền,CSTB2215 - Chứng quyền,,
CSTB2214,DELISTED,CW,CSTB2214 - Chứng quyền,CSTB2214 - Chứng quyền,,
CSTB2213,DELISTED,CW,CSTB2213 - Chứng quyền,CSTB2213 - Chứng quyền,,
CSTB2212,DELISTED,CW,CSTB2212 - Chứng quyền,CSTB2212 - Chứng quyền,,
CSTB2211,DELISTED,CW,CSTB2211 - Chứng quyền,CSTB2211 - Chứng quyền,,
CSTB2210,DELISTED,CW,CSTB2210 - Chứng quyền,CSTB2210 - Chứng quyền,,
CSTB2209,DELISTED,CW,CSTB2209 - Chứng quyền,CSTB2209 - Chứng quyền,,
CSTB2208,DELISTED,CW,CSTB2208 - Chứng quyền,CSTB2208 - Chứng quyền,,
CSTB2207,DELISTED,CW,CSTB2207 - Chứng quyền,CSTB2207 - Chứng quyền,,
CSTB2206,DELISTED,CW,CSTB2206 - Chứng quyền,CSTB2206 - Chứng quyền,,
CSTB2205,DELISTED,CW,CSTB2205 - Chứng quyền,CSTB2205 - Chứng quyền,,
CSTB2203,DELISTED,CW,CSTB2203 - Chứng quyền,CSTB2203 - Chứng quyền,,
CSTB2202,DELISTED,CW,CSTB2202 - Chứng quyền,CSTB2202 - Chứng quyền,,
CSTB2201,DELISTED,CW,CSTB2201 - Chứng quyền,CSTB2201 - Chứng quyền,,
CSTB2112,DELISTED,CW,CSTB2112 - Chứng quyền,CSTB2112 - Chứng quyền,,
CSTB2110,DELISTED,CW,CSTB2110 - Chứng quyền,CSTB2110 - Chứng quyền,,
CST,HNX,STOCK,Than Cao Sơn - TKV,Công ty Cổ phần Than Cao Sơn - TKV,STX,1700
CSSB2602,HSX,CW,Chứng quyền.SSB.KIS.M.CA.T.12,Chứng quyền.SSB.KIS.M.CA.T.12,STO,
CSSB2601,HSX,CW,Chứng quyền.SSB.KIS.M.CA.T.11,Chứng quyền.SSB.KIS.M.CA.T.11,STO,
CSSB2509,HSX,CW,Chứng quyền.SSB.KIS.M.CA.T.10,Chứng quyền.SSB.KIS.M.CA.T.10,STO,
CSSB2508,HSX,CW,Chứng quyền.SSB.KIS.M.CA.T.09,Chứng quyền.SSB.KIS.M.CA.T.09,STO,
CSSB2507,HSX,CW,Chứng quyền.SSB.KIS.M.CA.T.08,Chứng quyền.SSB.KIS.M.CA.T.08,STO,
CSSB2506,DELISTED,CW,Chứng quyền.SSB.KIS.M.CA.T.07,Chứng quyền.SSB.KIS.M.CA.T.07,STO,
CSSB2505,DELISTED,CW,Chứng quyền.SSB.KIS.M.CA.T.06,Chứng quyền.SSB.KIS.M.CA.T.06,STO,
CSSB2504,DELISTED,CW,Chứng quyền.SSB.KIS.M.CA.T.05,Chứng quyền.SSB.KIS.M.CA.T.05,STO,
CSSB2503,DELISTED,CW,Chứng quyền.SSB.KIS.M.CA.T.04,Chứng quyền.SSB.KIS.M.CA.T.04,STO,
CSSB2502,DELISTED,CW,Chứng quyền.SSB.KIS.M.CA.T.03,Chứng quyền.SSB.KIS.M.CA.T.03,STO,
CSSB2501,DELISTED,CW,Chứng quyền.SSB.KIS.M.CA.T.02,Chứng quyền.SSB.KIS.M.CA.T.02,STO,
CSSB2401,DELISTED,CW,CSSB2401 - Chứng quyền,CSSB2401 - Chứng quyền,,
CSM,HSX,STOCK,Cao su Miền Nam,Công ty Cổ phần Công nghiệp Cao su Miền Nam,STO,3300
CSI,UPCOM,STOCK,Chứng khoán Kiến thiết VN,Công ty Cổ phần Chứng khoán Kiến thiết Việt Nam,UPX,8700
CSHB2605,HSX,CW,Chứng quyền.SHB.KIS.M.CA.T.21,Chứng quyền.SHB.KIS.M.CA.T.21,STO,
CSHB2604,HSX,CW,Chứng quyền.SHB.KIS.M.CA.T.20,Chứng quyền.SHB.KIS.M.CA.T.20,STO,
CSHB2603,HSX,CW,Chứng quyền SHB/VPBANKS/C/EU/8M/CASH/25-02,Chứng quyền SHB/VPBANKS/C/EU/8M/CASH/25-02,STO,
CSHB2602,HSX,CW,Chứng quyền SHB/VPBANKS/C/EU/5M/CASH/25-02,Chứng quyền SHB/VPBANKS/C/EU/5M/CASH/25-02,STO,
CSHB2601,HSX,CW,Chứng quyền SHB/LPBS/Call/EU/Cash/6M/25,Chứng quyền SHB/LPBS/Call/EU/Cash/6M/25,STO,
CSHB2515,HSX,CW,Chứng quyền SHB/VIETCAP/M/Au/T/A1,Chứng quyền SHB/VIETCAP/M/Au/T/A1,STO,
CSHB2514,HSX,CW,Chứng quyền.SHB.KIS.M.CA.T.19,Chứng quyền.SHB.KIS.M.CA.T.19,STO,
CSHB2513,HSX,CW,Chứng quyền.SHB.KIS.M.CA.T.18,Chứng quyền.SHB.KIS.M.CA.T.18,STO,
CSHB2512,DELISTED,CW,Chứng quyền.SHB.KIS.M.CA.T.17,Chứng quyền.SHB.KIS.M.CA.T.17,STO,
CSHB2511,DELISTED,CW,Chứng quyền SHB/MBS/C/EU/CASH/6M/25-01,Chứng quyền SHB/MBS/C/EU/CASH/6M/25-01,STO,
CSHB2510,HSX,CW,Chứng quyền.SHB.KIS.M.CA.T.16,Chứng quyền.SHB.KIS.M.CA.T.16,STO,
CSHB2509,HSX,CW,Chứng quyền.SHB.KIS.M.CA.T.15,Chứng quyền.SHB.KIS.M.CA.T.15,STO,
CSHB2508,DELISTED,CW,Chứng quyền.SHB.KIS.M.CA.T.14,Chứng quyền.SHB.KIS.M.CA.T.14,STO,
CSHB2507,DELISTED,CW,Chứng quyền.SHB.KIS.M.CA.T.13,Chứng quyền.SHB.KIS.M.CA.T.13,STO,
CSHB2506,DELISTED,CW,Chứng quyền SHB.6M.SSV.C.EU.Cash.25.01,Chứng quyền SHB.6M.SSV.C.EU.Cash.25.01,STO,
CSHB2505,DELISTED,CW,Chứng quyền.SHB.KIS.M.CA.T.12,Chứng quyền.SHB.KIS.M.CA.T.12,STO,
CSHB2504,DELISTED,CW,Chứng quyền.SHB.KIS.M.CA.T.11,Chứng quyền.SHB.KIS.M.CA.T.11,STO,
CSHB2503,DELISTED,CW,Chứng quyền.SHB.KIS.M.CA.T.10,Chứng quyền.SHB.KIS.M.CA.T.10,STO,
CSHB2502,DELISTED,CW,Chứng quyền.SHB.KIS.M.CA.T.09,Chứng quyền.SHB.KIS.M.CA.T.09,STO,
CSHB2501,DELISTED,CW,CSHB2501 - Chứng quyền,CSHB2501 - Chứng quyền,STO,
CSHB2403,DELISTED,CW,CSHB2403 - Chứng quyền,CSHB2403 - Chứng quyền,STO,
CSHB2402,DELISTED,CW,CSHB2402 - Chứng quyền,CSHB2402 - Chứng quyền,,
CSHB2401,DELISTED,CW,CSHB2401 - Chứng quyền,CSHB2401 - Chứng quyền,STO,
CSHB2306,DELISTED,CW,CSHB2306 - Chứng quyền,CSHB2306 - Chứng quyền,,
CSHB2305,DELISTED,CW,CSHB2305 - Chứng quyền,CSHB2305 - Chứng quyền,,
CSHB2304,DELISTED,CW,CSHB2304 - Chứng quyền,CSHB2304 - Chứng quyền,,
CSHB2303,DELISTED,CW,CSHB2303 - Chứng quyền,CSHB2303 - Chứng quyền,,
CSHB2302,DELISTED,CW,CSHB2302 - Chứng quyền,CSHB2302 - Chứng quyền,,
CSHB2301,DELISTED,CW,CSHB2301 - Chứng quyền,CSHB2301 - Chứng quyền,,
CSC,HNX,STOCK,Tập đoàn COTANA,Công ty Cổ phần Tập đoàn COTANA,STX,2300
CRV,HSX,STOCK,Tập đoàn Bất động sản CRV,Công ty Cổ phần Tập đoàn Bất động sản CRV,STO,8600
CRE,HSX,STOCK,Bất động sản Thế Kỷ,Công ty Cổ phần Bất động sản Thế Kỷ,STO,8600
CRC,HSX,STOCK,Create Capital Việt Nam,Công ty Cổ phần Create Capital Việt Nam,STO,2300
CQT,UPCOM,STOCK,Xi măng Quán Triều VVMI,Công ty Cổ phần Xi măng Quán Triều VVMI,UPX,2300
CQN,UPCOM,STOCK,Cảng Quảng Ninh,Công ty Cổ phần Cảng Quảng Ninh,UPX,2700
CPOW2315,DELISTED,CW,CPOW2315 - Chứng quyền,CPOW2315 - Chứng quyền,,
CPOW2314,DELISTED,CW,CPOW2314 - Chứng quyền,CPOW2314 - Chứng quyền,,
CPOW2313,DELISTED,CW,CPOW2313 - Chứng quyền,CPOW2313 - Chứng quyền,,
CPOW2312,DELISTED,CW,CPOW2312 - Chứng quyền,CPOW2312 - Chứng quyền,,
CPOW2311,DELISTED,CW,CPOW2311 - Chứng quyền,CPOW2311 - Chứng quyền,,
CPOW2310,DELISTED,CW,CPOW2310 - Chứng quyền,CPOW2310 - Chứng quyền,,
CPOW2309,DELISTED,CW,CPOW2309 - Chứng quyền,CPOW2309 - Chứng quyền,,
CPOW2308,DELISTED,CW,CPOW2308 - Chứng quyền,CPOW2308 - Chứng quyền,,
CPOW2307,DELISTED,CW,CPOW2307 - Chứng quyền,CPOW2307 - Chứng quyền,,
CPOW2306,DELISTED,CW,CPOW2306 - Chứng quyền,CPOW2306 - Chứng quyền,,
CPOW2305,DELISTED,CW,CPOW2305 - Chứng quyền,CPOW2305 - Chứng quyền,,
CPOW2304,DELISTED,CW,CPOW2304 - Chứng quyền,CPOW2304 - Chứng quyền,,
CPOW2303,DELISTED,CW,CPOW2303 - Chứng quyền,CPOW2303 - Chứng quyền,,
CPOW2302,DELISTED,CW,CPOW2302 - Chứng quyền,CPOW2302 - Chứng quyền,,
CPOW2301,DELISTED,CW,CPOW2301 - Chứng quyền,CPOW2301 - Chứng quyền,,
CPOW2210,DELISTED,CW,CPOW2210 - Chứng quyền,CPOW2210 - Chứng quyền,,
CPOW2209,DELISTED,CW,CPOW2209 - Chứng quyền,CPOW2209 - Chứng quyền,,
CPOW2208,DELISTED,CW,CPOW2208 - Chứng quyền,CPOW2208 - Chứng quyền,,
CPOW2207,DELISTED,CW,CPOW2207 - Chứng quyền,CPOW2207 - Chứng quyền,,
CPOW2206,DELISTED,CW,CPOW2206 - Chứng quyền,CPOW2206 - Chứng quyền,,
CPOW2205,DELISTED,CW,CPOW2205 - Chứng quyền,CPOW2205 - Chứng quyền,,
CPOW2204,DELISTED,CW,CPOW2204 - Chứng quyền,CPOW2204 - Chứng quyền,,
CPOW2203,DELISTED,CW,CPOW2203 - Chứng quyền,CPOW2203 - Chứng quyền,,
CPOW2202,DELISTED,CW,CPOW2202 - Chứng quyền,CPOW2202 - Chứng quyền,,
CPOW2201,DELISTED,CW,CPOW2201 - Chứng quyền,CPOW2201 - Chứng quyền,,
CPNJ2205,DELISTED,CW,CPNJ2205 - Chứng quyền,CPNJ2205 - Chứng quyền,,
CPNJ2204,DELISTED,CW,CPNJ2204 - Chứng quyền,CPNJ2204 - Chứng quyền,,
CPNJ2203,DELISTED,CW,CPNJ2203 - Chứng quyền,CPNJ2203 - Chứng quyền,,
CPNJ2202,DELISTED,CW,CPNJ2202 - Chứng quyền,CPNJ2202 - Chứng quyền,,
CPNJ2201,DELISTED,CW,CPNJ2201 - Chứng quyền,CPNJ2201 - Chứng quyền,,
CPNJ2110,DELISTED,CW,CPNJ2110 - Chứng quyền,CPNJ2110 - Chứng quyền,,
CPNJ2109,DELISTED,CW,CPNJ2109 - Chứng quyền,CPNJ2109 - Chứng quyền,,
CPI,UPCOM,STOCK,Đầu tư Cảng Cái Lân,Công ty Cổ phần Đầu tư Cảng Cái Lân,UPX,2700
CPH,UPCOM,STOCK,PV mai táng Hải Phòng,Công ty Cổ phần Phục vụ Mai táng Hải Phòng,UPX,5300
CPDR2305,DELISTED,CW,CPDR2305 - Chứng quyền,CPDR2305 - Chứng quyền,,
CPDR2304,DELISTED,CW,CPDR2304 - Chứng quyền,CPDR2304 - Chứng quyền,,
CPDR2303,DELISTED,CW,CPDR2303 - Chứng quyền,CPDR2303 - Chứng quyền,,
CPDR2302,DELISTED,CW,CPDR2302 - Chứng quyền,CPDR2302 - Chứng quyền,,
CPDR2301,DELISTED,CW,CPDR2301 - Chứng quyền,CPDR2301 - Chứng quyền,,
CPDR2206,DELISTED,CW,CPDR2206 - Chứng quyền,CPDR2206 - Chứng quyền,,
CPDR2205,DELISTED,CW,CPDR2205 - Chứng quyền,CPDR2205 - Chứng quyền,,
CPDR2204,DELISTED,CW,CPDR2204 - Chứng quyền,CPDR2204 - Chứng quyền,,
CPDR2203,DELISTED,CW,CPDR2203 - Chứng quyền,CPDR2203 - Chứng quyền,,
CPDR2202,DELISTED,CW,CPDR2202 - Chứng quyền,CPDR2202 - Chứng quyền,,
CPDR2201,DELISTED,CW,CPDR2201 - Chứng quyền,CPDR2201 - Chứng quyền,,
CPDR2103,DELISTED,CW,CPDR2103 - Chứng quyền,CPDR2103 - Chứng quyền,,
CPC,HNX,STOCK,Thuốc sát trùng Cần Thơ,Công ty Cổ phần Thuốc sát trùng Cần Thơ,STX,1300
CPA,UPCOM,STOCK,Cà phê Phước An,Công ty Cổ phần Cà phê Phước An,UPX,3500
COM,HSX,STOCK,Vật tư - Xăng dầu,Công ty Cổ phần Vật tư - Xăng dầu,STO,5300
CNVL2305,DELISTED,CW,CNVL2305 - Chứng quyền,CNVL2305 - Chứng quyền,,
CNVL2304,DELISTED,CW,CNVL2304 - Chứng quyền,CNVL2304 - Chứng quyền,,
CNVL2303,DELISTED,CW,CNVL2303 - Chứng quyền,CNVL2303 - Chứng quyền,,
CNVL2302,DELISTED,CW,CNVL2302 - Chứng quyền,CNVL2302 - Chứng quyền,,
CNVL2301,DELISTED,CW,CNVL2301 - Chứng quyền,CNVL2301 - Chứng quyền,,
CNVL2210,DELISTED,CW,CNVL2210 - Chứng quyền,CNVL2210 - Chứng quyền,,
CNVL2209,DELISTED,CW,CNVL2209 - Chứng quyền,CNVL2209 - Chứng quyền,,
CNVL2208,DELISTED,CW,CNVL2208 - Chứng quyền,CNVL2208 - Chứng quyền,,
CNVL2207,DELISTED,CW,CNVL2207 - Chứng quyền,CNVL2207 - Chứng quyền,,
CNVL2206,DELISTED,CW,CNVL2206 - Chứng quyền,CNVL2206 - Chứng quyền,,
CNVL2205,DELISTED,CW,CNVL2205 - Chứng quyền,CNVL2205 - Chứng quyền,,
CNVL2204,DELISTED,CW,CNVL2204 - Chứng quyền,CNVL2204 - Chứng quyền,,
CNVL2203,DELISTED,CW,CNVL2203 - Chứng quyền,CNVL2203 - Chứng quyền,,
CNVL2202,DELISTED,CW,CNVL2202 - Chứng quyền,CNVL2202 - Chứng quyền,,
CNVL2201,DELISTED,CW,CNVL2201 - Chứng quyền,CNVL2201 - Chứng quyền,,
CNVL2104,DELISTED,CW,CNVL2104 - Chứng quyền,CNVL2104 - Chứng quyền,,
CNT,UPCOM,STOCK,Tập đoàn CNT,Công ty Cổ phần Tập đoàn CNT,UPX,8600
CNN,UPCOM,STOCK,Xây dựng Coninco,"Công ty Cổ phần Tư vấn Công nghệ, Thiết bị và Kiểm định Xây dựng - CONINCO",UPX,2300
CNG,HSX,STOCK,CNG Việt Nam,Công ty Cổ phần CNG Việt Nam,STO,7500
CNC,UPCOM,STOCK,Công nghệ cao Traphaco,Công ty Cổ phần Công nghệ cao Traphaco,UPX,4500
CNA,UPCOM,STOCK,Tổng công ty Chè Nghệ An - CTCP,Công ty Cổ phần Tổng công ty Chè Nghệ An,UPX,3500
CMX123035,BOND,BOND,Trai phieu CTCP Camimex Group,Trai phieu CTCP Camimex Group,HCX,
CMX,HSX,STOCK,CAMIMEX Group,Công ty Cổ phần CAMIMEX Group,STO,3500
CMWG2610,HSX,CW,Chứng quyền MWG-HSC-MET21,Chứng quyền MWG-HSC-MET21,STO,
CMWG2609,HSX,CW,Chứng quyền MWG/9M/SSI/C/EU/Cash-21,Chứng quyền MWG/9M/SSI/C/EU/Cash-21,STO,
CMWG2608,HSX,CW,Chứng quyền MWG/6M/SSI/C/EU/Cash-21,Chứng quyền MWG/6M/SSI/C/EU/Cash-21,STO,
CMWG2607,HSX,CW,Chứng quyền MWG/VPBANKS/C/EU/8M/CASH/25-02,Chứng quyền MWG/VPBANKS/C/EU/8M/CASH/25-02,STO,
CMWG2606,HSX,CW,Chứng quyền MWG/VPBANKS/C/EU/5M/CASH/25-02,Chứng quyền MWG/VPBANKS/C/EU/5M/CASH/25-02,STO,
CMWG2605,HSX,CW,Chứng quyền MWG/LPBS/Call/EU/Cash/6M/19,Chứng quyền MWG/LPBS/Call/EU/Cash/6M/19,STO,
CMWG2604,HSX,CW,Chứng quyền MWG/ACBS/Call/EU/Cash/10M/89,Chứng quyền MWG/ACBS/Call/EU/Cash/10M/89,STO,
CMWG2603,HSX,CW,Chứng quyền MWG/TCBS/C/EU/12M/CASH/02,Chứng quyền MWG/TCBS/C/EU/12M/CASH/02,STO,
CMWG2602,HSX,CW,Chứng quyền MWG/TCBS/C/EU/9M/CASH/02,Chứng quyền MWG/TCBS/C/EU/9M/CASH/02,STO,
CMWG2601,HSX,CW,Chứng quyền MWG/TCBS/C/EU/6M/CASH/02,Chứng quyền MWG/TCBS/C/EU/6M/CASH/02,STO,
CMWG2528,HSX,CW,Chứng quyền MWG/VIETCAP/M/Au/T/A10,Chứng quyền MWG/VIETCAP/M/Au/T/A10,STO,
CMWG2527,HSX,CW,Chứng quyền MWG/15M/KAFI/C/EU/CASH/2502,Chứng quyền MWG/15M/KAFI/C/EU/CASH/2502,STO,
CMWG2526,HSX,CW,Chứng quyền MWG/12M/KAFI/C/EU/CASH/2501,Chứng quyền MWG/12M/KAFI/C/EU/CASH/2501,STO,
CMWG2525,HSX,CW,Chứng quyền.MWG.VND.M.CA.T.2025.3,Chứng quyền.MWG.VND.M.CA.T.2025.3,STO,
CMWG2524,HSX,CW,Chứng quyền.MWG.VND.M.CA.T.2025.2,Chứng quyền.MWG.VND.M.CA.T.2025.2,STO,
CMWG2523,DELISTED,CW,Chứng quyền.MWG.VND.M.CA.T.2025.1,Chứng quyền.MWG.VND.M.CA.T.2025.1,STO,
CMWG2522,HSX,CW,Chứng quyền MWG/0225/C/EU/Cash/MSVN,Chứng quyền MWG/0225/C/EU/Cash/MSVN,STO,
CMWG2521,HSX,CW,Chứng quyền MWG/0125/C/EU/Cash/MSVN,Chứng quyền MWG/0125/C/EU/Cash/MSVN,STO,
CMWG2520,DELISTED,CW,Chứng quyền MWG/ACBS/Call/EU/Cash/7M/84,Chứng quyền MWG/ACBS/Call/EU/Cash/7M/84,STO,
CMWG2519,HSX,CW,Chứng quyền MWG/MBS/C/EU/CASH/9M/25-01,Chứng quyền MWG/MBS/C/EU/CASH/9M/25-01,STO,
CMWG2518,HSX,CW,Chứng quyền MWG.06.PHS.C.EU.Cash,Chứng quyền MWG.06.PHS.C.EU.Cash,STO,
CMWG2517,HSX,CW,Chứng quyền MWG.04.PHS.C.EU.Cash,Chứng quyền MWG.04.PHS.C.EU.Cash,STO,
CMWG2516,HSX,CW,Chứng quyền MWG.02.PHS.C.EU.Cash,Chứng quyền MWG.02.PHS.C.EU.Cash,STO,
CMWG2515,HSX,CW,Chứng quyền MWG/12M/SSI/C/EU/Cash-20,Chứng quyền MWG/12M/SSI/C/EU/Cash-20,STO,
CMWG2514,DELISTED,CW,Chứng quyền MWG/VPBANKS/C/EU/6M/CASH/25-01,Chứng quyền MWG/VPBANKS/C/EU/6M/CASH/25-01,STO,
CMWG2513,DELISTED,CW,Chứng quyền MWG/7M/SSI/C/EU/Cash-19,Chứng quyền MWG/7M/SSI/C/EU/Cash-19,STO,
CMWG2512,DELISTED,CW,Chứng quyền MWG/5M/SSI/C/EU/Cash-19,Chứng quyền MWG/5M/SSI/C/EU/Cash-19,STO,
CMWG2511,HSX,CW,Chứng quyền MWG/ACBS/Call/EU/Cash/12M/72,Chứng quyền MWG/ACBS/Call/EU/Cash/12M/72,STO,
CMWG2510,HSX,CW,Chứng quyền MWG-HSC-MET20,Chứng quyền MWG-HSC-MET20,STO,
CMWG2509,DELISTED,CW,Chứng quyền MWG-HSC-MET19,Chứng quyền MWG-HSC-MET19,STO,
CMWG2508,DELISTED,CW,Chứng quyền.MWG.KIS.M.CA.T.09,Chứng quyền.MWG.KIS.M.CA.T.09,STO,
CMWG2507,DELISTED,CW,Chứng quyền.MWG.KIS.M.CA.T.08,Chứng quyền.MWG.KIS.M.CA.T.08,STO,
CMWG2506,DELISTED,CW,CMWG2506 - Chứng quyền,CMWG2506 - Chứng quyền,STO,
CMWG2505,DELISTED,CW,CMWG2505 - Chứng quyền,CMWG2505 - Chứng quyền,STO,
CMWG2504,HSX,CW,Chứng quyền MWG/15M/SSI/C/EU/Cash-18,Chứng quyền MWG/15M/SSI/C/EU/Cash-18,STO,
CMWG2503,DELISTED,CW,CMWG2503 - Chứng quyền,CMWG2503 - Chứng quyền,STO,
CMWG2502,DELISTED,CW,CMWG2502 - Chứng quyền,CMWG2502 - Chứng quyền,STO,
CMWG2501,DELISTED,CW,CMWG2501 - Chứng quyền,CMWG2501 - Chứng quyền,STO,
CMWG2410,DELISTED,CW,CMWG2410 - Chứng quyền,CMWG2410 - Chứng quyền,STO,
CMWG2409,DELISTED,CW,CMWG2409 - Chứng quyền,CMWG2409 - Chứng quyền,,
CMWG2408,DELISTED,CW,CMWG2408 - Chứng quyền,CMWG2408 - Chứng quyền,STO,
CMWG2407,DELISTED,CW,Chứng quyền MWG/ACBS/Call/EU/Cash/12M/60,Chứng quyền MWG/ACBS/Call/EU/Cash/12M/60,STO,
CMWG2406,DELISTED,CW,Chứng quyền MWG/9M/SSI/C/EU/Cash-17,Chứng quyền MWG/9M/SSI/C/EU/Cash-17,STO,
CMWG2405,DELISTED,CW,CMWG2405 - Chứng quyền,CMWG2405 - Chứng quyền,,
CMWG2404,DELISTED,CW,CMWG2404 - Chứng quyền,CMWG2404 - Chứng quyền,,
CMWG2403,DELISTED,CW,CMWG2403 - Chứng quyền,CMWG2403 - Chứng quyền,,
CMWG2402,DELISTED,CW,CMWG2402 - Chứng quyền,CMWG2402 - Chứng quyền,,
CMWG2401,DELISTED,CW,CMWG2401 - Chứng quyền,CMWG2401 - Chứng quyền,STO,
CMWG2318,DELISTED,CW,CMWG2318 - Chứng quyền,CMWG2318 - Chứng quyền,,
CMWG2317,DELISTED,CW,CMWG2317 - Chứng quyền,CMWG2317 - Chứng quyền,,
CMWG2316,DELISTED,CW,CMWG2316 - Chứng quyền,CMWG2316 - Chứng quyền,,
CMWG2315,DELISTED,CW,CMWG2315 - Chứng quyền,CMWG2315 - Chứng quyền,,
CMWG2314,DELISTED,CW,CMWG2314 - Chứng quyền,CMWG2314 - Chứng quyền,,
CMWG2313,DELISTED,CW,CMWG2313 - Chứng quyền,CMWG2313 - Chứng quyền,,
CMWG2312,DELISTED,CW,CMWG2312 - Chứng quyền,CMWG2312 - Chứng quyền,,
CMWG2311,DELISTED,CW,CMWG2311 - Chứng quyền,CMWG2311 - Chứng quyền,,
CMWG2310,DELISTED,CW,CMWG2310 - Chứng quyền,CMWG2310 - Chứng quyền,,
CMWG2309,DELISTED,CW,CMWG2309 - Chứng quyền,CMWG2309 - Chứng quyền,,
CMWG2308,DELISTED,CW,CMWG2308 - Chứng quyền,CMWG2308 - Chứng quyền,,
CMWG2307,DELISTED,CW,CMWG2307 - Chứng quyền,CMWG2307 - Chứng quyền,,
CMWG2306,DELISTED,CW,CMWG2306 - Chứng quyền,CMWG2306 - Chứng quyền,,
CMWG2305,DELISTED,CW,CMWG2305 - Chứng quyền,CMWG2305 - Chứng quyền,,
CMWG2304,DELISTED,CW,CMWG2304 - Chứng quyền,CMWG2304 - Chứng quyền,,
CMWG2303,DELISTED,CW,CMWG2303 - Chứng quyền,CMWG2303 - Chứng quyền,,
CMWG2302,DELISTED,CW,CMWG2302 - Chứng quyền,CMWG2302 - Chứng quyền,,
CMWG2301,DELISTED,CW,CMWG2301 - Chứng quyền,CMWG2301 - Chứng quyền,,
CMWG2215,DELISTED,CW,CMWG2215 - Chứng quyền,CMWG2215 - Chứng quyền,,
CMWG2214,DELISTED,CW,CMWG2214 - Chứng quyền,CMWG2214 - Chứng quyền,,
CMWG2213,DELISTED,CW,CMWG2213 - Chứng quyền,CMWG2213 - Chứng quyền,,
CMWG2212,DELISTED,CW,CMWG2212 - Chứng quyền,CMWG2212 - Chứng quyền,,
CMWG2211,DELISTED,CW,CMWG2211 - Chứng quyền,CMWG2211 - Chứng quyền,,
CMWG2210,DELISTED,CW,CMWG2210 - Chứng quyền,CMWG2210 - Chứng quyền,,
CMWG2209,DELISTED,CW,CMWG2209 - Chứng quyền,CMWG2209 - Chứng quyền,,
CMWG2208,DELISTED,CW,CMWG2208 - Chứng quyền,CMWG2208 - Chứng quyền,,
CMWG2207,DELISTED,CW,CMWG2207 - Chứng quyền,CMWG2207 - Chứng quyền,,
CMWG2206,DELISTED,CW,CMWG2206 - Chứng quyền,CMWG2206 - Chứng quyền,,
CMWG2205,DELISTED,CW,CMWG2205 - Chứng quyền,CMWG2205 - Chứng quyền,,
CMWG2204,DELISTED,CW,CMWG2204 - Chứng quyền,CMWG2204 - Chứng quyền,,
CMWG2203,DELISTED,CW,CMWG2203 - Chứng quyền,CMWG2203 - Chứng quyền,,
CMWG2202,DELISTED,CW,CMWG2202 - Chứng quyền,CMWG2202 - Chứng quyền,,
CMWG2201,DELISTED,CW,CMWG2201 - Chứng quyền,CMWG2201 - Chứng quyền,,
CMWG2114,DELISTED,CW,CMWG2114 - Chứng quyền,CMWG2114 - Chứng quyền,,
CMWG2113,DELISTED,CW,CMWG2113 - Chứng quyền,CMWG2113 - Chứng quyền,,
CMWG2111,DELISTED,CW,,,,
CMW,UPCOM,STOCK,Cấp nước Cà Mau,Công ty Cổ phần Cấp nước Cà Mau,UPX,7500
CMV,HSX,STOCK,Thương nghiệp Cà Mau,Công ty Cổ phần Thương nghiệp Cà Mau,STO,5300
CMT,UPCOM,STOCK,CN mạng và Truyền thông,Công ty Cổ phần Công nghệ mạng và Truyền thông,UPX,9500
CMSN2608,HSX,CW,Chứng quyền.MSN.KIS.M.CA.T.42,Chứng quyền.MSN.KIS.M.CA.T.42,STO,
CMSN2607,HSX,CW,Chứng quyền.MSN.KIS.M.CA.T.41,Chứng quyền.MSN.KIS.M.CA.T.41,STO,
CMSN2606,HSX,CW,Chứng quyền MSN.6M.SSV.C.EU.Cash.25.02,Chứng quyền MSN.6M.SSV.C.EU.Cash.25.02,STO,
CMSN2605,HSX,CW,Chứng quyền MSN/9M/SSI/C/EU/Cash-21,Chứng quyền MSN/9M/SSI/C/EU/Cash-21,STO,
CMSN2604,HSX,CW,Chứng quyền MSN/6M/SSI/C/EU/Cash-21,Chứng quyền MSN/6M/SSI/C/EU/Cash-21,STO,
CMSN2603,HSX,CW,Chứng quyền MSN/VPBANKS/C/EU/8M/CASH/25-02,Chứng quyền MSN/VPBANKS/C/EU/8M/CASH/25-02,STO,
CMSN2602,HSX,CW,Chứng quyền MSN/VPBANKS/C/EU/5M/CASH/25-02,Chứng quyền MSN/VPBANKS/C/EU/5M/CASH/25-02,STO,
CMSN2601,HSX,CW,Chứng quyền MSN/LPBS/Call/EU/Cash/12M/18,Chứng quyền MSN/LPBS/Call/EU/Cash/12M/18,STO,
CMSN2523,HSX,CW,Chứng quyền MSN/VIETCAP/M/Au/T/A8,Chứng quyền MSN/VIETCAP/M/Au/T/A8,STO,
CMSN2522,HSX,CW,Chứng quyền.MSN.VND.M.CA.T.2025.2,Chứng quyền.MSN.VND.M.CA.T.2025.2,STO,
CMSN2521,HSX,CW,Chứng quyền.MSN.VND.M.CA.T.2025.1,Chứng quyền.MSN.VND.M.CA.T.2025.1,STO,
CMSN2520,HSX,CW,Chứng quyền.MSN.KIS.M.CA.T.40,Chứng quyền.MSN.KIS.M.CA.T.40,STO,
CMSN2519,HSX,CW,Chứng quyền MSN/MBS/C/EU/CASH/9M/25-01,Chứng quyền MSN/MBS/C/EU/CASH/9M/25-01,STO,
CMSN2518,HSX,CW,Chứng quyền.MSN.KIS.M.CA.T.39,Chứng quyền.MSN.KIS.M.CA.T.39,STO,
CMSN2517,DELISTED,CW,Chứng quyền.MSN.KIS.M.CA.T.38,Chứng quyền.MSN.KIS.M.CA.T.38,STO,
CMSN2516,HSX,CW,Chứng quyền MSN/12M/SSI/C/EU/Cash-20,Chứng quyền MSN/12M/SSI/C/EU/Cash-20,STO,
CMSN2515,DELISTED,CW,Chứng quyền MSN/VPBANKS/C/EU/6M/CASH/25-01,Chứng quyền MSN/VPBANKS/C/EU/6M/CASH/25-01,STO,
CMSN2514,DELISTED,CW,Chứng quyền MSN/7M/SSI/C/EU/Cash-19,Chứng quyền MSN/7M/SSI/C/EU/Cash-19,STO,
CMSN2513,DELISTED,CW,Chứng quyền MSN/5M/SSI/C/EU/Cash-19,Chứng quyền MSN/5M/SSI/C/EU/Cash-19,STO,
CMSN2512,HSX,CW,Chứng quyền MSN/ACBS/Call/EU/Cash/12M/71,Chứng quyền MSN/ACBS/Call/EU/Cash/12M/71,STO,
CMSN2511,DELISTED,CW,Chứng quyền MSN-HSC-MET11,Chứng quyền MSN-HSC-MET11,STO,
CMSN2510,DELISTED,CW,Chứng quyền.MSN.KIS.M.CA.T.37,Chứng quyền.MSN.KIS.M.CA.T.37,STO,
CMSN2509,DELISTED,CW,Chứng quyền.MSN.KIS.M.CA.T.36,Chứng quyền.MSN.KIS.M.CA.T.36,STO,
CMSN2508,DELISTED,CW,Chứng quyền.MSN.KIS.M.CA.T.35,Chứng quyền.MSN.KIS.M.CA.T.35,STO,
CMSN2507,DELISTED,CW,Chứng quyền.MSN.KIS.M.CA.T.34,Chứng quyền.MSN.KIS.M.CA.T.34,STO,
CMSN2506,DELISTED,CW,Chứng quyền.MSN.KIS.M.CA.T.33,Chứng quyền.MSN.KIS.M.CA.T.33,STO,
CMSN2505,DELISTED,CW,Chứng quyền.MSN.KIS.M.CA.T.32,Chứng quyền.MSN.KIS.M.CA.T.32,STO,
CMSN2504,DELISTED,CW,CMSN2504 - Chứng quyền,CMSN2504 - Chứng quyền,STO,
CMSN2503,DELISTED,CW,CMSN2503 - Chứng quyền,CMSN2503 - Chứng quyền,STO,
CMSN2502,DELISTED,CW,CMSN2502 - Chứng quyền,CMSN2502 - Chứng quyền,STO,
CMSN2501,DELISTED,CW,CMSN2501 - Chứng quyền,CMSN2501 - Chứng quyền,STO,
CMSN2408,DELISTED,CW,CMSN2408 - Chứng quyền,CMSN2408 - Chứng quyền,STO,
CMSN2407,DELISTED,CW,CMSN2407 - Chứng quyền,CMSN2407 - Chứng quyền,,
CMSN2406,DELISTED,CW,Chứng quyền MSN/ACBS/Call/EU/Cash/12M/59,Chứng quyền MSN/ACBS/Call/EU/Cash/12M/59,STO,
CMSN2405,DELISTED,CW,CMSN2405 - Chứng quyền,CMSN2405 - Chứng quyền,,
CMSN2404,DELISTED,CW,Chứng quyền MSN/9M/SSI/C/EU/Cash-17,Chứng quyền MSN/9M/SSI/C/EU/Cash-17,STO,
CMSN2403,DELISTED,CW,CMSN2403 - Chứng quyền,CMSN2403 - Chứng quyền,,
CMSN2402,DELISTED,CW,CMSN2402 - Chứng quyền,CMSN2402 - Chứng quyền,,
CMSN2401,DELISTED,CW,CMSN2401 - Chứng quyền,CMSN2401 - Chứng quyền,,
CMSN2317,DELISTED,CW,CMSN2317 - Chứng quyền,CMSN2317 - Chứng quyền,,
CMSN2316,DELISTED,CW,CMSN2316 - Chứng quyền,CMSN2316 - Chứng quyền,,
CMSN2315,DELISTED,CW,CMSN2315 - Chứng quyền,CMSN2315 - Chứng quyền,,
CMSN2314,DELISTED,CW,CMSN2314 - Chứng quyền,CMSN2314 - Chứng quyền,,
CMSN2313,DELISTED,CW,CMSN2313 - Chứng quyền,CMSN2313 - Chứng quyền,,
CMSN2312,DELISTED,CW,CMSN2312 - Chứng quyền,CMSN2312 - Chứng quyền,,
CMSN2311,DELISTED,CW,CMSN2311 - Chứng quyền,CMSN2311 - Chứng quyền,,
CMSN2310,DELISTED,CW,CMSN2310 - Chứng quyền,CMSN2310 - Chứng quyền,,
CMSN2309,DELISTED,CW,CMSN2309 - Chứng quyền,CMSN2309 - Chứng quyền,,
CMSN2308,DELISTED,CW,CMSN2308 - Chứng quyền,CMSN2308 - Chứng quyền,,
CMSN2307,DELISTED,CW,CMSN2307 - Chứng quyền,CMSN2307 - Chứng quyền,,
CMSN2306,DELISTED,CW,CMSN2306 - Chứng quyền,CMSN2306 - Chứng quyền,,
CMSN2305,DELISTED,CW,CMSN2305 - Chứng quyền,CMSN2305 - Chứng quyền,,
CMSN2304,DELISTED,CW,CMSN2304 - Chứng quyền,CMSN2304 - Chứng quyền,,
CMSN2303,DELISTED,CW,CMSN2303 - Chứng quyền,CMSN2303 - Chứng quyền,,
CMSN2302,DELISTED,CW,CMSN2302 - Chứng quyền,CMSN2302 - Chứng quyền,,
CMSN2301,DELISTED,CW,CMSN2301 - Chứng quyền,CMSN2301 - Chứng quyền,,
CMSN2215,DELISTED,CW,CMSN2215 - Chứng quyền,CMSN2215 - Chứng quyền,,
CMSN2214,DELISTED,CW,CMSN2214 - Chứng quyền,CMSN2214 - Chứng quyền,,
CMSN2213,DELISTED,CW,CMSN2213 - Chứng quyền,CMSN2213 - Chứng quyền,,
CMSN2212,DELISTED,CW,CMSN2212 - Chứng quyền,CMSN2212 - Chứng quyền,,
CMSN2211,DELISTED,CW,CMSN2211 - Chứng quyền,CMSN2211 - Chứng quyền,,
CMSN2210,DELISTED,CW,CMSN2210 - Chứng quyền,CMSN2210 - Chứng quyền,,
CMSN2209,DELISTED,CW,CMSN2209 - Chứng quyền,CMSN2209 - Chứng quyền,,
CMSN2208,DELISTED,CW,CMSN2208 - Chứng quyền,CMSN2208 - Chứng quyền,,
CMSN2207,DELISTED,CW,CMSN2207 - Chứng quyền,CMSN2207 - Chứng quyền,,
CMSN2206,DELISTED,CW,CMSN2206 - Chứng quyền,CMSN2206 - Chứng quyền,,
CMSN2205,DELISTED,CW,CMSN2205 - Chứng quyền,CMSN2205 - Chứng quyền,,
CMSN2204,DELISTED,CW,CMSN2204 - Chứng quyền,CMSN2204 - Chứng quyền,,
CMSN2203,DELISTED,CW,CMSN2203 - Chứng quyền,CMSN2203 - Chứng quyền,,
CMSN2202,DELISTED,CW,CMSN2202 - Chứng quyền,CMSN2202 - Chứng quyền,,
CMSN2201,DELISTED,CW,CMSN2201 - Chứng quyền,CMSN2201 - Chứng quyền,,
CMSN2111,DELISTED,CW,CMSN2111 - Chứng quyền,CMSN2111 - Chứng quyền,,
CMSN2110,DELISTED,CW,,,,
CMSN2108,DELISTED,CW,CMSN2108 - Chứng quyền,CMSN2108 - Chứng quyền,,
CMSN2104,DELISTED,CW,CMSN2104 - Chứng quyền,CMSN2104 - Chứng quyền,,
CMS,HNX,STOCK,Tập đoàn CMH Việt Nam,Công ty Cổ phần Tập đoàn CMH Việt Nam,STX,2300
CMP,UPCOM,STOCK,Cảng Chân Mây,Công ty Cổ phần Cảng Chân Mây,UPX,2700
CMN,UPCOM,STOCK,Colusa -  Miliket,Công ty Cổ phần Lương thực Thực phẩm Colusa - Miliket,UPX,3500
CMM,UPCOM,STOCK,Camimex,Công ty Cổ phần Camimex,UPX,3500
CMK,UPCOM,STOCK,Cơ khí Mạo Khê - Vinacomin,Công ty Cổ phần Cơ khí Mạo Khê - Vinacomin,UPX,2700
CMI,UPCOM,STOCK,CMISTONE Việt Nam,Công ty Cổ phần CMISTONE Việt Nam,UPX,2300
CMG,HSX,STOCK,Tập đoàn Công nghệ CMC,Công ty Cổ phần Tập đoàn Công nghệ CMC,STO,9500
CMF,UPCOM,STOCK,Thực phẩm Cholimex,Công ty Cổ phần Thực phẩm Cholimex,UPX,3500
CMD,UPCOM,STOCK,VLXD và Nội thất TP.HCM,Công ty Cổ phần Vật liệu xây dựng và Trang trí nội thất TP Hồ Chí Minh,UPX,2300
CMC,HNX,STOCK,Đầu tư CMC,Công ty Cổ phần Đầu tư CMC,STX,2700
CMBB2609,HSX,CW,Chứng quyền MBB-HSC-MET20,Chứng quyền MBB-HSC-MET20,STO,
CMBB2608,HSX,CW,Chứng quyền MBB/6M/SSI/C/EU/Cash-21,Chứng quyền MBB/6M/SSI/C/EU/Cash-21,STO,
CMBB2607,HSX,CW,Chứng quyền MBB/9M/SSI/C/EU/Cash-21,Chứng quyền MBB/9M/SSI/C/EU/Cash-21,STO,
CMBB2606,HSX,CW,Chứng quyền MBB/VPBANKS/C/EU/9M/CASH/25-02,Chứng quyền MBB/VPBANKS/C/EU/9M/CASH/25-02,STO,
CMBB2605,HSX,CW,Chứng quyền MBB/LPBS/Call/EU/Cash/12M/04,Chứng quyền MBB/LPBS/Call/EU/Cash/12M/04,STO,
CMBB2604,HSX,CW,Chứng quyền MBB/ACBS/Call/EU/Cash/10M/88,Chứng quyền MBB/ACBS/Call/EU/Cash/10M/88,STO,
CMBB2603,HSX,CW,Chứng quyền MBB/TCBS/C/EU/12M/CASH/02,Chứng quyền MBB/TCBS/C/EU/12M/CASH/02,STO,
CMBB2602,HSX,CW,Chứng quyền MBB/TCBS/C/EU/9M/CASH/02,Chứng quyền MBB/TCBS/C/EU/9M/CASH/02,STO,
CMBB2601,HSX,CW,Chứng quyền MBB/TCBS/C/EU/6M/CASH/02,Chứng quyền MBB/TCBS/C/EU/6M/CASH/02,STO,
CMBB2524,HSX,CW,Chứng quyền MBB/VIETCAP/M/Au/T/A7,Chứng quyền MBB/VIETCAP/M/Au/T/A7,STO,
CMBB2523,HSX,CW,Chứng quyền MBB/15M/KAFI/C/EU/CASH/2502,Chứng quyền MBB/15M/KAFI/C/EU/CASH/2502,STO,
CMBB2522,HSX,CW,Chứng quyền MBB/12M/KAFI/C/EU/CASH/2501,Chứng quyền MBB/12M/KAFI/C/EU/CASH/2501,STO,
CMBB2521,HSX,CW,Chứng quyền.MBB.VND.M.CA.T.2025.3,Chứng quyền.MBB.VND.M.CA.T.2025.3,STO,
CMBB2520,HSX,CW,Chứng quyền.MBB.VND.M.CA.T.2025.2,Chứng quyền.MBB.VND.M.CA.T.2025.2,STO,
CMBB2519,DELISTED,CW,Chứng quyền.MBB.VND.M.CA.T.2025.1,Chứng quyền.MBB.VND.M.CA.T.2025.1,STO,
CMBB2518,DELISTED,CW,Chứng quyền MBB/ACBS/Call/EU/Cash/7M/83,Chứng quyền MBB/ACBS/Call/EU/Cash/7M/83,STO,
CMBB2517,HSX,CW,Chứng quyền MBB/15M/SSI/C/EU/Cash-20,Chứng quyền MBB/15M/SSI/C/EU/Cash-20,STO,
CMBB2516,HSX,CW,Chứng quyền MBB/12M/SSI/C/EU/Cash-20,Chứng quyền MBB/12M/SSI/C/EU/Cash-20,STO,
CMBB2515,HSX,CW,Chứng quyền MBB/VPBANKS/C/EU/9M/CASH/25-01,Chứng quyền MBB/VPBANKS/C/EU/9M/CASH/25-01,STO,
CMBB2514,DELISTED,CW,Chứng quyền MBB/VPBANKS/C/EU/6M/CASH/25-01,Chứng quyền MBB/VPBANKS/C/EU/6M/CASH/25-01,STO,
CMBB2513,DELISTED,CW,Chứng quyền MBB/7M/SSI/C/EU/Cash-19,Chứng quyền MBB/7M/SSI/C/EU/Cash-19,STO,
CMBB2512,DELISTED,CW,Chứng quyền MBB/5M/SSI/C/EU/Cash-19,Chứng quyền MBB/5M/SSI/C/EU/Cash-19,STO,
CMBB2511,HSX,CW,Chứng quyền MBB/ACBS/Call/EU/Cash/12M/70,Chứng quyền MBB/ACBS/Call/EU/Cash/12M/70,STO,
CMBB2510,HSX,CW,Chứng quyền MBB-HSC-MET19,Chứng quyền MBB-HSC-MET19,STO,
CMBB2509,DELISTED,CW,Chứng quyền MBB-HSC-MET18,Chứng quyền MBB-HSC-MET18,STO,
CMBB2508,DELISTED,CW,Chứng quyền MBB/TCBS/C/EU/6M/CASH/24-01,Chứng quyền MBB/TCBS/C/EU/6M/CASH/24-01,STO,
CMBB2507,DELISTED,CW,Chứng quyền MBB/TCBS/C/EU/12M/CASH/24-01,Chứng quyền MBB/TCBS/C/EU/12M/CASH/24-01,STO,
CMBB2506,DELISTED,CW,CMBB2506 - Chứng quyền,CMBB2506 - Chứng quyền,STO,
CMBB2505,HSX,CW,Chứng quyền MBB/BSC/C/15M/EU/Cash/2024-01,Chứng quyền MBB/BSC/C/15M/EU/Cash/2024-01,STO,
CMBB2504,HSX,CW,Chứng quyền MBB/15M/SSI/C/EU/Cash-18,Chứng quyền MBB/15M/SSI/C/EU/Cash-18,STO,
CMBB2503,DELISTED,CW,CMBB2503 - Chứng quyền,CMBB2503 - Chứng quyền,STO,
CMBB2502,DELISTED,CW,CMBB2502 - Chứng quyền,CMBB2502 - Chứng quyền,STO,
CMBB2501,DELISTED,CW,Chứng quyền MBB/VPBANKS/C/EU/7M/CASH/24-01,Chứng quyền MBB/VPBANKS/C/EU/7M/CASH/24-01,STO,
CMBB2409,DELISTED,CW,CMBB2409 - Chứng quyền,CMBB2409 - Chứng quyền,STO,
CMBB2408,DELISTED,CW,CMBB2408 - Chứng quyền,CMBB2408 - Chứng quyền,,
CMBB2407,DELISTED,CW,Chứng quyền MBB/ACBS/Call/EU/Cash/12M/58,Chứng quyền MBB/ACBS/Call/EU/Cash/12M/58,STO,
CMBB2406,DELISTED,CW,CMBB2406 - Chứng quyền,CMBB2406 - Chứng quyền,,
CMBB2405,DELISTED,CW,Chứng quyền MBB/9M/SSI/C/EU/Cash-17,Chứng quyền MBB/9M/SSI/C/EU/Cash-17,STO,
CMBB2404,DELISTED,CW,CMBB2404 - Chứng quyền,CMBB2404 - Chứng quyền,,
CMBB2403,DELISTED,CW,CMBB2403 - Chứng quyền,CMBB2403 - Chứng quyền,,
CMBB2402,DELISTED,CW,CMBB2402 - Chứng quyền,CMBB2402 - Chứng quyền,STO,
CMBB2401,DELISTED,CW,CMBB2401 - Chứng quyền,CMBB2401 - Chứng quyền,,
CMBB2318,DELISTED,CW,CMBB2318 - Chứng quyền,CMBB2318 - Chứng quyền,,
CMBB2317,DELISTED,CW,CMBB2317 - Chứng quyền,CMBB2317 - Chứng quyền,,
CMBB2316,DELISTED,CW,CMBB2316 - Chứng quyền,CMBB2316 - Chứng quyền,,
CMBB2315,DELISTED,CW,CMBB2315 - Chứng quyền,CMBB2315 - Chứng quyền,,
CMBB2314,DELISTED,CW,CMBB2314 - Chứng quyền,CMBB2314 - Chứng quyền,,
CMBB2313,DELISTED,CW,CMBB2313 - Chứng quyền,CMBB2313 - Chứng quyền,,
CMBB2312,DELISTED,CW,CMBB2312 - Chứng quyền,CMBB2312 - Chứng quyền,,
CMBB2311,DELISTED,CW,CMBB2311 - Chứng quyền,CMBB2311 - Chứng quyền,,
CMBB2310,DELISTED,CW,CMBB2310 - Chứng quyền,CMBB2310 - Chứng quyền,,
CMBB2309,DELISTED,CW,CMBB2309 - Chứng quyền,CMBB2309 - Chứng quyền,,
CMBB2308,DELISTED,CW,CMBB2308 - Chứng quyền,CMBB2308 - Chứng quyền,,
CMBB2307,DELISTED,CW,CMBB2307 - Chứng quyền,CMBB2307 - Chứng quyền,,
CMBB2306,DELISTED,CW,CMBB2306 - Chứng quyền,CMBB2306 - Chứng quyền,,
CMBB2305,DELISTED,CW,CMBB2305 - Chứng quyền,CMBB2305 - Chứng quyền,,
CMBB2304,DELISTED,CW,CMBB2304 - Chứng quyền,CMBB2304 - Chứng quyền,,
CMBB2303,DELISTED,CW,CMBB2303 - Chứng quyền,CMBB2303 - Chứng quyền,,
CMBB2302,DELISTED,CW,CMBB2302 - Chứng quyền,CMBB2302 - Chứng quyền,,
CMBB2301,DELISTED,CW,CMBB2301 - Chứng quyền,CMBB2301 - Chứng quyền,,
CMBB2215,DELISTED,CW,CMBB2215 - Chứng quyền,CMBB2215 - Chứng quyền,,
CMBB2214,DELISTED,CW,CMBB2214 - Chứng quyền,CMBB2214 - Chứng quyền,,
CMBB2213,DELISTED,CW,CMBB2213 - Chứng quyền,CMBB2213 - Chứng quyền,,
CMBB2212,DELISTED,CW,CMBB2212 - Chứng quyền,CMBB2212 - Chứng quyền,,
CMBB2211,DELISTED,CW,CMBB2211 - Chứng quyền,CMBB2211 - Chứng quyền,,
CMBB2210,DELISTED,CW,CMBB2210 - Chứng quyền,CMBB2210 - Chứng quyền,,
CMBB2209,DELISTED,CW,CMBB2209 - Chứng quyền,CMBB2209 - Chứng quyền,,
CMBB2208,DELISTED,CW,CMBB2208 - Chứng quyền,CMBB2208 - Chứng quyền,,
CMBB2207,DELISTED,CW,CMBB2207 - Chứng quyền,CMBB2207 - Chứng quyền,,
CMBB2206,DELISTED,CW,CMBB2206 - Chứng quyền,CMBB2206 - Chứng quyền,,
CMBB2205,DELISTED,CW,CMBB2205 - Chứng quyền,CMBB2205 - Chứng quyền,,
CMBB2204,DELISTED,CW,CMBB2204 - Chứng quyền,CMBB2204 - Chứng quyền,,
CMBB2203,DELISTED,CW,CMBB2203 - Chứng quyền,CMBB2203 - Chứng quyền,,
CMBB2201,DELISTED,CW,CMBB2201 - Chứng quyền,CMBB2201 - Chứng quyền,,
CMBB2109,DELISTED,CW,CMBB2109 - Chứng quyền,CMBB2109 - Chứng quyền,,
CMBB2107,DELISTED,CW,,,,
CLX,UPCOM,STOCK,XNK và ĐT Chợ Lớn (CHOLIMEX),Công ty Cổ phần Xuất nhập khẩu và Đầu tư Chợ Lớn (CHOLIMEX),UPX,3500
CLW,HSX,STOCK,Cấp nước Chợ Lớn,Công ty Cổ phần Cấp nước Chợ Lớn,STO,7500
CLPB2602,HSX,CW,Chứng quyền LPB/VPBANKS/C/EU/8M/CASH/25-02,Chứng quyền LPB/VPBANKS/C/EU/8M/CASH/25-02,STO,
CLPB2601,HSX,CW,Chứng quyền LPB/VPBANKS/C/EU/5M/CASH/25-02,Chứng quyền LPB/VPBANKS/C/EU/5M/CASH/25-02,STO,
CLPB2510,HSX,CW,Chứng quyền LPB/VIETCAP/M/Au/T/A1,Chứng quyền LPB/VIETCAP/M/Au/T/A1,STO,
CLPB2509,HSX,CW,Chứng quyền.LPB.KIS.M.CA.T.06,Chứng quyền.LPB.KIS.M.CA.T.06,STO,
CLPB2508,HSX,CW,Chứng quyền.LPB.KIS.M.CA.T.05,Chứng quyền.LPB.KIS.M.CA.T.05,STO,
CLPB2507,DELISTED,CW,Chứng quyền.LPB.KIS.M.CA.T.04,Chứng quyền.LPB.KIS.M.CA.T.04,STO,
CLPB2506,DELISTED,CW,Chứng quyền.LPB.KIS.M.CA.T.03,Chứng quyền.LPB.KIS.M.CA.T.03,STO,
CLPB2505,DELISTED,CW,Chứng quyền.LPB.KIS.M.CA.T.02,Chứng quyền.LPB.KIS.M.CA.T.02,STO,
CLPB2504,DELISTED,CW,Chứng quyền.LPB.KIS.M.CA.T.01,Chứng quyền.LPB.KIS.M.CA.T.01,STO,
CLPB2503,HSX,CW,Chứng quyền LPB/12M/SSI/C/EU/Cash-20,Chứng quyền LPB/12M/SSI/C/EU/Cash-20,STO,
CLPB2502,DELISTED,CW,Chứng quyền LPB/5M/SSI/C/EU/Cash-19,Chứng quyền LPB/5M/SSI/C/EU/Cash-19,STO,
CLPB2501,DELISTED,CW,Chứng quyền LPB/7M/SSI/C/EU/Cash-19,Chứng quyền LPB/7M/SSI/C/EU/Cash-19,STO,
CLM,HNX,STOCK,Xuất nhập khẩu Than - Vinacomin,Công ty Cổ phần Xuất nhập khẩu Than - Vinacomin,STX,1700
CLL,HSX,STOCK,Cảng Cát Lái,Công ty Cổ phần Cảng Cát Lái,STO,2700
CLH,HNX,STOCK,Xi măng La Hiên,Công ty Cổ phần Xi măng La Hiên VVMI,STX,2300
CLG,DELISTED,STOCK,Cotec Land,Công ty Cổ phần Đầu tư và Phát triển Nhà đất Cotec,UPX,8600
CLC,HSX,STOCK,Thuốc lá Cát Lợi,Công ty Cổ phần Cát Lợi,STO,3700
CKV,HNX,STOCK,CokyVina,Công ty Cổ phần CokyVina,STX,9500
CKG,HSX,STOCK,Tập đoàn CIC,Công ty Cổ phần Tập đoàn CIC,STO,8600
CKDH2213,DELISTED,CW,CKDH2213 - Chứng quyền,CKDH2213 - Chứng quyền,,
CKDH2212,DELISTED,CW,CKDH2212 - Chứng quyền,CKDH2212 - Chứng quyền,,
CKDH2211,DELISTED,CW,CKDH2211 - Chứng quyền,CKDH2211 - Chứng quyền,,
CKDH2210,DELISTED,CW,CKDH2210 - Chứng quyền,CKDH2210 - Chứng quyền,,
CKDH2209,DELISTED,CW,CKDH2209 - Chứng quyền,CKDH2209 - Chứng quyền,,
CKDH2208,DELISTED,CW,CKDH2208 - Chứng quyền,CKDH2208 - Chứng quyền,,
CKDH2207,DELISTED,CW,CKDH2207 - Chứng quyền,CKDH2207 - Chứng quyền,,
CKDH2206,DELISTED,CW,CKDH2206 - Chứng quyền,CKDH2206 - Chứng quyền,,
CKDH2205,DELISTED,CW,CKDH2205 - Chứng quyền,CKDH2205 - Chứng quyền,,
CKDH2204,DELISTED,CW,CKDH2204 - Chứng quyền,CKDH2204 - Chứng quyền,,
CKDH2203,DELISTED,CW,CKDH2203 - Chứng quyền,CKDH2203 - Chứng quyền,,
CKDH2202,DELISTED,CW,CKDH2202 - Chứng quyền,CKDH2202 - Chứng quyền,,
CKDH2201,DELISTED,CW,CKDH2201 - Chứng quyền,CKDH2201 - Chứng quyền,,
CKDH2107,DELISTED,CW,CKDH2107 - Chứng quyền,CKDH2107 - Chứng quyền,,
CKD,UPCOM,STOCK,Đông Anh Licogi,Công ty Cổ phần Cơ khí Đông Anh Licogi,UPX,2700
CKA,UPCOM,STOCK,Cơ khí An Giang,Công ty Cổ phần Cơ khí An Giang,UPX,2700
CK8,UPCOM,STOCK,Cơ khí 120,Công ty Cổ phần Cơ khí 120,UPX,8600
CJC,HNX,STOCK,Cơ điện Miền Trung,Công ty Cổ phần Cơ điện Miền Trung,STX,2700
CIP,UPCOM,STOCK,XL và SX công nghiệp,Công ty Cổ phần Xây lắp và Sản xuất Công nghiệp,UPX,2300
CII425021,BOND,BOND,Trái phiếu CII425001,Trái phiếu CII425001,HCX,
CII424002,BOND,BOND,CTCP Đầu tư Hạ tầng Kỹ thuật Thành phố Hồ Chí Minh,CTCP Đầu tư Hạ tầng Kỹ thuật Thành phố Hồ Chí Minh,HCX,
CII42013,DELISTED,BOND,Trai phieu CTCP Dau tu Ha Tang Ky thuat TP.HCM,Trai phieu CTCP Dau tu Ha Tang Ky thuat TP.HCM,HCX,
CII124021,BOND,BOND,CTCP Dau tu Ha tang Ky thuat Thanh pho Ho Chi Minh,CTCP Dau tu Ha tang Ky thuat Thanh pho Ho Chi Minh,HCX,
CII121029,DELISTED,BOND,CII121029 - Trái phiếu,CII121029 - Trái phiếu,,
CII121006,DELISTED,BOND,CII121006 - Trái phiếu,CII121006 - Trái phiếu,,
CII120018,DELISTED,BOND,CII120018 - Trái phiếu,CII120018 - Trái phiếu,,
CII,HSX,STOCK,Hạ tầng Kỹ thuật TP.HCM,Công ty Cổ phần Đầu tư Hạ tầng Kỹ thuật Thành phố Hồ Chí Minh,STO,2300
CIG,HSX,STOCK,Xây dựng COMA 18,Công ty Cổ phần COMA 18,STO,2300
CID,UPCOM,STOCK,Xây dựng và Phát triển Cơ sở Hạ tầng,Công ty Cổ phần Xây dựng và Phát triển Cơ sở Hạ tầng,UPX,2300
CIA,HNX,STOCK,DV Sân Bay Cam Ranh,Công ty Cổ Phần Dịch Vụ Sân Bay Quốc Tế Cam Ranh,STX,2700
CI5,UPCOM,STOCK,Đầu tư Xây dựng số 5,Công ty Cổ phần Đầu tư Xây dựng số 5,UPX,2300
CHS,UPCOM,STOCK,Chiếu sáng TPHCM,Công ty Cổ phần Chiếu sáng Công cộng Thành phố Hồ Chí Minh,UPX,7500
CHPG2612,HSX,CW,Chứng quyền.HPG.KIS.M.CA.T.54,Chứng quyền.HPG.KIS.M.CA.T.54,STO,
CHPG2611,HSX,CW,Chứng quyền.HPG.KIS.M.CA.T.53,Chứng quyền.HPG.KIS.M.CA.T.53,STO,
CHPG2610,HSX,CW,Chứng quyền HPG.12M.SSV.C.EU.Cash.25.02,Chứng quyền HPG.12M.SSV.C.EU.Cash.25.02,STO,
CHPG2609,HSX,CW,Chứng quyền HPG-HSC-MET18,Chứng quyền HPG-HSC-MET18,STO,
CHPG2608,HSX,CW,Chứng quyền HPG/6M/SSI/C/EU/Cash-21,Chứng quyền HPG/6M/SSI/C/EU/Cash-21,STO,
CHPG2607,HSX,CW,Chứng quyền HPG/9M/SSI/C/EU/Cash-21,Chứng quyền HPG/9M/SSI/C/EU/Cash-21,STO,
CHPG2606,HSX,CW,Chứng quyền HPG/VPBANKS/C/EU/12M/CASH/25-02,Chứng quyền HPG/VPBANKS/C/EU/12M/CASH/25-02,STO,
CHPG2605,HSX,CW,Chứng quyền HPG/LPBS/Call/EU/Cash/12M/16,Chứng quyền HPG/LPBS/Call/EU/Cash/12M/16,STO,
CHPG2604,HSX,CW,Chứng quyền HPG/ACBS/Call/EU/Cash/10M/87,Chứng quyền HPG/ACBS/Call/EU/Cash/10M/87,STO,
CHPG2603,HSX,CW,Chứng quyền HPG/TCBS/C/EU/12M/CASH/02,Chứng quyền HPG/TCBS/C/EU/12M/CASH/02,STO,
CHPG2602,HSX,CW,Chứng quyền HPG/TCBS/C/EU/9M/CASH/02,Chứng quyền HPG/TCBS/C/EU/9M/CASH/02,STO,
CHPG2601,HSX,CW,Chứng quyền HPG/TCBS/C/EU/6M/CASH/02,Chứng quyền HPG/TCBS/C/EU/6M/CASH/02,STO,
CHPG2542,HSX,CW,Chứng quyền HPG/VIETCAP/M/Au/T/A8,Chứng quyền HPG/VIETCAP/M/Au/T/A8,STO,
CHPG2541,HSX,CW,Chứng quyền HPG/15M/KAFI/C/EU/CASH/2502,Chứng quyền HPG/15M/KAFI/C/EU/CASH/2502,STO,
CHPG2540,HSX,CW,Chứng quyền HPG/12M/KAFI/C/EU/CASH/2501,Chứng quyền HPG/12M/KAFI/C/EU/CASH/2501,STO,
CHPG2539,HSX,CW,Chứng quyền.HPG.VND.M.CA.T.2025.3,Chứng quyền.HPG.VND.M.CA.T.2025.3,STO,
CHPG2538,HSX,CW,Chứng quyền.HPG.VND.M.CA.T.2025.2,Chứng quyền.HPG.VND.M.CA.T.2025.2,STO,
CHPG2537,DELISTED,CW,Chứng quyền.HPG.VND.M.CA.T.2025.1,Chứng quyền.HPG.VND.M.CA.T.2025.1,STO,
CHPG2536,HSX,CW,Chứng quyền HPG/0225/C/EU/Cash/MSVN,Chứng quyền HPG/0225/C/EU/Cash/MSVN,STO,
CHPG2535,HSX,CW,Chứng quyền HPG/0125/C/EU/Cash/MSVN,Chứng quyền HPG/0125/C/EU/Cash/MSVN,STO,
CHPG2534,HSX,CW,Chứng quyền.HPG.KIS.M.CA.T.52,Chứng quyền.HPG.KIS.M.CA.T.52,STO,
CHPG2533,DELISTED,CW,Chứng quyền HPG/MBS/C/EU/CASH/6M/25-01,Chứng quyền HPG/MBS/C/EU/CASH/6M/25-01,STO,
CHPG2532,HSX,CW,Chứng quyền HPG.09.PHS.C.EU.Cash,Chứng quyền HPG.09.PHS.C.EU.Cash,STO,
CHPG2531,HSX,CW,Chứng quyền HPG.08.PHS.C.EU.Cash,Chứng quyền HPG.08.PHS.C.EU.Cash,STO,
CHPG2530,HSX,CW,Chứng quyền HPG.05.PHS.C.EU.Cash,Chứng quyền HPG.05.PHS.C.EU.Cash,STO,
CHPG2529,HSX,CW,Chứng quyền HPG.04.PHS.C.EU.Cash,Chứng quyền HPG.04.PHS.C.EU.Cash,STO,
CHPG2528,DELISTED,CW,Chứng quyền HPG/ACBS/Call/EU/Cash/7M/82,Chứng quyền HPG/ACBS/Call/EU/Cash/7M/82,STO,
CHPG2527,HSX,CW,Chứng quyền.HPG.KIS.M.CA.T.51,Chứng quyền.HPG.KIS.M.CA.T.51,STO,
CHPG2526,DELISTED,CW,Chứng quyền.HPG.KIS.M.CA.T.50,Chứng quyền.HPG.KIS.M.CA.T.50,STO,
CHPG2525,HSX,CW,Chứng quyền HPG/15M/SSI/C/EU/Cash-20,Chứng quyền HPG/15M/SSI/C/EU/Cash-20,STO,
CHPG2524,HSX,CW,Chứng quyền HPG/12M/SSI/C/EU/Cash-20,Chứng quyền HPG/12M/SSI/C/EU/Cash-20,STO,
CHPG2523,HSX,CW,Chứng quyền HPG/VPBANKS/C/EU/12M/CASH/25-01,Chứng quyền HPG/VPBANKS/C/EU/12M/CASH/25-01,STO,
CHPG2522,HSX,CW,Chứng quyền HPG/VPBANKS/C/EU/9M/CASH/25-01,Chứng quyền HPG/VPBANKS/C/EU/9M/CASH/25-01,STO,
CHPG2521,DELISTED,CW,Chứng quyền HPG.6M.SSV.C.EU.Cash.25.01,Chứng quyền HPG.6M.SSV.C.EU.Cash.25.01,STO,
CHPG2520,DELISTED,CW,Chứng quyền HPG/7M/SSI/C/EU/Cash-19,Chứng quyền HPG/7M/SSI/C/EU/Cash-19,STO,
CHPG2519,DELISTED,CW,Chứng quyền HPG/5M/SSI/C/EU/Cash-19,Chứng quyền HPG/5M/SSI/C/EU/Cash-19,STO,
CHPG2518,HSX,CW,Chứng quyền HPG/ACBS/Call/EU/Cash/12M/69,Chứng quyền HPG/ACBS/Call/EU/Cash/12M/69,STO,
CHPG2517,HSX,CW,Chứng quyền HPG-HSC-MET17,Chứng quyền HPG-HSC-MET17,STO,
CHPG2516,DELISTED,CW,Chứng quyền.HPG.KIS.M.CA.T.49,Chứng quyền.HPG.KIS.M.CA.T.49,STO,
CHPG2515,DELISTED,CW,Chứng quyền.HPG.KIS.M.CA.T.48,Chứng quyền.HPG.KIS.M.CA.T.48,STO,
CHPG2514,DELISTED,CW,Chứng quyền.HPG.KIS.M.CA.T.47,Chứng quyền.HPG.KIS.M.CA.T.47,STO,
CHPG2513,DELISTED,CW,Chứng quyền.HPG.KIS.M.CA.T.46,Chứng quyền.HPG.KIS.M.CA.T.46,STO,
CHPG2512,DELISTED,CW,Chứng quyền.HPG.KIS.M.CA.T.45,Chứng quyền.HPG.KIS.M.CA.T.45,STO,
CHPG2511,DELISTED,CW,Chứng quyền.HPG.KIS.M.CA.T.44,Chứng quyền.HPG.KIS.M.CA.T.44,STO,
CHPG2510,DELISTED,CW,Chứng quyền HPG/TCBS/C/EU/12M/CASH/24-01,Chứng quyền HPG/TCBS/C/EU/12M/CASH/24-01,STO,
CHPG2509,DELISTED,CW,Chứng quyền HPG/TCBS/C/EU/6M/CASH/24-01,Chứng quyền HPG/TCBS/C/EU/6M/CASH/24-01,STO,
CHPG2508,DELISTED,CW,CHPG2508 - Chứng quyền,CHPG2508 - Chứng quyền,STO,
CHPG2507,DELISTED,CW,CHPG2507 - Chứng quyền,CHPG2507 - Chứng quyền,STO,
CHPG2506,DELISTED,CW,Chứng quyền HPG/BSC/C/12M/EU/Cash/2024-01,Chứng quyền HPG/BSC/C/12M/EU/Cash/2024-01,STO,
CHPG2505,HSX,CW,Chứng quyền HPG/15M/SSI/C/EU/Cash-18,Chứng quyền HPG/15M/SSI/C/EU/Cash-18,STO,
CHPG2504,DELISTED,CW,CHPG2504 - Chứng quyền,CHPG2504 - Chứng quyền,STO,
CHPG2503,DELISTED,CW,CHPG2503 - Chứng quyền,CHPG2503 - Chứng quyền,STO,
CHPG2502,DELISTED,CW,Chứng quyền HPG/VPBANKS/C/EU/9M/CASH/24-01,Chứng quyền HPG/VPBANKS/C/EU/9M/CASH/24-01,STO,
CHPG2501,DELISTED,CW,CHPG2501 - Chứng quyền,CHPG2501 - Chứng quyền,STO,
CHPG2412,DELISTED,CW,CHPG2412 - Chứng quyền,CHPG2412 - Chứng quyền,STO,
CHPG2411,DELISTED,CW,CHPG2411 - Chứng quyền,CHPG2411 - Chứng quyền,,
CHPG2410,DELISTED,CW,Chứng quyền HPG/MBS/C/EU/CASH/9M/24-01,Chứng quyền HPG/MBS/C/EU/CASH/9M/24-01,STO,
CHPG2409,DELISTED,CW,Chứng quyền HPG/ACBS/Call/EU/Cash/12M/57,Chứng quyền HPG/ACBS/Call/EU/Cash/12M/57,STO,
CHPG2408,DELISTED,CW,Chứng quyền HPG/9M/SSI/C/EU/Cash-17,Chứng quyền HPG/9M/SSI/C/EU/Cash-17,STO,
CHPG2407,DELISTED,CW,CHPG2407 - Chứng quyền,CHPG2407 - Chứng quyền,,
CHPG2406,DELISTED,CW,Chứng quyền HPG/12M/SSI/C/EU/Cash-17,Chứng quyền HPG/12M/SSI/C/EU/Cash-17,STO,
CHPG2405,DELISTED,CW,CHPG2405 - Chứng quyền,CHPG2405 - Chứng quyền,,
CHPG2404,DELISTED,CW,CHPG2404 - Chứng quyền,CHPG2404 - Chứng quyền,,
CHPG2403,DELISTED,CW,CHPG2403 - Chứng quyền,CHPG2403 - Chứng quyền,,
CHPG2402,DELISTED,CW,CHPG2402 - Chứng quyền,CHPG2402 - Chứng quyền,STO,
CHPG2401,DELISTED,CW,CHPG2401 - Chứng quyền,CHPG2401 - Chứng quyền,,
CHPG2343,DELISTED,CW,CHPG2343 - Chứng quyền,CHPG2343 - Chứng quyền,,
CHPG2342,DELISTED,CW,CHPG2342 - Chứng quyền,CHPG2342 - Chứng quyền,,
CHPG2341,DELISTED,CW,CHPG2341 - Chứng quyền,CHPG2341 - Chứng quyền,,
CHPG2340,DELISTED,CW,CHPG2340 - Chứng quyền,CHPG2340 - Chứng quyền,,
CHPG2339,DELISTED,CW,CHPG2339 - Chứng quyền,CHPG2339 - Chứng quyền,,
CHPG2338,DELISTED,CW,CHPG2338 - Chứng quyền,CHPG2338 - Chứng quyền,,
CHPG2337,DELISTED,CW,CHPG2337 - Chứng quyền,CHPG2337 - Chứng quyền,,
CHPG2336,DELISTED,CW,CHPG2336 - Chứng quyền,CHPG2336 - Chứng quyền,,
CHPG2335,DELISTED,CW,CHPG2335 - Chứng quyền,CHPG2335 - Chứng quyền,,
CHPG2334,DELISTED,CW,CHPG2334 - Chứng quyền,CHPG2334 - Chứng quyền,,
CHPG2333,DELISTED,CW,CHPG2333 - Chứng quyền,CHPG2333 - Chứng quyền,,
CHPG2332,DELISTED,CW,CHPG2332 - Chứng quyền,CHPG2332 - Chứng quyền,,
CHPG2331,DELISTED,CW,CHPG2331 - Chứng quyền,CHPG2331 - Chứng quyền,,
CHPG2330,DELISTED,CW,CHPG2330 - Chứng quyền,CHPG2330 - Chứng quyền,,
CHPG2329,DELISTED,CW,CHPG2329 - Chứng quyền,CHPG2329 - Chứng quyền,,
CHPG2328,DELISTED,CW,CHPG2328 - Chứng quyền,CHPG2328 - Chứng quyền,,
CHPG2327,DELISTED,CW,CHPG2327 - Chứng quyền,CHPG2327 - Chứng quyền,,
CHPG2326,DELISTED,CW,CHPG2326 - Chứng quyền,CHPG2326 - Chứng quyền,,
CHPG2325,DELISTED,CW,CHPG2325 - Chứng quyền,CHPG2325 - Chứng quyền,,
CHPG2324,DELISTED,CW,CHPG2324 - Chứng quyền,CHPG2324 - Chứng quyền,,
CHPG2323,DELISTED,CW,CHPG2323 - Chứng quyền,CHPG2323 - Chứng quyền,,
CHPG2322,DELISTED,CW,CHPG2322 - Chứng quyền,CHPG2322 - Chứng quyền,,
CHPG2321,DELISTED,CW,CHPG2321 - Chứng quyền,CHPG2321 - Chứng quyền,,
CHPG2320,DELISTED,CW,CHPG2320 - Chứng quyền,CHPG2320 - Chứng quyền,,
CHPG2319,DELISTED,CW,CHPG2319 - Chứng quyền,CHPG2319 - Chứng quyền,,
CHPG2318,DELISTED,CW,CHPG2318 - Chứng quyền,CHPG2318 - Chứng quyền,,
CHPG2317,DELISTED,CW,CHPG2317 - Chứng quyền,CHPG2317 - Chứng quyền,,
CHPG2316,DELISTED,CW,CHPG2316 - Chứng quyền,CHPG2316 - Chứng quyền,,
CHPG2315,DELISTED,CW,CHPG2315 - Chứng quyền,CHPG2315 - Chứng quyền,,
CHPG2314,DELISTED,CW,CHPG2314 - Chứng quyền,CHPG2314 - Chứng quyền,,
CHPG2313,DELISTED,CW,CHPG2313 - Chứng quyền,CHPG2313 - Chứng quyền,,
CHPG2312,DELISTED,CW,CHPG2312 - Chứng quyền,CHPG2312 - Chứng quyền,,
CHPG2311,DELISTED,CW,CHPG2311 - Chứng quyền,CHPG2311 - Chứng quyền,,
CHPG2310,DELISTED,CW,CHPG2310 - Chứng quyền,CHPG2310 - Chứng quyền,,
CHPG2309,DELISTED,CW,CHPG2309 - Chứng quyền,CHPG2309 - Chứng quyền,,
CHPG2308,DELISTED,CW,CHPG2308 - Chứng quyền,CHPG2308 - Chứng quyền,,
CHPG2307,DELISTED,CW,CHPG2307 - Chứng quyền,CHPG2307 - Chứng quyền,,
CHPG2306,DELISTED,CW,CHPG2306 - Chứng quyền,CHPG2306 - Chứng quyền,,
CHPG2305,DELISTED,CW,CHPG2305 - Chứng quyền,CHPG2305 - Chứng quyền,,
CHPG2304,DELISTED,CW,CHPG2304 - Chứng quyền,CHPG2304 - Chứng quyền,,
CHPG2303,DELISTED,CW,CHPG2303 - Chứng quyền,CHPG2303 - Chứng quyền,,
CHPG2302,DELISTED,CW,CHPG2302 - Chứng quyền,CHPG2302 - Chứng quyền,,
CHPG2301,DELISTED,CW,CHPG2301 - Chứng quyền,CHPG2301 - Chứng quyền,,
CHPG2227,DELISTED,CW,CHPG2227 - Chứng quyền,CHPG2227 - Chứng quyền,,
CHPG2226,DELISTED,CW,CHPG2226 - Chứng quyền,CHPG2226 - Chứng quyền,,
CHPG2225,DELISTED,CW,CHPG2225 - Chứng quyền,CHPG2225 - Chứng quyền,,
CHPG2224,DELISTED,CW,CHPG2224 - Chứng quyền,CHPG2224 - Chứng quyền,,
CHPG2223,DELISTED,CW,CHPG2223 - Chứng quyền,CHPG2223 - Chứng quyền,,
CHPG2221,DELISTED,CW,CHPG2221 - Chứng quyền,CHPG2221 - Chứng quyền,,
CHPG2220,DELISTED,CW,CHPG2220 - Chứng quyền,CHPG2220 - Chứng quyền,,
CHPG2219,DELISTED,CW,CHPG2219 - Chứng quyền,CHPG2219 - Chứng quyền,,
CHPG2218,DELISTED,CW,CHPG2218 - Chứng quyền,CHPG2218 - Chứng quyền,,
CHPG2217,DELISTED,CW,CHPG2217 - Chứng quyền,CHPG2217 - Chứng quyền,,
CHPG2216,DELISTED,CW,CHPG2216 - Chứng quyền,CHPG2216 - Chứng quyền,,
CHPG2215,DELISTED,CW,CHPG2215 - Chứng quyền,CHPG2215 - Chứng quyền,,
CHPG2214,DELISTED,CW,CHPG2214 - Chứng quyền,CHPG2214 - Chứng quyền,,
CHPG2213,DELISTED,CW,CHPG2213 - Chứng quyền,CHPG2213 - Chứng quyền,,
CHPG2212,DELISTED,CW,CHPG2212 - Chứng quyền,CHPG2212 - Chứng quyền,,
CHPG2211,DELISTED,CW,CHPG2211 - Chứng quyền,CHPG2211 - Chứng quyền,,
CHPG2210,DELISTED,CW,CHPG2210 - Chứng quyền,CHPG2210 - Chứng quyền,,
CHPG2209,DELISTED,CW,CHPG2209 - Chứng quyền,CHPG2209 - Chứng quyền,,
CHPG2208,DELISTED,CW,CHPG2208 - Chứng quyền,CHPG2208 - Chứng quyền,,
CHPG2207,DELISTED,CW,CHPG2207 - Chứng quyền,CHPG2207 - Chứng quyền,,
CHPG2206,DELISTED,CW,CHPG2206 - Chứng quyền,CHPG2206 - Chứng quyền,,
CHPG2204,DELISTED,CW,CHPG2204 - Chứng quyền,CHPG2204 - Chứng quyền,,
CHPG2203,DELISTED,CW,CHPG2203 - Chứng quyền,CHPG2203 - Chứng quyền,,
CHPG2202,DELISTED,CW,CHPG2202 - Chứng quyền,CHPG2202 - Chứng quyền,,
CHPG2201,DELISTED,CW,CHPG2201 - Chứng quyền,CHPG2201 - Chứng quyền,,
CHPG2119,DELISTED,CW,CHPG2119 - Chứng quyền,CHPG2119 - Chứng quyền,,
CHPG2118,DELISTED,CW,CHPG2118 - Chứng quyền,CHPG2118 - Chứng quyền,,
CHPG2117,DELISTED,CW,CHPG2117 - Chứng quyền,CHPG2117 - Chứng quyền,,
CHPG2116,DELISTED,CW,CHPG2116 - Chứng quyền,CHPG2116 - Chứng quyền,,
CHPG2114,DELISTED,CW,CHPG2114 - Chứng quyền,CHPG2114 - Chứng quyền,,
CHP,HSX,STOCK,Thủy điện Miền Trung,Công ty Cổ phần Thủy điện Miền Trung,STO,7500
CHDB2602,HSX,CW,Chứng quyền HDB/VPBANKS/C/EU/9M/CASH/25-02,Chứng quyền HDB/VPBANKS/C/EU/9M/CASH/25-02,STO,
CHDB2601,HSX,CW,Chứng quyền HDB/VPBANKS/C/EU/6M/CASH/25-02,Chứng quyền HDB/VPBANKS/C/EU/6M/CASH/25-02,STO,
CHDB2510,HSX,CW,Chứng quyền HDB/VIETCAP/M/Au/T/A3,Chứng quyền HDB/VIETCAP/M/Au/T/A3,STO,
CHDB2509,HSX,CW,Chứng quyền.HDB.VND.M.CA.T.2025.3,Chứng quyền.HDB.VND.M.CA.T.2025.3,STO,
CHDB2508,HSX,CW,Chứng quyền.HDB.VND.M.CA.T.2025.2,Chứng quyền.HDB.VND.M.CA.T.2025.2,STO,
CHDB2507,DELISTED,CW,Chứng quyền.HDB.VND.M.CA.T.2025.1,Chứng quyền.HDB.VND.M.CA.T.2025.1,STO,
CHDB2506,DELISTED,CW,Chứng quyền HDB/MBS/C/EU/CASH/6M/25-01,Chứng quyền HDB/MBS/C/EU/CASH/6M/25-01,STO,
CHDB2505,DELISTED,CW,Chứng quyền.HDB.KIS.M.CA.T.26,Chứng quyền.HDB.KIS.M.CA.T.26,STO,
CHDB2504,DELISTED,CW,Chứng quyền.HDB.KIS.M.CA.T.25,Chứng quyền.HDB.KIS.M.CA.T.25,STO,
CHDB2503,DELISTED,CW,Chứng quyền.HDB.KIS.M.CA.T.24,Chứng quyền.HDB.KIS.M.CA.T.24,STO,
CHDB2502,DELISTED,CW,Chứng quyền.HDB.KIS.M.CA.T.23,Chứng quyền.HDB.KIS.M.CA.T.23,STO,
CHDB2501,DELISTED,CW,CHDB2501 - Chứng quyền,CHDB2501 - Chứng quyền,STO,
CHDB2401,DELISTED,CW,CHDB2401 - Chứng quyền,CHDB2401 - Chứng quyền,,
CHDB2306,DELISTED,CW,CHDB2306 - Chứng quyền,CHDB2306 - Chứng quyền,,
CHDB2305,DELISTED,CW,CHDB2305 - Chứng quyền,CHDB2305 - Chứng quyền,,
CHDB2304,DELISTED,CW,CHDB2304 - Chứng quyền,CHDB2304 - Chứng quyền,,
CHDB2303,DELISTED,CW,CHDB2303 - Chứng quyền,CHDB2303 - Chứng quyền,,
CHDB2302,DELISTED,CW,CHDB2302 - Chứng quyền,CHDB2302 - Chứng quyền,,
CHDB2301,DELISTED,CW,CHDB2301 - Chứng quyền,CHDB2301 - Chứng quyền,,
CHDB2210,DELISTED,CW,CHDB2210 - Chứng quyền,CHDB2210 - Chứng quyền,,
CHDB2209,DELISTED,CW,CHDB2209 - Chứng quyền,CHDB2209 - Chứng quyền,,
CHDB2208,DELISTED,CW,CHDB2208 - Chứng quyền,CHDB2208 - Chứng quyền,,
CHDB2207,DELISTED,CW,CHDB2207 - Chứng quyền,CHDB2207 - Chứng quyền,,
CHDB2206,DELISTED,CW,CHDB2206 - Chứng quyền,CHDB2206 - Chứng quyền,,
CHDB2205,DELISTED,CW,CHDB2205 - Chứng quyền,CHDB2205 - Chứng quyền,,
CHDB2204,DELISTED,CW,CHDB2204 - Chứng quyền,CHDB2204 - Chứng quyền,,
CHDB2203,DELISTED,CW,CHDB2203 - Chứng quyền,CHDB2203 - Chứng quyền,,
CHDB2202,DELISTED,CW,CHDB2202 - Chứng quyền,CHDB2202 - Chứng quyền,,
CHDB2201,DELISTED,CW,CHDB2201 - Chứng quyền,CHDB2201 - Chứng quyền,,
CHDB2103,DELISTED,CW,CHDB2103 - Chứng quyền,CHDB2103 - Chứng quyền,,
CHC,UPCOM,STOCK,Nội thất Cẩm Hà,Công ty Cổ phần Cẩm Hà,UPX,2300
CH5,UPCOM,STOCK,Xây dựng số 5 Hà Nội,Công ty Cổ phần Xây dựng số 5 Hà Nội,UPX,2300
CGV,UPCOM,STOCK,Vinaceglass JSC,Công ty Cổ phần Vinaceglass,UPX,2300
CGL,DELISTED,STOCK,Thương mại Gia Lai,Công ty Cổ phần Thương mại Gia Lai,,5300
CFV,UPCOM,STOCK,Cà phê Thắng Lợi,Công ty Cổ phần Cà phê Thắng Lợi,UPX,3500
CFPT2609,HSX,CW,Chứng quyền FPT-HSC-MET19,Chứng quyền FPT-HSC-MET19,STO,
CFPT2608,HSX,CW,Chứng quyền FPT/9M/SSI/C/EU/Cash-21,Chứng quyền FPT/9M/SSI/C/EU/Cash-21,STO,
CFPT2607,HSX,CW,Chứng quyền FPT/6M/SSI/C/EU/Cash-21,Chứng quyền FPT/6M/SSI/C/EU/Cash-21,STO,
CFPT2606,HSX,CW,Chứng quyền FPT/VPBANKS/C/EU/9M/CASH/25-02,Chứng quyền FPT/VPBANKS/C/EU/9M/CASH/25-02,STO,
CFPT2605,HSX,CW,Chứng quyền FPT/VPBANKS/C/EU/6M/CASH/25-02,Chứng quyền FPT/VPBANKS/C/EU/6M/CASH/25-02,STO,
CFPT2604,HSX,CW,Chứng quyền FPT/LPBS/Call/EU/Cash/12M/14,Chứng quyền FPT/LPBS/Call/EU/Cash/12M/14,STO,
CFPT2603,HSX,CW,Chứng quyền FPT/TCBS/C/EU/12M/CASH/02,Chứng quyền FPT/TCBS/C/EU/12M/CASH/02,STO,
CFPT2602,HSX,CW,Chứng quyền FPT/TCBS/C/EU/9M/CASH/02,Chứng quyền FPT/TCBS/C/EU/9M/CASH/02,STO,
CFPT2601,HSX,CW,Chứng quyền FPT/TCBS/C/EU/6M/CASH/02,Chứng quyền FPT/TCBS/C/EU/6M/CASH/02,STO,
CFPT2534,HSX,CW,Chứng quyền FPT/VIETCAP/M/Au/T/A8,Chứng quyền FPT/VIETCAP/M/Au/T/A8,STO,
CFPT2533,HSX,CW,Chứng quyền FPT/15M/KAFI/C/EU/CASH/2502,Chứng quyền FPT/15M/KAFI/C/EU/CASH/2502,STO,
CFPT2532,HSX,CW,Chứng quyền FPT/12M/KAFI/C/EU/CASH/2501,Chứng quyền FPT/12M/KAFI/C/EU/CASH/2501,STO,
CFPT2531,HSX,CW,Chứng quyền FPT/PINETREE/C/EU/7M/CASH/25-01,Chứng quyền FPT/PINETREE/C/EU/7M/CASH/25-01,STO,
CFPT2530,DELISTED,CW,Chứng quyền FPT/PINETREE/C/EU/4M/CASH/25-01,Chứng quyền FPT/PINETREE/C/EU/4M/CASH/25-01,STO,
CFPT2529,HSX,CW,Chứng quyền.FPT.VND.M.CA.T.2025.3,Chứng quyền.FPT.VND.M.CA.T.2025.3,STO,
CFPT2528,HSX,CW,Chứng quyền.FPT.VND.M.CA.T.2025.2,Chứng quyền.FPT.VND.M.CA.T.2025.2,STO,
CFPT2527,DELISTED,CW,Chứng quyền.FPT.VND.M.CA.T.2025.1,Chứng quyền.FPT.VND.M.CA.T.2025.1,STO,
CFPT2526,HSX,CW,Chứng quyền FPT/0225/C/EU/Cash/MSVN,Chứng quyền FPT/0225/C/EU/Cash/MSVN,STO,
CFPT2525,HSX,CW,Chứng quyền FPT/0125/C/EU/Cash/MSVN,Chứng quyền FPT/0125/C/EU/Cash/MSVN,STO,
CFPT2524,HSX,CW,Chứng quyền.FPT.KIS.M.CA.T.07,Chứng quyền.FPT.KIS.M.CA.T.07,STO,
CFPT2523,HSX,CW,Chứng quyền.FPT.KIS.M.CA.T.06,Chứng quyền.FPT.KIS.M.CA.T.06,STO,
CFPT2522,DELISTED,CW,Chứng quyền.FPT.KIS.M.CA.T.05,Chứng quyền.FPT.KIS.M.CA.T.05,STO,
CFPT2521,HSX,CW,Chứng quyền FPT.04.PHS.C.EU.Cash,Chứng quyền FPT.04.PHS.C.EU.Cash,STO,
CFPT2520,HSX,CW,Chứng quyền FPT.02.PHS.C.EU.Cash,Chứng quyền FPT.02.PHS.C.EU.Cash,STO,
CFPT2519,DELISTED,CW,Chứng quyền FPT/ACBS/Call/EU/Cash/7M/81,Chứng quyền FPT/ACBS/Call/EU/Cash/7M/81,STO,
CFPT2518,HSX,CW,Chứng quyền FPT/15M/SSI/C/EU/Cash-20,Chứng quyền FPT/15M/SSI/C/EU/Cash-20,STO,
CFPT2517,HSX,CW,Chứng quyền FPT/12M/SSI/C/EU/Cash-20,Chứng quyền FPT/12M/SSI/C/EU/Cash-20,STO,
CFPT2516,DELISTED,CW,Chứng quyền FPT/VPBANKS/C/EU/7M/CASH/25-01,Chứng quyền FPT/VPBANKS/C/EU/7M/CASH/25-01,STO,
CFPT2515,DELISTED,CW,Chứng quyền FPT/7M/SSI/C/EU/Cash-19,Chứng quyền FPT/7M/SSI/C/EU/Cash-19,STO,
CFPT2514,DELISTED,CW,Chứng quyền FPT/5M/SSI/C/EU/Cash-19,Chứng quyền FPT/5M/SSI/C/EU/Cash-19,STO,
CFPT2513,HSX,CW,Chứng quyền FPT/ACBS/Call/EU/Cash/12M/68,Chứng quyền FPT/ACBS/Call/EU/Cash/12M/68,STO,
CFPT2512,HSX,CW,Chứng quyền FPT-HSC-MET18,Chứng quyền FPT-HSC-MET18,STO,
CFPT2511,DELISTED,CW,Chứng quyền FPT-HSC-MET17,Chứng quyền FPT-HSC-MET17,STO,
CFPT2510,DELISTED,CW,Chứng quyền.FPT.KIS.M.CA.T.04,Chứng quyền.FPT.KIS.M.CA.T.04,STO,
CFPT2509,DELISTED,CW,Chứng quyền.FPT.KIS.M.CA.T.03,Chứng quyền.FPT.KIS.M.CA.T.03,STO,
CFPT2508,DELISTED,CW,Chứng quyền FPT/TCBS/C/EU/12M/CASH/24-01,Chứng quyền FPT/TCBS/C/EU/12M/CASH/24-01,STO,
CFPT2507,DELISTED,CW,Chứng quyền FPT/TCBS/C/EU/6M/CASH/24-01,Chứng quyền FPT/TCBS/C/EU/6M/CASH/24-01,STO,
CFPT2506,DELISTED,CW,CFPT2506 - Chứng quyền,CFPT2506 - Chứng quyền,STO,
CFPT2505,DELISTED,CW,Chứng quyền FPT/BSC/C/12M/EU/Cash/2024-01,Chứng quyền FPT/BSC/C/12M/EU/Cash/2024-01,STO,
CFPT2504,DELISTED,CW,CFPT2504 - Chứng quyền,CFPT2504 - Chứng quyền,STO,
CFPT2503,HSX,CW,Chứng quyền FPT/15M/SSI/C/EU/Cash-18,Chứng quyền FPT/15M/SSI/C/EU/Cash-18,STO,
CFPT2502,DELISTED,CW,CFPT2502 - Chứng quyền,CFPT2502 - Chứng quyền,STO,
CFPT2501,DELISTED,CW,Chứng quyền FPT/VPBANKS/C/EU/7M/CASH/24-01,Chứng quyền FPT/VPBANKS/C/EU/7M/CASH/24-01,STO,
CFPT2407,DELISTED,CW,CFPT2407 - Chứng quyền,CFPT2407 - Chứng quyền,STO,
CFPT2406,DELISTED,CW,CFPT2406 - Chứng quyền,CFPT2406 - Chứng quyền,,
CFPT2405,DELISTED,CW,Chứng quyền FPT/MBS/C/EU/CASH/9M/24-01,Chứng quyền FPT/MBS/C/EU/CASH/9M/24-01,STO,
CFPT2404,DELISTED,CW,Chứng quyền FPT/ACBS/Call/EU/Cash/12M/56,Chứng quyền FPT/ACBS/Call/EU/Cash/12M/56,STO,
CFPT2403,DELISTED,CW,CFPT2403 - Chứng quyền,CFPT2403 - Chứng quyền,,
CFPT2402,DELISTED,CW,Chứng quyền FPT/9M/SSI/C/EU/Cash-17,Chứng quyền FPT/9M/SSI/C/EU/Cash-17,STO,
CFPT2401,DELISTED,CW,CFPT2401 - Chứng quyền,CFPT2401 - Chứng quyền,,
CFPT2318,DELISTED,CW,CFPT2318 - Chứng quyền,CFPT2318 - Chứng quyền,,
CFPT2317,DELISTED,CW,CFPT2317 - Chứng quyền,CFPT2317 - Chứng quyền,,
CFPT2316,DELISTED,CW,CFPT2316 - Chứng quyền,CFPT2316 - Chứng quyền,,
CFPT2315,DELISTED,CW,CFPT2315 - Chứng quyền,CFPT2315 - Chứng quyền,,
CFPT2314,DELISTED,CW,CFPT2314 - Chứng quyền,CFPT2314 - Chứng quyền,,
CFPT2313,DELISTED,CW,CFPT2313 - Chứng quyền,CFPT2313 - Chứng quyền,,
CFPT2312,DELISTED,CW,CFPT2312 - Chứng quyền,CFPT2312 - Chứng quyền,,
CFPT2311,DELISTED,CW,CFPT2311 - Chứng quyền,CFPT2311 - Chứng quyền,,
CFPT2310,DELISTED,CW,CFPT2310 - Chứng quyền,CFPT2310 - Chứng quyền,,
CFPT2309,DELISTED,CW,CFPT2309 - Chứng quyền,CFPT2309 - Chứng quyền,,
CFPT2308,DELISTED,CW,CFPT2308 - Chứng quyền,CFPT2308 - Chứng quyền,,
CFPT2307,DELISTED,CW,CFPT2307 - Chứng quyền,CFPT2307 - Chứng quyền,,
CFPT2306,DELISTED,CW,CFPT2306 - Chứng quyền,CFPT2306 - Chứng quyền,,
CFPT2305,DELISTED,CW,CFPT2305 - Chứng quyền,CFPT2305 - Chứng quyền,,
CFPT2304,DELISTED,CW,CFPT2304 - Chứng quyền,CFPT2304 - Chứng quyền,,
CFPT2303,DELISTED,CW,CFPT2303 - Chứng quyền,CFPT2303 - Chứng quyền,,
CFPT2302,DELISTED,CW,CFPT2302 - Chứng quyền,CFPT2302 - Chứng quyền,,
CFPT2301,DELISTED,CW,CFPT2301 - Chứng quyền,CFPT2301 - Chứng quyền,,
CFPT2214,DELISTED,CW,CFPT2214 - Chứng quyền,CFPT2214 - Chứng quyền,,
CFPT2213,DELISTED,CW,CFPT2213 - Chứng quyền,CFPT2213 - Chứng quyền,,
CFPT2212,DELISTED,CW,CFPT2212 - Chứng quyền,CFPT2212 - Chứng quyền,,
CFPT2211,DELISTED,CW,CFPT2211 - Chứng quyền,CFPT2211 - Chứng quyền,,
CFPT2210,DELISTED,CW,CFPT2210 - Chứng quyền,CFPT2210 - Chứng quyền,,
CFPT2209,DELISTED,CW,CFPT2209 - Chứng quyền,CFPT2209 - Chứng quyền,,
CFPT2208,DELISTED,CW,CFPT2208 - Chứng quyền,CFPT2208 - Chứng quyền,,
CFPT2207,DELISTED,CW,CFPT2207 - Chứng quyền,CFPT2207 - Chứng quyền,,
CFPT2206,DELISTED,CW,CFPT2206 - Chứng quyền,CFPT2206 - Chứng quyền,,
CFPT2205,DELISTED,CW,CFPT2205 - Chứng quyền,CFPT2205 - Chứng quyền,,
CFPT2204,DELISTED,CW,CFPT2204 - Chứng quyền,CFPT2204 - Chứng quyền,,
CFPT2203,DELISTED,CW,CFPT2203 - Chứng quyền,CFPT2203 - Chứng quyền,,
CFPT2202,DELISTED,CW,CFPT2202 - Chứng quyền,CFPT2202 - Chứng quyền,,
CFPT2201,DELISTED,CW,CFPT2201 - Chứng quyền,CFPT2201 - Chứng quyền,,
CFPT2111,DELISTED,CW,CFPT2111 - Chứng quyền,CFPT2111 - Chứng quyền,,
CFPT2109,DELISTED,CW,,,,
CFPT2108,DELISTED,CW,CFPT2108 - Chứng quyền,CFPT2108 - Chứng quyền,,
CFM,UPCOM,STOCK,Đầu tư CFM,Công ty Cổ phần Đầu tư CFM,UPX,2700
CET,HNX,STOCK,HTC Holding ,Công ty Cổ phần HTC Holding,STX,3700
CEO,HNX,STOCK,Tập đoàn CEO,Công ty Cổ phần Tập đoàn C.E.O,STX,8600
CEN,UPCOM,STOCK,CENCON Việt Nam,Công ty Cổ phần CENCON Việt Nam,UPX,5300
CEG,DELISTED,STOCK,XD và Thiết bị Công nghiệp,Công ty Cổ phần Tập đoàn Xây dựng và Thiết bị Công nghiệp,,2300
CEE,DELISTED,STOCK,Xây dựng Hạ tầng CII,Công ty Cổ phần Xây dựng Hạ tầng CII,,2300
CE1,DELISTED,STOCK,Thiết bị Công nghiệp CIE1,Công ty Cổ phần Xây dựng và Thiết bị Công nghiệp CIE1,,2700
CDR,UPCOM,STOCK,Xây dựng Cao su Đồng Nai,Công ty Cổ phần Xây dựng Cao su Đồng Nai,UPX,2300
CDP,UPCOM,STOCK,Dược phẩm TW Codupha,Công ty Cổ phần Dược phẩm Trung ương Codupha,UPX,4500
CDO,UPCOM,STOCK,Tư vấn Thiết kế và PT Đô thị,Công ty Cổ phần Tư vấn Thiết kế và Phát triển Đô thị,UPX,2300
CDN,HNX,STOCK,Cảng Đà Nẵng,Công ty Cổ phần Cảng Đà Nẵng,STX,2700
CDH,DELISTED,STOCK,CTCC và DV Du lịch Hải Phòng,Công ty Cổ phần Công trình Công cộng và Dịch vụ Du lịch Hải Phòng,UPX,2700
CDGC2601,HSX,CW,Chứng quyền.DGC.KIS.M.CA.T.01,Chứng quyền.DGC.KIS.M.CA.T.01,STO,
CDGC2501,HSX,CW,Chứng quyền DGC/VIETCAP/M/Au/T/A1,Chứng quyền DGC/VIETCAP/M/Au/T/A1,STO,
CDG,UPCOM,STOCK,VLXD Cầu Đuống,Công ty Cổ phần Cầu Đuống,UPX,2300
CDC,HSX,STOCK,Chương Dương Corp,Công ty Cổ phần Chương Dương,STO,2300
CCV,UPCOM,STOCK,XD CN và đô thị Việt Nam,Công ty Cổ phần Tư vấn Xây dựng Công nghiệp và Đô thị Việt Nam,UPX,2300
CCT,UPCOM,STOCK,Cảng Cần Thơ,Công ty Cổ phần Cảng Cần Thơ,UPX,2700
CCS,UPCOM,STOCK,Chíp Sáng,Công ty Cổ phần Chíp Sáng,UPX,8600
CCR,HNX,STOCK,Cảng Cam Ranh,Công ty Cổ phần Cảng Cam Ranh,STX,2700
CCP,UPCOM,STOCK,Cảng Cửa Cấm,Công ty Cổ phần Cảng Cửa Cấm Hải Phòng,UPX,2700
CCM,UPCOM,STOCK,Xi măng Cần Thơ,Công ty Cổ phần Khoáng sản và Xi măng Cần Thơ,UPX,2300
CCL,HSX,STOCK,ĐT & PT Đô thị Dầu khí Cửu Long,Công ty Cổ phần Đầu tư và Phát triển Đô thị Dầu khí Cửu Long,STO,8600
CCI,HSX,STOCK,CIDICO,Công ty Cổ phần Đầu tư Phát triển Công nghiệp Thương mại Củ Chi,STO,7500
CCC,HSX,STOCK,Xây Dựng CDC,Công ty Cổ Phần Xây Dựng CDC,STO,2300
CCA,UPCOM,STOCK,XNK Thuỷ sản Cần Thơ,Công ty Cổ phần Xuất nhập khẩu Thủy sản Cần Thơ,UPX,3500
CC4,DELISTED,STOCK,ĐT và XD số 4,Công ty Cổ phần Đầu tư và Xây dựng số 4,UPX,2300
CC1,UPCOM,STOCK,TCT Xây dựng số 1,Tổng Công ty Xây dựng số 1 - CTCP,UPX,2300
CBS,UPCOM,STOCK,Mía đường Cao Bằng,Công ty Cổ phần Mía đường Cao Bằng,UPX,3500
CBI,UPCOM,STOCK,Gang thép Cao Bằng,Công ty Cổ phần Gang thép Cao Bằng,UPX,1700
CAV,DELISTED,STOCK,Dây cáp điện Việt Nam,Công ty Cổ Phần Dây cáp điện Việt Nam,,2700
CAT,UPCOM,STOCK,Thủy sản Cà Mau,Công ty Cổ phần Thủy sản Cà Mau,UPX,3500
CAR,HNX,STOCK,Tập đoàn Giáo dục Trí Việt,Công ty cổ phần Tập đoàn Giáo dục Trí Việt,STX,2700
CAP,HNX,STOCK,Lâm nông sản Yên Bái,Công ty Cổ phần Lâm Nông sản Thực phẩm Yên Bái,STX,1700
CAN,HNX,STOCK,Đồ hộp Hạ Long,Công ty Cổ phần Đồ hộp Hạ Long,STX,3500
CAG,HNX,STOCK,Cảng An Giang,Công ty Cổ phần Cảng An Giang,STX,2700
CAD,UPCOM,STOCK,Thủy sản Cadovimex,Công ty Cổ phần Chế biến và Xuất khẩu Thủy sản Cadovimex,UPX,3500
CACB2606,HSX,CW,Chứng quyền ACB-HSC-MET04,Chứng quyền ACB-HSC-MET04,STO,
CACB2605,HSX,CW,Chứng quyền ACB/VPBANKS/C/EU/7M/CASH/25-02,Chứng quyền ACB/VPBANKS/C/EU/7M/CASH/25-02,STO,
CACB2604,HSX,CW,Chứng quyền ACB/LPBS/Call/EU/Cash/12M/02,Chứng quyền ACB/LPBS/Call/EU/Cash/12M/02,STO,
CACB2603,HSX,CW,Chứng quyền ACB/TCBS/C/EU/12M/CASH/02,Chứng quyền ACB/TCBS/C/EU/12M/CASH/02,STO,
CACB2602,HSX,CW,Chứng quyền ACB/TCBS/C/EU/9M/CASH/02,Chứng quyền ACB/TCBS/C/EU/9M/CASH/02,STO,
CACB2601,HSX,CW,Chứng quyền ACB/TCBS/C/EU/6M/CASH/02,Chứng quyền ACB/TCBS/C/EU/6M/CASH/02,STO,
CACB2518,HSX,CW,Chứng quyền ACB/VIETCAP/M/Au/T/A5,Chứng quyền ACB/VIETCAP/M/Au/T/A5,STO,
CACB2517,HSX,CW,Chứng quyền ACB/15M/KAFI/C/EU/CASH/2502,Chứng quyền ACB/15M/KAFI/C/EU/CASH/2502,STO,
CACB2516,HSX,CW,Chứng quyền ACB/12M/KAFI/C/EU/CASH/2501,Chứng quyền ACB/12M/KAFI/C/EU/CASH/2501,STO,
CACB2515,HSX,CW,Chứng quyền.ACB.VND.M.CA.T.2025.3,Chứng quyền.ACB.VND.M.CA.T.2025.3,STO,
CACB2514,HSX,CW,Chứng quyền.ACB.VND.M.CA.T.2025.2,Chứng quyền.ACB.VND.M.CA.T.2025.2,STO,
CACB2513,DELISTED,CW,Chứng quyền.ACB.VND.M.CA.T.2025.1,Chứng quyền.ACB.VND.M.CA.T.2025.1,STO,
CACB2512,DELISTED,CW,Chứng quyền ACB/MBS/C/EU/CASH/6M/25-01,Chứng quyền ACB/MBS/C/EU/CASH/6M/25-01,STO,
CACB2511,HSX,CW,Chứng quyền ACB/15M/SSI/C/EU/Cash-20,Chứng quyền ACB/15M/SSI/C/EU/Cash-20,STO,
CACB2510,HSX,CW,Chứng quyền ACB/12M/SSI/C/EU/Cash-20,Chứng quyền ACB/12M/SSI/C/EU/Cash-20,STO,
CACB2509,DELISTED,CW,Chứng quyền ACB/VPBANKS/C/EU/7M/CASH/25-01,Chứng quyền ACB/VPBANKS/C/EU/7M/CASH/25-01,STO,
CACB2508,DELISTED,CW,Chứng quyền ACB/7M/SSI/C/EU/Cash-19,Chứng quyền ACB/7M/SSI/C/EU/Cash-19,STO,
CACB2507,DELISTED,CW,Chứng quyền ACB/5M/SSI/C/EU/Cash-19,Chứng quyền ACB/5M/SSI/C/EU/Cash-19,STO,
CACB2506,DELISTED,CW,CACB2506 - Chứng quyền,CACB2506 - Chứng quyền,STO,
CACB2505,DELISTED,CW,CACB2505 - Chứng quyền,CACB2505 - Chứng quyền,STO,
CACB2504,DELISTED,CW,CACB2504 - Chứng quyền,CACB2504 - Chứng quyền,STO,
CACB2503,DELISTED,CW,CACB2503 - Chứng quyền,CACB2503 - Chứng quyền,STO,
CACB2502,HSX,CW,Chứng quyền ACB/15M/SSI/C/EU/Cash-18,Chứng quyền ACB/15M/SSI/C/EU/Cash-18,STO,
CACB2501,DELISTED,CW,Chứng quyền ACB/VPBANKS/C/EU/7M/CASH/24-01,Chứng quyền ACB/VPBANKS/C/EU/7M/CASH/24-01,STO,
CACB2405,DELISTED,CW,CACB2405 - Chứng quyền,CACB2405 - Chứng quyền,STO,
CACB2404,DELISTED,CW,Chứng quyền ACB/9M/SSI/C/EU/Cash-17,Chứng quyền ACB/9M/SSI/C/EU/Cash-17,STO,
CACB2403,DELISTED,CW,CACB2403 - Chứng quyền,CACB2403 - Chứng quyền,,
CACB2402,DELISTED,CW,CACB2402 - Chứng quyền,CACB2402 - Chứng quyền,,
CACB2401,DELISTED,CW,CACB2401 - Chứng quyền,CACB2401 - Chứng quyền,,
CACB2307,DELISTED,CW,CACB2307 - Chứng quyền,CACB2307 - Chứng quyền,,
CACB2306,DELISTED,CW,CACB2306 - Chứng quyền,CACB2306 - Chứng quyền,,
CACB2305,DELISTED,CW,CACB2305 - Chứng quyền,CACB2305 - Chứng quyền,,
CACB2304,DELISTED,CW,CACB2304 - Chứng quyền,CACB2304 - Chứng quyền,,
CACB2303,DELISTED,CW,CACB2303 - Chứng quyền,CACB2303 - Chứng quyền,,
CACB2302,DELISTED,CW,CACB2302 - Chứng quyền,CACB2302 - Chứng quyền,,
CACB2301,DELISTED,CW,CACB2301 - Chứng quyền,CACB2301 - Chứng quyền,,
CACB2208,DELISTED,CW,CACB2208 - Chứng quyền,CACB2208 - Chứng quyền,,
CACB2207,DELISTED,CW,CACB2207 - Chứng quyền,CACB2207 - Chứng quyền,,
CACB2206,DELISTED,CW,CACB2206 - Chứng quyền,CACB2206 - Chứng quyền,,
CACB2205,DELISTED,CW,CACB2205 - Chứng quyền,CACB2205 - Chứng quyền,,
CACB2204,DELISTED,CW,CACB2204 - Chứng quyền,CACB2204 - Chứng quyền,,
CACB2203,DELISTED,CW,CACB2203 - Chứng quyền,CACB2203 - Chứng quyền,,
CACB2202,DELISTED,CW,CACB2202 - Chứng quyền,CACB2202 - Chứng quyền,,
CACB2201,DELISTED,CW,CACB2201 - Chứng quyền,CACB2201 - Chứng quyền,,
CACB2103,DELISTED,CW,CACB2103 - Chứng quyền,CACB2103 - Chứng quyền,,
CACB2102,DELISTED,CW,CACB2102 - Chứng quyền,CACB2102 - Chứng quyền,,
CAB,DELISTED,STOCK,Truyền hình Cáp Việt Nam,Công ty Cổ phần Tổng Công ty Truyền hình Cáp Việt Nam,,5500
C92,UPCOM,STOCK,Xây dựng và Đầu tư 492,Công ty Cổ phần Xây dựng và Đầu tư 492,UPX,2300
C69,HNX,STOCK,Xây dựng 1369,Công ty Cổ phần Xây dựng 1369,STX,2300
C4G,UPCOM,STOCK,Tập Đoàn Cienco4,Công ty Cổ phần Tập Đoàn Cienco4,UPX,2300
C47,HSX,STOCK,Xây dựng 47,Công ty Cổ phần Xây dựng 47,STO,2300
C32,HSX,STOCK,Đầu tư và Xây dựng 3-2,Công ty Cổ phần Đầu tư và Xây dựng 3-2,STO,2300
C22,UPCOM,STOCK,Công ty 22,Công ty Cổ phần 22,UPX,3500
C21,UPCOM,STOCK,Thế kỷ 21,Công ty Cổ phần Thế kỷ 21,UPX,8600
C12,DELISTED,STOCK,Cầu 12,Công ty Cổ phần Cầu 12,UPX,2300
BXT,DELISTED,STOCK,,,,
BXH,HNX,STOCK,Bao bì Xi măng HP,Công ty Cổ phần VICEM Bao bì Hải Phòng,STX,2700
BWS,UPCOM,STOCK,Cấp Nước Bà Rịa Vũng Tàu,Công ty Cổ phần Cấp Nước Bà Rịa - Vũng Tàu,UPX,7500
BWE,HSX,STOCK,Nước - Môi trường Bình Dương,Công ty Cổ phần - Tổng công ty Nước - Môi trường Bình Dương,STO,7500
BWA,UPCOM,STOCK,Cấp thoát nước và Xây dựng Bảo Lộc,Công ty Cổ phần Cấp thoát nước và Xây dựng Bảo Lộc,UPX,7500
BVS,HNX,STOCK,Chứng khoán Bảo Việt,Công ty Cổ phần Chứng khoán Bảo Việt,STX,8700
BVN,UPCOM,STOCK,Bông Việt Nam,Công ty Cổ phần Bông Việt Nam,UPX,3700
BVL,UPCOM,STOCK,BV Land,Công ty Cổ phần BV Land,UPX,8600
BVH,HSX,STOCK,Tập đoàn Bảo Việt,Tập đoàn Bảo Việt,STO,8500
BVG,UPCOM,STOCK,Group Bắc Việt,Công ty Cổ phần Group Bắc Việt,UPX,1700
BVB125003,BOND,BOND,Trái phiếu BVB phát hành ra công chúng năm 2024-2025 ( đợt 2)- BVB125003,Trái phiếu BVB phát hành ra công chúng năm 2024-2025 ( đợt 2)- BVB125003,HCX,
BVB124020,BOND,BOND,Trái phiếu BVB phát hành ra công chúng 2024-2025 đợt 1,Trái phiếu BVB phát hành ra công chúng 2024-2025 đợt 1,HCX,
BVB123025,DELISTED,BOND,BVB123025 - Trái phiếu,BVB123025 - Trái phiếu,,
BVB122028,DELISTED,BOND,BVB122028 - Trái phiếu,BVB122028 - Trái phiếu,,
BVB121034,DELISTED,BOND,BVB121034 - Trái phiếu,BVB121034 - Trái phiếu,,
BVB,UPCOM,STOCK,Ngân hàng Bản Việt - BVBank,Ngân hàng Thương mại Cổ phần Bản Việt,UPX,8300
BUD,DELISTED,STOCK,,,,2300
BTW,HNX,STOCK,Cấp nước Bến Thành,Công ty Cổ phần Cấp nước Bến Thành,STX,7500
BTV,UPCOM,STOCK,DV Du lịch Bến Thành,Công ty Cổ phần Dịch vụ Du lịch Bến Thành,UPX,5700
BTU,UPCOM,STOCK,Công trình Đô thị Bến Tre,Công ty Cổ phần Công trình Đô thị Bến Tre,UPX,2700
BTT,HSX,STOCK,TM - DV Bến Thành,Công ty Cổ phần Thương mại - Dịch vụ Bến Thành,STO,5300
BTS,HNX,STOCK,Xi măng Bút Sơn,Công ty Cổ phần Xi măng VICEM Bút Sơn,STX,2300
BTP,HSX,STOCK,Nhiệt điện Bà Rịa,Công ty Cổ phần Nhiệt điện Bà Rịa,STO,7500
BTN,UPCOM,STOCK,Gạch Tuy Nen Bình Định,Công ty Cổ phần Đầu tư Bitco Bình Định,UPX,2300
BTH,UPCOM,STOCK,Biến thế và Vật liệu Điện Hà Nội,Công ty Cổ phần Chế tạo Biến thế và Vật liệu Điện Hà Nội,UPX,2700
BTG,UPCOM,STOCK,Bao bì Tiền Giang,Công ty Cổ phần Bao bì Tiền Giang,UPX,2700
BTD,UPCOM,STOCK,Bê tông ly tâm Thủ Đức,Công ty Cổ phần Bê tông ly tâm Thủ Đức,UPX,2300
BTB,UPCOM,STOCK,Bia Hà Nội - Thái Bình,Công ty Cổ phần Bia Hà Nội - Thái Bình,UPX,3500
BT6,UPCOM,STOCK,Bê tông 6,Công ty Cổ phần BETON 6,UPX,2300
BT1,UPCOM,STOCK,Bảo vệ thực vật 1 TW,Công ty Cổ phần Bảo vệ thực vật 1 Trung ương,UPX,1300
BST,DELISTED,STOCK,Sách và Thiết bị Bình Thuận,Công ty Cổ phần Sách và Thiết bị Bình Thuận,STX,5500
BSR,HSX,STOCK,Lọc Hóa dầu Bình Sơn,Công ty Cổ phần Lọc Hóa dầu Bình Sơn,STO,0500
BSQ,UPCOM,STOCK,Bia Sài Gòn - Quảng Ngãi,Công ty Cổ phần Bia Sài Gòn - Quảng Ngãi,UPX,3500
BSP,UPCOM,STOCK,Bia Sài Gòn - Phú Thọ,Công ty Cổ phần Bia Sài Gòn - Phú Thọ,UPX,3500
BSL,UPCOM,STOCK,Bia Sài Gòn - Sông Lam,Công ty Cổ phần Bia Sài Gòn - Sông Lam,UPX,3500
BSI,HSX,STOCK,Chứng khoán BIDV,Công ty Cổ phần Chứng khoán BIDV,STO,8700
BSH,UPCOM,STOCK,Bia Sài Gòn - Hà Nội,Công ty Cổ phần Bia Sài Gòn - Hà Nội,UPX,3500
BSG,UPCOM,STOCK,Xe khách Sài Gòn,Công ty Cổ phần Xe khách Sài Gòn,UPX,5700
BSD,UPCOM,STOCK,"Bia, rượu Sài Gòn - Đồng Xuân","Công ty Cổ phần Bia, Rượu Sài Gòn - Đồng Xuân",UPX,3500
BSC,DELISTED,STOCK,Dịch vụ Bến Thành,Công ty Cổ phần Dịch vụ Bến Thành,STX,8600
BSA,UPCOM,STOCK,Thủy điện Buôn Đôn,Công ty Cổ phần Thủy điện Buôn Đôn,UPX,7500
BRS,UPCOM,STOCK,Dịch vụ Đô thị Bà Rịa,Công ty Cổ phần Dịch vụ Đô thị Bà Rịa,UPX,2700
BRR,UPCOM,STOCK,Cao su Bà Rịa,Công ty Cổ phần Cao su Bà Rịa,UPX,1300
BRC,HSX,STOCK,Cao su Bến Thành,Công ty Cổ phần Cao su Bến Thành,STO,1300
BQP,UPCOM,STOCK,Nhựa Chất Lượng Cao Bình Thuận,Công ty Cổ phần Nhựa chất lượng cao Bình Thuận,UPX,1300
BQB,UPCOM,STOCK,Bia Hà Nội - Quảng Bình,Công ty Cổ phần Bia Hà Nội - Quảng Bình,UPX,3500
BPW,DELISTED,STOCK,,,,
BPC,HNX,STOCK,Bao bì Bỉm Sơn,Công ty Cổ phần Vicem Bao bì Bỉm Sơn,STX,2700
BOT,UPCOM,STOCK,BOT Cầu Thái Hà,Công ty Cổ phần BOT Cầu Thái Hà,UPX,2300
BNW,UPCOM,STOCK,Nước sạch Bắc Ninh,Công ty Cổ phần Nước sạch Bắc Ninh,UPX,7500
BNA,HNX,STOCK,Tập đoàn Đầu tư Bảo Ngọc,Công ty Cổ phần Tập đoàn Đầu tư Bảo Ngọc,STX,3500
BMV,UPCOM,STOCK,Bột mỳ Vinafood 1,Công ty Cổ phần Bột mỳ Vinafood 1,UPX,3500
BMS,UPCOM,STOCK,Chứng khoán Bảo Minh,Công ty Cổ phần Chứng khoán Bảo Minh,UPX,8700
BMP,HSX,STOCK,Nhựa Bình Minh,Công ty Cổ phần Nhựa Bình Minh,STO,2300
BMN,DELISTED,STOCK,Công ty 715,Công ty Cổ phần 715,UPX,2300
BMK,UPCOM,STOCK,Black Cat,Công ty Cổ Phần Kỹ thuật Nhiệt Mèo Đen,UPX,2300
BMJ,UPCOM,STOCK,Khoáng sản Miền Đông AHP,Công ty Cổ phần Khoáng sản Miền Đông AHP,UPX,1700
BMI,HSX,STOCK,Bảo hiểm Bảo Minh,Tổng Công ty Cổ phần Bảo Minh,STO,8500
BMG,UPCOM,STOCK,May Bình Minh,Công ty Cổ phần May Bình Minh,UPX,3700
BMF,UPCOM,STOCK,VLXD và Chất đốt Đồng Nai,Công ty Cổ phần Vật liệu Xây dựng và Chất đốt Đồng Nai,UPX,7500
BMD,UPCOM,STOCK,Môi trường và DV Đô thị Bình Thuận,Công ty Cổ phần Môi trường và Dịch vụ Đô thị Bình Thuận,UPX,2700
BMC,HSX,STOCK,Khoáng sản Bình Định,Công ty Cổ phần Khoáng sản Bình Định,STO,1700
BLW,DELISTED,STOCK,Cấp nước Bạc Liêu,Công ty Cổ phần Cấp nước Bạc Liêu,,7500
BLU,DELISTED,STOCK,,,,2700
BLT,UPCOM,STOCK,Lương Thực Bình Định,Công ty Cổ phần Lương thực Bình Định,UPX,3500
BLN,UPCOM,STOCK,Xe buýt Liên Ninh,Công ty Cổ phần Vận tải và Dịch vụ Liên Ninh,UPX,5700
BLI,UPCOM,STOCK,Bảo hiểm Bảo Long,Tổng Công ty Cổ phần Bảo hiểm Bảo Long,UPX,8500
BLF,UPCOM,STOCK,Thủy sản Bạc Liêu,Công ty Cổ phần Thủy sản Bạc Liêu,UPX,3500
BKH,DELISTED,STOCK,Bánh mứt kẹo Hà Nội,Công ty Cổ phần Bánh mứt kẹo Hà Nội,,3500
BKG,HSX,STOCK,Đầu tư BKG Việt Nam,Công ty Cổ phần Đầu tư BKG Việt Nam,STO,3700
BKC,HNX,STOCK,Khoáng sản Bắc Kạn,Công ty Cổ phần Khoáng sản Bắc Kạn,STX,1700
BIO,UPCOM,STOCK,Vắc xin và Sinh phẩm Nha Trang,Công ty Cổ phần Vắc xin và Sinh phẩm Nha Trang,UPX,4500
BII,DELISTED,STOCK,Đầu tư và Phát triển Công nghiệp Bảo Thư,Công ty Cổ phần Đầu tư và Phát triển Công nghiệp Bảo Thư,UPX,8600
BIG,UPCOM,STOCK,BIG Group Holdings,Công ty Cổ phần Đầu tư BIG Group Holdings,UPX,3500
BID123004,BOND,BOND,TP NHTMCP BIDV 2021 (007C),TP NHTMCP BIDV 2021 (007C),HCX,
BID123003,DELISTED,BOND,BID123003 - Trái phiếu,BID123003 - Trái phiếu,HCX,
BID123002,DELISTED,BOND,BID123002 - Trái phiếu,BID123002 - Trái phiếu,,
BID122005,BOND,BOND,Trai phieu BIDV,Trai phieu BIDV,HCX,
BID122004,DELISTED,BOND,BID122004 - Trái phiếu,BID122004 - Trái phiếu,,
BID122003,DELISTED,BOND,BID122003 - Trái phiếu,BID122003 - Trái phiếu,,
BID121028,DELISTED,BOND,BID121028 - Trái phiếu,BID121028 - Trái phiếu,,
BID121027,DELISTED,BOND,BID121027 - Trái phiếu,BID121027 - Trái phiếu,,
BID,HSX,STOCK,BIDV,Ngân hàng Thương mại Cổ phần Đầu tư và Phát triển Việt Nam,STO,8300
BIC,HSX,STOCK,Bảo hiểm BIDV,Tổng Công ty Cổ phần Bảo hiểm Ngân hàng Đầu tư và Phát triển Việt Nam,STO,8500
BHT,DELISTED,STOCK,Đầu tư XD Bạch Đằng,Công ty Cổ phần Đầu tư Xây dựng Bạch Đằng TMC,,2300
BHP,UPCOM,STOCK,Bia Hà Nội - Hải Phòng,Công ty Cổ phần Bia Hà Nội - Hải Phòng,UPX,3500
BHN,HSX,STOCK,HABECO,Tổng Công ty Cổ phần Bia - Rượu - Nước giải khát Hà Nội,STO,3500
BHK,UPCOM,STOCK,Bia Hà Nội - Kim Bài,Công ty Cổ phần Bia Hà Nội - Kim Bài,UPX,3500
BHI,UPCOM,STOCK,Bảo hiểm Sài Gòn - Hà Nội,Tổng Công ty Cổ phần Bảo hiểm Sài Gòn - Hà Nội,UPX,8500
BHH,UPCOM,STOCK,Habeco Trading 89,Công ty Cổ Phần Bia Hà Nội - Hưng Yên 89,UPX,3500
BHG,UPCOM,STOCK,Chè Biển Hồ,Công ty Cổ phần Chè Biển Hồ,UPX,3500
BHC,UPCOM,STOCK,Bê tông Biên Hòa,Công ty Cổ phần Bê tông Biên Hòa,UPX,2300
BHA,UPCOM,STOCK,Thủy điện Bắc Hà,Công ty Cổ phần Thủy điện Bắc Hà,UPX,7500
BGW,UPCOM,STOCK,Nước sạch Bắc Giang,Công ty Cổ phần Nước sạch Bắc Giang,UPX,7500
BGE,UPCOM,STOCK,BCG Energy,Công ty Cổ phần BCG Energy,UPX,7500
BFC,HSX,STOCK,Phân bón Bình Điền,Công ty Cổ phần Phân bón Bình Điền,STO,1300
BEL,UPCOM,STOCK,Điện tử Biên Hoà,Công ty Cổ phần Điện tử Biên Hòa,UPX,3700
BED,HNX,STOCK,Sách Đà Nẵng,Công ty Cổ phần Sách và Thiết bị trường học Đà Nẵng,STX,5500
BDW,UPCOM,STOCK,Cấp thoát nước Bình Định,Công ty Cổ phần Cấp thoát nước Bình Định,UPX,7500
BDT,UPCOM,STOCK,VLXD Đồng Tháp,Công ty Cổ phần Xây lắp và Vật liệu xây dựng Đồng Tháp,UPX,2300
BDG,UPCOM,STOCK,May mặc Bình Dương,Công ty Cổ phần May mặc Bình Dương,UPX,3700
BDB,DELISTED,STOCK,Sách Bình Định,Công ty Cổ phần Sách và Thiết bị Bình Định,STX,5500
BCV,UPCOM,STOCK,DL và TM Bằng Giang Cao Bằng - Vimico,Công ty Cổ phần Du lịch và Thương mại Bằng Giang Cao Bằng - Vimico,UPX,5700
BCR,UPCOM,STOCK,BCG Land,Công ty Cổ phần BCG Land,UPX,2300
BCP,UPCOM,STOCK,Dược Enlie,Công ty Cổ phần Dược Enlie,UPX,4500
BCO,DELISTED,STOCK,Xây dựng Bình Phước,Công ty Cổ phần Xây dựng Bình Phước,,2300
BCM,HSX,STOCK,Becamex Group,Tập đoàn Đầu tư và Phát triển Công nghiệp Becamex - CTCP,STO,8600
BCG122006,BOND,BOND,Trai phieu CTCP Bamboo Capital,Trai phieu CTCP Bamboo Capital,HCX,
BCG,HSX,STOCK,Bamboo Capital,Công ty Cổ phần Tập đoàn Bamboo Capital,STO,8700
BCF,HNX,STOCK,Thực phẩm Bích Chi,Công ty Cổ phần Thực phẩm Bích Chi,STX,3500
BCE,HSX,STOCK,XD và GT Bình Dương,Công ty Cổ phần Xây dựng và Giao thông Bình Dương,STO,2300
BCC,HNX,STOCK,Xi măng Bỉm Sơn,Công ty Cổ phần Xi măng Bỉm Sơn,STX,2300
BCB,UPCOM,STOCK,Công ty 397,Công ty Cổ phần 397,UPX,1700
BCA,UPCOM,STOCK,Công ty B.C.H,Công ty cổ phần B.C.H,UPX,1700
BBT,UPCOM,STOCK,Bông Bạch Tuyết,Công ty Cổ phần Bông Bạch Tuyết,UPX,3700
BBS,HNX,STOCK,Bao bì Xi măng Bút Sơn,Công ty Cổ phần VICEM Bao bì Bút Sơn,STX,2700
BBM,UPCOM,STOCK,Bia Hà Nội - Nam Định,Công ty Cổ phần Bia Hà Nội - Nam Định,UPX,3500
BBH,UPCOM,STOCK,Bao bì Hoàng Thạch,Công ty Cổ phần Bao bì Hoàng Thạch,UPX,2700
BBC,DELISTED,STOCK,Bánh kẹo BIBICA,Công ty Cổ phần Bibica,STO,3500
BAX,HNX,STOCK,Công ty Thống Nhất,Công ty Cổ phần Thống Nhất,STX,2300
BAL,UPCOM,STOCK,Bao bì Balpac,Công ty Cổ phần Bao bì Bia - Rượu - Nước giải khát,UPX,2700
BAF123020,BOND,BOND,Trai phieu BAFH2225002,Trai phieu BAFH2225002,HCX,
BAF122029,DELISTED,BOND,Trái phiếu CTCP Nông nghiệp BAF Việt Nam,Trái phiếu CTCP Nông nghiệp BAF Việt Nam,HCX,
BAF,HSX,STOCK,Nông nghiệp BAF Việt Nam,Công ty Cổ phần Nông nghiệp BAF Việt Nam,STO,3500
BAB125023,BOND,BOND,Trái phiếu Ngân hàng TMCP Bắc Á phát hành ra công chúng lần 2 Đợt 3 (BAB203-07C),Trái phiếu Ngân hàng TMCP Bắc Á phát hành ra công chúng lần 2 Đợt 3 (BAB203-07C),HCX,
BAB125022,BOND,BOND,Trái phiếu Ngân hàng TMCP Bắc Á phát hành ra công chúng lần 2 Đợt 3 (BAB203-07L),Trái phiếu Ngân hàng TMCP Bắc Á phát hành ra công chúng lần 2 Đợt 3 (BAB203-07L),HCX,
BAB124026,BOND,BOND,Trái phiếu NHTMCP Bắc Á (BAB202-08C),Trái phiếu NHTMCP Bắc Á (BAB202-08C),HCX,
BAB124025,BOND,BOND,Trái phiếu Ngân hàng TMCP Bắc Á đợt 2,Trái phiếu Ngân hàng TMCP Bắc Á đợt 2,HCX,
BAB124024,BOND,BOND,Trái phiếu Ngân hàng TMCP Bắc Á (BAB202-07L),Trái phiếu Ngân hàng TMCP Bắc Á (BAB202-07L),HCX,
BAB124016,BOND,BOND,Trai phieu Ngan hang TMCP BAc A,Trai phieu Ngan hang TMCP BAc A,HCX,
BAB124015,BOND,BOND,Trai phieu NHTMCP Bac A,Trai phieu NHTMCP Bac A,HCX,
BAB124014,DELISTED,BOND,Trai phieu ngan hang TMCP BAC A,Trai phieu ngan hang TMCP BAC A,HCX,
BAB123032,BOND,BOND,Trai phieu NHTMCP Bac A 2022,Trai phieu NHTMCP Bac A 2022,HCX,
BAB123031,DELISTED,BOND,Trai phieu NHTMCP Bac A 2022,Trai phieu NHTMCP Bac A 2022,HCX,
BAB123030,DELISTED,BOND,BAB123030 - Trái phiếu,BAB123030 - Trái phiếu,,
BAB123007,DELISTED,BOND,Trai phieu NHTMCP Bac A 2023,Trai phieu NHTMCP Bac A 2023,HCX,
BAB123006,DELISTED,BOND,BAB123006 - Trái phiếu,BAB123006 - Trái phiếu,,
BAB123005,DELISTED,BOND,BAB123005 - Trái phiếu,BAB123005 - Trái phiếu,,
BAB122032,DELISTED,BOND,Trai phieu NHTMCP Bac A 2022,Trai phieu NHTMCP Bac A 2022,HCX,
BAB122031,DELISTED,BOND,BAB122031 - Trái phiếu,BAB122031 - Trái phiếu,,
BAB122030,DELISTED,BOND,BAB122030 - Trái phiếu,BAB122030 - Trái phiếu,,
BAB,HNX,STOCK,Ngân hàng Bắc Á,Ngân hàng Thương mại Cổ phần Bắc Á,STX,8300
B82,DELISTED,STOCK,Công ty 482,Công ty Cổ phần 482,,2300
AVG,UPCOM,STOCK,Phân Bón Quốc Tế Âu Việt,Công ty Cổ phần Phân Bón Quốc Tế Âu Việt,UPX,1300
AVF,UPCOM,STOCK,Thủy sản Việt An,Công ty Cổ phần Việt An,UPX,3500
AVC,UPCOM,STOCK,Thủy điện A Vương,Công ty Cổ phần Thủy điện A Vương,UPX,7500
AUM,DELISTED,STOCK,Vinacafe Sơn Thành,Công ty Cổ phần Vinacafe Sơn Thành,,3500
ATS,HNX,STOCK,Tập đoàn Đầu tư ATS,Công ty Cổ phần Tập đoàn Đầu tư ATS,STX,5700
ATG,UPCOM,STOCK,ATG Planet,Công ty Cổ phần ATG Planet,UPX,1700
ATB,DELISTED,STOCK,Công ty An Thịnh,Công ty Cổ phần An Thịnh,UPX,2300
ATA,UPCOM,STOCK,NTACO,Công ty Cổ phần NTACO,UPX,3500
AST,HSX,STOCK,Dịch vụ Hàng không Taseco,Công ty Cổ phần Dịch vụ Hàng không Taseco,STO,5300
ASP,HSX,STOCK,Dầu khí An Pha,Công ty Cổ phần Tập đoàn Dầu khí An Pha,STO,7500
ASM,HSX,STOCK,Tập đoàn Sao Mai,Công ty Cổ phần Tập đoàn Sao Mai,STO,3500
ASG,HSX,STOCK,Tập đoàn ASG,Công ty Cổ phần Tập đoàn ASG,STO,2700
ASA,DELISTED,STOCK,Hàng tiêu dùng ASA,Công ty Cổ phần ASA,UPX,3700
ART,UPCOM,STOCK,Chứng khoán ARTEX,Công ty Cổ phần Chứng khoán ARTEX,UPX,8700
ARM,HNX,STOCK,XNK Hàng không,Công ty Cổ phần Xuất nhập khẩu Hàng không,STX,2700
APT,UPCOM,STOCK,Thủy hải sản Sài Gòn,Công ty Cổ phần Kinh doanh thủy hải sản Sài Gòn,UPX,3500
APS,HNX,STOCK,CK Châu Á - TBD,Công ty Cổ phần Chứng khoán Châu Á - Thái Bình Dương,STX,8700
APP,UPCOM,STOCK,Phụ gia và SP Dầu mỏ,Công ty Cổ phần Phát triển Phụ gia và Sản phẩm dầu mỏ,UPX,1300
APL,UPCOM,STOCK,Cơ khí và Thiết bị áp lực - VVMI,Công ty Cổ phần Cơ khí và Thiết bị áp lực - VVMI,UPX,2700
API,HNX,STOCK,Đầu tư Châu Á - Thái Bình Dương,Công ty Cổ phần Đầu tư Châu Á - Thái Bình Dương,STX,8600
APH,HSX,STOCK,Tập đoàn An Phát Holdings,Công ty Cổ phần Tập đoàn An Phát Holdings,STO,2700
APG,HSX,STOCK,Chứng khoán APG,Công ty Cổ phần Chứng khoán APG,STO,8700
APF,UPCOM,STOCK,Nông sản Quảng Ngãi,Công ty Cổ phần Nông sản Thực phẩm Quảng Ngãi,UPX,3500
APC,UPCOM,STOCK,Chiếu xạ An Phú,Công ty Cổ phần Chiếu xạ An Phú,UPX,4500
ANV,HSX,STOCK,Thủy sản Nam Việt,Công ty Cổ phần Nam Việt,STO,3500
ANT,HSX,STOCK,Rau quả thực phẩm An Giang,Công ty Cổ phần Rau quả Thực phẩm An Giang,STO,3500
AMV,HNX,STOCK,Dược-TB Y tế Việt Mỹ,Công ty Cổ phần Sản xuất Kinh doanh Dược và Trang thiết bị Y tế Việt Mỹ,STX,4500
AMS,UPCOM,STOCK,Xây dựng AMECC,Công ty Cổ phần Cơ khí Xây dựng AMECC,UPX,2700
AMP,UPCOM,STOCK,Armephaco,Công ty Cổ phần Armephaco,UPX,4500
AME,HNX,STOCK,Cơ điện Alphanam,Công ty cổ phần Alphanam E&C,STX,2700
AMD,DELISTED,STOCK,FLC Stone,Công ty Cổ phần Đầu tư và Khoáng sản FLC Stone,UPX,8600
AMC,HNX,STOCK,Khoáng sản Á Châu,Công ty Cổ phần Khoáng sản Á Châu,STX,1700
ALV,UPCOM,STOCK,Tập đoàn MCST,Công ty Cổ phần Tập đoàn MCST,UPX,2300
ALT,HNX,STOCK,Văn hóa Tân Bình,Công ty Cổ phần Văn hóa Tân Bình,STX,5500
ALC,UPCOM,STOCK,Công ty Âu Lạc,Công ty Cổ phần Âu Lạc,UPX,2700
AIG,UPCOM,STOCK,Nguyên liệu Á Châu AIG,Công ty Cổ phần Nguyên liệu Á Châu AIG,UPX,3500
AIC,UPCOM,STOCK,Bảo hiểm DBV,Công ty Cổ phần Tập đoàn Bảo hiểm DBV,UPX,8500
AGX,UPCOM,STOCK,Nông sản Xuất khẩu Sài Gòn,Công ty Cổ phần Thực phẩm Nông sản Xuất khẩu Sài Gòn,UPX,5300
AGR,HSX,STOCK,Agriseco,Công ty Cổ phần Chứng khoán AGRIBANK,STO,8700
AGP,UPCOM,STOCK,Dược phẩm AGIMEXPHARM,Công ty Cổ phần Dược phẩm AGIMEXPHARM,UPX,4500
AGM,UPCOM,STOCK,XNK An Giang,Công ty Cổ phần Xuất nhập khẩu An Giang,UPX,3500
AGG,HSX,STOCK,Bất động sản An Gia,Công ty Cổ phần Đầu tư và Phát triển Bất động sản An Gia,STO,8600
AGF,UPCOM,STOCK,Thủy sản An Giang,Công ty Cổ phần Xuất nhập khẩu Thủy sản An Giang,UPX,3500
AGE,DELISTED,STOCK,Môi trường Đô thị An Giang,Công ty Cổ phần Môi trường Đô thị An Giang,,2700
AG1,UPCOM,STOCK,28.1 JSC,Công ty Cổ phần 28.1,UPX,3700
AFX,HSX,STOCK,XNK Nông sản Thực phẩm An Giang,Công ty Cổ phần Xuất Nhập khẩu Nông sản Thực phẩm An Giang,STO,5300
ADS,HSX,STOCK,Dệt sợi DAMSAN,Công ty Cổ phần DAMSAN,STO,3700
ADP,HSX,STOCK,Sơn Á Đông,Công ty Cổ phần Sơn Á Đông,STO,2300
ADG,HSX,STOCK,Clever Group,Công ty Cổ phần Clever Group,STO,5500
ADC,HNX,STOCK,Mĩ thuật và Truyền thông,Công ty Cổ phần Mĩ thuật và Truyền thông,STX,5500
ACV,UPCOM,STOCK,Cảng Hàng không VN,Tổng Công ty Cảng Hàng không Việt Nam - CTCP,UPX,2700
ACS,UPCOM,STOCK,Xây lắp Thương mại 2,Công ty Cổ phần Xây lắp Thương mại 2,UPX,2300
ACM,UPCOM,STOCK,Tập đoàn Khoáng sản Á Cường,Công ty Cổ phần Tập đoàn Khoáng sản Á Cường,UPX,1700
ACL,HSX,STOCK,Thủy sản CL An Giang,Công ty Cổ phần Xuất nhập khẩu Thủy sản Cửu Long An Giang,STO,3500
ACG,HSX,STOCK,Gỗ An Cường,Công ty Cổ phần Gỗ An Cường,STO,1700
ACE,UPCOM,STOCK,Bê tông An Giang,Công ty Cổ phần Bê tông ly tâm An Giang,UPX,2300
ACC,HSX,STOCK,Đầu tư và XD Bình Dương ACC,Công ty Cổ phần Đầu tư và Xây dựng Bình Dương ACC,STO,2300
ACB,HSX,STOCK,ACB,Ngân hàng Thương mại Cổ phần Á Châu,STO,8300
ABW,UPCOM,STOCK,Chứng khoán An Bình,Công ty Cổ phần Chứng khoán An Bình,UPX,8700
ABT,HSX,STOCK,Thủy sản Bến Tre,Công ty Cổ phần Xuất nhập khẩu Thủy sản Bến Tre,STO,3500
ABS,HSX,STOCK,DV Nông nghiệp Bình Thuận,Công ty Cổ phần Dịch vụ Nông nghiệp Bình Thuận,STO,1300
ABR,HSX,STOCK,Đầu tư Nhãn Hiệu Việt,Công ty Cổ phần Đầu tư Nhãn Hiệu Việt,STO,2700
ABI,UPCOM,STOCK,BH NH Nông Nghiệp,Công ty Cổ phần Bảo hiểm Ngân hàng Nông Nghiệp,UPX,8500
ABC,UPCOM,STOCK,Truyền thông VMG,Công ty Cổ phần Truyền thông VMG,UPX,6500
ABB,UPCOM,STOCK,Ngân hàng An Bình,Ngân hàng Thương mại Cổ phần An Bình,UPX,8300
AAV,HNX,STOCK,Việt Tiên Sơn Địa ốc,Công ty Cổ phần AAV Group,STX,8600
AAT,HSX,STOCK,Tập đoàn Tiên Sơn Thanh Hóa,Công ty Cổ phần Tập đoàn Tiên Sơn Thanh Hóa,STO,3700
AAS,UPCOM,STOCK,Chứng khoán SmartInvest,Công ty Cổ phần Chứng khoán SmartInvest,UPX,8700
AAM,HSX,STOCK,Thủy sản Mekong,Công ty Cổ Phần Thủy Sản MeKong,STO,3500
AAH,UPCOM,STOCK,Than Hợp Nhất,Công ty Cổ phần Hợp Nhất,UPX,1700
AAA,HSX,STOCK,An Phát Bioplastics,Công ty Cổ phần Nhựa An Phát Xanh,STO,1300
A32,UPCOM,STOCK,Công ty 32,Công ty Cổ phần 32,UPX,3700
41I2G9000,HNX,FU,VN100 Index Futures 092026,VN100 Index Futures 092026,FIO,
41I2G6000,HNX,FU,VN100 Index Futures 062026,VN100 Index Futures 062026,FIO,
41I2G4000,HNX,FU,VN100 Index Futures 042026,VN100 Index Futures 042026,FIO,
41I2G3000,HNX,FU,VN100 Index Futures 032026,VN100 Index Futures 032026,FIO,
41I2G2000,DELISTED,FU,41I2G2000 - HĐTL,41I2G2000 - HĐTL,FIO,
41I2G1000,DELISTED,FU,41I2G1000 - HĐTL,41I2G1000 - HĐTL,FIO,
41I2FC000,DELISTED,FU,41I2FC000 - HĐTL,41I2FC000 - HĐTL,FIO,
41I2FB000,DELISTED,FU,41I2FB000 - HĐTL,41I2FB000 - HĐTL,FIO,
41I2FA000,DELISTED,FU,41I2FA000 - HĐTL,41I2FA000 - HĐTL,FIO,
41I1G9000,HNX,FU,VN30 Index Futures 092026,VN30 Index Futures 092026,FIO,
41I1G6000,HNX,FU,VN30 Index Futures 062026,VN30 Index Futures 062026,FIO,
41I1G4000,HNX,FU,VN30 Index Futures 042026,VN30 Index Futures 042026,FIO,
41I1G3000,HNX,FU,VN30 Index Futures 032026,VN30 Index Futures 032026,FIO,
41I1G2000,DELISTED,FU,41I1G2000 - HĐTL,41I1G2000 - HĐTL,FIO,
41I1G1000,DELISTED,FU,41I1G1000 - HĐTL,41I1G1000 - HĐTL,FIO,
41I1FB000,DELISTED,FU,41I1FB000 - HĐTL,41I1FB000 - HĐTL,FIO,
41I1FA000,DELISTED,FU,41I1FA000 - HĐTL,41I1FA000 - HĐTL,FIO,
41I1F8000,DELISTED,FU,41I1F8000 - HĐTL,41I1F8000 - HĐTL,FIO,
41I1F7000,DELISTED,FU,41I1F7000 - HĐTL,41I1F7000 - HĐTL,FIO,
41BAG9000,HNX,FU,10-year Government Bond   Futures 092026,10-year Government Bond   Futures 092026,FBX,
41BAG6000,HNX,FU,10-year Government Bond   Futures 062026,10-year Government Bond   Futures 062026,FBX,
41BAG3000,HNX,FU,10-year Government Bond   Futures 032026,10-year Government Bond   Futures 032026,FBX,
41B5GC000,HNX,FU,5-year Government Bond    Futures 122026,5-year Government Bond    Futures 122026,FBX,
41B5G9000,HNX,FU,5-year Government Bond    Futures 092026,5-year Government Bond    Futures 092026,FBX,
41B5G6000,HNX,FU,5-year Government Bond    Futures 062026,5-year Government Bond    Futures 062026,FBX,
41B5G3000,DELISTED,FU,5-year Government Bond    Futures 032026,5-year Government Bond    Futures 032026,FBX,
