Date,FDN,IYR,IYT,KRE,OIH,SMH,XLE,XLF,XLI,XLK,XLP,XLU,XLV,XLY,XRT
1998-12-22,,,,,,,11.632813453674316,18.937854766845703,23.28125,16.0234375,26.5,14.914063453674316,25.03125,12.734375,
1998-12-23,,,,,,,11.875,19.217100143432617,23.6875,16.40625,27.140625,14.851563453674316,25.59375,12.789063453674316,
1998-12-24,,,,,,,11.8125,19.34402847290039,24.0,16.34375,27.09375,15.125,25.75,13.023438453674316,
1998-12-28,,,,,,,11.75,19.090171813964844,24.125,16.390625,26.9375,15.046875,25.375,12.90625,
1998-12-29,,,,,,,11.867188453674316,19.293258666992188,24.46875,16.4375,27.53125,15.296875,25.9375,13.1875,
1998-12-30,,,,,,,11.6875,19.217100143432617,24.359375,16.375,27.359375,15.171875,25.71875,13.078125,
1998-12-31,,,,,,,11.671875,19.039398193359375,24.5625,16.3125,27.15625,15.117188453674316,26.0,13.0625,
1999-01-04,,,,,,,11.664063453674316,19.039398193359375,24.21875,16.5,26.9375,14.875,25.9375,12.984375,
1999-01-05,,,,,,,11.601563453674316,19.217100143432617,24.71875,16.921875,27.140625,15.054688453674316,26.34375,13.203125,
1999-01-06,,,,,,,11.984375,19.82636070251465,25.25,17.421875,27.46875,15.210938453674316,26.78125,13.578125,
1999-01-07,,,,,,,11.929688453674316,20.130990982055664,25.03125,17.3671875,27.15625,15.15625,26.65625,13.5625,
1999-01-08,,,,,,,11.984375,20.257919311523438,25.21875,17.4375,27.046875,15.242188453674316,26.984375,13.578125,
1999-01-11,,,,,,,11.757813453674316,19.953290939331055,24.984375,17.609375,26.5,14.835938453674316,27.046875,13.507813453674316,
1999-01-12,,,,,,,11.578125,19.394800186157227,24.6875,17.1328125,26.296875,14.84375,26.9375,13.15625,
1999-01-13,,,,,,,11.40625,19.140941619873047,24.0625,17.125,26.34375,14.945313453674316,26.6875,13.21875,
1999-01-14,,,,,,,11.1875,18.658611297607422,23.953125,16.890625,25.84375,14.695313453674316,26.46875,12.921875,
1999-01-15,,,,,,,11.359375,19.191713333129883,24.359375,17.390625,26.125,14.765625,26.828125,13.085938453674316,
1999-01-19,,,,,,,11.359375,19.090171813964844,24.3125,17.9921875,25.828125,15.265625,27.59375,13.078125,
1999-01-20,,,,,,,11.265625,19.229793548583984,24.203125,18.15625,25.90625,15.203125,27.75,13.296875,
1999-01-21,,,,,,,11.359375,18.887083053588867,24.0,17.6875,25.515625,15.148438453674316,26.78125,13.171875,
1999-01-22,,,,,,,11.296875,18.760154724121094,23.53125,17.375,25.390625,15.25,26.671875,13.234375,
1999-01-25,,,,,,,11.28125,18.9124698638916,23.921875,17.6796875,25.328125,14.679688453674316,26.890625,13.203125,
1999-01-26,,,,,,,11.171875,18.925161361694336,23.921875,18.390625,25.921875,14.96875,27.015625,13.515625,
1999-01-27,,,,,,,10.96875,18.683996200561523,24.109375,18.0,26.265625,14.742188453674316,26.75,13.5,
1999-01-28,,,,,,,10.90625,18.963241577148438,24.140625,18.6328125,26.734375,14.765625,27.25,13.640625,
1999-01-29,,,,,,,10.90625,19.369415283203125,24.296875,18.90625,26.796875,14.742188453674316,27.25,13.734375,
1999-02-01,,,,,,,10.796875,19.039398193359375,24.328125,18.921875,26.6875,14.710938453674316,27.40625,13.765625,
1999-02-02,,,,,,,10.8125,18.83631134033203,24.140625,18.6015625,26.90625,14.515625,27.0,13.59375,
1999-02-03,,,,,,,11.0625,18.975933074951172,24.375,18.734375,26.8125,14.59375,27.515625,13.8125,
1999-02-04,,,,,,,11.125,18.531681060791016,24.40625,18.09375,26.6875,14.375,27.3125,13.734375,
1999-02-05,,,,,,,11.4375,18.379365921020508,24.328125,17.65625,26.28125,14.382813453674316,27.0,13.390625,
1999-02-08,,,,,,,11.59375,18.328594207763672,24.40625,17.953125,26.234375,14.382813453674316,26.984375,13.609375,
1999-02-09,,,,,,,11.375,18.074735641479492,24.078125,17.25,25.765625,14.445313453674316,26.5,13.1875,
1999-02-10,,,,,,,11.40625,18.22705078125,24.171875,17.375,25.953125,14.34375,26.5625,13.1875,
1999-02-11,,,,,,,11.3125,18.963241577148438,24.5,18.109375,26.390625,14.40625,27.28125,13.617188453674316,
1999-02-12,,,,,,,11.078125,18.683996200561523,24.359375,17.390625,26.171875,14.171875,26.875,13.375,
1999-02-16,,,,,,,11.0,18.963241577148438,24.484375,17.3125,26.484375,14.429688453674316,27.125,13.546875,
1999-02-17,,,,,,,10.890625,19.039398193359375,24.484375,16.921875,26.21875,14.328125,26.84375,13.5,
1999-02-18,,,,,,,10.921875,19.229793548583984,24.484375,17.015625,26.5,14.585938453674316,27.1875,13.515625,
1999-02-19,,,,,,,10.859375,19.293258666992188,24.640625,17.171875,26.390625,14.429688453674316,27.265625,13.585938453674316,
1999-02-22,,,,,,,10.96875,19.851747512817383,25.015625,17.78125,26.953125,14.898438453674316,27.84375,13.929688453674316,
1999-02-23,,,,,,,10.875,20.10560417175293,25.0,18.015625,26.90625,14.429688453674316,27.796875,13.859375,
1999-02-24,,,,,,,10.828125,19.445573806762695,24.9375,17.515625,26.75,14.5625,27.46875,13.6875,
1999-02-25,,,,,,,10.882813453674316,19.31864356994629,24.4375,17.5625,26.4375,14.25,27.203125,13.53125,
1999-02-26,,,,,,,10.8125,19.67404556274414,24.515625,17.03125,26.515625,14.335938453674316,27.28125,13.648438453674316,
1999-03-01,,,,,,,10.703125,19.750202178955078,24.5,16.953125,26.390625,14.125,27.234375,13.65625,
1999-03-02,,,,,,,10.59375,19.800975799560547,24.296875,16.5,26.3125,13.914063453674316,27.21875,13.6875,
1999-03-03,,,,,,,10.828125,19.610580444335938,24.15625,16.78125,26.3125,13.921875,27.046875,13.617188453674316,
1999-03-04,,,,,,,11.21875,20.054832458496094,24.625,16.953125,26.671875,14.140625,27.53125,13.90625,
1999-03-05,,,,,,,11.429688453674316,20.562551498413086,25.171875,17.34375,27.078125,14.382813453674316,28.15625,14.328125,
1999-03-08,,,,,,,11.59375,20.422929763793945,25.3125,17.84375,27.203125,14.21875,28.1875,14.390625,
1999-03-09,,,,,,,11.46875,20.587936401367188,25.4375,17.65625,27.234375,14.179688453674316,27.96875,14.429688453674316,
1999-03-10,,,,,,,12.125,20.968725204467773,25.390625,17.65625,26.9375,14.132813453674316,28.21875,14.390625,
1999-03-11,,,,,,,12.296875,21.070268630981445,25.421875,17.625,27.203125,14.242188453674316,28.40625,14.546875,
1999-03-12,,,,,,,12.25,21.108346939086914,25.5,17.46875,27.4375,14.398438453674316,28.25,14.609375,
1999-03-15,,,,,,,12.15625,21.171812057495117,25.4375,17.75,27.671875,14.4375,28.34375,14.640625,
1999-03-16,,,,,,,12.09375,20.8671817779541,25.265625,18.0546875,27.796875,14.382813453674316,28.28125,14.5625,
1999-03-17,,,,,,,12.40625,20.68947982788086,25.21875,17.9375,27.328125,14.25,28.125,14.5,
1999-03-18,,,,,,,12.5625,21.171812057495117,25.28125,18.1875,27.796875,14.460938453674316,28.515625,14.75,
1999-03-19,,,,,,,12.390625,20.714866638183594,25.34375,17.75,27.625,14.101563453674316,28.390625,14.53125,
1999-03-22,,,,,,,12.46875,20.76563835144043,25.15625,17.75,27.609375,14.148438453674316,28.3125,14.375,
1999-03-23,,,,,,,12.25,20.054832458496094,24.5625,17.234375,26.828125,13.703125,27.53125,13.9375,
1999-03-24,,,,,,,12.1875,20.00406265258789,24.5,17.5703125,26.8125,13.890625,27.65625,13.828125,
1999-03-25,,,,,,,12.21875,20.46100616455078,24.765625,17.984375,27.015625,13.84375,28.125,14.25,
1999-03-26,,,,,,,12.375,20.283306121826172,24.828125,17.890625,26.921875,13.664063453674316,27.90625,14.15625,
1999-03-29,,,,,,,12.71875,20.740251541137695,25.234375,18.5625,27.265625,13.59375,28.25,14.5,
1999-03-30,,,,,,,12.484375,20.499086380004883,25.21875,18.53125,27.03125,13.375,28.15625,14.515625,
1999-03-31,,,,,,,12.296875,20.257919311523438,24.9375,18.296875,26.4375,13.34375,28.0,14.296875,
1999-04-01,,,,,,,12.28125,20.308692932128906,25.203125,18.5859375,26.484375,13.625,28.0,14.28125,
1999-04-05,,,,,,,12.578125,20.714866638183594,25.75,19.2265625,26.625,13.734375,28.625,14.46875,
1999-04-06,,,,,,,12.453125,20.562551498413086,25.609375,19.390625,26.328125,13.664063453674316,28.65625,14.546875,
1999-04-07,,,,,,,12.328125,21.12104034423828,25.65625,19.34375,26.296875,13.84375,29.203125,14.671875,
1999-04-08,,,,,,,12.453125,21.501827239990234,25.796875,19.53125,26.90625,14.210938453674316,29.5,15.0,
1999-04-09,,,,,,,12.6875,21.4510555267334,25.8125,19.5,26.96875,14.109375,29.59375,15.140625,
1999-04-12,,,,,,,12.78125,21.831844329833984,26.4375,19.203125,27.421875,14.3125,30.34375,15.265625,
1999-04-13,,,,,,,12.765625,21.80645751953125,26.640625,18.90625,27.515625,14.078125,30.03125,15.1875,
1999-04-14,,,,,,,12.609375,21.52721405029297,27.21875,18.4375,26.6875,13.875,29.75,14.84375,
1999-04-15,,,,,,,13.15625,21.324127197265625,27.921875,18.59375,26.03125,14.015625,29.0,14.8125,
1999-04-16,,,,,,,13.570313453674316,21.222583770751953,28.078125,18.09375,26.140625,14.171875,28.71875,14.859375,
1999-04-19,,,,,,,13.734375,21.222583770751953,28.3125,17.21875,25.046875,14.3125,27.9375,14.53125,
1999-04-20,,,,,,,13.515625,21.501827239990234,28.125,17.65625,25.515625,14.46875,28.46875,14.71875,
1999-04-21,,,,,,,13.3125,21.831844329833984,28.21875,18.125,26.328125,14.726563453674316,29.125,14.96875,
1999-04-22,,,,,,,13.546875,22.06031608581543,28.234375,18.9609375,26.65625,14.679688453674316,29.71875,15.007813453674316,
1999-04-23,,,,,,,13.375,21.984159469604492,28.453125,19.0,26.609375,14.671875,30.390625,15.171875,
1999-04-26,,,,,,,13.078125,21.654142379760742,28.421875,19.484375,26.421875,14.59375,30.34375,15.078125,
1999-04-27,,,,,,,13.492188453674316,22.034931182861328,28.5625,19.0,26.453125,14.679688453674316,30.375,15.117188453674316,
1999-04-28,,,,,,,13.9375,21.908002853393555,28.921875,18.75,26.0625,14.617188453674316,29.5625,15.0625,
1999-04-29,,,,,,,14.359375,21.984159469604492,29.03125,18.5546875,25.859375,14.828125,29.21875,14.71875,
1999-04-30,,,,,,,14.117188453674316,21.679529190063477,28.6875,18.40625,25.515625,14.632813453674316,29.0,14.671875,
1999-05-03,,,,,,,14.46875,21.933387756347656,29.25,18.5625,26.109375,14.851563453674316,29.5625,15.03125,
1999-05-04,,,,,,,14.484375,21.247968673706055,29.375,18.28125,25.890625,14.726563453674316,29.0,14.859375,
1999-05-05,,,,,,,14.273438453674316,21.37489891052246,29.375,18.65625,26.140625,14.84375,29.25,14.734375,
1999-05-06,,,,,,,14.234375,21.01949691772461,29.4375,18.1875,25.796875,14.53125,29.375,14.40625,
1999-05-07,,,,,,,14.320313453674316,21.425670623779297,30.0,18.5,26.015625,14.710938453674316,29.28125,14.734375,
1999-05-10,,,,,,,14.15625,21.349512100219727,29.59375,18.65625,25.609375,14.671875,29.21875,14.71875,
1999-05-11,,,,,,,14.203125,21.603370666503906,30.09375,18.9375,25.71875,14.726563453674316,29.6875,15.015625,
1999-05-12,,,,,,,13.9375,21.908002853393555,29.796875,19.3125,26.09375,14.765625,29.96875,15.109375,
1999-05-13,,,,,,,14.007813453674316,22.1110897064209,29.5,19.2578125,26.21875,14.960938453674316,29.78125,15.03125,
1999-05-14,,,,,,,13.90625,21.425670623779297,29.125,18.75,25.75,14.679688453674316,29.25,14.734375,
1999-05-17,,,,,,,13.851563453674316,21.01949691772461,29.0625,19.015625,25.921875,14.984375,29.0625,14.4375,
1999-05-18,,,,,,,13.53125,21.070268630981445,28.6875,19.1875,25.578125,14.65625,28.75,14.53125,
1999-05-19,,,,,,,13.71875,21.222583770751953,29.125,19.25,25.9375,14.960938453674316,29.09375,14.359375,
1999-05-20,,,,,,,13.875,20.94333839416504,29.203125,19.0,26.0,14.929688453674316,29.484375,14.484375,
1999-05-21,,,,,,,14.09375,20.892566680908203,28.859375,18.78125,25.921875,14.789063453674316,29.15625,14.390625,
1999-05-24,,,,,,,13.757813453674316,20.43562126159668,28.609375,18.375,25.25,14.9375,28.46875,14.078125,
1999-05-25,,,,,,,13.703125,19.902517318725586,28.515625,17.9921875,25.0,14.953125,28.1875,13.9375,
1999-05-26,,,,,,,14.09375,20.54985809326172,28.3125,18.3671875,25.0,15.03125,28.21875,14.09375,
1999-05-27,,,,,,,13.671875,20.054832458496094,27.84375,18.234375,24.875,14.773438453674316,27.90625,13.8125,
1999-05-28,,,,,,,13.8125,20.372156143188477,28.125,18.46875,25.25,14.804688453674316,28.109375,14.007813453674316,
1999-06-01,,,,,,,13.734375,20.080219268798828,28.140625,18.0546875,25.34375,14.796875,28.1875,14.09375,
1999-06-02,,,,,,,13.890625,19.953290939331055,28.515625,18.25,24.953125,14.796875,28.09375,14.0625,
1999-06-03,,,,,,,13.9375,19.940597534179688,28.8125,18.125,25.1875,14.65625,28.3125,14.390625,
1999-06-04,,,,,,,14.15625,20.308692932128906,29.109375,18.6640625,26.0625,14.875,29.0,14.5,
1999-06-07,,,,,,,14.320313453674316,20.68947982788086,29.390625,19.0,25.84375,15.0,28.75,14.539063453674316,
1999-06-08,,,,,,,14.09375,20.32138442993164,29.125,18.5625,25.484375,15.0,28.515625,14.320313453674316,
1999-06-09,,,,,,,14.125,20.270612716674805,29.15625,18.84375,25.34375,15.117188453674316,28.53125,14.179688453674316,
1999-06-10,,,,,,,14.203125,19.88982582092285,28.8125,18.5625,24.875,14.992188453674316,28.296875,13.976563453674316,
1999-06-11,,,,,,,14.3125,19.92790412902832,28.765625,18.3125,24.625,14.890625,27.96875,13.90625,
1999-06-14,,,,,,,14.4375,19.82636070251465,29.109375,18.2265625,24.703125,15.304688453674316,28.125,13.921875,
1999-06-15,,,,,,,14.617188453674316,19.92790412902832,29.203125,18.390625,24.765625,15.320313453674316,28.4375,13.828125,
1999-06-16,,,,,,,14.46875,20.448314666748047,29.609375,19.1484375,24.953125,15.46875,29.0,14.203125,
1999-06-17,,,,,,,14.484375,20.841794967651367,29.84375,19.359375,25.15625,15.335938453674316,29.140625,14.132813453674316,
1999-06-18,,,,,,,14.4375,20.816408157348633,30.03125,19.53125,25.046875,15.296875,29.0,14.21875,
1999-06-21,,,,,,,14.101563453674316,20.94333839416504,29.625,20.0234375,24.765625,15.179688453674316,28.859375,14.46875,
1999-06-22,,,,,,,13.953125,20.714866638183594,29.484375,19.6015625,24.90625,15.125,28.8125,14.375,
1999-06-23,,,,,,,14.0625,20.51177978515625,29.578125,19.75,24.640625,15.078125,28.875,14.171875,
1999-06-24,,,,,,,13.828125,20.1817626953125,29.265625,19.34375,24.5625,14.914063453674316,28.34375,14.140625,
1999-06-25,,,,,,,13.71875,20.232534408569336,29.09375,19.3671875,24.546875,14.835938453674316,28.375,14.09375,
1999-06-28,,,,,,,13.632813453674316,20.702173233032227,29.140625,19.6875,24.5625,14.992188453674316,28.6875,14.367188453674316,
1999-06-29,,,,,,,13.820313453674316,20.76563835144043,29.296875,19.9375,25.0,15.0,28.96875,14.609375,
1999-06-30,,,,,,,14.023438453674316,21.19719696044922,29.8125,20.2421875,25.59375,15.320313453674316,29.34375,14.890625,
1999-07-01,,,,,,,14.132813453674316,21.425670623779297,29.828125,20.46875,25.78125,15.265625,29.4375,14.96875,
1999-07-02,,,,,,,14.179688453674316,21.425670623779297,29.96875,20.734375,25.875,15.273438453674316,29.4375,15.046875,
1999-07-06,,,,,,,14.445313453674316,21.603370666503906,30.0,20.6171875,25.859375,15.226563453674316,29.375,15.171875,
1999-07-07,,,,,,,14.40625,21.52721405029297,29.78125,20.859375,25.75,15.367188453674316,29.5625,15.03125,
1999-07-08,,,,,,,14.5,21.4510555267334,29.890625,21.140625,25.546875,15.242188453674316,29.5,14.90625,
1999-07-09,,,,,,,14.492188453674316,21.476442337036133,29.921875,21.3671875,25.671875,15.242188453674316,29.625,14.90625,
1999-07-12,,,,,,,14.640625,21.29874038696289,29.65625,21.3984375,25.625,15.179688453674316,29.6875,14.8125,
1999-07-13,,,,,,,14.5,21.070268630981445,29.546875,21.3046875,25.71875,15.109375,29.625,14.703125,
1999-07-14,,,,,,,14.523438453674316,21.12104034423828,29.703125,21.5703125,25.640625,15.203125,29.6875,14.734375,
1999-07-15,,,,,,,14.65625,21.311433792114258,29.90625,21.7265625,25.921875,15.4375,29.828125,14.929688453674316,
1999-07-16,,,,,,,14.5625,21.425670623779297,29.953125,21.921875,25.875,15.617188453674316,29.84375,15.015625,
1999-07-19,,,,,,,14.507813453674316,21.27335548400879,29.984375,21.65625,25.65625,15.46875,29.71875,14.984375,
1999-07-20,,,,,,,14.125,21.006803512573242,29.953125,20.7578125,25.4375,15.539063453674316,29.59375,14.59375,
1999-07-21,,,,,,,14.28125,20.76563835144043,29.921875,20.9375,25.546875,15.632813453674316,29.53125,14.453125,
1999-07-22,,,,,,,14.070313453674316,20.79102325439453,29.8125,20.2890625,25.265625,15.609375,29.0625,14.265625,
1999-07-23,,,,,,,14.140625,20.562551498413086,29.65625,20.34375,25.078125,15.507813453674316,28.8125,14.15625,
1999-07-26,,,,,,,13.875,20.638708114624023,29.4375,19.8828125,25.3125,15.53125,28.84375,14.234375,
1999-07-27,,,,,,,13.875,20.917953491210938,29.828125,20.375,25.390625,15.625,29.375,14.3125,
1999-07-28,,,,,,,14.078125,20.664094924926758,29.65625,20.5625,25.15625,15.59375,29.15625,14.265625,
1999-07-29,,,,,,,13.992188453674316,20.359464645385742,29.0625,20.21875,24.78125,15.335938453674316,28.65625,14.046875,
1999-07-30,,,,,,,14.289063453674316,19.902517318725586,28.71875,20.0078125,24.640625,15.367188453674316,28.46875,13.78125,
1999-08-02,,,,,,,13.976563453674316,19.800975799560547,28.796875,19.96875,24.640625,15.601563453674316,28.28125,13.679688453674316,
1999-08-03,,,,,,,14.15625,19.547115325927734,28.8125,19.890625,24.828125,15.5,28.15625,13.507813453674316,
1999-08-04,,,,,,,14.351563453674316,19.293258666992188,28.59375,19.6484375,24.375,15.265625,27.75,13.234375,
1999-08-05,,,,,,,14.601563453674316,19.369415283203125,28.75,19.8046875,24.4375,15.40625,27.671875,13.117188453674316,
1999-08-06,,,,,,,14.578125,18.861698150634766,28.484375,19.8125,24.03125,15.34375,27.375,13.015625,
1999-08-09,,,,,,,14.929688453674316,18.9124698638916,28.390625,19.5859375,23.96875,15.40625,27.40625,12.84375,
1999-08-10,,,,,,,14.84375,18.58245277404785,28.125,19.2578125,23.890625,15.125,26.859375,12.84375,
1999-08-11,,,,,,,14.9375,18.937854766845703,28.625,19.875,23.640625,15.046875,27.125,13.125,
1999-08-12,,,,,,,14.96875,19.02670669555664,28.515625,19.625,24.078125,14.96875,27.125,13.28125,
1999-08-13,,,,,,,14.921875,19.64866065979004,29.015625,20.25,24.25,15.164063453674316,27.59375,13.546875,
1999-08-16,,,,,,,14.773438453674316,19.57250213623047,29.125,20.3125,24.390625,15.046875,27.59375,13.734375,
1999-08-17,,,,,,,14.882813453674316,20.283306121826172,29.53125,20.40625,24.515625,15.210938453674316,27.9375,13.703125,
1999-08-18,,,,,,,14.773438453674316,20.06752586364746,29.25,20.171875,24.171875,15.117188453674316,28.125,13.65625,
1999-08-19,,,,,,,14.875,19.800975799560547,28.875,19.96875,24.328125,14.945313453674316,28.0,13.539063453674316,
1999-08-20,,,,,,,14.921875,20.080219268798828,29.171875,20.03125,24.8125,14.90625,27.9375,13.6875,
1999-08-23,,,,,,,15.0,20.613323211669922,29.796875,20.4921875,25.359375,14.976563453674316,28.203125,13.90625,
1999-08-24,,,,,,,14.90625,20.664094924926758,29.8125,20.8125,25.25,14.9375,27.8125,13.890625,
1999-08-25,,,,,,,14.835938453674316,20.499086380004883,30.140625,21.25,26.0,15.148438453674316,28.375,14.03125,
1999-08-26,,,,,,,14.453125,20.029447555541992,29.984375,20.9921875,25.578125,15.15625,28.15625,13.757813453674316,
1999-08-27,,,,,,,14.445313453674316,19.699430465698242,29.640625,20.875,25.25,14.953125,27.953125,13.703125,
1999-08-30,,,,,,,14.25,19.052091598510742,28.890625,20.53125,25.28125,14.75,27.28125,13.40625,
1999-08-31,,,,,,,14.445313453674316,19.02670669555664,28.953125,20.7109375,25.0625,14.632813453674316,27.1875,13.25,
1999-09-01,,,,,,,14.40625,19.115556716918945,29.03125,20.8203125,24.96875,14.6875,27.21875,13.265625,
1999-09-02,,,,,,,14.25,18.747461318969727,28.78125,20.7421875,24.9375,14.484375,26.9375,13.109375,
1999-09-03,,,,,,,14.421875,19.699430465698242,29.484375,21.5,25.375,14.757813453674316,27.796875,13.46875,
1999-09-07,,,,,,,14.6875,19.16632843017578,29.8125,21.5078125,25.1875,14.65625,28.125,13.257813453674316,
1999-09-08,,,,,,,14.734375,19.039398193359375,29.90625,21.359375,25.203125,14.445313453674316,28.0,13.1875,
1999-09-09,,,,,,,15.0625,18.81092643737793,29.6875,21.546875,24.84375,14.5,27.8125,13.234375,
1999-09-10,,,,,,,15.015625,18.95054817199707,29.609375,21.78125,24.875,14.554688453674316,27.96875,13.484375,
1999-09-13,,,,,,,14.78125,18.772846221923828,29.390625,21.484375,24.84375,14.6875,27.921875,13.445313453674316,
1999-09-14,,,,,,,14.617188453674316,18.430137634277344,29.125,21.71875,24.4375,14.695313453674316,27.640625,13.375,
1999-09-15,,,,,,,14.40625,18.34128761291504,29.171875,21.265625,24.25,14.710938453674316,27.375,13.257813453674316,
1999-09-16,,,,,,,14.398438453674316,18.277822494506836,28.90625,21.171875,24.3125,14.632813453674316,27.390625,12.976563453674316,
1999-09-17,,,,,,,14.46875,18.607839584350586,29.328125,21.59375,24.296875,14.710938453674316,28.171875,13.140625,
1999-09-20,,,,,,,14.25,18.392059326171875,29.359375,21.6875,24.390625,14.632813453674316,27.828125,13.125,
1999-09-21,,,,,,,13.78125,18.100122451782227,28.984375,21.2421875,23.96875,14.4375,27.328125,12.828125,
1999-09-22,,,,,,,13.796875,18.08742904663086,28.890625,21.28125,23.953125,14.710938453674316,27.265625,12.96875,
1999-09-23,,,,,,,13.640625,17.94780731201172,28.65625,20.5,23.390625,14.578125,26.96875,13.03125,
1999-09-24,,,,,,,13.5,18.074735641479492,28.046875,20.546875,23.265625,14.367188453674316,26.546875,12.765625,
1999-09-27,,,,,,,13.625,17.770105361938477,28.40625,20.7578125,23.1875,14.578125,26.75,12.984375,
1999-09-28,,,,,,,13.40625,17.744720458984375,28.0625,20.8515625,22.84375,14.414063453674316,26.5,12.945313453674316,
1999-09-29,,,,,,,13.585938453674316,17.61779022216797,28.21875,20.46875,22.25,14.601563453674316,26.578125,12.851563453674316,
1999-09-30,,,,,,,13.71875,17.97319221496582,28.75,20.625,22.75,14.890625,26.8125,13.039063453674316,
1999-10-01,,,,,,,13.671875,17.668561935424805,28.359375,20.5,23.125,14.789063453674316,26.71875,13.109375,
1999-10-04,,,,,,,13.515625,18.34128761291504,28.859375,21.0,23.390625,15.03125,27.125,13.53125,
1999-10-05,,,,,,,13.21875,18.417444229125977,28.5625,21.125,23.109375,14.632813453674316,26.765625,13.554688453674316,
1999-10-06,,,,,,,13.453125,18.73476791381836,28.96875,21.3828125,24.015625,14.851563453674316,27.4375,13.703125,
1999-10-07,,,,,,,13.203125,18.55706787109375,29.0,21.2734375,23.828125,14.640625,27.1875,13.664063453674316,
1999-10-08,,,,,,,13.054688453674316,18.887083053588867,29.390625,21.2578125,24.46875,14.75,27.484375,14.054688453674316,
1999-10-11,,,,,,,13.25,18.683996200561523,29.4375,21.46875,24.5,14.65625,27.40625,14.15625,
1999-10-12,,,,,,,13.320313453674316,18.328594207763672,28.828125,21.0859375,24.03125,14.367188453674316,26.9375,13.867188453674316,
1999-10-13,,,,,,,13.40625,17.782798767089844,28.015625,20.53125,23.5625,14.5,26.34375,13.703125,
1999-10-14,,,,,,,13.359375,17.757413864135742,27.734375,20.4140625,23.625,14.59375,26.25,13.507813453674316,
1999-10-15,,,,,,,13.164063453674316,16.9577579498291,27.34375,19.9296875,22.765625,14.25,25.796875,13.164063453674316,
1999-10-18,,,,,,,13.1875,17.50355339050293,26.8125,19.75,23.1875,14.359375,25.671875,13.25,
1999-10-19,,,,,,,13.226563453674316,17.87164878845215,26.828125,19.4375,24.171875,14.1875,25.6875,13.382813453674316,
1999-10-20,,,,,,,13.5,18.18897247314453,27.0625,20.21875,24.265625,14.210938453674316,26.3125,13.617188453674316,
1999-10-21,,,,,,,13.5625,18.277822494506836,26.765625,19.890625,24.4375,13.992188453674316,26.359375,13.5,
1999-10-22,,,,,,,13.789063453674316,19.039398193359375,27.484375,19.9375,24.59375,14.164063453674316,26.6875,13.851563453674316,
1999-10-25,,,,,,,13.5625,18.874391555786133,27.4375,19.9921875,24.3125,14.007813453674316,26.6875,13.609375,
1999-10-26,,,,,,,13.25,18.58245277404785,27.265625,20.0,24.0,14.09375,26.5,13.273438453674316,
1999-10-27,,,,,,,13.359375,19.4963436126709,27.359375,19.9765625,24.296875,14.460938453674316,26.5,13.3125,
1999-10-28,,,,,,,13.421875,20.879873275756836,27.984375,20.4921875,24.734375,15.0,27.640625,13.8125,
1999-10-29,,,,,,,13.515625,20.76563835144043,28.125,21.25,24.828125,14.96875,28.171875,14.195313453674316,
1999-11-01,,,,,,,13.507813453674316,20.51177978515625,27.40625,21.21875,24.875,15.109375,28.1875,14.09375,
1999-11-02,,,,,,,13.382813453674316,20.486392974853516,27.75,21.125,24.390625,14.96875,27.828125,13.992188453674316,
1999-11-03,,,,,,,13.3125,20.39754295349121,27.5625,21.4375,25.015625,14.796875,27.953125,13.875,
1999-11-04,,,,,,,13.101563453674316,20.638708114624023,27.484375,21.6015625,24.90625,14.71875,28.265625,14.046875,
1999-11-05,,,,,,,12.78125,21.146425247192383,27.625,21.8359375,25.09375,14.84375,28.140625,14.140625,
1999-11-08,,,,,,,13.265625,21.032188415527344,27.671875,22.0546875,25.0625,14.9375,28.1875,14.09375,
1999-11-09,,,,,,,13.546875,20.626014709472656,27.6875,21.8125,24.625,14.71875,28.0,13.945313453674316,
1999-11-10,,,,,,,13.84375,20.308692932128906,27.578125,22.1953125,24.640625,14.78125,28.171875,14.0,
1999-11-11,,,,,,,13.84375,20.194456100463867,27.6875,22.5,24.640625,14.734375,28.5,14.03125,
1999-11-12,,,,,,,13.9375,21.070268630981445,27.875,22.625,24.8125,14.78125,29.0625,14.359375,
1999-11-15,,,,,,,14.015625,21.057575225830078,28.03125,22.5234375,24.703125,14.710938453674316,29.1875,14.382813453674316,
1999-11-16,,,,,,,14.25,21.62875747680664,28.6875,23.0,25.171875,14.679688453674316,29.5625,14.445313453674316,
1999-11-17,,,,,,,14.5,21.171812057495117,28.875,22.78125,25.046875,14.789063453674316,29.265625,14.320313453674316,
1999-11-18,,,,,,,14.5,21.108346939086914,28.96875,23.5546875,25.171875,14.679688453674316,29.453125,14.382813453674316,
1999-11-19,,,,,,,14.171875,20.79102325439453,28.625,23.7734375,25.0,14.6875,29.3125,14.25,
1999-11-22,,,,,,,13.945313453674316,20.714866638183594,28.5,23.921875,25.265625,14.523438453674316,29.0,14.085938453674316,
1999-11-23,,,,,,,13.65625,20.384849548339844,28.21875,23.7109375,25.203125,14.375,28.515625,14.03125,
1999-11-24,,,,,,,13.828125,20.14368438720703,28.234375,24.078125,25.5,14.296875,28.921875,14.109375,
1999-11-26,,,,,,,13.625,20.00406265258789,28.09375,24.265625,25.25,14.460938453674316,28.6875,14.28125,
1999-11-29,,,,,,,13.515625,19.521730422973633,27.625,24.0546875,25.234375,14.296875,28.515625,14.40625,
1999-11-30,,,,,,,13.492188453674316,19.851747512817383,27.5,23.3359375,24.90625,14.476563453674316,28.5,14.203125,
1999-12-01,,,,,,,13.757813453674316,19.699430465698242,27.71875,23.5625,24.8125,14.546875,28.4375,14.375,
1999-12-02,,,,,,,13.625,19.78828239440918,27.65625,24.125,24.9375,14.460938453674316,28.6875,14.3125,
1999-12-03,,,,,,,13.5625,20.257919311523438,28.109375,24.8125,25.109375,14.742188453674316,29.25,14.476563453674316,
1999-12-06,,,,,,,13.554688453674316,19.71212387084961,28.03125,24.984375,24.390625,14.640625,29.421875,14.5,
1999-12-07,,,,,,,13.296875,19.67404556274414,27.5,25.046875,24.0,14.75,29.34375,14.257813453674316,
1999-12-08,,,,,,,13.4375,19.20440673828125,27.984375,24.78125,23.625,14.632813453674316,29.625,14.179688453674316,
1999-12-09,,,,,,,13.546875,19.483652114868164,27.234375,24.71875,23.59375,14.648438453674316,30.078125,14.15625,
1999-12-10,,,,,,,13.15625,19.82636070251465,27.734375,24.84375,23.71875,14.539063453674316,29.890625,14.546875,
1999-12-13,,,,,,,13.234375,19.597888946533203,27.890625,25.0078125,23.21875,14.53125,29.6875,14.984375,
1999-12-14,,,,,,,13.203125,19.12824821472168,27.890625,24.53125,23.1875,14.523438453674316,29.75,14.789063453674316,
1999-12-15,,,,,,,13.46875,19.077478408813477,27.625,25.03125,23.59375,14.585938453674316,29.5,14.859375,
1999-12-16,,,,,,,13.601563453674316,18.658611297607422,27.875,25.5,23.0,14.4375,29.734375,15.1875,
1999-12-17,,,,,,,13.5,18.73476791381836,28.53125,25.78125,23.0,14.53125,30.25,15.09375,
1999-12-20,,,,,,,13.203125,18.58245277404785,27.671875,26.03125,22.703125,14.195313453674316,29.96875,14.65625,
1999-12-21,,,,,,,13.242188453674316,18.937854766845703,28.0625,26.53125,22.484375,14.382813453674316,29.78125,14.71875,
1999-12-22,,,,,,,13.171875,18.937854766845703,27.9375,26.53125,22.921875,14.34375,29.8125,14.75,
1999-12-23,,,,,,,13.546875,19.24248504638672,28.3125,26.671875,23.3125,14.414063453674316,30.4375,15.039063453674316,
1999-12-27,,,,,,,13.453125,19.090171813964844,28.59375,26.875,23.46875,14.03125,30.4375,15.1875,
1999-12-28,,,,,,,13.46875,19.014013290405273,28.890625,26.625,23.28125,14.15625,30.5,15.34375,
1999-12-29,,,,,,,13.609375,19.20440673828125,29.109375,27.0546875,23.0,13.945313453674316,30.484375,15.40625,
1999-12-30,,,,,,,13.5,19.293258666992188,29.171875,27.03125,23.015625,13.945313453674316,30.59375,15.359375,
1999-12-31,,,,,,,13.546875,19.305950164794922,29.609375,26.9375,23.03125,14.070313453674316,30.890625,15.53125,
2000-01-03,,,,,,,13.28125,18.58245277404785,28.84375,27.71875,22.75,13.726563453674316,30.296875,15.0625,
2000-01-04,,,,,,,13.03125,17.770105361938477,28.046875,26.3125,22.109375,13.3125,29.609375,14.609375,
2000-01-05,,,,,,,13.375,17.630483627319336,27.921875,25.921875,22.5,13.648438453674316,29.34375,14.429688453674316,
2000-01-06,,,,,,,13.890625,18.404752731323242,28.296875,25.0625,22.921875,13.625,29.4375,14.59375,
2000-01-07,,,,,,,14.039063453674316,18.709383010864258,29.375,25.5,24.375,13.742188453674316,29.796875,15.28125,
2000-01-10,,,,,,,13.921875,18.379365921020508,29.375,26.46875,23.828125,13.789063453674316,32.84375,15.203125,
2000-01-11,,,,,,,13.9375,18.074735641479492,29.0,25.71875,23.828125,13.640625,31.96875,15.117188453674316,
2000-01-12,,,,,,,13.875,18.430137634277344,28.65625,25.609375,23.953125,13.5,31.4375,15.03125,
2000-01-13,,,,,,,14.117188453674316,18.98862648010254,29.203125,25.84375,24.078125,13.375,32.375,15.109375,
2000-01-14,,,,,,,14.03125,19.432880401611328,29.0,26.4375,24.15625,13.484375,32.09375,15.070313453674316,
2000-01-18,,,,,,,14.203125,18.785539627075195,28.96875,26.578125,23.75,13.429688453674316,31.5,14.984375,
2000-01-19,,,,,,,14.15625,18.722076416015625,28.875,26.625,23.921875,13.4375,32.25,14.953125,
2000-01-20,,,,,,,14.15625,18.379365921020508,28.6875,26.78125,23.59375,13.5,32.0,14.75,
2000-01-21,,,,,,,14.546875,18.150894165039062,28.328125,26.8125,23.328125,13.9375,31.9375,14.445313453674316,
2000-01-24,,,,,,,14.03125,17.820877075195312,27.515625,25.9375,22.65625,13.75,30.984375,13.90625,
2000-01-25,,,,,,,14.0,18.01127052307129,27.359375,26.4921875,22.375,13.429688453674316,31.203125,13.992188453674316,
2000-01-26,,,,,,,13.78125,18.683996200561523,27.578125,25.625,22.578125,13.367188453674316,31.0625,14.09375,
2000-01-27,,,,,,,13.5,18.887083053588867,27.734375,25.375,23.0,13.28125,30.875,14.054688453674316,
2000-01-28,,,,,,,13.34375,18.22705078125,27.0,24.46875,22.8125,13.210938453674316,30.25,13.5,
2000-01-31,,,,,,,13.65625,18.73476791381836,27.1875,25.28125,23.234375,13.820313453674316,30.109375,13.601563453674316,
2000-02-01,,,,,,,13.625,18.83631134033203,27.0,25.8125,23.0,13.71875,30.5,14.09375,
2000-02-02,,,,,,,13.710938453674316,18.645917892456055,27.015625,26.0,23.046875,13.648438453674316,31.25,14.0,
2000-02-03,,,,,,,13.546875,18.531681060791016,27.0,26.75,22.734375,13.625,31.53125,14.054688453674316,
2000-02-04,,,,,,,13.15625,18.34128761291504,27.109375,27.0625,22.71875,13.554688453674316,31.640625,14.03125,
2000-02-07,,,,,,,13.304688453674316,18.150894165039062,26.640625,27.375,22.6875,13.515625,31.125,13.734375,
2000-02-08,,,,,,,13.1875,18.353981018066406,26.75,27.625,22.96875,13.546875,31.46875,14.046875,
2000-02-09,,,,,,,12.75,17.922420501708984,26.46875,27.28125,22.765625,13.546875,30.90625,13.8125,
2000-02-10,,,,,,,13.015625,17.427396774291992,26.015625,27.9296875,22.0,13.351563453674316,30.640625,13.6875,
2000-02-11,,,,,,,12.859375,17.46547508239746,25.46875,27.1875,21.578125,13.117188453674316,30.65625,13.492188453674316,
2000-02-14,,,,,,,13.0625,17.61779022216797,25.875,27.203125,21.6875,13.132813453674316,30.09375,13.5625,
2000-02-15,,,,,,,13.609375,17.64317512512207,26.328125,27.28125,22.171875,13.101563453674316,29.859375,13.59375,
2000-02-16,,,,,,,13.671875,17.275081634521484,26.265625,27.140625,21.859375,13.046875,29.015625,13.0625,
2000-02-17,,,,,,,13.65625,17.059301376342773,26.375,27.75,21.53125,12.96875,29.0,12.6875,
2000-02-18,,,,,,,13.257813453674316,16.450040817260742,25.796875,26.8125,21.28125,12.492188453674316,28.203125,12.5,
2000-02-22,,,,,,,13.140625,16.60235595703125,26.21875,26.75,21.625,12.445313453674316,28.0,12.53125,
2000-02-23,,,,,,,12.796875,16.538890838623047,26.015625,27.5625,21.15625,12.1875,28.4375,12.492188453674316,
2000-02-24,,,,,,,12.65625,16.196182250976562,25.78125,27.90625,20.71875,11.78125,28.21875,12.09375,
2000-02-25,,,,,,,12.40625,16.09463882446289,25.328125,27.640625,20.203125,11.71875,27.34375,12.140625,
2000-02-28,,,,,,,12.78125,16.615049362182617,25.40625,27.3125,20.59375,12.054688453674316,27.828125,12.578125,
2000-02-29,,,,,,,13.078125,16.729284286499023,25.6875,27.9375,20.515625,12.140625,28.140625,12.84375,
2000-03-01,,,,,,,13.40625,16.9577579498291,25.546875,28.21875,20.328125,12.671875,28.375,12.695313453674316,
2000-03-02,,,,,,,13.65625,16.85621452331543,25.640625,28.5,20.375,13.0,28.25,12.679688453674316,
2000-03-03,,,,,,,13.4375,17.008529663085938,26.34375,29.2890625,20.265625,13.117188453674316,28.640625,12.914063453674316,
2000-03-06,,,,,,,13.359375,16.843521118164062,26.234375,29.2421875,19.78125,12.75,28.078125,12.609375,
2000-03-07,,,,,,,14.28125,16.335803985595703,25.1875,28.4375,18.71875,12.601563453674316,27.5625,12.257813453674316,
2000-03-08,,,,,,,14.046875,16.145410537719727,25.453125,28.9375,19.296875,12.6875,27.421875,12.40625,
2000-03-09,,,,,,,14.0625,16.23426055908203,25.71875,29.8125,19.8125,12.789063453674316,28.0625,12.65625,
2000-03-10,,,,,,,13.875,16.285032272338867,25.78125,29.875,19.578125,12.789063453674316,27.828125,12.484375,
2000-03-13,,,,,,,13.671875,16.450040817260742,25.390625,29.4375,19.265625,12.828125,27.625,12.382813453674316,
2000-03-14,,,,,,,13.84375,16.38657569885254,25.25,28.765625,19.15625,12.742188453674316,27.703125,12.40625,
2000-03-15,,,,,,,13.78125,17.389318466186523,26.265625,28.265625,20.375,12.8125,27.84375,13.15625,
2000-03-16,,,,,,,14.375,18.887083053588867,27.6875,29.25,21.25,13.3125,29.28125,14.125,
2000-03-17,,,,,,,13.890625,18.823619842529297,27.59375,29.9375,21.09375,13.320313453674316,29.3125,14.132813453674316,
2000-03-20,,,,,,,13.671875,18.468217849731445,27.75,29.8125,20.90625,13.265625,29.875,14.0,
2000-03-21,,,,,,,14.109375,19.140941619873047,28.34375,30.59375,21.296875,13.179688453674316,30.0625,14.15625,
2000-03-22,,,,,,,14.0,19.305950164794922,28.21875,31.125,21.125,12.875,30.828125,14.09375,
2000-03-23,,,,,,,13.984375,19.978675842285156,28.875,31.71875,20.953125,13.09375,30.953125,14.132813453674316,
2000-03-24,,,,,,,14.015625,20.207149505615234,29.046875,31.9921875,20.578125,12.96875,31.21875,14.179688453674316,
2000-03-27,,,,,,,14.0625,19.547115325927734,28.6875,32.25,20.3125,13.148438453674316,31.0,14.140625,
2000-03-28,,,,,,,14.0,19.699430465698242,28.609375,31.46875,20.546875,13.085938453674316,31.03125,14.1875,
2000-03-29,,,,,,,14.734375,19.547115325927734,28.96875,30.546875,21.046875,13.320313453674316,30.5625,14.46875,
2000-03-30,,,,,,,14.734375,19.585195541381836,29.15625,29.71875,21.328125,13.289063453674316,30.125,14.789063453674316,
2000-03-31,,,,,,,14.65625,19.71212387084961,29.203125,30.28125,21.21875,13.367188453674316,30.671875,14.632813453674316,
2000-04-03,,,,,,,14.90625,20.664094924926758,29.328125,29.0,22.1875,13.453125,30.65625,15.070313453674316,
2000-04-04,,,,,,,14.71875,19.839054107666016,29.0,28.71875,22.8125,13.640625,30.3125,14.882813453674316,
2000-04-05,,,,,,,14.28125,19.686737060546875,28.890625,28.90625,22.5,13.820313453674316,30.109375,14.90625,
2000-04-06,,,,,,,14.65625,19.902517318725586,29.140625,29.28125,22.09375,13.90625,30.6875,15.0625,
2000-04-07,,,,,,,14.429688453674316,19.4963436126709,29.578125,30.28125,21.8125,13.867188453674316,30.765625,15.0625,
2000-04-10,,,,,,,14.21875,20.054832458496094,29.625,29.1875,22.359375,13.835938453674316,30.5625,15.414063453674316,
2000-04-11,,,,,,,14.46875,20.308692932128906,29.984375,28.46875,22.75,14.195313453674316,30.828125,15.523438453674316,
2000-04-12,,,,,,,14.59375,20.39754295349121,29.453125,26.625,23.015625,14.320313453674316,30.265625,15.492188453674316,
2000-04-13,,,,,,,14.5625,19.864439010620117,29.53125,26.1171875,22.859375,14.335938453674316,29.5,15.203125,
2000-04-14,,,,,,,14.25,18.252437591552734,27.59375,24.75,21.734375,13.8125,27.71875,14.0,
2000-04-17,,,,,,,13.90625,18.404752731323242,28.265625,26.09375,22.359375,13.601563453674316,27.953125,14.015625,
2000-04-18,,,,,,,13.976563453674316,19.140941619873047,28.375,27.578125,22.5,13.640625,28.71875,14.3125,
2000-04-19,,,,,,,14.28125,18.887083053588867,28.484375,26.671875,22.765625,13.765625,29.46875,14.421875,
2000-04-20,,,,,,,14.304688453674316,19.24248504638672,28.71875,26.4375,22.75,13.8125,29.59375,14.609375,
2000-04-24,,,,,,,14.460938453674316,19.699430465698242,28.75,25.625,23.375,14.1875,29.171875,14.765625,
2000-04-25,,,,,,,14.484375,20.308692932128906,30.25,27.109375,23.265625,14.609375,29.90625,15.03125,
2000-04-26,,,,,,,14.671875,19.902517318725586,29.796875,26.59375,23.0,14.578125,30.21875,15.015625,
2000-04-27,,,,,,,14.875,19.4963436126709,29.828125,27.421875,23.0,14.25,30.03125,14.703125,
2000-04-28,,,,,,,14.4375,19.902517318725586,29.625,27.5,22.34375,14.242188453674316,30.3125,14.328125,
2000-05-01,,,,,,,14.671875,19.45826530456543,30.3125,27.890625,22.625,14.242188453674316,30.40625,14.765625,
2000-05-02,,,,,,,14.882813453674316,19.267871856689453,30.0,27.375,22.6875,13.726563453674316,29.796875,14.664063453674316,
2000-05-03,,,,,,,14.5,18.925161361694336,29.0,26.1875,22.6875,13.773438453674316,28.96875,13.96875,
2000-05-04,,,,,,,14.875,18.633224487304688,29.046875,26.0,22.6875,13.75,28.875,13.742188453674316,
2000-05-05,,,,,,,15.03125,18.760154724121094,29.5625,26.7109375,23.21875,13.78125,28.84375,13.914063453674316,
2000-05-08,,,,,,,15.21875,19.12824821472168,29.546875,25.765625,23.703125,13.875,28.90625,13.875,
2000-05-09,,,,,,,15.226563453674316,19.077478408813477,29.3125,25.2890625,23.8125,13.828125,28.703125,14.015625,
2000-05-10,,,,,,,15.273438453674316,18.569759368896484,29.015625,24.0625,23.65625,14.09375,28.65625,14.015625,
2000-05-11,,,,,,,15.75,19.12824821472168,29.734375,24.7421875,23.625,14.304688453674316,28.625,14.140625,
2000-05-12,,,,,,,15.804688453674316,19.34402847290039,30.09375,25.0625,23.3125,14.078125,29.125,14.34375,
2000-05-15,,,,,,,16.1328125,20.207149505615234,30.59375,25.53125,23.890625,14.351563453674316,29.609375,14.390625,
2000-05-16,,,,,,,15.820313453674316,20.092912673950195,30.875,26.296875,23.78125,14.289063453674316,30.0,14.5,
2000-05-17,,,,,,,15.898438453674316,19.750202178955078,30.671875,25.921875,23.859375,14.070313453674316,29.65625,14.15625,
2000-05-18,,,,,,,15.875,20.00406265258789,30.53125,25.265625,23.8125,14.1875,29.625,14.4375,
2000-05-19,,,,,,,15.90625,19.64866065979004,29.6875,24.28125,23.984375,13.921875,28.84375,14.070313453674316,
2000-05-22,,,,,,,15.773438453674316,19.902517318725586,29.171875,24.171875,23.90625,14.015625,28.515625,13.859375,
2000-05-23,,,,,,,15.710938453674316,20.029447555541992,29.046875,23.0,23.78125,13.757813453674316,28.28125,13.796875,
2000-05-24,,,,,,,15.726563453674316,20.283306121826172,29.46875,23.90625,24.296875,13.992188453674316,28.46875,13.546875,
2000-05-25,,,,,,,15.4375,19.775588989257812,28.9375,23.515625,24.234375,13.757813453674316,28.25,13.421875,
2000-05-26,,,,,,,15.445313453674316,19.699430465698242,28.78125,23.59375,24.3125,14.03125,28.03125,13.140625,
2000-05-30,,,,,,,15.664063453674316,20.10560417175293,29.296875,25.125,24.171875,14.132813453674316,29.1875,13.242188453674316,
2000-05-31,,,,,,,16.1328125,20.346771240234375,29.5,24.640625,23.9375,14.210938453674316,29.5,13.554688453674316,
2000-06-01,,,,,,,15.984375,21.01949691772461,29.734375,25.75,24.0,14.3125,29.3125,13.65625,
2000-06-02,,,,,,,15.4375,21.88261604309082,29.953125,26.921875,23.171875,14.265625,30.03125,14.03125,
2000-06-05,,,,,,49.34375,15.21875,21.387590408325195,29.90625,27.0,23.140625,13.9375,29.9375,13.953125,
2000-06-06,,,,,,47.3125,15.8125,20.917953491210938,29.6875,26.625,23.21875,14.265625,29.6875,13.507813453674316,
2000-06-07,,,,,,48.09375,15.609375,21.222583770751953,29.546875,27.125,23.46875,14.320313453674316,29.609375,13.507813453674316,
2000-06-08,,,,,,48.3125,15.6875,20.8671817779541,29.078125,27.0,23.46875,14.40625,29.375,13.375,
2000-06-09,,,,,,49.3125,15.585938453674316,20.51177978515625,29.1875,27.0625,23.734375,14.585938453674316,29.8125,13.15625,
2000-06-12,,,,,,47.40625,15.9375,20.68947982788086,29.21875,26.5,23.703125,14.523438453674316,29.53125,12.828125,
2000-06-13,,,,,,49.40625,15.9375,20.664094924926758,29.34375,27.0625,23.96875,14.835938453674316,29.125,13.078125,
2000-06-14,,,,,,47.28125,15.914063453674316,21.01949691772461,29.28125,26.5625,24.28125,14.773438453674316,29.625,13.125,
2000-06-15,,,,,,47.6875,15.6875,20.524471282958984,29.5625,27.09375,24.734375,14.695313453674316,30.46875,13.09375,
2000-06-16,,,,,,48.0,15.875,19.4963436126709,28.984375,27.1875,24.21875,14.421875,30.125,12.921875,
2000-06-19,,35.03125,,,,51.25,15.742188453674316,20.00406265258789,28.6875,28.046875,24.265625,14.65625,30.3125,12.90625,
2000-06-20,,35.1796875,,,,52.0,15.65625,19.750202178955078,27.796875,28.125,23.84375,14.5,30.265625,12.625,
2000-06-21,,35.3515625,,,,52.21875,15.9375,19.597888946533203,27.90625,28.375,24.3125,14.546875,30.125,12.539063453674316,
2000-06-22,,35.3671875,,,,49.625,15.515625,19.585195541381836,27.296875,27.5,23.78125,14.453125,30.0625,12.484375,
2000-06-23,,35.3671875,,,,48.75,15.710938453674316,19.445573806762695,27.59375,26.9140625,24.0625,14.5,29.5,12.5625,
2000-06-26,,34.875,,,,48.75,15.585938453674316,19.750202178955078,28.25,27.09375,24.375,14.453125,29.21875,12.5625,
2000-06-27,,35.375,,,,47.1875,15.476563453674316,19.940597534179688,28.375,26.828125,24.75,14.0625,29.15625,12.921875,
2000-06-28,,35.375,,,,47.4375,15.34375,19.78828239440918,28.734375,27.09375,24.75,14.179688453674316,29.03125,12.875,
2000-06-29,,35.375,,,,46.34375,15.375,19.775588989257812,28.234375,26.5625,24.96875,13.953125,29.46875,12.65625,
2000-06-30,,35.375,,,,47.0,15.171875,19.293258666992188,28.28125,27.09375,25.234375,13.625,29.5625,12.796875,
2000-07-03,,35.578125,,,,48.0625,15.265625,19.64866065979004,28.65625,27.28125,25.28125,14.03125,29.5,12.96875,
2000-07-05,,35.90625,,,,44.3125,14.632813453674316,19.864439010620117,28.40625,26.40625,25.34375,14.15625,29.6875,13.125,
2000-07-06,,36.015625,,,,46.125,14.78125,20.016754150390625,28.328125,26.8125,25.375,14.171875,29.625,13.21875,
2000-07-07,,36.28125,,,,47.625,14.851563453674316,20.359464645385742,28.46875,27.25,25.203125,14.320313453674316,29.875,13.859375,
2000-07-10,,36.25,,,,47.5625,14.921875,20.410236358642578,28.5,26.953125,25.4375,14.320313453674316,29.625,14.0625,
2000-07-11,,36.234375,,,,46.8125,15.453125,20.51177978515625,29.046875,26.734375,25.453125,14.1875,29.296875,14.164063453674316,
2000-07-12,,36.0625,,,,47.96875,15.25,20.8037166595459,29.15625,27.421875,24.9375,14.25,29.84375,14.203125,
2000-07-13,,36.03125,,,,49.1875,15.015625,20.600629806518555,29.390625,27.953125,24.5625,14.3125,29.9375,13.9375,
2000-07-14,,35.953125,,,,50.6875,15.0,20.94333839416504,29.6875,28.46875,24.28125,14.117188453674316,30.40625,14.109375,
2000-07-17,,36.109375,,,,51.46875,14.804688453674316,20.54985809326172,29.859375,28.703125,24.40625,14.0,30.03125,14.03125,
2000-07-18,,36.21875,,,,49.21875,14.9375,20.587936401367188,29.9375,28.125,24.4375,13.945313453674316,29.5625,14.0625,
2000-07-19,,35.78125,,,,47.46875,14.898438453674316,20.51177978515625,29.6875,27.5,24.46875,14.085938453674316,29.75,13.882813453674316,
2000-07-20,,35.828125,,,,46.71875,14.75,21.032188415527344,30.046875,28.078125,24.0625,13.859375,30.21875,13.84375,
2000-07-21,,36.34375,,,,44.8125,14.46875,20.968725204467773,30.0,27.46875,24.125,14.0,29.46875,13.8125,
2000-07-24,,36.640625,,,,44.625,14.320313453674316,21.095653533935547,29.78125,26.796875,24.625,13.953125,29.1875,13.59375,
2000-07-25,,36.625,,,,46.40625,14.1875,21.13373374938965,29.84375,27.25,24.1875,14.070313453674316,29.203125,13.625,
2000-07-26,,37.1484375,,,,44.375,14.304688453674316,21.032188415527344,29.46875,26.890625,24.203125,13.9375,28.96875,13.578125,
2000-07-27,,37.5625,,,,41.34375,14.796875,21.095653533935547,29.265625,26.109375,24.375,13.882813453674316,29.15625,13.6875,
2000-07-28,,37.5546875,,,,40.96875,14.6875,20.638708114624023,28.28125,25.140625,24.578125,13.796875,28.84375,13.265625,
2000-07-31,,37.296875,,,,42.3125,14.59375,20.994110107421875,28.71875,25.65625,24.3125,13.835938453674316,29.125,13.0,
2000-08-01,,38.0859375,,,,40.90625,14.867188453674316,21.13373374938965,28.9375,25.359375,25.125,14.140625,29.375,13.1875,
2000-08-02,,38.15625,,,,40.5,15.148438453674316,21.108346939086914,28.8125,25.25,25.109375,14.375,29.5,13.1875,
2000-08-03,,37.875,,,,40.4375,14.9375,21.66683578491211,28.859375,25.734375,25.25,14.398438453674316,29.65625,13.125,
2000-08-04,,37.28125,,,,39.34375,15.0,22.504568099975586,29.21875,25.734375,25.0625,14.320313453674316,30.265625,13.070313453674316,
2000-08-07,,37.28125,,,,40.5,15.195313453674316,22.56803321838379,30.078125,26.265625,24.75,14.601563453674316,30.03125,13.421875,
2000-08-08,,37.34375,,,,40.53125,15.226563453674316,22.56803321838379,30.34375,26.3125,24.859375,14.21875,30.125,13.820313453674316,
2000-08-09,,37.375,,,,41.71875,15.5,22.41571807861328,30.609375,26.40625,23.84375,13.992188453674316,29.84375,13.578125,
2000-08-10,,37.5625,,,,40.71875,15.640625,22.288789749145508,30.53125,25.84375,24.265625,13.992188453674316,29.90625,13.1875,
2000-08-11,,37.625,,,,41.34375,15.625,22.631498336791992,30.875,25.9375,24.4375,14.148438453674316,30.09375,13.375,
2000-08-14,,37.71875,,,,43.875,15.84375,22.92343521118164,31.1875,26.46875,24.515625,14.234375,30.4375,13.546875,
2000-08-15,,37.5,,,,45.3125,15.78125,22.504568099975586,30.796875,26.53125,24.46875,14.328125,30.28125,13.15625,
2000-08-16,,37.625,,,,46.625,16.0,22.238018035888672,30.65625,26.5625,24.71875,14.125,29.84375,12.898438453674316,
2000-08-17,,37.6796875,,,,47.53125,16.375,22.52995491027832,30.8125,27.0625,24.578125,13.9375,30.125,12.90625,
2000-08-18,,37.34375,,,,48.71875,16.1875,22.364946365356445,30.71875,27.09375,24.28125,14.015625,30.125,13.078125,
2000-08-21,,37.203125,,,,47.5,16.25,22.542648315429688,31.15625,27.21875,24.53125,14.109375,30.21875,12.765625,
2000-08-22,,37.3125,,,,47.96875,16.203125,22.7838134765625,31.09375,27.21875,24.4375,13.9375,29.84375,13.015625,
2000-08-23,,36.90625,,,,49.875,16.625,22.49187660217285,30.9375,27.484375,24.59375,14.046875,29.875,12.9375,
2000-08-24,,36.6484375,,,,49.625,16.265625,22.453798294067383,31.265625,27.7421875,24.4375,14.015625,29.796875,12.9375,
2000-08-25,,36.59375,,,,49.0,16.3125,22.149166107177734,31.40625,27.6484375,24.53125,14.0,30.296875,13.054688453674316,
2000-08-28,,36.6484375,,,,49.25,16.375,22.56803321838379,31.828125,27.875,24.453125,14.25,30.0,12.84375,
2000-08-29,,36.3125,,,,48.875,16.390625,22.339561462402344,31.625,27.90625,24.078125,14.125,30.140625,12.789063453674316,
2000-08-30,,36.5,,,,48.40625,16.25,22.542648315429688,31.328125,27.71875,23.96875,14.265625,30.34375,12.640625,
2000-08-31,,36.734375,,,,49.34375,16.1875,23.126522064208984,31.5625,28.265625,24.015625,14.375,30.15625,12.460938453674316,
2000-09-01,,36.515625,,,,48.9375,16.3515625,22.74573516845703,31.84375,28.28125,23.875,14.546875,30.125,12.710938453674316,
2000-09-05,,36.75,,,,47.5625,16.3515625,23.024980545043945,31.84375,27.640625,23.796875,14.601563453674316,29.53125,12.84375,
2000-09-06,,37.0390625,,,,44.53125,16.7109375,23.202680587768555,32.0,26.9375,23.5,14.78125,29.40625,13.03125,
2000-09-07,,37.0,,,,46.0,16.6328125,23.012287139892578,31.8125,27.375,23.71875,14.78125,29.171875,12.921875,
2000-09-08,,37.703125,,,,43.8125,16.4375,23.532697677612305,31.4375,26.5,23.703125,15.25,29.1875,13.164063453674316,
2000-09-11,,37.921875,,,,43.125,16.9609375,24.002334594726562,31.28125,25.8125,23.8125,15.601563453674316,29.296875,13.40625,
2000-09-12,,38.09375,,,,42.09375,16.9375,23.964256286621094,31.1875,25.4375,24.0,15.5625,29.28125,13.40625,
2000-09-13,,38.0,,,,42.4375,16.65625,23.811941146850586,31.28125,25.6875,24.0,15.453125,29.59375,13.40625,
2000-09-14,,37.9375,,,,42.40625,16.609375,23.72309112548828,31.25,25.828125,23.75,15.25,29.28125,13.328125,
2000-09-15,,37.96875,,,,41.375,16.96875,23.266145706176758,30.375,25.3828125,23.625,15.265625,29.15625,13.179688453674316,
2000-09-18,,37.453125,,,,40.5,17.0,22.49187660217285,30.03125,24.8125,23.65625,15.171875,29.109375,12.914063453674316,
2000-09-19,,37.5703125,,,,43.53125,16.546875,22.97420883178711,29.6875,25.78125,23.6875,14.921875,28.921875,12.695313453674316,
2000-09-20,,37.5,,,,43.875,16.21875,22.64419174194336,29.84375,25.875,23.5,14.65625,28.359375,12.445313453674316,
2000-09-21,,37.46875,,,,42.125,16.09375,22.39033317565918,29.9375,25.34375,24.125,14.765625,28.625,12.90625,
2000-09-22,,37.46875,,,,39.0625,15.992188453674316,22.8218936920166,29.71875,24.625,24.9375,15.140625,28.375,12.820313453674316,
2000-09-25,,37.42499923706055,,,,37.005001068115234,15.75,23.189987182617188,30.59375,24.109375,24.71875,15.25,28.796875,12.625,
2000-09-26,,37.57500076293945,,,,36.625,16.125,23.037673950195312,30.625,23.6015625,24.5,15.46875,28.796875,12.34375,
2000-09-27,,37.79999923706055,,,,36.25,16.4296875,23.050365447998047,30.375,23.4375,24.515625,15.40625,28.3125,12.460938453674316,
2000-09-28,,37.95000076293945,,,,37.375,16.3671875,23.634239196777344,30.78125,24.25,24.890625,15.90625,29.140625,12.65625,
2000-09-29,,37.875,,,,35.54999923706055,16.3828125,23.558082580566406,30.5625,23.1875,24.984375,16.140625,29.0625,12.445313453674316,
2000-10-02,,37.525001525878906,,,,34.75,16.71875,23.888099670410156,30.25,23.015625,24.9375,16.234375,29.4375,12.25,
2000-10-03,,37.04999923706055,,,,34.224998474121094,16.7109375,23.862712860107422,30.84375,22.40625,24.9375,16.03125,29.546875,12.34375,
2000-10-04,,36.525001525878906,,,,36.0,16.21875,23.558082580566406,31.0625,23.0078125,24.734375,16.03125,29.78125,12.5625,
2000-10-05,,36.70000076293945,,,,35.099998474121094,16.1953125,23.786556243896484,31.09375,22.6796875,25.3125,16.171875,30.046875,12.398438453674316,
2000-10-06,,36.625,,,,33.849998474121094,16.125,22.796506881713867,30.25,22.2109375,25.171875,16.09375,29.34375,12.007813453674316,
2000-10-09,,36.599998474121094,,,,33.25,16.375,22.441104888916016,30.4375,22.0859375,25.0625,16.09375,29.15625,12.085938453674316,
2000-10-10,,36.625,,,,30.170000076293945,16.7421875,21.793764114379883,30.03125,21.4375,25.421875,16.0625,29.1875,12.09375,
2000-10-11,,36.349998474121094,,,,29.975000381469727,16.8984375,21.831844329833984,29.5,20.75,25.390625,15.8125,28.453125,11.75,
2000-10-12,,35.775001525878906,,,,29.299999237060547,17.15625,20.562551498413086,28.828125,20.03125,25.546875,15.59375,27.5,10.929688453674316,
2000-10-13,,35.849998474121094,,,,32.375,16.5,21.62875747680664,29.71875,21.71875,25.234375,15.828125,28.015625,11.15625,
2000-10-16,,36.29999923706055,,,,30.524999618530273,16.34375,21.819150924682617,30.125,21.375,25.59375,15.921875,27.75,11.351563453674316,
2000-10-17,,35.79999923706055,,,,28.864999771118164,16.3515625,21.222583770751953,29.3125,20.8125,25.8125,16.1328125,26.375,11.039063453674316,
2000-10-18,,35.17499923706055,,,,28.299999237060547,16.1328125,20.98141860961914,28.78125,20.484375,25.796875,16.0,26.8125,11.25,
2000-10-19,,35.45000076293945,,,,32.875,16.2109375,21.971466064453125,29.28125,22.3046875,25.328125,15.921875,27.125,11.710938453674316,
2000-10-20,,35.32500076293945,,,,33.375,16.53125,22.06031608581543,29.4375,22.640625,25.5,15.835938453674316,27.6875,11.5,
2000-10-23,,35.04999923706055,,,,34.150001525878906,16.265625,21.692222595214844,29.78125,22.5,25.765625,16.171875,28.09375,11.570313453674316,
2000-10-24,,34.75,,,,31.875,15.992188453674316,22.238018035888672,30.25,22.0625,25.84375,16.1015625,28.15625,11.578125,
2000-10-25,,34.625,,,,29.395000457763672,15.601563453674316,22.364946365356445,29.6875,20.5078125,26.453125,16.0,27.65625,11.40625,
2000-10-26,,34.724998474121094,,,,30.924999237060547,15.671875,21.641450881958008,29.84375,21.0,26.5,15.945313453674316,28.046875,11.367188453674316,
2000-10-27,,35.150001525878906,,,,30.850000381469727,15.5625,22.35225486755371,29.828125,21.1796875,26.203125,16.3125,28.296875,11.476563453674316,
2000-10-30,,35.32500076293945,,,,31.065000534057617,15.828125,23.164602279663086,30.15625,20.890625,26.8125,16.9453125,28.84375,11.765625,
2000-10-31,,35.275001525878906,,,,32.875,15.9375,23.354995727539062,31.25,21.859375,26.71875,17.078125,29.5,12.289063453674316,
2000-11-01,,35.42499923706055,,,,31.700000762939453,16.453125,23.25345230102539,31.28125,21.4375,26.6875,16.9765625,29.703125,12.390625,
2000-11-02,,35.54999923706055,,,,32.5,15.875,23.36768913269043,31.21875,21.9921875,26.484375,16.984375,29.96875,12.5,
2000-11-03,,35.45000076293945,,,,32.244998931884766,15.8125,23.304224014282227,30.96875,22.15625,26.34375,16.90625,29.859375,12.320313453674316,
2000-11-06,,35.54999923706055,,,,32.25,15.875,23.62154769897461,31.25,21.8125,26.84375,16.828125,30.0625,12.484375,
2000-11-07,,35.599998474121094,,,,30.7450008392334,16.0,23.54538917541504,31.375,21.96875,26.578125,16.8515625,30.1875,12.359375,
2000-11-08,,35.75,,,,28.325000762939453,16.15625,23.126522064208984,31.171875,20.8125,27.1875,16.9375,29.9375,12.5,
2000-11-09,,35.474998474121094,,,,28.25,15.984375,23.29153060913086,31.375,20.5078125,27.21875,17.03125,28.5625,12.015625,
2000-11-10,,35.20000076293945,,,,26.5,16.03125,23.037673950195312,30.65625,19.375,27.359375,17.0625,28.453125,11.460938453674316,
2000-11-13,,35.224998474121094,,,,27.649999618530273,15.90625,22.49187660217285,30.09375,19.3125,26.546875,17.140625,27.84375,11.78125,
2000-11-14,,35.57500076293945,,,,29.225000381469727,16.0,22.618806838989258,30.6875,20.359375,26.875,16.84375,28.515625,12.132813453674316,
2000-11-15,,35.650001525878906,,,,30.549999237060547,16.3125,22.441104888916016,30.75,20.5,26.9375,16.828125,28.65625,12.25,
2000-11-16,,35.75,,,,28.899999618530273,16.375,22.364946365356445,30.90625,19.84375,27.0,17.0234375,28.3125,12.117188453674316,
2000-11-17,,35.59000015258789,,,,28.825000762939453,16.2421875,22.187246322631836,30.78125,20.0,27.0,16.765625,28.125,12.109375,
2000-11-20,,35.54999923706055,,,,28.450000762939453,16.1640625,21.52721405029297,30.34375,19.1875,26.921875,16.9296875,27.96875,11.8125,
2000-11-21,,35.599998474121094,,,,27.844999313354492,16.53125,21.577985763549805,30.71875,19.28125,27.375,16.765625,27.3125,11.71875,
2000-11-22,,35.45000076293945,,,,27.25,16.265625,21.057575225830078,30.21875,18.578125,27.28125,16.890625,27.046875,11.59375,
2000-11-24,,35.45000076293945,,,,29.2450008392334,16.5,21.209890365600586,30.71875,19.3125,27.0,16.859375,27.171875,11.671875,
2000-11-27,,35.5,,,,27.649999618530273,16.3671875,21.501827239990234,30.78125,19.203125,27.546875,16.7421875,27.34375,12.09375,
2000-11-28,,35.625,,,,25.75,16.3515625,21.730300903320312,30.390625,18.4296875,27.84375,16.984375,27.0,12.046875,
2000-11-29,,35.67499923706055,,,,26.045000076293945,15.632813453674316,22.263404846191406,30.640625,18.34375,28.125,17.09375,27.0625,12.21875,
2000-11-30,,36.0,,,,24.0,15.101563453674316,22.1618595123291,30.1875,17.375,27.640625,17.0703125,26.8125,11.984375,
2000-12-01,,36.025001525878906,,,,23.809999465942383,15.4375,22.034931182861328,30.453125,17.6015625,27.234375,16.7421875,27.0,12.0,
2000-12-04,,36.150001525878906,,,,23.979999542236328,15.703125,21.933387756347656,31.28125,17.5,27.75,16.921875,27.015625,12.453125,
2000-12-05,,36.150001525878906,,,,26.4950008392334,15.375,22.847278594970703,32.421875,19.15625,27.53125,17.03125,27.71875,12.75,
2000-12-06,,36.900001525878906,,,,25.399999618530273,15.25,22.74573516845703,31.78125,18.625,27.0,17.09375,28.015625,12.671875,
2000-12-07,,36.75,,,,24.889999389648438,15.5,22.796506881713867,31.6875,18.0078125,27.390625,17.0859375,27.546875,12.5,
2000-12-08,,37.099998474121094,,,,27.625,15.492188453674316,23.456539154052734,32.234375,18.84375,27.28125,16.671875,28.140625,12.632813453674316,
2000-12-11,,37.375,,,,29.600000381469727,15.539063453674316,23.64693260192871,32.59375,19.5546875,26.90625,16.71875,28.4375,12.476563453674316,
2000-12-12,,37.54999923706055,,,,28.600000381469727,15.71875,23.36768913269043,32.109375,19.15625,27.015625,16.765625,28.5,12.5,
2000-12-13,,37.5,,,,26.674999237060547,15.75,23.380382537841797,31.546875,18.34375,27.625,17.1796875,28.65625,12.25,
2000-12-14,,37.29999923706055,,,,26.360000610351562,15.265625,22.707656860351562,30.875,18.0625,27.421875,17.078125,28.40625,12.210938453674316,
2000-12-15,,37.474998474121094,,,,25.649999618530273,15.398438453674316,22.52995491027832,30.25,17.34375,27.21875,16.8125,27.6875,11.859375,
2000-12-18,,38.125,,,,25.625,15.875,23.189987182617188,30.8125,17.0,27.375,16.65625,27.53125,12.117188453674316,
2000-12-19,,38.150001525878906,,,,25.299999237060547,16.1484375,22.936128616333008,30.28125,16.5,27.640625,16.078125,27.5625,11.828125,
2000-12-20,,37.375,,,,23.799999237060547,15.671875,22.720348358154297,29.28125,15.265625,27.703125,15.929688453674316,26.3125,11.6875,
2000-12-21,,37.474998474121094,,,,23.75,15.789063453674316,23.25345230102539,29.453125,15.3125,27.609375,15.835938453674316,26.5,12.046875,
2000-12-22,,37.32500076293945,,,,25.375,16.0,23.443845748901367,30.15625,16.3671875,27.5,16.0859375,26.953125,12.25,
2000-12-26,,37.29999923706055,,,,25.100000381469727,16.671875,23.862712860107422,30.5,16.09375,28.046875,16.5390625,27.0,12.015625,
2000-12-27,,37.75,,,,26.325000762939453,16.65625,24.01502799987793,31.0,16.25,28.234375,16.5390625,27.09375,12.59375,
2000-12-28,,38.29999923706055,,,,25.635000228881836,16.9296875,24.256193161010742,31.453125,16.171875,28.65625,16.40625,27.5625,12.75,
2000-12-29,,37.974998474121094,,,,24.5,16.59375,23.964256286621094,31.25,15.65625,28.5625,16.59375,27.25,12.796875,
2001-01-02,,37.650001525878906,,,,24.149999618530273,16.6328125,23.29153060913086,29.859375,14.75,28.1875,16.34375,26.140625,12.773438453674316,
2001-01-03,,38.099998474121094,,,,28.125,16.125,24.548131942749023,31.15625,17.125,26.890625,16.0,28.203125,13.78125,
2001-01-04,,37.849998474121094,,,,27.2549991607666,15.625,24.1165714263916,31.40625,17.296875,25.828125,15.75,29.03125,13.976563453674316,
2001-01-05,,37.42499923706055,,,,25.625,15.960938453674316,23.608854293823242,30.5,16.25,26.0,15.59375,28.25,13.515625,
2001-01-08,,37.375,,,,25.9950008392334,15.90625,23.36768913269043,30.25,16.203125,26.171875,15.828125,27.84375,13.335938453674316,
2001-01-09,,37.54999923706055,,,,25.549999237060547,15.585938453674316,22.97420883178711,30.34375,16.5625,26.453125,15.898438453674316,28.1875,13.226563453674316,
2001-01-10,,37.375,,,,26.649999618530273,15.6875,23.354995727539062,30.625,17.0625,26.296875,15.859375,28.40625,13.3125,
2001-01-11,,37.42499923706055,,,,28.110000610351562,15.859375,23.4057674407959,31.0,17.78125,25.78125,15.492188453674316,29.046875,13.429688453674316,
2001-01-12,,37.474998474121094,,,,27.725000381469727,15.757813453674316,22.961515426635742,30.90625,17.515625,25.75,15.609375,29.4375,13.421875,
2001-01-16,,37.5,,,,26.75,15.75,23.36768913269043,31.203125,17.3125,26.109375,15.359375,29.75,13.734375,
2001-01-17,,37.65999984741211,,,,28.155000686645508,15.671875,23.4057674407959,31.15625,17.84375,25.8125,15.398438453674316,29.96875,13.546875,
2001-01-18,,37.54999923706055,,,,29.75,15.375,23.063058853149414,31.359375,18.78125,26.015625,15.671875,29.875,13.34375,
2001-01-19,,37.70000076293945,,,,29.854999542236328,15.304688453674316,22.89805030822754,31.03125,19.0390625,25.8125,15.625,29.140625,12.8125,
2001-01-22,,37.650001525878906,,,,29.125,15.46875,23.304224014282227,30.96875,18.6875,25.96875,15.59375,28.9375,13.296875,
2001-01-23,,38.0,,,,29.325000762939453,15.710938453674316,23.532697677612305,31.375,19.0,26.140625,15.578125,29.609375,13.453125,
2001-01-24,,38.125,,,,29.274999618530273,15.695313453674316,23.672319412231445,31.203125,19.234375,26.046875,15.601563453674316,29.328125,13.46875,
2001-01-25,,38.17499923706055,,,,28.200000762939453,16.1640625,23.888099670410156,31.1875,18.5625,26.59375,15.710938453674316,29.28125,13.679688453674316,
2001-01-26,,38.150001525878906,,,,28.325000762939453,15.890625,23.97694969177246,30.671875,18.6875,26.328125,15.5625,28.984375,13.53125,
2001-01-29,,38.17499923706055,,,,29.075000762939453,15.760000228881836,23.99675178527832,30.799999237060547,19.079999923706055,26.110000610351562,15.805000305175781,29.459999084472656,13.800000190734863,
2001-01-30,,38.32500076293945,,,,29.600000381469727,15.895000457763672,24.20796012878418,31.299999237060547,19.125,26.40999984741211,15.805000305175781,29.399999618530273,13.84000015258789,
2001-01-31,,38.150001525878906,,,,29.5049991607666,16.065000534057617,23.907392501831055,31.3700008392334,18.649999618530273,26.479999542236328,15.65999984741211,29.219999313354492,14.28499984741211,
2001-02-01,,38.17499923706055,,,,29.325000762939453,15.859999656677246,23.93988609313965,30.959999084472656,18.639999389648438,26.709999084472656,15.850000381469727,29.610000610351562,14.265000343322754,
2001-02-02,,38.025001525878906,,,,28.049999237060547,16.125,24.004873275756836,30.860000610351562,17.81999969482422,26.8799991607666,15.675000190734863,29.260000228881836,13.994999885559082,
2001-02-05,,38.04999923706055,,,,26.94499969482422,16.450000762939453,24.167343139648438,31.010000228881836,17.709999084472656,26.860000610351562,15.789999961853027,29.239999771118164,13.914999961853027,
2001-02-06,,37.95000076293945,,,,27.0049991607666,16.55500030517578,23.696182250976562,31.15999984741211,17.815000534057617,26.979999542236328,15.885000228881836,29.270000457763672,13.930000305175781,
2001-02-07,,37.724998474121094,,,,26.125,16.600000381469727,23.639318466186523,30.889999389648438,17.354999542236328,27.030000686645508,15.890000343322754,29.549999237060547,13.960000038146973,
2001-02-08,,37.70000076293945,,,,25.764999389648438,16.690000534057617,23.574329376220703,30.850000381469727,17.100000381469727,26.950000762939453,16.030000686645508,29.729999542236328,13.550000190734863,
2001-02-09,,37.34000015258789,,,,25.450000762939453,16.959999084472656,23.671812057495117,30.1200008392334,16.309999465942383,27.170000076293945,16.010000228881836,29.25,13.375,
2001-02-12,,37.31999969482422,,,,25.969999313354492,16.735000610351562,24.004873275756836,30.469999313354492,16.450000762939453,27.399999618530273,16.024999618530273,29.489999771118164,13.75,
2001-02-13,,37.36000061035156,,,,25.290000915527344,16.700000762939453,23.866775512695312,30.790000915527344,16.170000076293945,27.030000686645508,16.15999984741211,29.520000457763672,13.9350004196167,
2001-02-14,,37.470001220703125,,,,27.0049991607666,16.579999923706055,23.590576171875,30.469999313354492,16.549999237060547,26.780000686645508,15.890000343322754,29.200000762939453,13.800000190734863,
2001-02-15,,37.60499954223633,,,,28.0,16.364999771118164,23.590576171875,30.989999771118164,17.049999237060547,26.540000915527344,15.914999961853027,29.31999969482422,13.795000076293945,
2001-02-16,,37.525001525878906,,,,26.309999465942383,16.510000228881836,23.59869956970215,30.079999923706055,15.994999885559082,26.6299991607666,16.0049991607666,29.190000534057617,13.619999885559082,
2001-02-20,,37.48500061035156,,,,24.350000381469727,16.415000915527344,22.729488372802734,30.190000534057617,15.135000228881836,26.760000228881836,16.079999923706055,29.15999984741211,13.800000190734863,
2001-02-21,,37.19499969482422,,,,24.100000381469727,16.30500030517578,22.055240631103516,29.81999969482422,14.75,26.68000030517578,15.890000343322754,29.010000228881836,13.204999923706055,
2001-02-22,,36.75,,,,23.75,16.225000381469727,22.209585189819336,29.540000915527344,14.774999618530273,26.479999542236328,16.059999465942383,28.459999084472656,13.0,
2001-02-23,,36.904998779296875,,,,23.700000762939453,16.020000457763672,22.103981018066406,29.5,14.664999961853027,26.280000686645508,15.970000267028809,28.3799991607666,13.21500015258789,
2001-02-26,,37.07500076293945,,,597.7083129882812,23.0,16.19499969482422,22.591388702392578,30.09000015258789,14.899999618530273,26.530000686645508,16.149999618530273,28.530000686645508,13.619999885559082,
2001-02-27,,37.470001220703125,,,598.6458129882812,22.040000915527344,16.094999313354492,22.835092544555664,30.020000457763672,14.329999923706055,26.549999237060547,16.170000076293945,29.040000915527344,13.550000190734863,
2001-02-28,,37.625,,,583.6458129882812,20.924999237060547,15.869999885559082,22.2989444732666,29.489999771118164,14.005000114440918,26.639999389648438,15.984999656677246,28.65999984741211,13.265000343322754,
2001-03-01,,37.68000030517578,,,583.0208129882812,22.299999237060547,16.049999237060547,22.323314666748047,29.280000686645508,14.399999618530273,26.389999389648438,15.8100004196167,28.559999465942383,13.050000190734863,
2001-03-02,,38.10499954223633,,,608.0208129882812,22.670000076293945,16.415000915527344,22.35580825805664,29.450000762939453,13.899999618530273,26.639999389648438,15.850000381469727,28.610000610351562,13.149999618530273,
2001-03-05,,38.04999923706055,,,619.0625,23.5049991607666,16.5049991607666,22.242080688476562,29.81999969482422,14.199999809265137,26.540000915527344,15.819999694824219,28.450000762939453,13.010000228881836,
2001-03-06,,37.91999816894531,,,628.9583129882812,24.795000076293945,16.59000015258789,22.30706787109375,30.25,14.800000190734863,26.0,15.800000190734863,28.549999237060547,13.34000015258789,
2001-03-07,,38.20000076293945,,,649.0625,24.600000381469727,16.94499969482422,22.778228759765625,30.610000610351562,14.819999694824219,25.829999923706055,15.725000381469727,28.68000030517578,13.670000076293945,
2001-03-08,,38.275001525878906,,,650.625,24.600000381469727,17.114999771118164,22.867586135864258,30.799999237060547,14.524999618530273,26.049999237060547,16.020000457763672,28.84000015258789,13.890000343322754,
2001-03-09,,38.09000015258789,,,640.8333129882812,22.9950008392334,17.03499984741211,22.339561462402344,30.149999618530273,13.574999809265137,26.209999084472656,15.739999771118164,28.59000015258789,13.75,
2001-03-12,,37.59000015258789,,,623.3333129882812,22.100000381469727,16.469999313354492,21.242891311645508,28.5,12.850000381469727,25.399999618530273,15.920000076293945,27.15999984741211,13.239999771118164,
2001-03-13,,37.6349983215332,,,605.3125,23.200000762939453,16.274999618530273,21.811534881591797,28.540000915527344,13.489999771118164,25.270000457763672,15.550000190734863,27.170000076293945,13.180000305175781,
2001-03-14,,37.279998779296875,,,595.5208129882812,22.950000762939453,16.030000686645508,20.804224014282227,27.940000534057617,13.15999984741211,24.649999618530273,15.015000343322754,26.649999618530273,12.895000457763672,
2001-03-15,,37.20000076293945,,,574.375,22.31999969482422,16.040000915527344,21.429731369018555,27.809999465942383,13.005000114440918,24.68000030517578,15.279999732971191,27.440000534057617,13.039999961853027,
2001-03-16,,36.95000076293945,,,566.0416870117188,21.6299991607666,15.725000381469727,21.080421447753906,27.010000228881836,12.720000267028809,24.309999465942383,15.050000190734863,27.06999969482422,12.75,
2001-03-19,,37.275001525878906,,,584.6875,22.5,15.925000190734863,21.324127197265625,27.549999237060547,13.114999771118164,24.59000015258789,15.239999771118164,27.06999969482422,12.899999618530273,
2001-03-20,,37.625,,,590.5208129882812,21.125,16.065000534057617,20.73111343383789,26.989999771118164,12.484999656677246,24.0,15.020000457763672,26.5,12.930000305175781,
2001-03-21,,36.94499969482422,,,576.6666870117188,21.844999313354492,15.604999542236328,20.129976272583008,26.290000915527344,12.545000076293945,23.399999618530273,14.6850004196167,25.799999237060547,12.850000381469727,
2001-03-22,,36.60499954223633,,,562.2916870117188,24.104999542236328,15.145000457763672,19.61007308959961,25.579999923706055,13.119999885559082,23.15999984741211,14.5,25.229999542236328,12.449999809265137,
2001-03-23,,36.720001220703125,,,571.6666870117188,24.649999618530273,15.265000343322754,20.43866729736328,26.09000015258789,13.399999618530273,23.709999084472656,14.475000381469727,25.799999237060547,12.59000015258789,
2001-03-26,,37.36000061035156,,,584.4791870117188,23.770000457763672,15.46500015258789,20.763607025146484,26.559999465942383,13.225000381469727,24.030000686645508,14.954999923706055,26.25,12.8100004196167,
2001-03-27,,37.349998474121094,,,572.2916870117188,23.899999618530273,15.550000190734863,21.34849739074707,26.989999771118164,13.649999618530273,24.56999969482422,15.505000114440918,27.030000686645508,13.09000015258789,
2001-03-28,,37.224998474121094,,,552.1875,22.149999618530273,15.324999809265137,21.23476791381836,26.5,12.640000343322754,24.639999389648438,15.175000190734863,26.469999313354492,12.875,
2001-03-29,,37.349998474121094,,,528.6458129882812,21.649999618530273,15.0,21.18602752685547,26.5,12.475000381469727,24.700000762939453,15.529999732971191,26.799999237060547,13.0,
2001-03-30,,37.470001220703125,,,537.8125,20.7450008392334,15.350000381469727,21.559707641601562,26.59000015258789,12.399999618530273,24.719999313354492,15.645000457763672,26.81999969482422,13.045000076293945,
2001-04-02,,37.650001525878906,,,511.4583435058594,19.350000381469727,15.0649995803833,21.657188415527344,26.399999618530273,12.100000381469727,24.389999389648438,15.694999694824219,26.489999771118164,13.050000190734863,
2001-04-03,,37.25,,,490.0,18.799999237060547,14.649999618530273,20.926076889038086,25.299999237060547,11.289999961853027,23.940000534057617,15.619999885559082,25.899999618530273,12.609999656677246,
2001-04-04,,37.21500015258789,,,510.0,17.649999618530273,14.90999984741211,20.414297103881836,25.420000076293945,11.074999809265137,24.25,15.680000305175781,26.059999465942383,12.744999885559082,
2001-04-05,,37.79999923706055,,,531.7708129882812,20.049999237060547,15.300000190734863,21.161657333374023,26.899999618530273,12.244999885559082,24.5,15.574999809265137,26.709999084472656,13.029999732971191,
2001-04-06,,37.42499923706055,,,531.3541870117188,18.68000030517578,15.319999694824219,20.69049644470215,26.360000610351562,11.675000190734863,24.420000076293945,15.28499984741211,26.59000015258789,12.989999771118164,
2001-04-09,,37.505001068115234,,,545.7333374023438,18.200000762939453,15.680000305175781,20.682371139526367,26.829999923706055,11.704999923706055,24.6299991607666,15.619999885559082,26.920000076293945,12.869999885559082,
2001-04-10,,37.650001525878906,,,558.6666870117188,19.850000381469727,15.949999809265137,21.28350830078125,27.6200008392334,12.489999771118164,24.600000381469727,15.944999694824219,27.450000762939453,13.0,
2001-04-11,,36.904998779296875,,,549.0,21.9950008392334,15.664999961853027,21.46222686767578,27.309999465942383,12.944999694824219,24.1299991607666,15.729999542236328,27.1200008392334,12.854999542236328,
2001-04-12,,36.845001220703125,,,556.2666625976562,23.174999237060547,15.829999923706055,21.62469482421875,27.850000381469727,13.270000457763672,24.450000762939453,15.720000267028809,27.100000381469727,12.635000228881836,
2001-04-16,,37.19499969482422,,,564.0,21.9950008392334,16.139999389648438,21.470348358154297,27.799999237060547,12.949999809265137,24.450000762939453,15.970000267028809,27.290000915527344,12.694999694824219,
2001-04-17,,37.33000183105469,,,572.6666870117188,21.975000381469727,16.225000381469727,21.649066925048828,28.149999618530273,13.085000038146973,24.989999771118164,16.34000015258789,27.760000228881836,12.869999885559082,
2001-04-18,,37.79999923706055,,,557.3333129882812,24.799999237060547,16.139999389648438,22.558895111083984,29.360000610351562,14.274999618530273,24.75,16.0,28.8700008392334,13.65999984741211,
2001-04-19,,37.959999084472656,,,540.2000122070312,26.5,15.859999656677246,22.68074607849121,29.459999084472656,15.175000190734863,24.649999618530273,16.030000686645508,28.899999618530273,13.699999809265137,
2001-04-20,,37.810001373291016,,,553.3333129882812,25.924999237060547,16.030000686645508,22.29081916809082,29.3799991607666,15.0,24.3799991607666,15.84000015258789,28.979999542236328,13.555000305175781,
2001-04-23,,37.5,,,571.1333618164062,24.424999237060547,16.454999923706055,22.01462173461914,28.93000030517578,14.170000076293945,24.5,15.875,28.309999465942383,13.46500015258789,
2001-04-24,,37.689998626708984,,,570.5999755859375,23.799999237060547,16.485000610351562,21.900894165039062,28.639999389648438,13.949999809265137,24.049999237060547,15.949999809265137,28.389999389648438,13.229999542236328,
2001-04-25,,37.720001220703125,,,582.4000244140625,24.25,16.719999313354492,22.136474609375,29.309999465942383,14.194999694824219,24.690000534057617,16.229999542236328,28.719999313354492,13.239999771118164,
2001-04-26,,38.2599983215332,,,612.3333129882812,23.575000762939453,17.049999237060547,22.225833892822266,29.719999313354492,13.994999885559082,24.920000076293945,16.375,29.079999923706055,13.569999694824219,
2001-04-27,,38.78499984741211,,,606.4666748046875,24.75,16.934999465942383,22.70511817932129,29.940000534057617,14.1850004196167,25.059999465942383,16.385000228881836,28.799999237060547,13.895000457763672,
2001-04-30,,38.68000030517578,,,618.4666748046875,25.649999618530273,16.934999465942383,22.339561462402344,29.6299991607666,14.404999732971191,25.200000762939453,16.399999618530273,28.799999237060547,13.649999618530273,
2001-05-01,,38.72999954223633,,,606.6666870117188,25.975000381469727,16.825000762939453,22.52640151977539,29.899999618530273,14.75,25.479999542236328,16.55500030517578,29.25,13.800000190734863,
2001-05-02,,38.650001525878906,,,568.3333129882812,26.399999618530273,16.170000076293945,22.70511817932129,29.90999984741211,15.045000076293945,25.329999923706055,16.344999313354492,29.34000015258789,13.90999984741211,
2001-05-03,,38.67499923706055,,,567.4000244140625,25.235000610351562,16.09000015258789,22.713241577148438,29.469999313354492,14.5649995803833,25.200000762939453,16.135000228881836,28.770000457763672,13.75,
2001-05-04,,38.494998931884766,,,579.6666870117188,25.274999618530273,16.344999313354492,22.989439010620117,29.920000076293945,14.774999618530273,25.420000076293945,16.299999237060547,28.860000610351562,13.875,
2001-05-07,,38.42499923706055,,,569.7999877929688,25.149999618530273,16.389999389648438,22.843217849731445,30.030000686645508,14.760000228881836,25.40999984741211,16.385000228881836,28.93000030517578,13.770000457763672,
2001-05-08,,38.150001525878906,,,568.5999755859375,25.5049991607666,16.375,22.607635498046875,30.079999923706055,14.824999809265137,25.31999969482422,16.149999618530273,28.450000762939453,13.760000228881836,
2001-05-09,,38.30500030517578,,,581.4666748046875,24.549999237060547,16.665000915527344,22.58326530456543,29.90999984741211,14.619999885559082,25.450000762939453,16.174999237060547,28.6299991607666,13.550000190734863,
2001-05-10,,38.369998931884766,,,576.8666381835938,24.450000762939453,16.545000076293945,22.591388702392578,30.239999771118164,14.404999732971191,25.31999969482422,16.184999465942383,28.81999969482422,13.9399995803833,
2001-05-11,,38.34000015258789,,,569.1333618164062,24.075000762939453,16.385000228881836,22.380178451538086,30.09000015258789,14.25,25.18000030517578,16.19499969482422,28.959999084472656,14.0,
2001-05-14,,38.32500076293945,,,585.3333129882812,23.524999618530273,16.639999389648438,22.567018508911133,30.229999542236328,14.050000190734863,25.399999618530273,16.40999984741211,28.829999923706055,13.96500015258789,
2001-05-15,,38.6349983215332,,,601.066650390625,23.649999618530273,16.790000915527344,22.70511817932129,30.350000381469727,14.024999618530273,25.25,16.299999237060547,28.959999084472656,13.914999961853027,
2001-05-16,,38.724998474121094,,,606.066650390625,24.950000762939453,16.93000030517578,23.31437873840332,31.329999923706055,14.595000267028809,26.020000457763672,16.649999618530273,29.760000228881836,14.085000038146973,
2001-05-17,,39.0,,,626.2000122070312,25.350000381469727,16.985000610351562,23.19252586364746,31.850000381469727,14.680000305175781,26.149999618530273,16.549999237060547,30.020000457763672,14.300000190734863,
2001-05-18,,39.25,,,631.3333129882812,25.475000381469727,17.34000015258789,23.062551498413086,31.950000762939453,14.744999885559082,26.010000228881836,16.649999618530273,30.100000381469727,14.289999961853027,
2001-05-21,,39.3650016784668,,,637.0,27.200000762939453,17.299999237060547,23.387489318847656,32.2599983215332,15.399999618530273,25.989999771118164,16.709999084472656,30.559999465942383,14.449999809265137,
2001-05-22,,39.54999923706055,,,627.3333129882812,26.649999618530273,17.125,23.623071670532227,32.15999984741211,15.369999885559082,25.729999542236328,16.649999618530273,30.600000381469727,14.5,
2001-05-23,,39.775001525878906,,,603.7999877929688,25.450000762939453,16.864999771118164,23.525588989257812,31.670000076293945,14.994999885559082,25.5,16.645000457763672,30.09000015258789,14.239999771118164,
2001-05-24,,39.90999984741211,,,590.933349609375,25.424999237060547,16.834999084472656,23.614946365356445,31.6299991607666,15.109999656677246,25.610000610351562,16.600000381469727,30.459999084472656,14.1899995803833,
2001-05-25,,39.79999923706055,,,600.0,25.225000381469727,16.690000534057617,23.298131942749023,31.15999984741211,14.824999809265137,25.399999618530273,16.34000015258789,30.239999771118164,14.119999885559082,
2001-05-29,,39.67499923706055,,,594.6666870117188,24.084999084472656,16.665000915527344,23.31437873840332,31.079999923706055,14.270000457763672,25.610000610351562,16.329999923706055,30.010000228881836,14.010000228881836,
2001-05-30,,39.400001525878906,,,581.7333374023438,22.524999618530273,16.600000381469727,23.119415283203125,30.450000762939453,13.6899995803833,25.75,16.260000228881836,29.90999984741211,13.755000114440918,
2001-05-31,,39.564998626708984,,,590.8666381835938,23.0,16.774999618530273,23.32250213623047,30.8700008392334,13.8149995803833,25.56999969482422,16.514999389648438,29.899999618530273,13.975000381469727,
2001-06-01,,39.599998474121094,,,586.6666870117188,23.799999237060547,16.700000762939453,23.281885147094727,30.780000686645508,14.050000190734863,25.90999984741211,16.375,29.809999465942383,13.925000190734863,
2001-06-04,,39.71500015258789,,,599.8666381835938,23.479999542236328,16.924999237060547,23.468725204467773,30.979999542236328,14.020000457763672,25.950000762939453,16.385000228881836,29.850000381469727,13.880000114440918,
2001-06-05,,39.95000076293945,,,600.3333129882812,24.950000762939453,16.975000381469727,23.574329376220703,31.309999465942383,14.574999809265137,26.219999313354492,16.145000457763672,30.1299991607666,14.045000076293945,
2001-06-06,,40.099998474121094,,,570.3333129882812,24.774999618530273,16.545000076293945,23.395612716674805,30.950000762939453,14.4350004196167,25.799999237060547,16.014999389648438,29.889999389648438,13.899999618530273,
2001-06-07,,40.154998779296875,,,556.4000244140625,26.670000076293945,16.350000381469727,23.24126625061035,31.09000015258789,14.845000267028809,25.979999542236328,15.880000114440918,30.059999465942383,14.005000114440918,
2001-06-08,,39.69499969482422,,,559.7999877929688,25.809999465942383,16.395000457763672,23.103168487548828,30.709999084472656,14.515000343322754,25.829999923706055,15.9399995803833,29.899999618530273,14.055000305175781,
2001-06-11,,40.03499984741211,,,555.0,24.96500015258789,16.440000534057617,22.883834838867188,30.18000030517578,14.274999618530273,25.469999313354492,16.09000015258789,29.75,13.845000267028809,
2001-06-12,,40.375,,,563.3333129882812,24.920000076293945,16.565000534057617,22.956945419311523,30.3799991607666,14.164999961853027,25.770000457763672,16.229999542236328,29.68000030517578,13.949999809265137,
2001-06-13,,40.474998474121094,,,562.4666748046875,24.190000534057617,16.485000610351562,22.770105361938477,30.270000457763672,13.845000267028809,25.56999969482422,15.895000457763672,29.540000915527344,13.800000190734863,
2001-06-14,,40.35499954223633,,,551.066650390625,22.825000762939453,16.149999618530273,22.372055053710938,30.06999969482422,13.350000381469727,25.549999237060547,15.425000190734863,28.989999771118164,13.654999732971191,
2001-06-15,,40.220001220703125,,,552.0,22.825000762939453,16.19499969482422,22.40454864501953,29.850000381469727,13.225000381469727,25.31999969482422,15.40999984741211,28.899999618530273,13.489999771118164,
2001-06-18,,40.439998626708984,,,543.8666381835938,22.540000915527344,16.014999389648438,22.46141242980957,29.809999465942383,12.895000457763672,25.399999618530273,15.430000305175781,28.459999084472656,13.635000228881836,
2001-06-19,,40.400001525878906,,,538.2000122070312,22.0,16.0,22.664499282836914,29.5,12.944999694824219,25.479999542236328,15.489999771118164,28.540000915527344,13.680000305175781,
2001-06-20,,40.779998779296875,,,528.0,22.075000762939453,15.699999809265137,22.786352157592773,29.6299991607666,13.079999923706055,25.6200008392334,15.529999732971191,29.15999984741211,13.880000114440918,
2001-06-21,,40.935001373291016,,,506.5333251953125,22.024999618530273,15.46500015258789,23.70430564880371,29.760000228881836,13.324999809265137,25.84000015258789,15.125,29.489999771118164,14.130000114440918,
2001-06-22,,40.75,,,505.0,21.979999542236328,15.765000343322754,23.395612716674805,29.5,13.199999809265137,25.1200008392334,15.295000076293945,29.110000610351562,13.989999771118164,
2001-06-25,,40.5099983215332,,,504.3333435058594,22.604999542236328,15.579999923706055,23.208772659301758,29.110000610351562,13.390000343322754,24.989999771118164,15.114999771118164,29.18000030517578,13.8100004196167,
2001-06-26,,40.974998474121094,,,518.0,22.7549991607666,15.675000190734863,22.91632843017578,29.190000534057617,13.46500015258789,24.989999771118164,15.34000015258789,28.729999542236328,13.625,
2001-06-27,,40.775001525878906,,,492.0,22.475000381469727,15.300000190734863,22.92445182800293,29.1299991607666,13.494999885559082,24.799999237060547,15.375,29.200000762939453,13.5600004196167,
2001-06-28,,41.125,,,468.0,23.399999618530273,14.975000381469727,23.225019454956055,29.229999542236328,13.760000228881836,24.959999084472656,15.40999984741211,29.420000076293945,13.774999618530273,
2001-06-29,,41.165000915527344,,,468.3333435058594,24.100000381469727,15.175000190734863,23.070674896240234,28.899999618530273,14.085000038146973,24.309999465942383,15.574999809265137,29.549999237060547,13.835000038146973,
2001-07-02,,41.474998474121094,,,451.0,23.94499969482422,15.135000228881836,23.354995727539062,29.31999969482422,14.074999809265137,24.8700008392334,15.619999885559082,29.760000228881836,13.970000267028809,
2001-07-03,,41.525001525878906,,,456.0,24.020000457763672,15.114999771118164,23.338748931884766,29.5,14.024999618530273,24.670000076293945,15.65999984741211,29.760000228881836,13.944999694824219,
2001-07-05,,41.375,,,459.0,23.299999237060547,15.25,23.19252586364746,29.270000457763672,13.574999809265137,24.520000457763672,15.789999961853027,29.40999984741211,13.65999984741211,
2001-07-06,,41.314998626708984,,,460.0,21.5049991607666,15.194999694824219,22.721364974975586,28.729999542236328,12.949999809265137,24.229999542236328,15.774999618530273,28.860000610351562,13.335000038146973,
2001-07-09,,40.57500076293945,,,444.0,21.665000915527344,14.979999542236328,22.794475555419922,28.81999969482422,13.114999771118164,24.600000381469727,15.920000076293945,28.700000762939453,13.430000305175781,
2001-07-10,,40.630001068115234,,,440.0,20.80500030517578,15.0,22.242080688476562,28.3799991607666,12.71500015258789,24.399999618530273,15.944999694824219,28.700000762939453,13.369999885559082,
2001-07-11,,40.29999923706055,,,434.6666564941406,21.450000762939453,14.800000190734863,22.201461791992188,28.09000015258789,12.779999732971191,24.270000457763672,16.020000457763672,28.68000030517578,13.515000343322754,
2001-07-12,,40.69499969482422,,,410.6666564941406,23.139999389648438,14.779999732971191,22.591388702392578,28.770000457763672,13.630000114440918,24.1200008392334,15.854999542236328,28.959999084472656,14.100000381469727,
2001-07-13,,40.86000061035156,,,418.3333435058594,22.825000762939453,14.835000038146973,22.859464645385742,29.0,13.670000076293945,24.299999237060547,15.8149995803833,29.15999984741211,14.329999923706055,
2001-07-16,,40.814998626708984,,,388.3999938964844,21.579999923706055,14.59000015258789,22.53452491760254,28.510000228881836,13.34000015258789,24.1200008392334,15.925000190734863,29.020000457763672,14.369999885559082,
2001-07-17,,40.834999084472656,,,397.0666809082031,22.450000762939453,14.524999618530273,22.997562408447266,29.09000015258789,13.5,24.479999542236328,15.949999809265137,29.219999313354492,14.449999809265137,
2001-07-18,,41.095001220703125,,,397.3333435058594,21.56999969482422,14.369999885559082,22.867586135864258,29.18000030517578,12.984999656677246,25.18000030517578,15.78499984741211,28.93000030517578,14.460000038146973,
2001-07-19,,40.904998779296875,,,404.6666564941406,22.665000915527344,14.520000457763672,22.713241577148438,29.100000381469727,13.225000381469727,24.940000534057617,15.885000228881836,28.760000228881836,14.5600004196167,
2001-07-20,,40.79999923706055,,,427.3333435058594,22.299999237060547,14.829999923706055,22.607635498046875,29.25,13.149999618530273,25.280000686645508,15.550000190734863,28.829999923706055,14.574999809265137,
2001-07-23,,40.75,,,431.26666259765625,21.600000381469727,14.65999984741211,22.48578453063965,28.93000030517578,12.829999923706055,24.690000534057617,15.125,28.270000457763672,14.305000305175781,
2001-07-24,,40.42499923706055,,,416.73333740234375,21.260000228881836,14.135000228881836,22.19333839416504,28.15999984741211,12.65999984741211,24.5,14.6899995803833,28.139999389648438,14.100000381469727,
2001-07-25,,40.375,,,437.1333312988281,21.614999771118164,14.789999961853027,22.36393165588379,28.350000381469727,12.930000305175781,24.68000030517578,15.34000015258789,28.299999237060547,14.375,
2001-07-26,,40.64500045776367,,,440.0,22.885000228881836,15.09000015258789,22.542648315429688,28.6299991607666,13.175000190734863,24.690000534057617,15.395000457763672,29.1299991607666,14.390000343322754,
2001-07-27,,40.69499969482422,,,444.6666564941406,23.149999618530273,15.15999984741211,22.672624588012695,28.899999618530273,13.154999732971191,24.690000534057617,15.385000228881836,29.170000076293945,14.350000381469727,
2001-07-30,,40.349998474121094,,,445.3333435058594,23.184999465942383,15.175000190734863,22.599512100219727,28.84000015258789,13.114999771118164,25.0,15.5600004196167,29.170000076293945,14.444999694824219,
2001-07-31,,40.45500183105469,,,427.3333435058594,23.30500030517578,15.0,22.85133934020996,28.84000015258789,13.109999656677246,25.049999237060547,15.4350004196167,28.959999084472656,14.449999809265137,
2001-08-01,,40.625,,,415.0,24.600000381469727,14.944999694824219,22.948822021484375,29.0,13.460000038146973,25.049999237060547,15.614999771118164,28.93000030517578,14.4350004196167,
2001-08-02,,40.869998931884766,,,420.0,25.424999237060547,14.9350004196167,22.91632843017578,29.040000915527344,13.645000457763672,24.899999618530273,15.59000015258789,29.229999542236328,14.524999618530273,
2001-08-03,,41.07500076293945,,,414.3333435058594,24.889999389648438,14.710000038146973,23.013809204101562,29.18000030517578,13.449999809265137,25.079999923706055,15.545000076293945,28.989999771118164,14.430000305175781,
2001-08-06,,41.17499923706055,,,412.6666564941406,24.40999984741211,14.6899995803833,22.68074607849121,28.549999237060547,13.28499984741211,24.950000762939453,15.244999885559082,28.799999237060547,14.170000076293945,
2001-08-07,,41.20500183105469,,,403.3333435058594,23.889999389648438,14.6899995803833,22.92445182800293,28.760000228881836,13.210000038146973,25.0,15.364999771118164,28.8799991607666,14.329999923706055,
2001-08-08,,41.314998626708984,,,383.6000061035156,22.774999618530273,14.390000343322754,22.46141242980957,28.5,12.78499984741211,24.899999618530273,15.0600004196167,28.68000030517578,14.149999618530273,
2001-08-09,,41.5,,,385.20001220703125,22.875,14.475000381469727,22.567018508911133,28.510000228881836,12.789999961853027,24.979999542236328,15.085000038146973,28.549999237060547,14.100000381469727,
2001-08-10,,41.75,,,390.20001220703125,23.094999313354492,14.489999771118164,22.58326530456543,29.040000915527344,12.770000457763672,25.06999969482422,15.380000114440918,28.600000381469727,14.09000015258789,
2001-08-13,,41.76499938964844,,,386.3999938964844,23.540000915527344,14.5600004196167,22.558895111083984,28.770000457763672,12.819999694824219,25.290000915527344,15.210000038146973,28.81999969482422,13.930000305175781,
2001-08-14,,41.96500015258789,,,391.3333435058594,23.18000030517578,14.640000343322754,22.567018508911133,28.790000915527344,12.654999732971191,25.25,15.210000038146973,28.450000762939453,13.970000267028809,
2001-08-15,,42.165000915527344,,,419.9333190917969,22.479999542236328,14.859999656677246,22.477659225463867,28.729999542236328,12.369999885559082,25.200000762939453,15.020000457763672,28.059999465942383,13.850000381469727,
2001-08-16,,42.40999984741211,,,411.9333190917969,22.875,14.774999618530273,22.412673950195312,28.719999313354492,12.4350004196167,25.450000762939453,15.1850004196167,28.200000762939453,13.954999923706055,
2001-08-17,,42.474998474121094,,,408.0,21.780000686645508,14.664999961853027,22.07961082458496,28.3700008392334,12.0649995803833,25.459999084472656,15.0,27.889999389648438,13.59000015258789,
2001-08-20,,42.599998474121094,,,398.6000061035156,22.059999465942383,14.5600004196167,22.2989444732666,28.350000381469727,12.145000457763672,25.43000030517578,15.119999885559082,28.100000381469727,13.760000228881836,
2001-08-21,,43.01499938964844,,,402.0,21.0,14.550000190734863,22.02274513244629,28.309999465942383,11.789999961853027,25.65999984741211,15.125,28.260000228881836,13.420000076293945,
2001-08-22,,42.95000076293945,,,399.0,21.975000381469727,14.5600004196167,22.120227813720703,28.260000228881836,11.90999984741211,25.770000457763672,15.100000381469727,28.149999618530273,13.454999923706055,
2001-08-23,,42.82500076293945,,,392.20001220703125,21.920000076293945,14.6899995803833,22.12835121154785,28.350000381469727,11.899999618530273,25.690000534057617,15.0649995803833,28.299999237060547,13.385000228881836,
2001-08-24,,42.42499923706055,,,391.20001220703125,23.104999542236328,14.8100004196167,22.18521499633789,28.8700008392334,12.479999542236328,26.0,15.170000076293945,28.809999465942383,13.640000343322754,
2001-08-27,,42.654998779296875,,,392.6666564941406,23.459999084472656,14.789999961853027,21.96588134765625,28.860000610351562,12.449999809265137,25.950000762939453,15.210000038146973,28.450000762939453,13.625,
2001-08-28,,42.45000076293945,,,384.3333435058594,22.829999923706055,14.635000228881836,21.6165714263916,28.309999465942383,12.104999542236328,25.639999389648438,15.140000343322754,28.049999237060547,13.510000228881836,
2001-08-29,,41.939998626708984,,,381.3333435058594,22.125,14.574999809265137,21.421607971191406,28.1200008392334,11.875,25.25,15.050000190734863,27.799999237060547,13.260000228881836,
2001-08-30,,41.654998779296875,,,364.5333251953125,21.56999969482422,14.364999771118164,21.275386810302734,27.600000381469727,11.414999961853027,25.360000610351562,14.875,27.229999542236328,12.989999771118164,
2001-08-31,,41.54999923706055,,,371.6666564941406,21.899999618530273,14.364999771118164,21.340373992919922,27.850000381469727,11.510000228881836,25.170000076293945,14.885000228881836,27.489999771118164,13.1850004196167,
2001-09-04,,41.57500076293945,,,375.0,21.079999923706055,14.449999809265137,21.251014709472656,27.59000015258789,11.260000228881836,25.200000762939453,15.039999961853027,27.3700008392334,13.255000114440918,
2001-09-05,,41.23500061035156,,,371.3333435058594,20.9950008392334,14.5,21.12104034423828,27.65999984741211,11.164999961853027,26.100000381469727,14.949999809265137,27.389999389648438,13.260000228881836,
2001-09-06,,40.8650016784668,,,378.79998779296875,19.954999923706055,14.399999618530273,20.633630752563477,27.18000030517578,10.635000228881836,25.299999237060547,14.835000038146973,26.59000015258789,12.779999732971191,
2001-09-07,,40.599998474121094,,,374.0,19.885000228881836,14.390000343322754,20.22745704650879,26.5,10.510000228881836,24.899999618530273,14.8149995803833,26.06999969482422,12.3149995803833,
2001-09-10,,40.415000915527344,,,377.3333435058594,19.78499984741211,14.4350004196167,20.268075942993164,26.450000762939453,10.734999656677246,25.450000762939453,15.0600004196167,25.729999542236328,12.210000038146973,
2001-09-17,,38.849998474121094,,,358.6666564941406,17.950000762939453,14.140000343322754,19.374492645263672,24.0,10.050000190734863,25.43000030517578,14.925000190734863,23.579999923706055,11.074999809265137,
2001-09-18,,39.40999984741211,,,337.0,16.764999389648438,13.454999923706055,19.130788803100586,23.65999984741211,9.960000038146973,25.1200008392334,15.029999732971191,23.149999618530273,11.140000343322754,
2001-09-19,,38.95000076293945,,,313.4666748046875,16.100000381469727,12.970000267028809,18.99268913269043,23.06999969482422,9.869999885559082,24.799999237060547,14.914999961853027,22.770000457763672,10.885000228881836,
2001-09-20,,38.060001373291016,,,305.4666748046875,15.029999732971191,12.604999542236328,18.15597152709961,21.75,9.4399995803833,24.299999237060547,15.104999542236328,21.899999618530273,10.510000228881836,
2001-09-21,,37.025001525878906,,,322.0,14.65999984741211,12.539999961853027,17.790414810180664,21.68000030517578,9.170000076293945,23.510000228881836,14.5649995803833,21.959999084472656,10.524999618530273,
2001-09-24,,37.650001525878906,,,303.79998779296875,15.574999809265137,12.210000038146973,18.71649169921875,23.1299991607666,9.6850004196167,23.829999923706055,14.614999771118164,22.639999389648438,11.104999542236328,
2001-09-25,,38.084999084472656,,,293.3333435058594,15.774999618530273,12.074999809265137,19.017059326171875,23.280000686645508,9.774999618530273,23.950000762939453,14.835000038146973,22.479999542236328,11.135000228881836,
2001-09-26,,38.900001525878906,,,285.4666748046875,14.739999771118164,11.989999771118164,19.203899383544922,22.8700008392334,9.444999694824219,24.360000610351562,14.479999542236328,22.690000534057617,11.170000076293945,
2001-09-27,,39.0,,,294.6666564941406,14.420000076293945,12.46500015258789,19.520715713500977,23.1200008392334,9.369999885559082,24.84000015258789,14.300000190734863,23.040000915527344,11.199999809265137,
2001-09-28,,39.630001068115234,,,313.8666687011719,14.779999732971191,12.90999984741211,20.04874038696289,23.670000076293945,9.625,25.059999465942383,14.630000114440918,23.5,11.484999656677246,
2001-10-01,,38.65999984741211,,,305.73333740234375,14.479999542236328,12.729999542236328,19.99187660217285,23.459999084472656,9.5,25.270000457763672,14.755000114440918,23.059999465942383,11.475000381469727,
2001-10-02,,38.400001525878906,,,307.3333435058594,14.09000015258789,13.010000228881836,20.268075942993164,23.920000076293945,9.489999771118164,25.450000762939453,14.914999961853027,23.360000610351562,11.795000076293945,
2001-10-03,,37.665000915527344,,,313.6666564941406,15.449999809265137,13.1899995803833,20.593013763427734,24.5,10.125,25.239999771118164,15.074999809265137,24.229999542236328,12.210000038146973,
2001-10-04,,38.154998779296875,,,332.3333435058594,16.174999237060547,13.5,20.430543899536133,24.530000686645508,10.34000015258789,25.149999618530273,14.925000190734863,24.15999984741211,11.949999809265137,
2001-10-05,,37.900001525878906,,,333.26666259765625,16.31999969482422,13.600000381469727,19.870023727416992,24.510000228881836,10.335000038146973,25.420000076293945,14.954999923706055,23.899999618530273,12.050000190734863,
2001-10-08,,37.900001525878906,,,332.4666748046875,16.989999771118164,13.625,19.423233032226562,24.219999313354492,10.404999732971191,25.3700008392334,15.095000267028809,23.719999313354492,11.805000305175781,
2001-10-09,,37.9900016784668,,,338.20001220703125,16.149999618530273,13.649999618530273,19.585702896118164,24.1299991607666,10.164999961853027,25.239999771118164,15.020000457763672,23.5,11.8149995803833,
2001-10-10,,38.505001068115234,,,355.26666259765625,17.200000762939453,14.255000114440918,19.89439582824707,24.56999969482422,10.479999542236328,25.549999237060547,15.050000190734863,24.010000228881836,12.305000305175781,
2001-10-11,,38.79999923706055,,,353.8666687011719,18.829999923706055,14.25,20.211210250854492,25.299999237060547,10.984999656677246,25.3700008392334,14.829999923706055,24.579999923706055,12.699999809265137,
2001-10-12,,38.849998474121094,,,355.3333435058594,18.8700008392334,14.154999732971191,19.89439582824707,25.059999465942383,10.960000038146973,25.350000381469727,14.729999542236328,24.360000610351562,12.425000190734863,
2001-10-15,,38.900001525878906,,,341.3333435058594,18.045000076293945,13.895000457763672,19.983753204345703,25.229999542236328,10.885000228881836,25.459999084472656,14.704999923706055,24.450000762939453,12.390000343322754,
2001-10-16,,38.54999923706055,,,355.9333190917969,18.479999542236328,14.0600004196167,20.308692932128906,25.170000076293945,11.0,25.31999969482422,14.8149995803833,24.690000534057617,12.515000343322754,
2001-10-17,,38.30500030517578,,,354.6666564941406,17.395000457763672,13.989999771118164,20.10560417175293,24.579999923706055,10.5,25.110000610351562,14.800000190734863,23.950000762939453,12.199999809265137,
2001-10-18,,38.0,,,342.26666259765625,16.770000457763672,13.425000190734863,20.081235885620117,24.479999542236328,10.475000381469727,25.299999237060547,14.515000343322754,23.56999969482422,12.199999809265137,
2001-10-19,,37.66999816894531,,,352.6666564941406,17.0,13.475000381469727,19.756296157836914,24.34000015258789,10.614999771118164,25.600000381469727,14.765000343322754,23.489999771118164,12.029999732971191,
2001-10-22,,37.345001220703125,,,363.6000061035156,17.950000762939453,13.640000343322754,20.235580444335938,24.850000381469727,10.864999771118164,25.850000381469727,14.484999656677246,24.149999618530273,12.300000190734863,
2001-10-23,,37.3650016784668,,,369.6666564941406,17.790000915527344,13.59000015258789,20.28432273864746,24.719999313354492,10.875,25.520000457763672,14.114999771118164,24.299999237060547,12.324999809265137,
2001-10-24,,36.82500076293945,,,366.0,18.450000762939453,13.399999618530273,20.211210250854492,24.84000015258789,11.010000228881836,25.469999313354492,13.989999771118164,23.90999984741211,12.274999618530273,
2001-10-25,,37.099998474121094,,,393.3333435058594,19.3799991607666,13.739999771118164,20.479284286499023,25.229999542236328,11.274999618530273,25.709999084472656,14.085000038146973,24.049999237060547,12.390000343322754,
2001-10-26,,36.974998474121094,,,412.0,19.280000686645508,14.005000114440918,20.714866638183594,25.700000762939453,11.289999961853027,25.6200008392334,14.130000114440918,24.260000228881836,12.520000457763672,
2001-10-29,,37.17499923706055,,,410.6666564941406,17.850000381469727,13.875,19.983753204345703,24.75,10.75,25.459999084472656,14.104999542236328,23.639999389648438,12.085000038146973,
2001-10-30,,37.0099983215332,,,388.0,17.110000610351562,13.40999984741211,19.94313621520996,24.209999084472656,10.529999732971191,25.190000534057617,13.895000457763672,23.309999465942383,11.854999542236328,
2001-10-31,,37.209999084472656,,,382.5333251953125,17.860000610351562,13.430000305175781,19.764419555664062,24.09000015258789,10.675000190734863,24.899999618530273,13.859999656677246,23.6200008392334,12.09000015258789,
2001-11-01,,37.935001373291016,,,384.0666809082031,19.0,13.635000228881836,20.089357376098633,24.59000015258789,11.045000076293945,25.479999542236328,13.975000381469727,23.950000762939453,12.3149995803833,
2001-11-02,,37.599998474121094,,,373.20001220703125,19.399999618530273,13.265000343322754,20.194963455200195,24.969999313354492,11.0600004196167,25.440000534057617,14.029999732971191,24.079999923706055,12.5,
2001-11-05,,37.625,,,363.1333312988281,19.915000915527344,13.1850004196167,20.633630752563477,25.34000015258789,11.399999618530273,25.489999771118164,14.164999961853027,24.450000762939453,12.795000076293945,
2001-11-06,,38.220001220703125,,,361.8666687011719,20.719999313354492,13.104999542236328,20.885459899902344,25.700000762939453,11.800000190734863,25.540000915527344,14.225000381469727,24.75,12.949999809265137,
2001-11-07,,38.209999084472656,,,375.6666564941406,20.75,13.15999984741211,20.966693878173828,25.639999389648438,11.75,25.56999969482422,14.039999961853027,24.610000610351562,12.859999656677246,
2001-11-08,,38.20500183105469,,,381.0,20.375,13.414999961853027,21.031681060791016,25.90999984741211,11.8100004196167,25.329999923706055,14.229999542236328,24.81999969482422,12.970000267028809,
2001-11-09,,38.06999969482422,,,394.3333435058594,20.290000915527344,13.675000190734863,20.89358139038086,25.81999969482422,11.765000343322754,25.389999389648438,14.319999694824219,24.670000076293945,12.899999618530273,
2001-11-12,,38.25,,,397.3333435058594,20.799999237060547,13.640000343322754,20.796100616455078,25.520000457763672,11.854999542236328,25.43000030517578,14.270000457763672,24.729999542236328,12.944999694824219,
2001-11-13,,38.47999954223633,,,402.0,22.024999618530273,13.75,21.35662078857422,26.149999618530273,12.274999618530273,25.43000030517578,14.260000228881836,25.450000762939453,13.274999618530273,
2001-11-14,,38.91999816894531,,,368.3333435058594,21.854999542236328,13.079999923706055,21.316003799438477,26.280000686645508,12.34000015258789,25.299999237060547,14.109999656677246,25.75,13.574999809265137,
2001-11-15,,39.025001525878906,,,328.3333435058594,21.545000076293945,12.420000076293945,21.18602752685547,26.40999984741211,12.265000343322754,25.450000762939453,14.085000038146973,26.049999237060547,13.574999809265137,
2001-11-16,,39.29999923706055,,,346.6666564941406,21.329999923706055,12.649999618530273,21.080421447753906,26.6200008392334,12.225000381469727,25.68000030517578,14.234999656677246,26.049999237060547,13.425000190734863,
2001-11-19,,39.20500183105469,,,341.79998779296875,21.375,12.619999885559082,21.510967254638672,26.860000610351562,12.479999542236328,25.75,14.199999809265137,26.5,13.869999885559082,
2001-11-20,,39.17499923706055,,,361.8666687011719,20.165000915527344,13.085000038146973,21.389114379882812,26.5,12.130000114440918,25.719999313354492,14.229999542236328,26.5,13.699999809265137,
2001-11-21,,39.17499923706055,,,358.8666687011719,20.510000228881836,12.914999961853027,21.202274322509766,26.549999237060547,12.010000228881836,26.049999237060547,14.125,26.239999771118164,13.569999694824219,
2001-11-23,,39.400001525878906,,,364.0,20.825000762939453,13.03499984741211,21.52721405029297,26.8700008392334,12.194999694824219,26.1299991607666,14.109999656677246,26.350000381469727,13.725000381469727,
2001-11-26,,39.41999816894531,,,356.9333190917969,21.6200008392334,12.819999694824219,21.640941619873047,27.0,12.404999732971191,26.149999618530273,14.125,26.690000534057617,13.835000038146973,
2001-11-27,,39.275001525878906,,,363.20001220703125,21.829999923706055,12.829999923706055,21.68968391418457,26.81999969482422,12.364999771118164,25.860000610351562,13.9350004196167,26.600000381469727,13.585000038146973,
2001-11-28,,39.42499923706055,,,358.9333190917969,20.860000610351562,12.529999732971191,21.039804458618164,26.399999618530273,11.975000381469727,25.549999237060547,13.75,26.190000534057617,13.5,
2001-11-29,,39.474998474121094,,,368.9333190917969,21.65999984741211,12.744999885559082,21.267261505126953,26.549999237060547,12.295000076293945,26.040000915527344,13.744999885559082,26.25,13.595000267028809,
2001-11-30,,39.650001525878906,,,369.3999938964844,21.315000534057617,12.680000305175781,21.047929763793945,26.5,12.270000457763672,26.0,13.6850004196167,26.360000610351562,13.699999809265137,
2001-12-03,,39.584999084472656,,,374.6666564941406,20.950000762939453,12.850000381469727,20.755483627319336,26.270000457763672,12.095000267028809,25.989999771118164,13.710000038146973,26.3799991607666,13.5,
2001-12-04,,39.95000076293945,,,385.0,22.03499984741211,13.029999732971191,21.039804458618164,26.59000015258789,12.475000381469727,26.0,13.864999771118164,26.719999313354492,13.800000190734863,
2001-12-05,,40.130001068115234,,,399.3333435058594,23.6200008392334,13.300000190734863,21.332250595092773,27.15999984741211,13.074999809265137,25.760000228881836,13.96500015258789,27.649999618530273,14.210000038146973,
2001-12-06,,40.21500015258789,,,383.6000061035156,23.540000915527344,12.904999732971191,21.608448028564453,27.489999771118164,13.039999961853027,25.700000762939453,13.835000038146973,27.75,14.050000190734863,
2001-12-07,,40.41999816894531,,,372.0666809082031,22.969999313354492,12.989999771118164,21.46222686767578,27.190000534057617,12.800000190734863,25.81999969482422,13.850000381469727,27.59000015258789,14.055000305175781,
2001-12-10,,40.04499816894531,,,370.0,22.405000686645508,12.8100004196167,21.12104034423828,26.770000457763672,12.520000457763672,25.31999969482422,13.755000114440918,26.959999084472656,13.869999885559082,
2001-12-11,,40.224998474121094,,,372.3333435058594,22.524999618530273,12.600000381469727,21.242891311645508,26.649999618530273,12.609999656677246,25.049999237060547,13.53499984741211,27.149999618530273,13.774999618530273,
2001-12-12,,39.92499923706055,,,368.3333435058594,23.040000915527344,12.630000114440918,21.161657333374023,26.780000686645508,12.65999984741211,25.100000381469727,13.6850004196167,27.030000686645508,13.800000190734863,
2001-12-13,,39.55500030517578,,,371.0,21.55500030517578,12.425000190734863,20.828594207763672,26.59000015258789,12.210000038146973,24.850000381469727,13.670000076293945,26.450000762939453,13.645000457763672,
2001-12-14,,39.150001525878906,,,380.0666809082031,22.049999237060547,12.550000190734863,20.714866638183594,26.31999969482422,12.260000228881836,24.75,13.574999809265137,26.399999618530273,13.755000114440918,
2001-12-17,,39.69499969482422,,,371.6666564941406,22.44499969482422,12.520000457763672,20.999187469482422,26.719999313354492,12.494999885559082,25.3799991607666,13.635000228881836,26.649999618530273,13.904999732971191,
2001-12-18,,39.625,,,375.9333190917969,22.565000534057617,12.6850004196167,21.194150924682617,27.360000610351562,12.545000076293945,25.239999771118164,13.760000228881836,27.040000915527344,14.050000190734863,
2001-12-19,,39.61000061035156,,,393.3333435058594,21.4950008392334,12.975000381469727,21.608448028564453,27.6200008392334,12.364999771118164,25.549999237060547,14.055000305175781,26.899999618530273,14.119999885559082,
2001-12-20,,39.28499984741211,,,386.0,20.415000915527344,12.914999961853027,21.51909065246582,27.459999084472656,11.9399995803833,25.59000015258789,13.984999656677246,26.56999969482422,14.03499984741211,
2001-12-21,,39.474998474121094,,,392.6666564941406,20.950000762939453,12.949999809265137,21.275386810302734,27.770000457763672,12.100000381469727,25.760000228881836,13.779999732971191,26.479999542236328,14.21500015258789,
2001-12-24,,39.75,,,401.6666564941406,20.770000457763672,13.164999961853027,21.259138107299805,27.799999237060547,12.055000305175781,25.75,13.890000343322754,26.600000381469727,14.265000343322754,
2001-12-26,,39.79999923706055,,,415.3999938964844,20.954999923706055,13.395000457763672,21.35662078857422,27.899999618530273,12.149999618530273,25.81999969482422,13.875,26.799999237060547,14.399999618530273,
2001-12-27,,39.900001525878906,,,408.73333740234375,21.31999969482422,13.4399995803833,21.340373992919922,27.889999389648438,12.255000114440918,25.65999984741211,14.0600004196167,27.100000381469727,14.414999961853027,
2001-12-28,,40.125,,,410.1333312988281,21.584999084472656,13.5,21.56783103942871,28.049999237060547,12.279999732971191,25.549999237060547,14.010000228881836,27.3700008392334,14.520000457763672,
2001-12-31,,39.900001525878906,,,406.6666564941406,20.924999237060547,13.350000381469727,21.364744186401367,27.700000762939453,12.0,25.399999618530273,14.015000343322754,26.950000762939453,14.300000190734863,
2002-01-02,,40.125,,,388.3333435058594,21.799999237060547,13.25,21.340373992919922,27.700000762939453,12.300000190734863,25.309999465942383,14.21500015258789,27.18000030517578,14.345000267028809,
2002-01-03,,40.25,,,382.1333312988281,23.579999923706055,13.170000076293945,21.486595153808594,27.690000534057617,12.84000015258789,25.229999542236328,14.289999961853027,27.299999237060547,14.300000190734863,
2002-01-04,,40.244998931884766,,,389.6000061035156,23.565000534057617,13.229999542236328,21.770917892456055,27.700000762939453,12.920000076293945,25.15999984741211,14.225000381469727,27.6200008392334,14.53499984741211,
2002-01-07,,40.13999938964844,,,392.6666564941406,23.1299991607666,13.225000381469727,21.714054107666016,27.510000228881836,12.779999732971191,24.969999313354492,14.239999771118164,27.649999618530273,14.449999809265137,
2002-01-08,,40.07500076293945,,,384.6666564941406,23.260000228881836,13.109999656677246,21.413484573364258,27.43000030517578,12.875,24.84000015258789,14.0649995803833,27.799999237060547,14.5,
2002-01-09,,40.04499816894531,,,382.73333740234375,23.270000457763672,13.125,21.52721405029297,27.280000686645508,12.774999618530273,24.93000030517578,13.9399995803833,27.649999618530273,14.300000190734863,
2002-01-10,,39.94499969482422,,,374.73333740234375,22.825000762939453,13.024999618530273,21.44597816467285,27.0,12.670000076293945,24.969999313354492,14.050000190734863,27.729999542236328,14.399999618530273,
2002-01-11,,39.94499969482422,,,359.0,22.649999618530273,12.774999618530273,21.324127197265625,26.559999465942383,12.550000190734863,25.030000686645508,13.914999961853027,27.549999237060547,14.130000114440918,
2002-01-14,,40.08000183105469,,,349.9333190917969,22.5,12.619999885559082,21.161657333374023,26.260000228881836,12.354999542236328,25.229999542236328,14.045000076293945,27.350000381469727,14.024999618530273,
2002-01-15,,40.07500076293945,,,358.73333740234375,22.424999237060547,12.824999809265137,21.62469482421875,26.290000915527344,12.4350004196167,25.260000228881836,14.050000190734863,27.690000534057617,14.114999771118164,
2002-01-16,,40.0,,,346.0,21.670000076293945,12.5600004196167,21.35662078857422,25.399999618530273,12.130000114440918,25.020000457763672,13.989999771118164,27.010000228881836,13.875,
2002-01-17,,40.099998474121094,,,345.4666748046875,21.975000381469727,12.555000305175781,21.559707641601562,25.5,12.430000305175781,25.25,13.850000381469727,27.18000030517578,14.039999961853027,
2002-01-18,,39.95000076293945,,,346.9333190917969,21.40999984741211,12.449999809265137,21.478473663330078,25.68000030517578,12.015000343322754,25.149999618530273,13.824999809265137,26.969999313354492,14.0,
2002-01-22,,40.02000045776367,,,341.6666564941406,20.360000610351562,12.359999656677246,21.40536117553711,25.829999923706055,11.585000038146973,25.43000030517578,13.524999618530273,26.899999618530273,14.09000015258789,
2002-01-23,,39.95000076293945,,,359.3333435058594,21.010000228881836,12.710000038146973,21.502843856811523,25.700000762939453,11.760000228881836,25.520000457763672,13.725000381469727,26.799999237060547,14.395000457763672,
2002-01-24,,39.775001525878906,,,376.9333190917969,21.325000762939453,12.885000228881836,21.52721405029297,25.93000030517578,11.9350004196167,25.149999618530273,13.694999694824219,27.020000457763672,14.399999618530273,
2002-01-25,,39.834999084472656,,,384.6666564941406,21.700000762939453,13.024999618530273,21.665313720703125,26.290000915527344,11.890000343322754,25.100000381469727,13.609999656677246,27.049999237060547,14.25,
2002-01-28,,39.849998474121094,,,374.3333435058594,22.024999618530273,12.824999809265137,21.44597816467285,26.270000457763672,11.975000381469727,25.100000381469727,13.609999656677246,27.100000381469727,14.494999885559082,
2002-01-29,,39.58000183105469,,,368.9333190917969,21.575000762939453,12.475000381469727,20.51177978515625,25.270000457763672,11.550000190734863,24.790000915527344,13.4350004196167,26.59000015258789,14.1899995803833,
2002-01-30,,39.970001220703125,,,377.3999938964844,22.424999237060547,12.574999809265137,20.771730422973633,25.549999237060547,11.699999809265137,25.09000015258789,13.420000076293945,26.479999542236328,14.550000190734863,
2002-01-31,,39.94499969482422,,,390.79998779296875,22.649999618530273,12.875,21.12104034423828,25.950000762939453,11.869999885559082,25.229999542236328,13.510000228881836,26.75,14.770000457763672,
2002-02-01,,40.099998474121094,,,389.79998779296875,22.399999618530273,12.944999694824219,20.8610897064209,25.75,11.649999618530273,25.25,13.539999961853027,26.700000762939453,14.619999885559082,
2002-02-04,,40.095001220703125,,,378.0666809082031,22.075000762939453,12.600000381469727,20.10560417175293,24.610000610351562,11.319999694824219,24.979999542236328,13.399999618530273,26.190000534057617,14.375,
2002-02-05,,40.0,,,371.3333435058594,22.0,12.515000343322754,20.10560417175293,24.270000457763672,11.145000457763672,25.270000457763672,13.220000267028809,26.329999923706055,14.359999656677246,
2002-02-06,,39.75,,,377.6666564941406,21.895000457763672,12.600000381469727,19.8212833404541,24.450000762939453,11.079999923706055,25.149999618530273,12.954999923706055,26.190000534057617,14.244999885559082,
2002-02-07,,39.775001525878906,,,364.73333740234375,21.024999618530273,12.454999923706055,20.00812339782715,24.739999771118164,10.914999961853027,24.8799991607666,13.140000343322754,26.700000762939453,14.074999809265137,
2002-02-08,,39.75,,,372.6666564941406,21.459999084472656,12.595000267028809,20.536148071289062,24.889999389648438,11.125,24.940000534057617,13.210000038146973,27.25,14.199999809265137,
2002-02-11,,40.125,,,387.0,22.34000015258789,12.760000228881836,20.714866638183594,25.43000030517578,11.375,25.34000015258789,13.300000190734863,27.5,14.625,
2002-02-12,,40.0,,,381.6666564941406,22.139999389648438,12.699999809265137,20.479284286499023,25.209999084472656,11.1899995803833,25.329999923706055,13.300000190734863,27.25,14.5,
2002-02-13,,40.119998931884766,,,384.6666564941406,22.864999771118164,12.774999618530273,20.89358139038086,25.479999542236328,11.369999885559082,25.489999771118164,13.380000114440918,27.700000762939453,14.71500015258789,
2002-02-14,,40.29999923706055,,,388.6666564941406,22.649999618530273,12.880000114440918,20.852964401245117,25.56999969482422,11.25,25.489999771118164,13.40999984741211,27.780000686645508,14.770000457763672,
2002-02-15,,40.525001525878906,,,391.0,22.25,12.890000343322754,20.528026580810547,25.389999389648438,10.925000190734863,25.5,13.385000228881836,27.350000381469727,14.600000381469727,
2002-02-19,,40.3650016784668,,,388.20001220703125,21.3799991607666,12.774999618530273,19.967506408691406,25.31999969482422,10.539999961853027,25.18000030517578,13.154999732971191,26.899999618530273,14.430000305175781,
2002-02-20,,40.525001525878906,,,383.8666687011719,21.6299991607666,12.734999656677246,20.3411865234375,25.690000534057617,10.670000076293945,25.690000534057617,13.319999694824219,27.549999237060547,14.71500015258789,
2002-02-21,,40.25,,,397.6000061035156,20.235000610351562,12.885000228881836,20.10560417175293,25.59000015258789,10.175000190734863,25.3700008392334,13.055000305175781,27.350000381469727,14.574999809265137,
2002-02-22,,40.724998474121094,,,404.6666564941406,20.299999237060547,13.239999771118164,19.983753204345703,25.84000015258789,10.239999771118164,25.790000915527344,13.234999656677246,27.600000381469727,14.595000267028809,
2002-02-25,,40.79499816894531,,,419.4666748046875,21.420000076293945,13.430000305175781,20.49553108215332,26.520000457763672,10.585000038146973,25.829999923706055,13.385000228881836,28.079999923706055,14.84000015258789,
2002-02-26,,40.834999084472656,,,417.79998779296875,21.139999389648438,13.359999656677246,20.479284286499023,26.6200008392334,10.520000457763672,25.81999969482422,13.369999885559082,28.0,15.0,
2002-02-27,,40.75,,,411.3999938964844,20.864999771118164,13.350000381469727,20.69049644470215,26.940000534057617,10.444999694824219,25.850000381469727,13.460000038146973,27.899999618530273,14.975000381469727,
2002-02-28,,40.73500061035156,,,414.0,20.18000030517578,13.3149995803833,20.755483627319336,26.600000381469727,10.324999809265137,25.760000228881836,13.484999656677246,27.979999542236328,14.850000381469727,
2002-03-01,,41.150001525878906,,,418.20001220703125,22.139999389648438,13.505000114440918,21.039804458618164,27.219999313354492,10.845000267028809,26.25,13.774999618530273,28.510000228881836,14.989999771118164,
2002-03-04,,41.595001220703125,,,436.6666564941406,23.469999313354492,13.800000190734863,21.754671096801758,28.149999618530273,11.239999771118164,26.260000228881836,13.9399995803833,28.799999237060547,15.21500015258789,
2002-03-05,,42.1349983215332,,,433.9333190917969,23.90999984741211,13.805000305175781,21.770917892456055,27.799999237060547,11.274999618530273,25.799999237060547,13.949999809265137,28.760000228881836,14.770000457763672,
2002-03-06,,42.43000030517578,,,441.26666259765625,23.799999237060547,14.069999694824219,22.136474609375,28.639999389648438,11.385000228881836,26.010000228881836,14.225000381469727,29.15999984741211,14.975000381469727,
2002-03-07,,42.45000076293945,,,444.6666564941406,23.950000762939453,14.175000190734863,21.941511154174805,28.299999237060547,11.345000267028809,26.0,14.140000343322754,28.940000534057617,15.09000015258789,
2002-03-08,,41.875,,,436.0,24.899999618530273,14.109999656677246,22.03899383544922,28.489999771118164,11.645000457763672,25.90999984741211,14.100000381469727,29.239999771118164,15.175000190734863,
2002-03-11,,41.54499816894531,,,442.8666687011719,24.299999237060547,14.260000228881836,22.168968200683594,28.549999237060547,11.680000305175781,25.90999984741211,14.145000457763672,29.100000381469727,15.104999542236328,
2002-03-12,,41.38999938964844,,,451.8666687011719,23.545000076293945,14.385000228881836,22.177091598510742,28.489999771118164,11.430000305175781,25.899999618530273,14.0,29.0,15.135000228881836,
2002-03-13,,41.59000015258789,,,440.3999938964844,22.770000457763672,14.289999961853027,21.9740047454834,28.100000381469727,11.130000114440918,26.100000381469727,14.0,28.899999618530273,15.100000381469727,
2002-03-14,,41.82500076293945,,,433.3333435058594,22.665000915527344,14.28499984741211,22.030868530273438,28.1299991607666,11.0,26.030000686645508,13.949999809265137,29.100000381469727,15.100000381469727,
2002-03-15,,42.04999923706055,,,446.6666564941406,23.31999969482422,14.34000015258789,22.420795440673828,28.06999969482422,11.079999923706055,26.43000030517578,13.954999923706055,29.6200008392334,15.274999618530273,
2002-03-18,,42.025001525878906,,,458.6666564941406,23.469999313354492,14.449999809265137,22.372055053710938,27.959999084472656,11.114999771118164,26.350000381469727,14.020000457763672,29.8799991607666,15.279999732971191,
2002-03-19,,42.224998474121094,,,465.0,23.71500015258789,14.625,22.36393165588379,28.260000228881836,11.15999984741211,26.450000762939453,14.085000038146973,29.850000381469727,15.345000267028809,
2002-03-20,,42.150001525878906,,,456.0,22.8799991607666,14.470000267028809,22.01462173461914,27.950000762939453,10.819999694824219,25.93000030517578,14.0,29.860000610351562,15.28499984741211,
2002-03-21,,42.29999923706055,,,461.4666748046875,23.520000457763672,14.550000190734863,22.02274513244629,27.389999389648438,11.03499984741211,26.1299991607666,14.149999618530273,29.670000076293945,15.095000267028809,
2002-03-22,,42.494998931884766,,,437.73333740234375,23.125,14.210000038146973,22.01462173461914,27.229999542236328,10.875,26.15999984741211,13.984999656677246,29.510000228881836,15.024999618530273,
2002-03-25,,42.04999923706055,,,440.0,22.524999618530273,14.079999923706055,21.665313720703125,26.799999237060547,10.630000114440918,25.899999618530273,14.005000114440918,29.06999969482422,14.75,
2002-03-26,,42.404998779296875,,,438.73333740234375,23.075000762939453,14.194999694824219,21.933387756347656,26.969999313354492,10.710000038146973,26.100000381469727,13.930000305175781,28.899999618530273,14.949999809265137,
2002-03-27,,42.720001220703125,,,458.20001220703125,22.875,14.524999618530273,22.217708587646484,27.149999618530273,10.704999923706055,26.020000457763672,13.96500015258789,29.329999923706055,15.050000190734863,
2002-03-28,,42.599998474121094,,,459.3333435058594,23.264999389648438,14.444999694824219,22.055240631103516,27.239999771118164,10.835000038146973,26.100000381469727,14.09000015258789,29.59000015258789,15.020000457763672,
2002-04-01,,42.650001525878906,,,460.3333435058594,23.875,14.545000076293945,22.01462173461914,27.229999542236328,10.954999923706055,26.049999237060547,13.944999694824219,29.31999969482422,14.739999771118164,
2002-04-02,,42.724998474121094,,,464.4666748046875,23.114999771118164,14.725000381469727,22.095857620239258,26.969999313354492,10.635000228881836,25.8700008392334,14.024999618530273,29.149999618530273,14.475000381469727,
2002-04-03,,42.709999084472656,,,451.3333435058594,22.649999618530273,14.404999732971191,21.770917892456055,26.600000381469727,10.470000267028809,25.889999389648438,14.024999618530273,28.770000457763672,14.364999771118164,
2002-04-04,,42.79999923706055,,,442.6000061035156,22.954999923706055,14.145000457763672,21.96588134765625,26.809999465942383,10.515000343322754,25.59000015258789,14.045000076293945,29.18000030517578,14.5600004196167,
2002-04-05,,43.19499969482422,,,438.3333435058594,22.625,13.984999656677246,22.071487426757812,26.93000030517578,10.350000381469727,25.3799991607666,13.970000267028809,29.530000686645508,14.649999618530273,
2002-04-08,,43.584999084472656,,,441.8666687011719,22.700000762939453,14.199999809265137,22.136474609375,27.139999389648438,10.300000190734863,25.459999084472656,13.869999885559082,29.649999618530273,14.869999885559082,
2002-04-09,,43.92499923706055,,,434.0,21.90999984741211,13.994999885559082,22.274574279785156,27.1200008392334,10.039999961853027,25.440000534057617,13.574999809265137,29.690000534057617,14.975000381469727,
2002-04-10,,44.42499923706055,,,441.0,22.190000534057617,14.154999732971191,22.35580825805664,27.75,10.069999694824219,25.860000610351562,13.859999656677246,29.959999084472656,15.149999618530273,
2002-04-11,,44.220001220703125,,,438.0,21.690000534057617,14.010000228881836,21.80341148376465,26.860000610351562,9.734999656677246,25.510000228881836,13.444999694824219,29.459999084472656,14.920000076293945,
2002-04-12,,44.69499969482422,,,420.0,21.850000381469727,13.550000190734863,22.07961082458496,26.81999969482422,9.899999618530273,25.649999618530273,13.53499984741211,29.559999465942383,15.225000381469727,
2002-04-15,,44.470001220703125,,,436.4666748046875,22.174999237060547,13.8149995803833,21.7952880859375,26.540000915527344,9.925000190734863,25.6299991607666,13.324999809265137,29.540000915527344,14.994999885559082,
2002-04-16,,43.75,,,450.3333435058594,23.290000915527344,14.074999809265137,22.242080688476562,27.010000228881836,10.375,25.899999618530273,13.649999618530273,29.739999771118164,15.21500015258789,
2002-04-17,,43.185001373291016,,,463.0,23.69499969482422,14.25,22.2989444732666,26.81999969482422,10.414999961853027,25.520000457763672,13.720000267028809,29.809999465942383,15.0600004196167,
2002-04-18,,43.375,,,468.20001220703125,23.094999313354492,14.319999694824219,22.2989444732666,26.6200008392334,10.305000305175781,25.780000686645508,13.6850004196167,30.1200008392334,14.960000038146973,
2002-04-19,,43.14500045776367,,,467.79998779296875,22.69499969482422,14.385000228881836,22.25832748413086,26.469999313354492,10.274999618530273,25.829999923706055,13.5649995803833,30.360000610351562,15.024999618530273,
2002-04-22,,42.63999938964844,,,463.73333740234375,22.46500015258789,14.244999885559082,21.9577579498291,26.049999237060547,10.020000457763672,25.68000030517578,13.359999656677246,30.219999313354492,14.880000114440918,
2002-04-23,,42.0,,,472.9333190917969,22.0,14.210000038146973,21.852153778076172,26.0,9.8149995803833,25.469999313354492,13.425000190734863,30.0,14.904999732971191,
2002-04-24,,42.27000045776367,,,468.0,21.309999465942383,13.954999923706055,21.714054107666016,25.780000686645508,9.664999961853027,25.360000610351562,13.460000038146973,30.200000762939453,14.774999618530273,
2002-04-25,,42.46500015258789,,,480.3333435058594,21.34000015258789,14.055000305175781,21.510967254638672,25.469999313354492,9.729999542236328,25.440000534057617,13.369999885559082,30.290000915527344,14.8149995803833,
2002-04-26,,42.31999969482422,,,484.3333435058594,20.475000381469727,13.899999618530273,21.429731369018555,25.209999084472656,9.399999618530273,25.280000686645508,13.154999732971191,29.799999237060547,14.725000381469727,
2002-04-29,,42.07500076293945,,,479.6000061035156,20.44499969482422,13.8100004196167,21.242891311645508,24.65999984741211,9.34000015258789,25.020000457763672,12.960000038146973,29.1200008392334,14.5649995803833,
2002-04-30,,42.724998474121094,,,477.20001220703125,20.735000610351562,13.925000190734863,21.494720458984375,25.360000610351562,9.524999618530273,25.1299991607666,13.234999656677246,29.40999984741211,14.600000381469727,
2002-05-01,,43.084999084472656,,,487.6666564941406,20.825000762939453,14.010000228881836,21.640941619873047,25.440000534057617,9.444999694824219,25.489999771118164,13.359999656677246,29.940000534057617,14.680000305175781,
2002-05-02,,43.619998931884766,,,496.0,19.950000762939453,14.114999771118164,21.852153778076172,25.530000686645508,9.204999923706055,25.489999771118164,13.274999618530273,29.84000015258789,14.8149995803833,
2002-05-03,,43.619998931884766,,,497.5333251953125,19.049999237060547,14.164999961853027,21.74654769897461,25.540000915527344,8.984999656677246,25.25,13.199999809265137,29.649999618530273,14.614999771118164,
2002-05-06,,43.2599983215332,,,473.6666564941406,18.639999389648438,13.680000305175781,21.242891311645508,24.81999969482422,8.729999542236328,25.06999969482422,13.130000114440918,29.09000015258789,14.350000381469727,
2002-05-07,,43.025001525878906,,,467.0,18.684999465942383,13.614999771118164,21.145410537719727,24.84000015258789,8.729999542236328,24.719999313354492,13.0,29.149999618530273,14.5600004196167,
2002-05-08,,42.875,,,486.4666748046875,20.850000381469727,13.899999618530273,21.770917892456055,25.8700008392334,9.635000228881836,25.170000076293945,13.1850004196167,29.799999237060547,14.774999618530273,
2002-05-09,,42.375,,,473.3333435058594,20.219999313354492,13.774999618530273,21.510967254638672,25.43000030517578,9.319999694824219,24.90999984741211,13.074999809265137,29.459999084472656,14.550000190734863,
2002-05-10,,42.0,,,484.0,19.389999389648438,13.765000343322754,21.23476791381836,25.049999237060547,9.0,24.860000610351562,12.774999618530273,29.06999969482422,14.3100004196167,
2002-05-13,,42.2599983215332,,,494.26666259765625,20.485000610351562,14.029999732971191,21.6165714263916,25.209999084472656,9.354999542236328,25.110000610351562,12.930000305175781,29.40999984741211,14.46500015258789,
2002-05-14,,42.474998474121094,,,492.26666259765625,21.725000381469727,14.069999694824219,21.949634552001953,25.770000457763672,9.805000305175781,25.209999084472656,13.125,29.940000534057617,14.979999542236328,
2002-05-15,,42.720001220703125,,,472.1333312988281,21.600000381469727,13.835000038146973,21.84402847290039,25.8700008392334,9.774999618530273,24.84000015258789,13.055000305175781,30.200000762939453,14.890000343322754,
2002-05-16,,42.540000915527344,,,478.0666809082031,21.940000534057617,13.994999885559082,22.103981018066406,26.030000686645508,9.920000076293945,24.8700008392334,13.104999542236328,30.280000686645508,15.0,
2002-05-17,,42.7599983215332,,,467.1333312988281,22.049999237060547,13.880000114440918,22.201461791992188,26.260000228881836,9.970000267028809,25.15999984741211,12.979999542236328,30.270000457763672,15.125,
2002-05-20,,42.45000076293945,,,469.79998779296875,21.575000762939453,13.78499984741211,21.819658279418945,26.049999237060547,9.710000038146973,25.040000915527344,13.050000190734863,30.0,15.074999809265137,
2002-05-21,,42.29999923706055,,,463.26666259765625,21.049999237060547,13.795000076293945,21.6165714263916,25.649999618530273,9.470000267028809,24.829999923706055,13.145000457763672,29.739999771118164,14.699999809265137,
2002-05-22,,42.099998474121094,,,475.5333251953125,21.075000762939453,14.024999618530273,21.657188415527344,25.760000228881836,9.585000038146973,25.049999237060547,13.380000114440918,29.559999465942383,14.635000228881836,
2002-05-23,,43.04499816894531,,,481.8666687011719,20.899999618530273,14.145000457763672,21.892770767211914,26.239999771118164,9.65999984741211,25.1299991607666,13.619999885559082,29.829999923706055,14.774999618530273,
2002-05-24,,43.07500076293945,,,474.3333435058594,20.184999465942383,13.989999771118164,21.74654769897461,25.950000762939453,9.449999809265137,24.84000015258789,13.479999542236328,29.709999084472656,14.65999984741211,
2002-05-28,,43.25,,,477.3999938964844,20.094999313354492,13.880000114440918,21.51909065246582,25.65999984741211,9.364999771118164,24.75,13.574999809265137,29.68000030517578,14.430000305175781,
2002-05-29,,43.625,,,478.6000061035156,19.424999237060547,13.75,21.510967254638672,25.3700008392334,9.1899995803833,24.829999923706055,13.350000381469727,29.65999984741211,14.399999618530273,
2002-05-30,,43.400001525878906,,,470.3333435058594,19.375,13.484999656677246,21.421607971191406,25.260000228881836,9.234999656677246,24.719999313354492,13.225000381469727,29.600000381469727,14.274999618530273,
2002-05-31,,43.54999923706055,,,474.6666564941406,19.225000381469727,13.680000305175781,21.429731369018555,25.469999313354492,9.130000114440918,24.850000381469727,13.125,29.81999969482422,14.524999618530273,
2002-06-03,,43.5,,,454.20001220703125,18.375,13.25,21.00731086730957,24.510000228881836,8.859999656677246,24.280000686645508,12.824999809265137,29.309999465942383,14.140000343322754,
2002-06-04,,43.54999923706055,,,447.20001220703125,18.899999618530273,13.25,20.869211196899414,24.309999465942383,8.984999656677246,24.25,12.869999885559082,29.239999771118164,14.0600004196167,
2002-06-05,,43.57500076293945,,,439.0666809082031,19.040000915527344,13.199999809265137,21.072298049926758,24.719999313354492,9.095000267028809,24.530000686645508,12.819999694824219,29.489999771118164,14.350000381469727,
2002-06-06,,43.400001525878906,,,436.1333312988281,18.399999618530273,13.0600004196167,20.61738395690918,24.1299991607666,8.875,23.979999542236328,12.444999694824219,29.09000015258789,14.125,
2002-06-07,,43.275001525878906,,,445.79998779296875,17.350000381469727,13.194999694824219,20.682371139526367,24.1299991607666,8.680000305175781,23.979999542236328,12.59000015258789,29.299999237060547,14.140000343322754,
2002-06-10,,43.5,,,433.6666564941406,17.049999237060547,12.949999809265137,20.796100616455078,24.31999969482422,8.600000381469727,24.25,12.635000228881836,29.360000610351562,14.375,
2002-06-11,,43.599998474121094,,,418.1333312988281,16.405000686645508,12.755000114440918,20.430543899536133,24.030000686645508,8.40999984741211,23.600000381469727,12.425000190734863,29.139999389648438,14.300000190734863,
2002-06-12,,43.505001068115234,,,429.0666809082031,17.049999237060547,12.9350004196167,20.544273376464844,24.020000457763672,8.579999923706055,23.579999923706055,12.680000305175781,28.540000915527344,14.420000076293945,
2002-06-13,,43.525001525878906,,,434.6666564941406,16.709999084472656,12.920000076293945,20.064987182617188,23.959999084472656,8.4350004196167,23.510000228881836,12.664999961853027,28.020000457763672,14.09000015258789,
2002-06-14,,42.71500015258789,,,440.0,16.719999313354492,12.904999732971191,20.251827239990234,23.84000015258789,8.420000076293945,23.610000610351562,12.505000114440918,27.809999465942383,14.0,
2002-06-17,,42.92499923706055,,,450.6666564941406,17.594999313354492,13.239999771118164,21.161657333374023,24.510000228881836,8.704999923706055,24.059999465942383,12.78499984741211,28.59000015258789,14.369999885559082,
2002-06-18,,42.810001373291016,,,446.20001220703125,17.274999618530273,13.175000190734863,21.202274322509766,24.739999771118164,8.609999656677246,24.0,12.880000114440918,28.719999313354492,14.324999809265137,
2002-06-19,,42.875,,,443.3333435058594,16.125,13.045000076293945,20.999187469482422,24.549999237060547,8.270000457763672,23.90999984741211,12.524999618530273,28.6200008392334,14.265000343322754,
2002-06-20,,43.03499984741211,,,441.26666259765625,15.420000076293945,13.020000457763672,20.576766967773438,24.360000610351562,8.079999923706055,23.700000762939453,12.375,27.860000610351562,14.055000305175781,
2002-06-21,,43.41999816894531,,,433.9333190917969,14.875,12.859999656677246,20.259950637817383,23.690000534057617,7.849999904632568,22.989999771118164,12.300000190734863,27.270000457763672,13.8100004196167,
2002-06-24,,43.2599983215332,,,437.3333435058594,15.510000228881836,12.975000381469727,20.316816329956055,24.020000457763672,7.985000133514404,22.760000228881836,12.095000267028809,27.479999542236328,13.960000038146973,
2002-06-25,,43.5,,,432.4666748046875,14.875,12.920000076293945,20.12185287475586,23.510000228881836,7.710000038146973,22.290000915527344,12.015000343322754,27.049999237060547,13.725000381469727,
2002-06-26,,43.349998474121094,,,426.6000061035156,15.005000114440918,12.925000190734863,19.740049362182617,23.5,7.715000152587891,22.25,11.890000343322754,27.5,13.600000381469727,
2002-06-27,,43.52000045776367,,,419.3333435058594,15.46500015258789,12.989999771118164,20.1624698638916,23.8700008392334,7.920000076293945,22.420000076293945,11.880000114440918,28.200000762939453,13.680000305175781,
2002-06-28,,43.599998474121094,,,409.79998779296875,15.175000190734863,13.100000381469727,20.422420501708984,23.850000381469727,7.909999847412109,22.25,12.125,27.68000030517578,13.734999656677246,
2002-07-01,,43.31999969482422,,,403.0,14.489999771118164,12.975000381469727,20.0,23.31999969482422,7.574999809265137,22.469999313354492,11.875,26.520000457763672,13.319999694824219,
2002-07-02,,42.875,,,390.9333190917969,13.75,12.720000267028809,19.72380256652832,22.959999084472656,7.349999904632568,22.31999969482422,11.625,25.920000076293945,13.135000228881836,
2002-07-03,,42.29999923706055,,,401.5333251953125,14.444999694824219,12.800000190734863,19.50446891784668,22.989999771118164,7.619999885559082,22.170000076293945,11.555000305175781,25.959999084472656,13.305000305175781,
2002-07-05,,42.474998474121094,,,411.3333435058594,15.795000076293945,13.100000381469727,20.251827239990234,23.940000534057617,8.029999732971191,22.459999084472656,11.6899995803833,26.829999923706055,13.829999923706055,
2002-07-08,,42.224998474121094,,,397.79998779296875,15.024999618530273,12.9399995803833,20.146223068237305,23.540000915527344,7.789999961853027,22.420000076293945,11.539999961853027,26.5,13.640000343322754,
2002-07-09,,41.80500030517578,,,398.0666809082031,14.475000381469727,12.779999732971191,19.618196487426758,22.950000762939453,7.675000190734863,22.049999237060547,11.234999656677246,25.290000915527344,13.329999923706055,
2002-07-10,,41.275001525878906,,,386.0666809082031,13.795000076293945,12.234999656677246,18.99268913269043,22.389999389648438,7.46999979019165,21.600000381469727,10.600000381469727,24.1200008392334,12.895000457763672,
2002-07-11,,40.525001525878906,,,373.4666748046875,14.71500015258789,12.0,19.252639770507812,22.420000076293945,7.744999885559082,21.239999771118164,10.970000267028809,24.579999923706055,12.885000228881836,
2002-07-12,,40.375,,,368.6666564941406,14.854999542236328,11.78499984741211,18.968318939208984,22.350000381469727,7.710000038146973,20.790000915527344,10.5600004196167,24.899999618530273,12.720000267028809,
2002-07-15,,40.06999969482422,,,358.26666259765625,15.585000038146973,11.524999618530273,18.968318939208984,22.18000030517578,7.860000133514404,20.489999771118164,10.725000381469727,24.450000762939453,12.524999618530273,
2002-07-16,,40.099998474121094,,,362.6666564941406,15.1850004196167,11.350000381469727,18.586515426635742,21.719999313354492,7.769999980926514,20.170000076293945,10.40999984741211,24.280000686645508,12.1850004196167,
2002-07-17,,40.150001525878906,,,363.6666564941406,15.289999961853027,11.475000381469727,18.47278594970703,21.979999542236328,7.824999809265137,20.260000228881836,10.21500015258789,24.809999465942383,12.119999885559082,
2002-07-18,,39.10499954223633,,,366.3333435058594,14.824999809265137,11.399999618530273,17.831031799316406,21.34000015258789,7.659999847412109,19.799999237060547,9.975000381469727,23.639999389648438,11.920000076293945,
2002-07-19,,38.39500045776367,,,344.6000061035156,14.505000114440918,10.699999809265137,17.449228286743164,20.68000030517578,7.420000076293945,18.8799991607666,9.414999961853027,22.670000076293945,11.34000015258789,
2002-07-22,,37.79999923706055,,,321.9333190917969,14.114999771118164,10.045000076293945,16.85621452331543,20.020000457763672,7.03000020980835,19.040000915527344,9.1850004196167,22.479999542236328,11.154999732971191,
2002-07-23,,36.474998474121094,,,307.79998779296875,13.600000381469727,9.899999618530273,15.89764404296875,19.56999969482422,6.679999828338623,19.1299991607666,8.470000267028809,22.059999465942383,10.975000381469727,
2002-07-24,,36.70000076293945,,,335.0,14.199999809265137,10.555000305175781,16.85621452331543,20.6200008392334,7.025000095367432,20.110000610351562,9.225000381469727,23.489999771118164,11.619999885559082,
2002-07-25,,37.67499923706055,,,330.0,12.850000381469727,10.510000228881836,16.73436164855957,20.639999389648438,6.605000019073486,20.360000610351562,9.5,24.290000915527344,11.430000305175781,
2002-07-26,,39.0,,,330.1333312988281,12.84000015258789,10.649999618530273,17.24614143371582,20.969999313354492,6.695000171661377,20.450000762939453,9.375,24.829999923706055,11.5649995803833,
2002-07-29,,40.724998474121094,,,355.20001220703125,13.625,11.265000343322754,18.399675369262695,22.280000686645508,7.090000152587891,21.040000915527344,9.524999618530273,25.940000534057617,12.199999809265137,
2002-07-30,,41.349998474121094,,,358.73333740234375,13.949999809265137,11.09000015258789,18.440292358398438,22.540000915527344,7.199999809265137,20.829999923706055,10.300000190734863,26.1299991607666,12.154999732971191,
2002-07-31,,41.54499816894531,,,353.0,13.399999618530273,11.28499984741211,18.724613189697266,22.5,7.159999847412109,21.299999237060547,10.34000015258789,26.8799991607666,12.095000267028809,
2002-08-01,,40.970001220703125,,,331.1333312988281,12.545000076293945,10.619999885559082,18.26157569885254,22.0,6.84499979019165,21.100000381469727,10.1899995803833,26.1299991607666,11.725000381469727,
2002-08-02,,40.06999969482422,,,316.0,12.074999809265137,10.5,17.798538208007812,21.200000762939453,6.699999809265137,21.059999465942383,9.989999771118164,25.920000076293945,11.204999923706055,
2002-08-05,,39.380001068115234,,,305.5333251953125,11.350000381469727,10.109999656677246,17.099918365478516,20.5,6.409999847412109,20.770000457763672,9.8149995803833,24.809999465942383,10.944999694824219,
2002-08-06,,39.47999954223633,,,317.73333740234375,12.0,10.475000381469727,17.660438537597656,21.200000762939453,6.679999828338623,20.790000915527344,10.220000267028809,25.420000076293945,11.270000457763672,
2002-08-07,,40.29999923706055,,,313.9333190917969,12.25,10.625,17.887895584106445,21.729999542236328,6.800000190734863,21.270000457763672,10.295000076293945,26.270000457763672,11.430000305175781,
2002-08-08,,40.310001373291016,,,334.3333435058594,12.800000190734863,11.074999809265137,18.82209587097168,22.360000610351562,7.050000190734863,21.760000228881836,10.484999656677246,27.25,11.579999923706055,
2002-08-09,,39.80500030517578,,,347.1333312988281,12.649999618530273,11.274999618530273,18.98456573486328,22.530000686645508,7.025000095367432,21.860000610351562,10.510000228881836,27.209999084472656,11.625,
2002-08-12,,40.27000045776367,,,354.3999938964844,12.449999809265137,11.25,18.77335548400879,22.270000457763672,6.960000038146973,21.790000915527344,10.6899995803833,27.25,11.460000038146973,
2002-08-13,,39.81999969482422,,,350.0,11.975000381469727,11.079999923706055,18.32656478881836,21.75,6.800000190734863,21.579999923706055,10.395000457763672,26.600000381469727,11.329999923706055,
2002-08-14,,40.11000061035156,,,361.9333190917969,12.819999694824219,11.515000343322754,19.057676315307617,22.219999313354492,7.224999904632568,22.290000915527344,10.710000038146973,27.270000457763672,11.949999809265137,
2002-08-15,,40.349998474121094,,,383.1333312988281,13.024999618530273,11.84000015258789,19.293258666992188,22.399999618530273,7.324999809265137,22.09000015258789,10.729999542236328,27.459999084472656,12.4399995803833,
2002-08-16,,40.79999923706055,,,374.6666564941406,13.680000305175781,11.649999618530273,19.1551570892334,22.3799991607666,7.5,21.989999771118164,10.5600004196167,27.239999771118164,12.425000190734863,
2002-08-19,,40.7400016784668,,,377.3333435058594,14.204999923706055,11.744999885559082,19.642566680908203,22.90999984741211,7.775000095367432,22.15999984741211,10.725000381469727,27.6200008392334,12.71500015258789,
2002-08-20,,40.57500076293945,,,361.20001220703125,13.75,11.449999809265137,19.374492645263672,22.799999237060547,7.554999828338623,22.059999465942383,10.694999694824219,27.270000457763672,12.625,
2002-08-21,,40.775001525878906,,,362.6000061035156,14.319999694824219,11.475000381469727,19.415109634399414,22.8700008392334,7.789999961853027,22.030000686645508,11.024999618530273,27.729999542236328,12.835000038146973,
2002-08-22,,40.89500045776367,,,379.0,14.265000343322754,11.800000190734863,19.642566680908203,23.200000762939453,7.880000114440918,22.139999389648438,11.25,28.600000381469727,13.029999732971191,
2002-08-23,,40.875,,,369.73333740234375,13.380000114440918,11.609999656677246,19.228269577026367,22.65999984741211,7.59499979019165,21.790000915527344,11.074999809265137,27.860000610351562,12.670000076293945,
2002-08-26,,41.15999984741211,,,378.3333435058594,13.4399995803833,11.765000343322754,19.512590408325195,22.940000534057617,7.644999980926514,21.84000015258789,11.25,28.170000076293945,12.744999885559082,
2002-08-27,,41.349998474121094,,,369.0,12.680000305175781,11.760000228881836,19.33387565612793,22.739999771118164,7.389999866485596,21.780000686645508,11.140000343322754,27.3700008392334,12.484999656677246,
2002-08-28,,41.69499969482422,,,359.9333190917969,12.225000381469727,11.479999542236328,19.017059326171875,22.299999237060547,7.184999942779541,21.549999237060547,11.069999694824219,27.149999618530273,12.34000015258789,
2002-08-29,,41.5,,,353.0,12.21500015258789,11.380000114440918,19.033306121826172,22.1299991607666,7.284999847412109,21.309999465942383,10.914999961853027,27.219999313354492,12.454999923706055,
2002-08-30,,41.69499969482422,,,357.3333435058594,12.050000190734863,11.454999923706055,19.073923110961914,22.149999618530273,7.099999904632568,21.469999313354492,10.75,27.139999389648438,12.460000038146973,
2002-09-03,,41.2599983215332,,,333.73333740234375,11.524999618530273,11.0,18.139724731445312,21.3799991607666,6.75,21.0,10.454999923706055,26.010000228881836,12.015000343322754,
2002-09-04,,41.3650016784668,,,332.0,11.619999885559082,10.975000381469727,18.48090934753418,21.59000015258789,6.960000038146973,21.170000076293945,10.390000343322754,26.809999465942383,12.239999771118164,
2002-09-05,,41.224998474121094,,,330.3333435058594,11.140000343322754,10.994999885559082,18.2047119140625,21.209999084472656,6.724999904632568,21.15999984741211,10.359999656677246,26.5,12.015000343322754,
2002-09-06,,41.23500061035156,,,341.0,11.694999694824219,11.175000190734863,18.48090934753418,21.479999542236328,6.949999809265137,21.15999984741211,10.359999656677246,26.5,12.390000343322754,
2002-09-09,,41.30500030517578,,,343.3333435058594,11.65999984741211,11.15999984741211,18.77335548400879,21.65999984741211,7.025000095367432,21.579999923706055,10.34000015258789,26.799999237060547,12.555000305175781,
2002-09-10,,41.23500061035156,,,353.0,12.085000038146973,11.399999618530273,18.659626007080078,21.899999618530273,7.144999980926514,21.56999969482422,10.104999542236328,26.899999618530273,12.710000038146973,
2002-09-11,,41.29999923706055,,,351.3333435058594,12.255000114440918,11.34000015258789,18.55402183532715,21.899999618530273,7.184999942779541,21.530000686645508,10.114999771118164,26.950000762939453,12.71500015258789,
2002-09-12,,41.0,,,342.0,11.449999809265137,11.0600004196167,18.03411865234375,21.600000381469727,6.920000076293945,21.25,9.854999542236328,26.440000534057617,12.399999618530273,
2002-09-13,,40.57500076293945,,,344.6666564941406,11.390000343322754,11.180000305175781,18.172218322753906,21.079999923706055,6.949999809265137,21.3700008392334,10.0,26.639999389648438,12.524999618530273,
2002-09-16,,40.525001525878906,,,348.9333190917969,11.024999618530273,11.260000228881836,18.13159942626953,21.290000915527344,6.835000038146973,21.68000030517578,9.885000228881836,26.639999389648438,12.5600004196167,
2002-09-17,,40.130001068115234,,,336.0,10.800000190734863,10.895000457763672,17.74167251586914,20.850000381469727,6.75,21.1299991607666,9.524999618530273,26.239999771118164,12.420000076293945,
2002-09-18,,40.125,,,336.6666564941406,10.654999732971191,10.925000190734863,17.59545135498047,20.81999969482422,6.679999828338623,21.139999389648438,9.84000015258789,26.389999389648438,12.4350004196167,
2002-09-19,,39.82500076293945,,,325.6000061035156,10.324999809265137,10.614999771118164,16.986190795898438,20.40999984741211,6.380000114440918,20.530000686645508,9.635000228881836,25.5,12.0,
2002-09-20,,40.0,,,320.0666809082031,10.095000267028809,10.635000228881836,16.815597534179688,20.40999984741211,6.414999961853027,20.399999618530273,9.295000076293945,25.6200008392334,12.164999961853027,
2002-09-23,,39.8849983215332,,,322.3333435058594,9.574999809265137,10.574999809265137,16.823720932006836,20.149999618530273,6.215000152587891,20.31999969482422,9.050000190734863,25.31999969482422,11.78499984741211,
2002-09-24,,39.44499969482422,,,311.0666809082031,9.6899995803833,10.270000457763672,16.498781204223633,19.719999313354492,6.114999771118164,19.989999771118164,8.755000114440918,25.299999237060547,11.600000381469727,
2002-09-25,,39.345001220703125,,,326.3333435058594,10.369999885559082,10.550000190734863,16.823720932006836,20.100000381469727,6.349999904632568,20.149999618530273,9.015000343322754,26.020000457763672,11.829999923706055,
2002-09-26,,39.80500030517578,,,344.6666564941406,10.1850004196167,10.994999885559082,17.311128616333008,20.489999771118164,6.275000095367432,20.610000610351562,9.369999885559082,26.479999542236328,12.114999771118164,
2002-09-27,,39.525001525878906,,,337.0,10.0,10.789999961853027,16.774980545043945,19.709999084472656,6.119999885559082,20.0,9.210000038146973,25.5,11.760000228881836,
2002-09-30,,39.07500076293945,,,333.6666564941406,9.619999885559082,10.579999923706055,16.791227340698242,19.520000457763672,5.914999961853027,19.790000915527344,9.335000038146973,25.3799991607666,11.335000038146973,
2002-10-01,,38.96500015258789,,,344.3999938964844,10.140000343322754,10.914999961853027,17.506092071533203,20.3700008392334,6.235000133514404,20.3799991607666,9.484999656677246,26.170000076293945,11.649999618530273,
2002-10-02,,38.525001525878906,,,342.0,10.154999732971191,10.795000076293945,16.80747413635254,19.670000076293945,6.09499979019165,20.270000457763672,9.199999809265137,26.190000534057617,11.390000343322754,
2002-10-03,,38.70000076293945,,,340.9333190917969,9.595000267028809,10.864999771118164,16.133224487304688,19.510000228881836,6.079999923706055,20.219999313354492,9.149999618530273,26.09000015258789,11.335000038146973,
2002-10-04,,37.869998931884766,,,335.3333435058594,9.354999542236328,10.680000305175781,15.686433792114258,19.0,5.949999809265137,20.0,8.729999542236328,25.270000457763672,11.1899995803833,
2002-10-07,,36.75,,,328.4666748046875,9.125,10.545000076293945,15.190901756286621,18.489999771118164,5.84499979019165,19.959999084472656,8.649999618530273,25.209999084472656,10.755000114440918,
2002-10-08,,36.29999923706055,,,324.0,8.875,10.430000305175781,15.775792121887207,18.6299991607666,5.84499979019165,20.3799991607666,8.324999809265137,25.950000762939453,11.074999809265137,
2002-10-09,,35.439998626708984,,,314.6000061035156,8.835000038146973,10.225000381469727,15.10966682434082,18.0,5.789999961853027,20.1200008392334,7.614999771118164,25.68000030517578,10.675000190734863,
2002-10-10,,36.29999923706055,,,322.79998779296875,9.364999771118164,10.46500015258789,15.905768394470215,18.6200008392334,6.09499979019165,20.209999084472656,8.130000114440918,26.0,10.864999771118164,
2002-10-11,,37.099998474121094,,,332.8666687011719,10.180000305175781,10.640000343322754,16.74248504638672,19.479999542236328,6.480000019073486,20.440000534057617,8.239999771118164,26.309999465942383,11.390000343322754,
2002-10-14,,36.6349983215332,,,347.4666748046875,10.199999809265137,10.9350004196167,16.864337921142578,19.3700008392334,6.489999771118164,20.780000686645508,8.225000381469727,27.0,11.479999542236328,
2002-10-15,,37.349998474121094,,,362.6666564941406,11.170000076293945,11.265000343322754,18.074735641479492,20.309999465942383,6.900000095367432,20.959999084472656,8.25,27.479999542236328,12.050000190734863,
2002-10-16,,37.150001525878906,,,352.6666564941406,10.100000381469727,11.09000015258789,17.749797821044922,19.809999465942383,6.525000095367432,20.520000457763672,7.965000152587891,27.559999465942383,11.835000038146973,
2002-10-17,,37.5,,,365.0666809082031,10.78499984741211,11.324999809265137,18.277822494506836,20.43000030517578,6.800000190734863,20.610000610351562,8.100000381469727,27.899999618530273,11.96500015258789,
2002-10-18,,37.625,,,364.73333740234375,10.975000381469727,11.3149995803833,18.26157569885254,20.399999618530273,6.889999866485596,20.850000381469727,8.170000076293945,27.90999984741211,12.130000114440918,
2002-10-21,,37.45000076293945,,,367.6666564941406,11.510000228881836,11.369999885559082,18.562145233154297,21.020000457763672,7.03000020980835,21.3700008392334,8.649999618530273,28.0,12.399999618530273,
2002-10-22,,36.709999084472656,,,359.26666259765625,10.694999694824219,11.050000190734863,18.391551971435547,20.729999542236328,7.0,21.0,8.539999961853027,27.479999542236328,12.329999923706055,
2002-10-23,,36.724998474121094,,,371.6666564941406,11.510000228881836,11.229999542236328,18.399675369262695,20.940000534057617,7.190000057220459,21.0,8.694999694824219,27.299999237060547,12.470000267028809,
2002-10-24,,37.17499923706055,,,364.0,11.1899995803833,11.045000076293945,18.066612243652344,20.5,7.074999809265137,20.690000534057617,8.699999809265137,26.850000381469727,12.3149995803833,
2002-10-25,,37.73500061035156,,,344.6666564941406,11.84000015258789,10.875,18.521526336669922,20.760000228881836,7.264999866485596,20.829999923706055,8.824999809265137,27.34000015258789,12.5649995803833,
2002-10-28,,37.474998474121094,,,350.0,11.789999961853027,10.854999542236328,18.47278594970703,20.469999313354492,7.25,20.3700008392334,9.0,27.219999313354492,12.364999771118164,
2002-10-29,,37.25,,,344.3333435058594,11.46500015258789,10.539999961853027,18.269699096679688,20.299999237060547,7.130000114440918,20.65999984741211,8.9399995803833,26.8799991607666,12.350000381469727,
2002-10-30,,37.23500061035156,,,362.9333190917969,12.074999809265137,10.890000343322754,18.47278594970703,20.31999969482422,7.375,20.75,9.140000343322754,27.059999465942383,12.135000228881836,
2002-10-31,,37.494998931884766,,,359.0,11.989999771118164,10.774999618530273,18.32656478881836,20.479999542236328,7.380000114440918,20.559999465942383,9.119999885559082,26.860000610351562,12.100000381469727,
2002-11-01,,37.71500015258789,,,377.9333190917969,12.625,11.0600004196167,18.586515426635742,20.75,7.599999904632568,20.81999969482422,9.164999961853027,27.1299991607666,12.279999732971191,
2002-11-04,,38.29999923706055,,,371.3999938964844,13.104999542236328,10.875,18.740861892700195,20.770000457763672,7.894999980926514,20.350000381469727,9.494999885559082,27.170000076293945,12.225000381469727,
2002-11-05,,38.31999969482422,,,378.26666259765625,12.78499984741211,11.100000381469727,18.805849075317383,20.969999313354492,7.84499979019165,20.549999237060547,9.494999885559082,27.510000228881836,12.390000343322754,
2002-11-06,,38.724998474121094,,,394.0666809082031,13.225000381469727,11.199999809265137,18.846466064453125,21.360000610351562,7.96999979019165,20.469999313354492,9.694999694824219,28.06999969482422,12.529999732971191,
2002-11-07,,38.54499816894531,,,378.6666564941406,12.345000267028809,10.989999771118164,18.164094924926758,20.899999618530273,7.65500020980835,20.420000076293945,9.244999885559082,27.950000762939453,12.225000381469727,
2002-11-08,,38.220001220703125,,,374.0,12.199999809265137,10.925000190734863,18.066612243652344,20.59000015258789,7.599999904632568,20.290000915527344,8.960000038146973,27.770000457763672,12.0649995803833,
2002-11-11,,37.974998474121094,,,366.9333190917969,11.539999961853027,10.789999961853027,17.87164878845215,20.200000762939453,7.335000038146973,20.229999542236328,8.859999656677246,27.389999389648438,11.869999885559082,
2002-11-12,,38.224998474121094,,,362.0666809082031,11.944999694824219,10.755000114440918,18.058488845825195,20.209999084472656,7.539999961853027,19.6299991607666,8.694999694824219,27.40999984741211,12.050000190734863,
2002-11-13,,37.8650016784668,,,351.6666564941406,11.975000381469727,10.515000343322754,17.969131469726562,20.170000076293945,7.574999809265137,19.920000076293945,8.75,27.09000015258789,12.085000038146973,
2002-11-14,,38.63999938964844,,,369.1333312988281,12.800000190734863,10.854999542236328,18.513404846191406,20.450000762939453,7.880000114440918,20.190000534057617,8.944999694824219,27.520000457763672,12.425000190734863,
2002-11-15,,38.66999816894531,,,368.6666564941406,12.8100004196167,10.9399995803833,18.683996200561523,20.450000762939453,7.894999980926514,20.329999923706055,9.074999809265137,27.780000686645508,12.524999618530273,
2002-11-18,,38.35499954223633,,,368.6666564941406,12.725000381469727,10.949999809265137,18.359058380126953,20.299999237060547,7.804999828338623,20.239999771118164,9.050000190734863,27.6299991607666,12.319999694824219,
2002-11-19,,38.5,,,366.0,12.524999618530273,10.949999809265137,18.3671817779541,20.329999923706055,7.679999828338623,20.360000610351562,9.100000381469727,27.600000381469727,12.0649995803833,
2002-11-20,,38.619998931884766,,,384.0,13.350000381469727,11.164999961853027,18.830219268798828,20.6299991607666,8.0,20.34000015258789,9.095000267028809,27.850000381469727,12.180000305175781,
2002-11-21,,38.775001525878906,,,391.0,14.199999809265137,11.25,19.27701187133789,21.479999542236328,8.414999961853027,20.09000015258789,9.25,28.0,12.5,
2002-11-22,,38.959999084472656,,,382.79998779296875,14.199999809265137,11.010000228881836,19.147035598754883,21.3799991607666,8.385000228881836,20.09000015258789,9.510000228881836,27.799999237060547,12.53499984741211,
2002-11-25,,39.005001068115234,,,383.3333435058594,14.654999732971191,11.100000381469727,19.114540100097656,21.34000015258789,8.510000228881836,19.959999084472656,9.529999732971191,27.719999313354492,12.614999771118164,
2002-11-26,,38.94499969482422,,,372.1333312988281,14.125,10.890000343322754,18.59463882446289,21.040000915527344,8.265000343322754,19.829999923706055,9.289999961853027,27.280000686645508,12.270000457763672,
2002-11-27,,39.25,,,382.3333435058594,14.899999618530273,11.085000038146973,19.171405792236328,21.600000381469727,8.600000381469727,20.110000610351562,9.345000267028809,27.799999237060547,12.779999732971191,
2002-11-29,,39.310001373291016,,,391.3333435058594,14.649999618530273,11.220000267028809,19.008935928344727,21.549999237060547,8.550000190734863,19.989999771118164,9.385000228881836,27.690000534057617,12.65999984741211,
2002-12-02,,39.400001525878906,,,406.1333312988281,14.645000457763672,11.255000114440918,19.008935928344727,21.690000534057617,8.574999809265137,19.829999923706055,9.244999885559082,27.440000534057617,12.75,
2002-12-03,,39.5,,,403.9333190917969,13.994999885559082,11.364999771118164,18.732738494873047,21.329999923706055,8.274999618530273,19.950000762939453,9.345000267028809,27.260000228881836,12.350000381469727,
2002-12-04,,39.150001525878906,,,391.6666564941406,13.300000190734863,11.265000343322754,18.732738494873047,21.260000228881836,8.149999618530273,20.25,9.135000228881836,27.510000228881836,12.350000381469727,
2002-12-05,,39.17499923706055,,,390.79998779296875,13.100000381469727,11.34000015258789,18.407798767089844,21.040000915527344,7.96999979019165,20.049999237060547,9.104999542236328,27.350000381469727,12.265000343322754,
2002-12-06,,39.220001220703125,,,393.6666564941406,13.045000076293945,11.449999809265137,18.55402183532715,21.030000686645508,8.045000076293945,20.209999084472656,9.095000267028809,27.469999313354492,12.25,
2002-12-09,,39.31999969482422,,,387.6000061035156,12.1899995803833,11.25,18.19658851623535,20.700000762939453,7.664999961853027,20.149999618530273,9.220000267028809,27.350000381469727,11.850000381469727,
2002-12-10,,39.17499923706055,,,390.6666564941406,12.6899995803833,11.425000190734863,18.47278594970703,20.8700008392334,7.789999961853027,20.420000076293945,9.289999961853027,27.450000762939453,12.0649995803833,
2002-12-11,,39.14500045776367,,,387.6666564941406,12.699999809265137,11.364999771118164,18.489032745361328,20.979999542236328,7.849999904632568,20.299999237060547,9.375,27.40999984741211,12.050000190734863,
2002-12-12,,39.19499969482422,,,401.4666748046875,12.645000457763672,11.46500015258789,18.407798767089844,20.899999618530273,7.815000057220459,20.170000076293945,9.404999732971191,27.1299991607666,11.975000381469727,
2002-12-13,,38.21500015258789,,,396.3333435058594,12.140000343322754,11.4350004196167,18.19658851623535,20.540000915527344,7.639999866485596,20.18000030517578,9.5,26.979999542236328,11.760000228881836,
2002-12-16,,38.334999084472656,,,407.6666564941406,12.640000343322754,11.630000114440918,18.71649169921875,21.049999237060547,7.900000095367432,20.280000686645508,9.649999618530273,27.25,12.050000190734863,
2002-12-17,,38.20000076293945,,,400.3333435058594,12.53499984741211,11.510000228881836,18.627132415771484,20.790000915527344,7.860000133514404,20.06999969482422,9.65999984741211,26.889999389648438,11.875,
2002-12-18,,38.04499816894531,,,391.6666564941406,11.694999694824219,11.414999961853027,18.277822494506836,20.760000228881836,7.644999980926514,20.040000915527344,9.630000114440918,26.809999465942383,11.725000381469727,
2002-12-19,,37.845001220703125,,,392.0,11.625,11.300000190734863,18.115352630615234,20.610000610351562,7.614999771118164,19.780000686645508,9.640000343322754,26.549999237060547,11.619999885559082,
2002-12-20,,38.099998474121094,,,402.3333435058594,11.649999618530273,11.470000267028809,18.399675369262695,20.81999969482422,7.675000190734863,20.010000228881836,9.625,26.68000030517578,11.739999771118164,
2002-12-23,,38.07500076293945,,,405.3333435058594,11.864999771118164,11.520000457763672,18.359058380126953,20.719999313354492,7.769999980926514,20.06999969482422,9.585000038146973,26.850000381469727,11.574999809265137,
2002-12-24,,38.400001525878906,,,399.3333435058594,11.744999885559082,11.46500015258789,18.19658851623535,20.6200008392334,7.690000057220459,20.06999969482422,9.545000076293945,27.0,11.515000343322754,
2002-12-26,,38.29999923706055,,,394.0,11.675000190734863,11.335000038146973,18.139724731445312,20.690000534057617,7.650000095367432,20.059999465942383,9.604999542236328,26.540000915527344,11.645000457763672,
2002-12-27,,38.275001525878906,,,383.6000061035156,11.489999771118164,11.09000015258789,17.80666160583496,20.290000915527344,7.514999866485596,19.899999618530273,9.569999694824219,26.190000534057617,11.375,
2002-12-30,,38.369998931884766,,,379.3333435058594,11.164999961853027,11.145000457763672,17.93663787841797,20.399999618530273,7.440000057220459,20.020000457763672,9.595000267028809,26.43000030517578,11.484999656677246,
2002-12-31,,38.650001525878906,,,382.0,11.074999809265137,11.164999961853027,17.87164878845215,20.59000015258789,7.400000095367432,19.940000534057617,9.574999809265137,26.549999237060547,11.555000305175781,
2003-01-02,,38.650001525878906,,,395.3333435058594,11.859999656677246,11.399999618530273,18.521526336669922,21.1200008392334,7.800000190734863,20.31999969482422,9.800000190734863,27.270000457763672,11.989999771118164,
2003-01-03,,39.13999938964844,,,391.4666748046875,12.024999618530273,11.380000114440918,18.505279541015625,21.190000534057617,7.829999923706055,20.299999237060547,9.899999618530273,27.549999237060547,11.71500015258789,
2003-01-06,,39.45000076293945,,,383.3999938964844,12.649999618530273,11.475000381469727,19.130788803100586,21.3799991607666,8.175000190734863,20.450000762939453,10.345000267028809,27.850000381469727,11.930000305175781,
2003-01-07,,39.0,,,364.79998779296875,12.654999732971191,11.100000381469727,18.919578552246094,21.260000228881836,8.260000228881836,20.270000457763672,10.119999885559082,27.450000762939453,11.864999771118164,
2003-01-08,,38.40999984741211,,,363.3333435058594,12.220000267028809,10.994999885559082,18.724613189697266,21.0,7.989999771118164,20.149999618530273,10.1899995803833,27.239999771118164,11.755000114440918,
2003-01-09,,38.56999969482422,,,367.3333435058594,12.460000038146973,11.135000228881836,19.09829330444336,21.270000457763672,8.225000381469727,20.350000381469727,10.140000343322754,27.520000457763672,12.079999923706055,
2003-01-10,,38.349998474121094,,,366.6666564941406,12.770000457763672,11.045000076293945,19.090171813964844,21.229999542236328,8.270000457763672,20.40999984741211,10.140000343322754,27.510000228881836,12.109999656677246,
2003-01-13,,38.10499954223633,,,360.0,12.625,11.005000114440918,19.147035598754883,21.190000534057617,8.225000381469727,20.459999084472656,9.925000190734863,27.530000686645508,12.170000076293945,
2003-01-14,,38.005001068115234,,,353.79998779296875,12.725000381469727,11.050000190734863,19.293258666992188,21.229999542236328,8.34000015258789,20.520000457763672,9.944999694824219,27.510000228881836,12.1850004196167,
2003-01-15,,38.0,,,365.6000061035156,12.390000343322754,11.085000038146973,19.008935928344727,20.93000030517578,8.175000190734863,20.31999969482422,9.914999961853027,27.200000762939453,12.039999961853027,
2003-01-16,,37.665000915527344,,,376.79998779296875,12.029999732971191,11.194999694824219,18.82209587097168,20.809999465942383,8.0,20.6200008392334,9.899999618530273,27.1200008392334,11.994999885559082,
2003-01-17,,37.165000915527344,,,370.6666564941406,11.390000343322754,11.109999656677246,18.76523208618164,20.65999984741211,7.610000133514404,20.5,9.854999542236328,27.100000381469727,11.875,
2003-01-21,,37.084999084472656,,,357.0,11.270000457763672,10.850000381469727,18.456539154052734,20.149999618530273,7.559999942779541,20.350000381469727,9.649999618530273,26.899999618530273,11.539999961853027,
2003-01-22,,37.125,,,363.6000061035156,11.225000381469727,10.819999694824219,18.164094924926758,19.770000457763672,7.510000228881836,20.110000610351562,9.5649995803833,26.829999923706055,11.375,
2003-01-23,,37.220001220703125,,,371.6666564941406,11.59000015258789,10.850000381469727,18.440292358398438,20.1299991607666,7.639999866485596,19.969999313354492,9.739999771118164,26.90999984741211,11.640000343322754,
2003-01-24,,36.880001068115234,,,362.1333312988281,11.100000381469727,10.65999984741211,17.733549118041992,19.510000228881836,7.340000152587891,19.530000686645508,9.489999771118164,26.31999969482422,11.3149995803833,
2003-01-27,,36.54999923706055,,,345.79998779296875,10.96500015258789,10.324999809265137,17.46547508239746,19.360000610351562,7.260000228881836,19.270000457763672,9.125,25.739999771118164,11.135000228881836,
2003-01-28,,36.685001373291016,,,349.9333190917969,11.109999656677246,10.5,17.717302322387695,19.479999542236328,7.360000133514404,19.329999923706055,9.399999618530273,26.18000030517578,11.300000190734863,
2003-01-29,,36.915000915527344,,,359.26666259765625,11.454999923706055,10.84000015258789,17.749797821044922,19.5,7.465000152587891,19.1200008392334,9.395000457763672,26.43000030517578,11.399999618530273,
2003-01-30,,36.82500076293945,,,358.3999938964844,10.859999656677246,10.670000076293945,17.30300521850586,19.15999984741211,7.235000133514404,18.770000457763672,9.244999885559082,25.940000534057617,11.074999809265137,
2003-01-31,,37.224998474121094,,,363.79998779296875,10.75,10.885000228881836,17.64419174194336,19.479999542236328,7.224999904632568,19.260000228881836,9.350000381469727,26.459999084472656,11.170000076293945,
2003-02-03,,37.25,,,367.1333312988281,10.699999809265137,10.970000267028809,17.6848087310791,19.649999618530273,7.289999961853027,19.329999923706055,9.380000114440918,26.350000381469727,11.210000038146973,
2003-02-04,,37.154998779296875,,,376.0,10.664999961853027,11.045000076293945,17.262388229370117,19.479999542236328,7.164999961853027,19.34000015258789,9.335000038146973,26.040000915527344,10.979999542236328,
2003-02-05,,37.334999084472656,,,376.79998779296875,10.649999618530273,10.96500015258789,17.099918365478516,19.5,7.139999866485596,19.200000762939453,9.194999694824219,25.850000381469727,10.949999809265137,
2003-02-06,,37.334999084472656,,,375.0,10.489999771118164,10.920000076293945,16.896831512451172,19.34000015258789,7.099999904632568,19.049999237060547,9.109999656677246,25.799999237060547,10.90999984741211,
2003-02-07,,37.04999923706055,,,368.3999938964844,10.319999694824219,10.819999694824219,16.783103942871094,19.149999618530273,7.019999980926514,18.920000076293945,8.949999809265137,25.75,10.824999809265137,
2003-02-10,,37.29999923706055,,,376.6666564941406,10.449999809265137,10.960000038146973,16.896831512451172,19.170000076293945,7.09499979019165,19.049999237060547,8.979999542236328,25.940000534057617,10.829999923706055,
2003-02-11,,36.994998931884766,,,375.4666748046875,10.529999732971191,10.890000343322754,16.661251068115234,18.969999313354492,7.070000171661377,18.690000534057617,8.829999923706055,25.639999389648438,10.869999885559082,
2003-02-12,,36.70500183105469,,,364.6666564941406,10.449999809265137,10.699999809265137,16.450040817260742,18.809999465942383,6.974999904632568,18.690000534057617,8.524999618530273,25.350000381469727,10.779999732971191,
2003-02-13,,36.689998626708984,,,355.79998779296875,10.425000190734863,10.649999618530273,16.5718936920166,18.56999969482422,6.994999885559082,18.709999084472656,8.645000457763672,25.049999237060547,10.645000457763672,
2003-02-14,,36.61000061035156,,,358.0666809082031,11.005000114440918,10.734999656677246,16.945573806762695,19.0,7.215000152587891,19.049999237060547,8.789999961853027,25.31999969482422,10.875,
2003-02-18,,37.04499816894531,,,369.0,11.489999771118164,10.90999984741211,17.213647842407227,19.209999084472656,7.449999809265137,19.18000030517578,8.885000228881836,25.940000534057617,11.175000190734863,
2003-02-19,,37.29999923706055,,,366.3333435058594,11.380000114440918,10.899999618530273,17.173030853271484,19.299999237060547,7.400000095367432,19.030000686645508,8.890000343322754,25.81999969482422,11.020000457763672,
2003-02-20,,37.32500076293945,,,370.6666564941406,11.5,10.875,17.010560989379883,19.200000762939453,7.284999847412109,18.84000015258789,8.885000228881836,25.530000686645508,10.914999961853027,
2003-02-21,,37.790000915527344,,,384.0,11.520000457763672,11.114999771118164,17.262388229370117,19.5,7.375,18.950000762939453,9.0,25.790000915527344,11.079999923706055,
2003-02-24,,37.41999816894531,,,395.3333435058594,11.380000114440918,11.210000038146973,16.80747413635254,18.850000381469727,7.25,18.690000534057617,8.9399995803833,25.450000762939453,10.770000457763672,
2003-02-25,,37.75,,,388.0,11.414999961853027,11.149999618530273,16.969942092895508,19.149999618530273,7.269999980926514,18.829999923706055,9.0,25.6200008392334,10.989999771118164,
2003-02-26,,37.57500076293945,,,393.4666748046875,11.109999656677246,11.180000305175781,16.774980545043945,19.0,7.079999923706055,18.729999542236328,8.845000267028809,25.479999542236328,10.84000015258789,
2003-02-27,,37.875,,,383.73333740234375,11.375,11.114999771118164,17.01868438720703,19.1299991607666,7.150000095367432,18.75,8.859999656677246,25.799999237060547,10.989999771118164,
2003-02-28,,37.94499969482422,,,385.0,11.770000457763672,11.204999923706055,17.099918365478516,19.18000030517578,7.260000228881836,18.670000076293945,8.850000381469727,25.8700008392334,11.119999885559082,
2003-03-03,,37.904998779296875,,,383.4666748046875,11.364999771118164,11.244999885559082,16.91307830810547,19.100000381469727,7.135000228881836,18.520000457763672,8.90999984741211,25.739999771118164,10.949999809265137,
2003-03-04,,37.67499923706055,,,379.0,11.239999771118164,11.1899995803833,16.669374465942383,18.75,7.054999828338623,18.360000610351562,8.854999542236328,25.459999084472656,10.645000457763672,
2003-03-05,,37.70000076293945,,,377.6666564941406,11.40999984741211,11.289999961853027,16.90495491027832,18.899999618530273,7.125,18.219999313354492,8.944999694824219,25.700000762939453,10.779999732971191,
2003-03-06,,37.47999954223633,,,386.6666564941406,11.350000381469727,11.300000190734863,16.669374465942383,18.760000228881836,7.034999847412109,18.100000381469727,8.944999694824219,25.75,10.654999732971191,
2003-03-07,,37.25,,,381.4666748046875,11.204999923706055,11.300000190734863,16.815597534179688,18.829999923706055,7.0,18.1200008392334,8.975000381469727,26.0,10.8149995803833,
2003-03-10,,36.70500183105469,,,373.3333435058594,10.984999656677246,11.1850004196167,16.206335067749023,18.350000381469727,6.855000019073486,17.81999969482422,8.765000343322754,25.559999465942383,10.5600004196167,
2003-03-11,,36.65999984741211,,,361.6666564941406,11.015000343322754,11.074999809265137,15.938261985778809,18.010000228881836,6.820000171661377,18.0,8.75,25.219999313354492,10.470000267028809,
2003-03-12,,36.5,,,356.0,11.28499984741211,10.899999618530273,15.962632179260254,18.219999313354492,6.909999847412109,18.139999389648438,8.765000343322754,25.299999237060547,10.449999809265137,
2003-03-13,,37.064998626708984,,,359.0666809082031,12.175000190734863,10.944999694824219,16.645004272460938,18.75,7.28000020980835,18.540000915527344,8.920000076293945,25.65999984741211,11.005000114440918,
2003-03-14,,36.88999938964844,,,357.4666748046875,11.989999771118164,10.899999618530273,16.718114852905273,19.049999237060547,7.304999828338623,18.510000228881836,8.954999923706055,25.450000762939453,11.024999618530273,
2003-03-17,,37.625,,,361.0,12.375,11.039999961853027,17.229894638061523,19.59000015258789,7.639999866485596,19.040000915527344,9.154999732971191,26.170000076293945,11.555000305175781,
2003-03-18,,37.755001068115234,,,376.0,12.8100004196167,11.25,17.327375411987305,19.850000381469727,7.675000190734863,18.899999618530273,9.260000228881836,26.450000762939453,11.479999542236328,
2003-03-19,,38.244998931884766,,,371.73333740234375,12.774999618530273,11.265000343322754,17.579204559326172,19.969999313354492,7.659999847412109,19.219999313354492,9.210000038146973,26.75,11.699999809265137,
2003-03-20,,38.564998626708984,,,379.79998779296875,12.875,11.375,17.603574752807617,19.959999084472656,7.650000095367432,19.18000030517578,9.3149995803833,26.719999313354492,11.789999961853027,
2003-03-21,,39.20000076293945,,,368.73333740234375,13.180000305175781,11.1899995803833,17.969131469726562,20.579999923706055,7.764999866485596,19.489999771118164,9.369999885559082,27.34000015258789,12.140000343322754,
2003-03-24,,38.244998931884766,,,359.3333435058594,12.5,11.024999618530273,17.3436222076416,19.850000381469727,7.449999809265137,18.969999313354492,9.140000343322754,26.56999969482422,11.585000038146973,
2003-03-25,,38.65999984741211,,,361.0666809082031,12.604999542236328,11.125,17.47359848022461,19.889999389648438,7.554999828338623,18.979999542236328,9.265000343322754,27.100000381469727,11.755000114440918,
2003-03-26,,38.88999938964844,,,361.6666564941406,12.550000190734863,11.149999618530273,17.392364501953125,19.889999389648438,7.53000020980835,18.90999984741211,9.1850004196167,26.889999389648438,11.770000457763672,
2003-03-27,,38.66999816894531,,,370.79998779296875,12.444999694824219,11.239999771118164,17.286758422851562,19.84000015258789,7.445000171661377,18.950000762939453,9.229999542236328,26.989999771118164,11.725000381469727,
2003-03-28,,38.529998779296875,,,374.3333435058594,12.194999694824219,11.34000015258789,17.270511627197266,19.6200008392334,7.349999904632568,18.75,9.244999885559082,27.030000686645508,11.604999542236328,
2003-03-31,,38.32500076293945,,,366.9333190917969,11.545000076293945,11.15999984741211,16.864337921142578,19.309999465942383,7.150000095367432,18.56999969482422,9.199999809265137,26.719999313354492,11.364999771118164,
2003-04-01,,38.974998474121094,,,372.0,11.654999732971191,11.369999885559082,17.311128616333008,19.579999923706055,7.235000133514404,18.510000228881836,9.265000343322754,27.09000015258789,11.5,
2003-04-02,,39.38999938964844,,,375.0,12.454999923706055,11.345000267028809,17.76604461669922,20.020000457763672,7.545000076293945,18.899999618530273,9.270000457763672,27.489999771118164,11.800000190734863,
2003-04-03,,39.099998474121094,,,365.6666564941406,12.510000228881836,11.135000228881836,17.6848087310791,20.0,7.525000095367432,18.770000457763672,9.234999656677246,27.420000076293945,11.859999656677246,
2003-04-04,,39.025001525878906,,,363.8666687011719,12.194999694824219,11.194999694824219,17.863525390625,20.049999237060547,7.440000057220459,18.850000381469727,9.350000381469727,27.530000686645508,11.944999694824219,
2003-04-07,,39.349998474121094,,,362.6666564941406,12.390000343322754,11.109999656677246,17.928512573242188,20.200000762939453,7.460000038146973,18.75,9.350000381469727,27.290000915527344,12.050000190734863,
2003-04-08,,39.25,,,361.0,11.944999694824219,10.975000381469727,17.928512573242188,20.1200008392334,7.385000228881836,18.969999313354492,9.289999961853027,27.31999969482422,12.0600004196167,
2003-04-09,,39.05500030517578,,,363.1333312988281,11.744999885559082,10.970000267028809,17.676685333251953,19.8799991607666,7.224999904632568,18.81999969482422,9.270000457763672,26.959999084472656,11.899999618530273,
2003-04-10,,39.17499923706055,,,375.3333435058594,11.854999542236328,11.119999885559082,17.822908401489258,19.90999984741211,7.269999980926514,18.8799991607666,9.350000381469727,26.90999984741211,12.03499984741211,
2003-04-11,,38.959999084472656,,,374.73333740234375,11.725000381469727,11.055000305175781,17.81478500366211,19.940000534057617,7.204999923706055,18.920000076293945,9.319999694824219,26.780000686645508,11.90999984741211,
2003-04-14,,39.474998474121094,,,372.0,12.050000190734863,11.109999656677246,18.172218322753906,20.280000686645508,7.380000114440918,19.25,9.4399995803833,27.219999313354492,12.21500015258789,
2003-04-15,,39.64500045776367,,,364.3333435058594,12.145000457763672,11.079999923706055,18.48090934753418,20.450000762939453,7.394999980926514,19.31999969482422,9.5600004196167,27.049999237060547,12.305000305175781,
2003-04-16,,39.75,,,358.4666748046875,12.755000114440918,10.930000305175781,18.229082107543945,20.170000076293945,7.449999809265137,18.770000457763672,9.550000190734863,26.40999984741211,12.135000228881836,
2003-04-17,,40.119998931884766,,,370.8666687011719,13.21500015258789,11.149999618530273,18.55402183532715,20.5,7.605000019073486,19.100000381469727,9.569999694824219,26.670000076293945,12.364999771118164,
2003-04-21,,40.244998931884766,,,374.3333435058594,13.324999809265137,11.145000457763672,18.489032745361328,20.31999969482422,7.574999809265137,18.959999084472656,9.65999984741211,26.739999771118164,12.369999885559082,
2003-04-22,,40.79499816894531,,,379.0666809082031,13.75,11.300000190734863,19.057676315307617,20.93000030517578,7.739999771118164,19.299999237060547,9.795000076293945,27.190000534057617,12.619999885559082,
2003-04-23,,40.810001373291016,,,380.79998779296875,13.8100004196167,11.300000190734863,19.195775985717773,21.100000381469727,7.869999885559082,19.260000228881836,9.795000076293945,27.420000076293945,12.75,
2003-04-24,,40.474998474121094,,,380.3999938964844,13.595000267028809,11.260000228881836,18.797725677490234,20.899999618530273,7.800000190734863,19.1299991607666,9.885000228881836,27.59000015258789,12.550000190734863,
2003-04-25,,40.14500045776367,,,376.8666687011719,12.9399995803833,11.119999885559082,18.59463882446289,20.739999771118164,7.65500020980835,18.84000015258789,9.859999656677246,27.209999084472656,12.359999656677246,
2003-04-28,,40.005001068115234,,,373.26666259765625,13.234999656677246,11.170000076293945,18.919578552246094,21.110000610351562,7.815000057220459,19.110000610351562,9.994999885559082,27.43000030517578,12.645000457763672,
2003-04-29,,40.099998474121094,,,366.0,13.5,11.015000343322754,18.94394874572754,21.170000076293945,7.894999980926514,19.280000686645508,10.010000228881836,27.600000381469727,12.75,
2003-04-30,,39.70500183105469,,,367.6666564941406,13.194999694824219,11.0649995803833,18.98456573486328,21.399999618530273,7.804999828338623,19.1200008392334,9.994999885559082,27.600000381469727,12.694999694824219,
2003-05-01,,40.04999923706055,,,367.4666748046875,13.239999771118164,11.119999885559082,18.976442337036133,21.079999923706055,7.880000114440918,19.100000381469727,9.859999656677246,27.68000030517578,12.579999923706055,
2003-05-02,,40.404998779296875,,,372.5333251953125,13.625,11.295000076293945,19.27701187133789,21.3700008392334,8.045000076293945,19.25,9.9399995803833,28.100000381469727,12.699999809265137,
2003-05-05,,40.875,,,376.0,13.734999656677246,11.364999771118164,19.195775985717773,21.299999237060547,8.024999618530273,19.1299991607666,9.979999542236328,28.139999389648438,12.654999732971191,
2003-05-06,,41.10499954223633,,,378.4666748046875,14.079999923706055,11.350000381469727,19.341997146606445,21.360000610351562,8.170000076293945,19.229999542236328,9.96500015258789,28.190000534057617,12.819999694824219,
2003-05-07,,40.9900016784668,,,390.1333312988281,13.725000381469727,11.425000190734863,19.22014617919922,21.329999923706055,8.069999694824219,19.280000686645508,9.949999809265137,27.950000762939453,12.8100004196167,
2003-05-08,,41.14500045776367,,,393.8666687011719,13.430000305175781,11.4399995803833,19.000812530517578,21.1299991607666,7.940000057220459,19.190000534057617,9.9350004196167,27.850000381469727,12.6899995803833,
2003-05-09,,41.45000076293945,,,397.20001220703125,13.96500015258789,11.515000343322754,19.122665405273438,21.450000762939453,8.15999984741211,19.43000030517578,10.0,28.15999984741211,12.835000038146973,
2003-05-12,,41.775001525878906,,,397.26666259765625,14.274999618530273,11.569999694824219,19.341997146606445,21.610000610351562,8.28499984741211,19.600000381469727,10.074999809265137,28.440000534057617,13.029999732971191,
2003-05-13,,41.845001220703125,,,406.20001220703125,14.140000343322754,11.699999809265137,19.285133361816406,21.540000915527344,8.270000457763672,19.510000228881836,10.095000267028809,28.5,13.015000343322754,
2003-05-14,,41.665000915527344,,,412.3333435058594,13.975000381469727,11.75,19.27701187133789,21.469999313354492,8.239999771118164,19.360000610351562,10.140000343322754,28.450000762939453,12.914999961853027,
2003-05-15,,41.65999984741211,,,413.3333435058594,14.154999732971191,11.755000114440918,19.471973419189453,21.700000762939453,8.324999809265137,19.510000228881836,10.295000076293945,28.719999313354492,12.944999694824219,
2003-05-16,,41.935001373291016,,,415.6666564941406,13.904999732971191,11.795000076293945,19.520715713500977,21.600000381469727,8.25,19.399999618530273,10.510000228881836,28.649999618530273,12.96500015258789,
2003-05-19,,41.72999954223633,,,408.0,13.3100004196167,11.675000190734863,18.99268913269043,21.040000915527344,7.949999809265137,19.209999084472656,10.345000267028809,27.68000030517578,12.574999809265137,
2003-05-20,,42.119998931884766,,,404.5333251953125,13.319999694824219,11.630000114440918,19.008935928344727,21.15999984741211,7.965000152587891,19.329999923706055,10.390000343322754,27.34000015258789,12.579999923706055,
2003-05-21,,42.224998474121094,,,422.9333190917969,13.350000381469727,11.975000381469727,19.04955291748047,21.040000915527344,7.974999904632568,19.479999542236328,10.364999771118164,27.540000915527344,12.635000228881836,
2003-05-22,,42.650001525878906,,,421.0,13.475000381469727,11.949999809265137,19.10641860961914,21.200000762939453,8.0600004196167,19.739999771118164,10.550000190734863,27.850000381469727,12.850000381469727,
2003-05-23,,42.845001220703125,,,422.79998779296875,13.5600004196167,12.0600004196167,19.179529190063477,21.280000686645508,8.069999694824219,19.639999389648438,10.949999809265137,27.739999771118164,12.805000305175781,
2003-05-27,,42.790000915527344,,,430.5333251953125,14.274999618530273,12.300000190734863,19.528837203979492,21.799999237060547,8.279999732971191,19.829999923706055,11.109999656677246,28.139999389648438,13.100000381469727,
2003-05-28,,42.125,,,423.0,14.375,12.154999732971191,19.764419555664062,21.719999313354492,8.335000038146973,19.950000762939453,11.0600004196167,28.09000015258789,13.104999542236328,
2003-05-29,,41.31999969482422,,,415.9333190917969,14.765000343322754,12.039999961853027,19.55320930480957,21.479999542236328,8.354999542236328,19.850000381469727,10.895000457763672,27.860000610351562,13.09000015258789,
2003-05-30,,42.17499923706055,,,428.1333312988281,14.975000381469727,12.239999771118164,19.95125961303711,21.979999542236328,8.475000381469727,20.059999465942383,11.005000114440918,28.170000076293945,13.369999885559082,
2003-06-02,,42.38999938964844,,,425.0666809082031,14.59000015258789,12.305000305175781,20.129976272583008,22.200000762939453,8.430000305175781,20.020000457763672,11.100000381469727,27.950000762939453,13.494999885559082,
2003-06-03,,42.369998931884766,,,421.6000061035156,14.975000381469727,12.395000457763672,20.243703842163086,22.229999542236328,8.505000114440918,20.219999313354492,11.145000457763672,28.170000076293945,13.475000381469727,
2003-06-04,,43.08000183105469,,,424.1333312988281,15.5,12.475000381469727,20.536148071289062,22.520000457763672,8.6850004196167,20.3700008392334,11.300000190734863,28.65999984741211,13.6850004196167,
2003-06-05,,43.07500076293945,,,424.20001220703125,15.475000381469727,12.40999984741211,20.66612434387207,22.579999923706055,8.6850004196167,20.389999389648438,11.170000076293945,28.93000030517578,13.760000228881836,
2003-06-06,,43.5,,,420.20001220703125,15.25,12.385000228881836,20.649877548217773,22.770000457763672,8.600000381469727,20.31999969482422,11.050000190734863,29.190000534057617,13.6899995803833,
2003-06-09,,43.21500015258789,,,422.6666564941406,14.9399995803833,12.364999771118164,20.21933364868164,22.469999313354492,8.475000381469727,20.280000686645508,11.039999961853027,28.889999389648438,13.494999885559082,
2003-06-10,,43.625,,,426.3333435058594,15.085000038146973,12.4399995803833,20.38992691040039,22.59000015258789,8.595000267028809,20.34000015258789,11.09000015258789,29.110000610351562,13.645000457763672,
2003-06-11,,44.04499816894531,,,445.20001220703125,14.895000457763672,12.800000190734863,20.698619842529297,23.040000915527344,8.649999618530273,20.489999771118164,11.175000190734863,29.440000534057617,13.795000076293945,
2003-06-12,,43.625,,,436.26666259765625,14.744999885559082,12.6850004196167,20.658002853393555,23.100000381469727,8.6899995803833,20.559999465942383,11.3100004196167,29.5,13.880000114440918,
2003-06-13,,42.34000015258789,,,422.3333435058594,14.25,12.475000381469727,20.584890365600586,22.850000381469727,8.5,20.360000610351562,11.15999984741211,29.31999969482422,13.729999542236328,
2003-06-16,,42.78499984741211,,,414.6666564941406,14.600000381469727,12.460000038146973,21.088546752929688,23.399999618530273,8.710000038146973,20.770000457763672,11.375,30.209999084472656,14.050000190734863,
2003-06-17,,42.48500061035156,,,407.6666564941406,14.505000114440918,12.34000015258789,21.080421447753906,23.40999984741211,8.75,20.639999389648438,11.319999694824219,30.809999465942383,14.050000190734863,
2003-06-18,,41.95000076293945,,,409.0,14.8100004196167,12.265000343322754,20.877334594726562,23.290000915527344,8.835000038146973,20.610000610351562,11.375,30.729999542236328,13.920000076293945,
2003-06-19,,42.0099983215332,,,414.8666687011719,14.645000457763672,12.329999923706055,20.381803512573242,22.860000610351562,8.770000457763672,20.3799991607666,11.40999984741211,30.06999969482422,13.6899995803833,
2003-06-20,,42.0,,,411.4666748046875,14.449999809265137,12.225000381469727,20.34930992126465,22.920000076293945,8.760000228881836,20.290000915527344,11.260000228881836,30.200000762939453,13.6899995803833,
2003-06-23,,41.435001373291016,,,408.6666564941406,14.114999771118164,12.1899995803833,20.032493591308594,22.639999389648438,8.585000038146973,20.18000030517578,11.140000343322754,29.700000762939453,13.520000457763672,
2003-06-24,,41.7400016784668,,,409.0,13.925000190734863,12.180000305175781,20.146223068237305,22.649999618530273,8.550000190734863,20.399999618530273,11.069999694824219,29.719999313354492,13.520000457763672,
2003-06-25,,41.970001220703125,,,413.0,13.8149995803833,12.199999809265137,20.016246795654297,22.299999237060547,8.46500015258789,20.110000610351562,11.050000190734863,29.559999465942383,13.4399995803833,
2003-06-26,,42.47999954223633,,,404.0,14.25,12.145000457763672,20.186840057373047,22.56999969482422,8.625,20.239999771118164,11.154999732971191,29.979999542236328,13.539999961853027,
2003-06-27,,42.459999084472656,,,405.0,14.175000190734863,12.100000381469727,20.016246795654297,22.350000381469727,8.5600004196167,20.1299991607666,11.010000228881836,29.520000457763672,13.460000038146973,
2003-06-30,,42.29999923706055,,,401.0,14.114999771118164,12.024999618530273,19.94313621520996,22.389999389648438,8.53499984741211,20.15999984741211,11.0600004196167,29.329999923706055,13.545000076293945,
2003-07-01,,42.79999923706055,,,396.79998779296875,14.470000267028809,12.015000343322754,20.1787166595459,22.440000534057617,8.654999732971191,20.329999923706055,10.984999656677246,29.489999771118164,13.515000343322754,
2003-07-02,,43.375,,,397.0666809082031,14.819999694824219,12.0,20.430543899536133,22.5,8.835000038146973,20.459999084472656,11.0649995803833,29.770000457763672,13.640000343322754,
2003-07-03,,43.599998474121094,,,401.0,14.619999885559082,11.979999542236328,20.33306312561035,22.479999542236328,8.729999542236328,20.34000015258789,11.0,29.59000015258789,13.625,
2003-07-07,,43.95000076293945,,,389.6000061035156,15.529999732971191,11.899999618530273,20.682371139526367,22.780000686645508,9.029999732971191,20.489999771118164,11.020000457763672,29.799999237060547,13.899999618530273,
2003-07-08,,44.119998931884766,,,393.3333435058594,15.774999618530273,11.880000114440918,20.820470809936523,22.950000762939453,9.100000381469727,20.510000228881836,10.9350004196167,29.809999465942383,14.095000267028809,
2003-07-09,,43.849998474121094,,,401.20001220703125,15.899999618530273,12.0,20.78797721862793,22.700000762939453,9.09000015258789,20.239999771118164,10.854999542236328,29.6299991607666,13.920000076293945,
2003-07-10,,43.2599983215332,,,389.0,15.5,11.819999694824219,20.487409591674805,22.399999618530273,8.880000114440918,20.15999984741211,10.65999984741211,29.309999465942383,13.739999771118164,
2003-07-11,,43.6349983215332,,,390.0,15.59000015258789,11.854999542236328,20.771730422973633,22.6299991607666,9.005000114440918,20.299999237060547,10.725000381469727,29.649999618530273,13.944999694824219,
2003-07-14,,44.04499816894531,,,383.1333312988281,16.0049991607666,11.75,21.161657333374023,22.549999237060547,9.045000076293945,20.25,10.710000038146973,29.6200008392334,14.020000457763672,
2003-07-15,,43.959999084472656,,,380.79998779296875,16.125,11.649999618530273,21.047929763793945,22.40999984741211,9.0600004196167,20.360000610351562,10.5,29.510000228881836,13.9350004196167,
2003-07-16,,43.994998931884766,,,375.6666564941406,16.2549991607666,11.539999961853027,20.942323684692383,22.360000610351562,9.029999732971191,20.149999618530273,10.324999809265137,29.34000015258789,13.895000457763672,
2003-07-17,,43.44499969482422,,,379.73333740234375,15.680000305175781,11.614999771118164,20.593013763427734,22.299999237060547,8.755000114440918,20.079999923706055,10.300000190734863,29.149999618530273,13.734999656677246,
2003-07-18,,43.56999969482422,,,396.3333435058594,15.725000381469727,11.880000114440918,20.8448429107666,22.600000381469727,8.774999618530273,20.260000228881836,10.460000038146973,29.420000076293945,13.824999809265137,
2003-07-21,,43.54999923706055,,,389.73333740234375,15.399999618530273,11.8149995803833,20.601137161254883,22.5,8.579999923706055,20.09000015258789,10.3100004196167,28.959999084472656,13.670000076293945,
2003-07-22,,43.71500015258789,,,382.1333312988281,15.899999618530273,11.78499984741211,20.804224014282227,22.780000686645508,8.765000343322754,20.299999237060547,10.484999656677246,28.90999984741211,13.770000457763672,
2003-07-23,,43.64500045776367,,,377.5333251953125,16.225000381469727,11.720000267028809,20.73923683166504,22.709999084472656,8.8149995803833,20.209999084472656,10.420000076293945,29.1200008392334,13.710000038146973,
2003-07-24,,43.7599983215332,,,372.1333312988281,15.869999885559082,11.609999656677246,20.649877548217773,22.709999084472656,8.6899995803833,20.06999969482422,10.414999961853027,28.889999389648438,13.694999694824219,
2003-07-25,,44.099998474121094,,,373.0666809082031,16.170000076293945,11.71500015258789,21.137287139892578,23.219999313354492,8.875,20.229999542236328,10.5,29.1200008392334,13.875,
2003-07-28,,43.900001525878906,,,372.6666564941406,16.325000762939453,11.664999961853027,21.05605125427246,23.239999771118164,8.890000343322754,20.110000610351562,10.425000190734863,29.049999237060547,13.944999694824219,
2003-07-29,,44.189998626708984,,,362.0,16.100000381469727,11.5,20.828594207763672,22.920000076293945,8.805000305175781,20.0,10.380000114440918,28.920000076293945,13.854999542236328,
2003-07-30,,44.744998931884766,,,366.4666748046875,15.899999618530273,11.515000343322754,20.83671760559082,22.920000076293945,8.739999771118164,20.1299991607666,10.305000305175781,29.040000915527344,13.765000343322754,
2003-07-31,,44.625,,,371.3333435058594,16.25,11.600000381469727,20.812347412109375,23.1299991607666,8.800000190734863,20.1299991607666,10.319999694824219,28.889999389648438,13.795000076293945,
2003-08-01,,44.45000076293945,,,374.3999938964844,16.375,11.569999694824219,20.406173706054688,22.950000762939453,8.755000114440918,19.93000030517578,10.274999618530273,28.450000762939453,13.779999732971191,
2003-08-04,,44.130001068115234,,,365.4666748046875,16.424999237060547,11.449999809265137,20.430543899536133,23.0,8.829999923706055,20.010000228881836,10.274999618530273,28.5,13.675000190734863,
2003-08-05,,43.994998931884766,,,362.6666564941406,15.899999618530273,11.399999618530273,20.097482681274414,22.610000610351562,8.609999656677246,19.770000457763672,10.114999771118164,28.030000686645508,13.449999809265137,
2003-08-06,,44.099998474121094,,,371.0666809082031,15.75,11.600000381469727,20.373680114746094,22.56999969482422,8.529999732971191,19.889999389648438,10.175000190734863,28.010000228881836,13.494999885559082,
2003-08-07,,44.22999954223633,,,386.9333190917969,15.6899995803833,11.890000343322754,20.471162796020508,22.709999084472656,8.505000114440918,20.059999465942383,10.270000457763672,28.459999084472656,13.609999656677246,
2003-08-08,,44.369998931884766,,,386.6666564941406,15.25,11.925000190734863,20.56864356994629,22.739999771118164,8.494999885559082,20.18000030517578,10.319999694824219,28.56999969482422,13.739999771118164,
2003-08-11,,44.30500030517578,,,388.9333190917969,15.550000190734863,11.979999542236328,20.528026580810547,22.920000076293945,8.53499984741211,20.149999618530273,10.319999694824219,28.510000228881836,13.800000190734863,
2003-08-12,,44.290000915527344,,,390.0,15.795000076293945,12.0649995803833,20.771730422973633,23.139999389648438,8.664999961853027,20.309999465942383,10.460000038146973,28.59000015258789,13.984999656677246,
2003-08-13,,44.025001525878906,,,390.0,16.100000381469727,12.055000305175781,20.61738395690918,23.059999465942383,8.649999618530273,20.239999771118164,10.359999656677246,28.18000030517578,13.9350004196167,
2003-08-14,,44.290000915527344,,,386.6666564941406,16.31999969482422,12.100000381469727,20.812347412109375,23.329999923706055,8.725000381469727,20.350000381469727,10.399999618530273,28.15999984741211,14.0,
2003-08-15,,44.130001068115234,,,387.0,16.25,12.140000343322754,20.796100616455078,23.549999237060547,8.6850004196167,20.420000076293945,10.380000114440918,28.100000381469727,14.100000381469727,
2003-08-18,,44.375,,,391.1333312988281,17.075000762939453,12.140000343322754,20.820470809936523,23.899999618530273,8.9399995803833,20.459999084472656,10.354999542236328,28.290000915527344,14.180000305175781,
2003-08-19,,44.525001525878906,,,393.0,17.385000228881836,12.085000038146973,20.796100616455078,24.040000915527344,9.0600004196167,20.350000381469727,10.364999771118164,28.139999389648438,14.194999694824219,
2003-08-20,,44.650001525878906,,,399.73333740234375,17.290000915527344,12.140000343322754,20.747360229492188,23.899999618530273,9.010000228881836,20.280000686645508,10.46500015258789,28.059999465942383,14.279999732971191,
2003-08-21,,44.72999954223633,,,405.0,17.774999618530273,12.255000114440918,20.747360229492188,24.18000030517578,9.095000267028809,20.350000381469727,10.505000114440918,27.899999618530273,14.390000343322754,
2003-08-22,,44.39500045776367,,,395.8666687011719,18.1200008392334,12.0649995803833,20.34930992126465,23.950000762939453,9.079999923706055,20.170000076293945,10.359999656677246,27.479999542236328,14.194999694824219,
2003-08-25,,43.91999816894531,,,393.9333190917969,18.020000457763672,12.0649995803833,20.422420501708984,23.729999542236328,9.024999618530273,20.290000915527344,10.40999984741211,27.68000030517578,14.149999618530273,
2003-08-26,,44.375,,,394.0666809082031,18.014999389648438,12.074999809265137,20.463037490844727,23.8700008392334,9.074999809265137,20.31999969482422,10.4399995803833,27.700000762939453,14.244999885559082,
2003-08-27,,44.76499938964844,,,392.79998779296875,18.475000381469727,12.125,20.381803512573242,23.850000381469727,9.135000228881836,20.399999618530273,10.475000381469727,27.719999313354492,14.265000343322754,
2003-08-28,,44.744998931884766,,,405.20001220703125,18.600000381469727,12.324999809265137,20.471162796020508,24.040000915527344,9.1899995803833,20.459999084472656,10.5,27.739999771118164,14.364999771118164,
2003-08-29,,45.0,,,404.0,18.69499969482422,12.34000015258789,20.56864356994629,24.030000686645508,9.220000267028809,20.469999313354492,10.524999618530273,27.81999969482422,14.5,
2003-09-02,,45.540000915527344,,,402.3333435058594,18.75,12.420000076293945,20.934200286865234,24.3799991607666,9.420000076293945,20.700000762939453,10.720000267028809,28.239999771118164,14.699999809265137,
2003-09-03,,45.880001068115234,,,401.79998779296875,18.350000381469727,12.425000190734863,20.974817276000977,24.579999923706055,9.520000457763672,20.75,10.755000114440918,28.1299991607666,14.694999694824219,
2003-09-04,,46.09000015258789,,,397.79998779296875,18.69499969482422,12.404999732971191,20.885459899902344,24.559999465942383,9.609999656677246,20.850000381469727,10.760000228881836,28.200000762939453,14.739999771118164,
2003-09-05,,45.88999938964844,,,398.1333312988281,18.905000686645508,12.350000381469727,20.78797721862793,24.290000915527344,9.5600004196167,20.6299991607666,10.739999771118164,28.1299991607666,14.595000267028809,
2003-09-08,,46.01499938964844,,,404.3999938964844,19.399999618530273,12.520000457763672,20.991064071655273,24.40999984741211,9.734999656677246,20.690000534057617,10.819999694824219,28.6299991607666,14.600000381469727,
2003-09-09,,45.849998474121094,,,394.4666748046875,19.1200008392334,12.385000228881836,20.885459899902344,24.149999618530273,9.630000114440918,20.459999084472656,10.795000076293945,28.719999313354492,14.3149995803833,
2003-09-10,,45.04999923706055,,,385.3333435058594,18.084999084472656,12.255000114440918,20.544273376464844,23.8700008392334,9.345000267028809,20.450000762939453,10.779999732971191,28.760000228881836,14.135000228881836,
2003-09-11,,45.44499969482422,,,385.0,18.360000610351562,12.229999542236328,20.633630752563477,24.06999969482422,9.454999923706055,20.559999465942383,10.75,28.920000076293945,14.25,
2003-09-12,,44.9900016784668,,,385.5333251953125,18.479999542236328,12.244999885559082,20.66612434387207,24.059999465942383,9.46500015258789,20.610000610351562,10.829999923706055,28.979999542236328,14.199999809265137,
2003-09-15,,44.89500045776367,,,383.20001220703125,18.235000610351562,12.164999961853027,20.66612434387207,24.09000015258789,9.40999984741211,20.59000015258789,10.770000457763672,28.899999618530273,14.25,
2003-09-16,,44.880001068115234,,,383.8666687011719,18.864999771118164,12.1850004196167,20.909828186035156,24.399999618530273,9.649999618530273,20.600000381469727,10.864999771118164,29.079999923706055,14.460000038146973,
2003-09-17,,44.71500015258789,,,377.1333312988281,18.725000381469727,12.024999618530273,20.942323684692383,24.299999237060547,9.635000228881836,20.700000762939453,10.835000038146973,29.010000228881836,14.454999923706055,
2003-09-18,,44.96500015258789,,,382.3999938964844,18.850000381469727,12.074999809265137,21.44597816467285,24.59000015258789,9.770000457763672,20.829999923706055,10.954999923706055,29.110000610351562,14.550000190734863,
2003-09-19,,45.310001373291016,,,388.3333435058594,18.780000686645508,12.125,21.299755096435547,24.399999618530273,9.779999732971191,20.709999084472656,10.875,28.790000915527344,14.444999694824219,
2003-09-22,,45.150001525878906,,,386.3333435058594,18.25,12.055000305175781,20.991064071655273,24.079999923706055,9.595000267028809,20.540000915527344,10.8149995803833,28.399999618530273,14.225000381469727,
2003-09-23,,45.45500183105469,,,386.0,18.545000076293945,12.125,21.137287139892578,24.170000076293945,9.649999618530273,20.65999984741211,10.864999771118164,28.639999389648438,14.354999542236328,
2003-09-24,,45.20500183105469,,,393.3333435058594,17.670000076293945,12.1850004196167,20.771730422973633,23.700000762939453,9.319999694824219,20.479999542236328,10.734999656677246,28.1299991607666,14.074999809265137,
2003-09-25,,45.15999984741211,,,388.20001220703125,17.5049991607666,12.074999809265137,20.67424964904785,23.520000457763672,9.25,20.459999084472656,10.755000114440918,27.940000534057617,14.020000457763672,
2003-09-26,,45.20500183105469,,,380.0,17.299999237060547,11.96500015258789,20.56052017211914,23.270000457763672,9.199999809265137,20.40999984741211,10.854999542236328,27.809999465942383,13.864999771118164,
2003-09-29,,45.42499923706055,,,383.6666564941406,17.700000762939453,12.024999618530273,20.77985382080078,23.510000228881836,9.350000381469727,20.40999984741211,10.970000267028809,27.940000534057617,13.845000267028809,
2003-09-30,,45.70500183105469,,,384.0,17.200000762939453,12.024999618530273,20.641754150390625,23.290000915527344,9.140000343322754,20.31999969482422,10.949999809265137,27.809999465942383,13.789999961853027,
2003-10-01,,46.025001525878906,,,390.9333190917969,17.549999237060547,12.199999809265137,21.161657333374023,23.75,9.34000015258789,20.690000534057617,10.96500015258789,28.309999465942383,14.170000076293945,
2003-10-02,,46.375,,,391.8666687011719,17.674999237060547,12.279999732971191,21.202274322509766,23.860000610351562,9.319999694824219,20.690000534057617,11.069999694824219,28.5,14.244999885559082,
2003-10-03,,46.869998931884766,,,397.3999938964844,18.459999084472656,12.350000381469727,21.364744186401367,24.100000381469727,9.604999542236328,20.850000381469727,11.095000267028809,28.3700008392334,14.404999732971191,
2003-10-06,,47.42499923706055,,,398.0,18.459999084472656,12.425000190734863,21.46222686767578,24.110000610351562,9.654999732971191,20.920000076293945,11.079999923706055,28.260000228881836,14.510000228881836,
2003-10-07,,47.20000076293945,,,398.0,18.825000762939453,12.484999656677246,21.592201232910156,24.229999542236328,9.720000267028809,21.030000686645508,11.045000076293945,28.239999771118164,14.569999694824219,
2003-10-08,,47.22999954223633,,,396.79998779296875,18.684999465942383,12.399999618530273,21.559707641601562,24.1200008392334,9.649999618530273,20.969999313354492,11.005000114440918,28.09000015258789,14.46500015258789,
2003-10-09,,47.29499816894531,,,392.20001220703125,18.844999313354492,12.359999656677246,21.6165714263916,24.280000686645508,9.6899995803833,21.0,11.024999618530273,28.1299991607666,14.649999618530273,
2003-10-10,,47.375,,,394.3333435058594,19.174999237060547,12.449999809265137,21.6165714263916,24.139999389648438,9.770000457763672,20.989999771118164,10.989999771118164,28.059999465942383,14.680000305175781,
2003-10-13,,47.54999923706055,,,390.3333435058594,19.270000457763672,12.5,21.9577579498291,24.239999771118164,9.800000190734863,21.06999969482422,11.0600004196167,28.139999389648438,14.829999923706055,
2003-10-14,,47.584999084472656,,,385.1333312988281,19.440000534057617,12.449999809265137,22.08773422241211,24.360000610351562,9.774999618530273,21.18000030517578,11.09000015258789,28.18000030517578,14.90999984741211,
2003-10-15,,47.474998474121094,,,375.3333435058594,19.579999923706055,12.270000457763672,22.030868530273438,24.399999618530273,9.835000038146973,21.149999618530273,10.949999809265137,28.1200008392334,14.850000381469727,
2003-10-16,,47.53499984741211,,,378.73333740234375,19.790000915527344,12.399999618530273,22.055240631103516,24.40999984741211,9.869999885559082,21.18000030517578,11.0,28.270000457763672,14.914999961853027,
2003-10-17,,47.11000061035156,,,375.0666809082031,19.270000457763672,12.3149995803833,21.860275268554688,24.239999771118164,9.710000038146973,21.049999237060547,10.930000305175781,27.950000762939453,14.704999923706055,
2003-10-20,,47.005001068115234,,,375.3333435058594,19.625,12.3100004196167,21.86840057373047,24.299999237060547,9.824999809265137,21.059999465942383,10.984999656677246,28.09000015258789,14.6899995803833,
2003-10-21,,47.04999923706055,,,383.3333435058594,20.030000686645508,12.350000381469727,21.860275268554688,24.260000228881836,9.880000114440918,21.030000686645508,10.970000267028809,28.350000381469727,14.734999656677246,
2003-10-22,,46.720001220703125,,,375.0666809082031,19.565000534057617,12.1850004196167,21.551584243774414,23.979999542236328,9.734999656677246,20.93000030517578,10.96500015258789,27.59000015258789,14.529999732971191,
2003-10-23,,46.25,,,373.79998779296875,19.239999771118164,12.164999961853027,21.69780731201172,24.040000915527344,9.65999984741211,20.93000030517578,10.984999656677246,27.8700008392334,14.529999732971191,
2003-10-24,,45.875,,,369.26666259765625,19.274999618530273,12.15999984741211,21.67343521118164,24.049999237060547,9.515000343322754,20.90999984741211,10.949999809265137,27.950000762939453,14.545000076293945,
2003-10-27,,46.415000915527344,,,367.6666564941406,19.4950008392334,12.109999656677246,21.67343521118164,24.059999465942383,9.5649995803833,20.899999618530273,10.994999885559082,27.8799991607666,14.704999923706055,
2003-10-28,,46.099998474121094,,,370.0,20.559999465942383,12.145000457763672,21.949634552001953,24.34000015258789,9.795000076293945,21.1299991607666,10.96500015258789,28.100000381469727,15.03499984741211,
2003-10-29,,46.560001373291016,,,364.3333435058594,20.7450008392334,12.119999885559082,21.982128143310547,24.5,9.8100004196167,21.229999542236328,10.954999923706055,28.020000457763672,15.005000114440918,
2003-10-30,,46.67499923706055,,,365.9333190917969,20.924999237060547,11.954999923706055,22.01462173461914,24.690000534057617,9.800000190734863,21.200000762939453,11.045000076293945,27.760000228881836,15.055000305175781,
2003-10-31,,46.5,,,374.5333251953125,20.825000762939453,12.140000343322754,22.071487426757812,24.729999542236328,9.8100004196167,21.239999771118164,11.024999618530273,28.0,15.045000076293945,
2003-11-03,,47.13999938964844,,,366.8666687011719,21.565000534057617,12.0649995803833,22.30706787109375,24.850000381469727,10.039999961853027,21.43000030517578,11.079999923706055,27.920000076293945,15.15999984741211,
2003-11-04,,47.275001525878906,,,368.3333435058594,21.584999084472656,12.024999618530273,22.19333839416504,24.920000076293945,9.954999923706055,21.299999237060547,11.024999618530273,27.739999771118164,15.069999694824219,
2003-11-05,,47.20000076293945,,,371.4666748046875,21.975000381469727,12.0600004196167,22.14459800720215,24.899999618530273,9.984999656677246,21.270000457763672,11.020000457763672,27.709999084472656,15.055000305175781,
2003-11-06,,47.54999923706055,,,372.0,22.104999542236328,12.074999809265137,22.250202178955078,25.030000686645508,10.0649995803833,21.399999618530273,10.975000381469727,27.850000381469727,15.164999961853027,
2003-11-07,,47.76499938964844,,,373.3333435058594,21.9950008392334,12.104999542236328,22.01462173461914,24.940000534057617,10.024999618530273,21.399999618530273,10.904999732971191,27.600000381469727,15.204999923706055,
2003-11-10,,47.665000915527344,,,368.6666564941406,21.719999313354492,12.085000038146973,22.03899383544922,24.709999084472656,9.895000457763672,21.34000015258789,10.880000114440918,27.389999389648438,15.024999618530273,
2003-11-11,,47.375,,,368.4666748046875,21.549999237060547,12.079999923706055,21.96588134765625,24.6200008392334,9.869999885559082,21.360000610351562,10.890000343322754,27.450000762939453,15.0,
2003-11-12,,48.09000015258789,,,370.6666564941406,22.325000762939453,12.149999618530273,22.136474609375,25.020000457763672,10.079999923706055,21.520000457763672,10.914999961853027,27.959999084472656,15.149999618530273,
2003-11-13,,48.19499969482422,,,378.26666259765625,21.895000457763672,12.260000228881836,22.06336212158203,25.010000228881836,9.994999885559082,21.270000457763672,10.930000305175781,28.610000610351562,15.095000267028809,
2003-11-14,,48.45000076293945,,,380.4666748046875,21.155000686645508,12.28499984741211,21.779041290283203,24.81999969482422,9.859999656677246,21.149999618530273,10.914999961853027,29.030000686645508,14.930000305175781,
2003-11-17,,48.099998474121094,,,373.0666809082031,20.950000762939453,12.15999984741211,21.722177505493164,24.75,9.725000381469727,21.170000076293945,10.824999809265137,28.940000534057617,14.795000076293945,
2003-11-18,,48.16999816894531,,,370.6666564941406,20.600000381469727,12.074999809265137,21.470348358154297,24.6299991607666,9.604999542236328,21.09000015258789,10.630000114440918,28.770000457763672,14.604999542236328,
2003-11-19,,48.07500076293945,,,367.5333251953125,20.979999542236328,12.104999542236328,21.6328182220459,24.850000381469727,9.710000038146973,21.200000762939453,10.765000343322754,29.06999969482422,14.699999809265137,
2003-11-20,,47.459999084472656,,,366.0,20.549999237060547,12.074999809265137,21.44597816467285,24.670000076293945,9.5600004196167,21.049999237060547,10.739999771118164,28.690000534057617,14.6850004196167,
2003-11-21,,47.099998474121094,,,360.6666564941406,20.860000610351562,11.984999656677246,21.56783103942871,24.690000534057617,9.640000343322754,21.100000381469727,10.720000267028809,28.34000015258789,14.75,
2003-11-24,,47.65999984741211,,,361.0,21.55500030517578,12.050000190734863,21.770917892456055,24.989999771118164,9.885000228881836,21.389999389648438,10.885000228881836,28.799999237060547,15.045000076293945,
2003-11-25,,48.20000076293945,,,365.0,21.625,12.119999885559082,21.892770767211914,25.190000534057617,9.875,21.440000534057617,10.944999694824219,28.65999984741211,15.1899995803833,
2003-11-26,,48.380001068115234,,,368.6666564941406,21.670000076293945,12.234999656677246,22.02274513244629,25.190000534057617,9.914999961853027,21.40999984741211,11.024999618530273,28.65999984741211,15.1850004196167,
2003-11-28,,48.52000045776367,,,368.5333251953125,21.899999618530273,12.234999656677246,21.990251541137695,25.219999313354492,9.949999809265137,21.489999771118164,11.050000190734863,28.600000381469727,15.180000305175781,
2003-12-01,,49.150001525878906,,,370.9333190917969,22.03499984741211,12.359999656677246,22.242080688476562,25.59000015258789,10.050000190734863,21.450000762939453,11.079999923706055,29.059999465942383,15.324999809265137,
2003-12-02,,49.125,,,375.3333435058594,21.875,12.444999694824219,22.177091598510742,25.540000915527344,10.005000114440918,21.260000228881836,11.100000381469727,29.079999923706055,15.210000038146973,
2003-12-03,,49.005001068115234,,,370.3333435058594,21.475000381469727,12.375,22.136474609375,25.559999465942383,9.970000267028809,21.270000457763672,11.079999923706055,29.149999618530273,15.149999618530273,
2003-12-04,,48.79999923706055,,,382.9333190917969,21.350000381469727,12.675000190734863,22.19333839416504,25.639999389648438,10.095000267028809,21.360000610351562,11.104999542236328,29.200000762939453,15.114999771118164,
2003-12-05,,48.80500030517578,,,391.5333251953125,20.575000762939453,12.765000343322754,22.01462173461914,25.450000762939453,9.914999961853027,21.290000915527344,11.164999961853027,28.979999542236328,14.960000038146973,
2003-12-08,,49.185001373291016,,,395.9333190917969,20.565000534057617,12.904999732971191,22.217708587646484,25.68000030517578,9.9399995803833,21.34000015258789,11.194999694824219,29.200000762939453,15.024999618530273,
2003-12-09,,49.150001525878906,,,394.0,19.700000762939453,12.914999961853027,22.02274513244629,25.68000030517578,9.725000381469727,21.260000228881836,11.100000381469727,29.079999923706055,14.949999809265137,
2003-12-10,,48.95500183105469,,,395.1333312988281,19.950000762939453,12.925000190734863,21.900894165039062,25.6299991607666,9.779999732971191,21.280000686645508,11.149999618530273,28.8799991607666,14.880000114440918,
2003-12-11,,49.41999816894531,,,393.79998779296875,20.475000381469727,12.989999771118164,22.152721405029297,26.030000686645508,9.96500015258789,21.270000457763672,11.199999809265137,29.239999771118164,15.109999656677246,
2003-12-12,,48.724998474121094,,,404.3333435058594,20.454999923706055,13.135000228881836,22.217708587646484,26.06999969482422,9.975000381469727,21.40999984741211,11.225000381469727,29.329999923706055,15.1899995803833,
2003-12-15,,48.5,,,396.26666259765625,19.815000534057617,12.970000267028809,22.160844802856445,26.100000381469727,9.850000381469727,21.270000457763672,11.1850004196167,29.280000686645508,15.125,
2003-12-16,,48.82500076293945,,,399.8666687011719,19.665000915527344,13.164999961853027,22.35580825805664,26.260000228881836,9.899999618530273,21.479999542236328,11.255000114440918,29.389999389648438,15.09000015258789,
2003-12-17,,48.85499954223633,,,398.73333740234375,19.520000457763672,13.289999961853027,22.274574279785156,26.290000915527344,9.885000228881836,21.459999084472656,11.305000305175781,29.450000762939453,15.229999542236328,
2003-12-18,,48.98500061035156,,,416.8666687011719,20.25,13.645000457763672,22.46953773498535,26.59000015258789,10.050000190734863,21.56999969482422,11.449999809265137,29.670000076293945,15.425000190734863,
2003-12-19,,49.1349983215332,,,413.6666564941406,20.104999542236328,13.5600004196167,22.40454864501953,26.479999542236328,9.944999694824219,21.399999618530273,11.369999885559082,29.520000457763672,15.430000305175781,
2003-12-22,,49.345001220703125,,,417.6000061035156,20.1200008392334,13.574999809265137,22.52640151977539,26.639999389648438,9.960000038146973,21.520000457763672,11.475000381469727,29.510000228881836,15.479999542236328,
2003-12-23,,49.21500015258789,,,410.0,20.510000228881836,13.479999542236328,22.558895111083984,26.700000762939453,10.039999961853027,21.530000686645508,11.53499984741211,29.530000686645508,15.529999732971191,
2003-12-24,,49.459999084472656,,,415.8666687011719,20.459999084472656,13.625,22.558895111083984,26.600000381469727,10.020000457763672,21.459999084472656,11.555000305175781,29.6200008392334,15.470000267028809,
2003-12-26,,49.53499984741211,,,416.1333312988281,20.459999084472656,13.680000305175781,22.550771713256836,26.549999237060547,10.039999961853027,21.479999542236328,11.569999694824219,29.700000762939453,15.539999961853027,
2003-12-29,,49.779998779296875,,,419.0,20.899999618530273,13.84000015258789,22.859464645385742,26.889999389648438,10.220000267028809,21.6200008392334,11.654999732971191,29.940000534057617,15.680000305175781,
2003-12-30,,49.97999954223633,,,419.0,20.864999771118164,13.869999885559082,22.908205032348633,26.729999542236328,10.204999923706055,21.649999618530273,11.6850004196167,30.020000457763672,15.630000114440918,
2003-12-31,,49.6349983215332,,,413.3333435058594,20.7450008392334,13.774999618530273,22.85133934020996,26.760000228881836,10.1899995803833,21.780000686645508,11.664999961853027,30.149999618530273,15.744999885559082,
2004-01-02,,49.4900016784668,13.569999694824219,,412.0,20.700000762939453,13.770000457763672,22.818845748901367,26.739999771118164,10.239999771118164,21.520000457763672,11.635000228881836,30.219999313354492,15.609999656677246,
2004-01-05,,49.5099983215332,13.532500267028809,,417.0,21.450000762939453,14.03499984741211,23.005685806274414,27.0,10.489999771118164,21.65999984741211,11.654999732971191,30.360000610351562,15.744999885559082,
2004-01-06,,49.599998474121094,13.574999809265137,,416.1333312988281,21.575000762939453,14.020000457763672,22.997562408447266,26.959999084472656,10.585000038146973,21.709999084472656,11.630000114440918,30.450000762939453,15.805000305175781,
2004-01-07,,49.380001068115234,13.529999732971191,,409.3333435058594,21.829999923706055,13.875,23.013809204101562,27.0,10.635000228881836,21.6200008392334,11.6899995803833,30.639999389648438,15.875,
2004-01-08,,49.47999954223633,13.4975004196167,,418.3333435058594,22.40999984741211,13.914999961853027,23.09504508972168,27.170000076293945,10.845000267028809,21.59000015258789,11.6850004196167,30.510000228881836,15.824999809265137,
2004-01-09,,49.525001525878906,13.397500038146973,,434.6000061035156,22.375,13.984999656677246,23.013809204101562,26.899999618530273,10.699999809265137,21.43000030517578,11.645000457763672,30.31999969482422,15.760000228881836,
2004-01-12,,49.57500076293945,13.484999656677246,,431.5333251953125,22.8700008392334,14.024999618530273,23.111291885375977,26.989999771118164,10.864999771118164,21.530000686645508,11.640000343322754,30.270000457763672,15.725000381469727,
2004-01-13,,49.625,13.470000267028809,,429.6666564941406,22.299999237060547,14.029999732971191,22.997562408447266,26.8799991607666,10.710000038146973,21.5,11.585000038146973,30.139999389648438,15.699999809265137,
2004-01-14,,50.0,13.552499771118164,,422.9333190917969,22.25,13.994999885559082,23.176279067993164,27.25,10.84000015258789,21.579999923706055,11.725000381469727,30.309999465942383,15.824999809265137,
2004-01-15,,49.939998626708984,13.487500190734863,,415.79998779296875,22.559999465942383,13.760000228881836,23.37124252319336,27.290000915527344,10.885000228881836,21.600000381469727,11.6850004196167,30.389999389648438,15.869999885559082,
2004-01-16,,49.57500076293945,13.5625,,424.79998779296875,22.65999984741211,13.890000343322754,23.444353103637695,27.799999237060547,11.024999618530273,21.59000015258789,11.664999961853027,30.459999084472656,15.869999885559082,
2004-01-20,,49.599998474121094,13.4350004196167,,443.0666809082031,22.604999542236328,14.239999771118164,23.4118595123291,27.459999084472656,11.050000190734863,21.520000457763672,11.75,30.360000610351562,15.755000114440918,
2004-01-21,,49.689998626708984,13.6274995803833,,444.79998779296875,22.075000762939453,14.324999809265137,23.76116943359375,27.649999618530273,10.96500015258789,21.610000610351562,11.954999923706055,30.8700008392334,15.949999809265137,
2004-01-22,,49.91999816894531,13.77750015258789,,438.5333251953125,21.735000610351562,14.255000114440918,23.76116943359375,27.520000457763672,10.859999656677246,21.540000915527344,12.0,30.93000030517578,16.075000762939453,
2004-01-23,,50.25,13.720000267028809,,454.3333435058594,21.469999313354492,14.380000114440918,23.647441864013672,27.420000076293945,10.824999809265137,21.719999313354492,11.895000457763672,30.780000686645508,16.024999618530273,
2004-01-26,,50.90999984741211,13.649999618530273,,459.79998779296875,21.875,14.46500015258789,23.972379684448242,27.770000457763672,11.024999618530273,21.93000030517578,11.824999809265137,31.170000076293945,16.05500030517578,
2004-01-27,,51.404998779296875,13.567500114440918,,459.6666564941406,21.174999237060547,14.4350004196167,23.809911727905273,27.5,10.854999542236328,21.81999969482422,11.78499984741211,30.969999313354492,15.944999694824219,
2004-01-28,,51.21500015258789,13.282500267028809,,457.20001220703125,21.0,14.229999542236328,23.387489318847656,27.06999969482422,10.675000190734863,21.600000381469727,11.829999923706055,30.700000762939453,15.5649995803833,
2004-01-29,,51.32500076293945,13.295000076293945,,455.9333190917969,20.905000686645508,14.220000267028809,23.58245277404785,27.079999923706055,10.619999885559082,21.899999618530273,11.925000190734863,31.149999618530273,15.664999961853027,
2004-01-30,,51.654998779296875,12.904999732971191,,451.6666564941406,20.979999542236328,14.085000038146973,23.59869956970215,27.030000686645508,10.625,21.780000686645508,11.904999732971191,30.979999542236328,15.654999732971191,
2004-02-02,,52.29999923706055,12.829999923706055,,457.20001220703125,20.704999923706055,14.164999961853027,23.736799240112305,26.979999542236328,10.625,21.8700008392334,11.835000038146973,31.3799991607666,15.609999656677246,
2004-02-03,,52.21500015258789,12.755000114440918,,454.9333190917969,20.885000228881836,14.109999656677246,23.76116943359375,26.8799991607666,10.640000343322754,21.979999542236328,11.9399995803833,31.579999923706055,15.524999618530273,
2004-02-04,,51.34000015258789,12.582500457763672,,453.0666809082031,20.290000915527344,14.010000228881836,23.566205978393555,26.75,10.380000114440918,22.110000610351562,11.744999885559082,31.68000030517578,15.505000114440918,
2004-02-05,,51.404998779296875,12.657500267028809,,444.9333190917969,20.350000381469727,13.885000228881836,23.558082580566406,27.0,10.395000457763672,22.25,11.675000190734863,31.520000457763672,15.625,
2004-02-06,,52.54999923706055,12.899999618530273,,447.9333190917969,21.25,13.979999542236328,23.956132888793945,27.1200008392334,10.614999771118164,22.420000076293945,11.774999618530273,31.760000228881836,15.789999961853027,
2004-02-09,,52.4900016784668,12.9350004196167,,458.3333435058594,21.045000076293945,14.149999618530273,23.858652114868164,27.049999237060547,10.53499984741211,22.450000762939453,11.845000267028809,31.450000762939453,15.8100004196167,
2004-02-10,,52.849998474121094,13.02750015258789,,468.20001220703125,21.114999771118164,14.34000015258789,23.9317626953125,27.030000686645508,10.619999885559082,22.540000915527344,11.944999694824219,31.59000015258789,15.944999694824219,
2004-02-11,,53.20000076293945,13.102499961853027,,473.0,21.475000381469727,14.53499984741211,24.297319412231445,27.329999923706055,10.704999923706055,22.510000228881836,11.9350004196167,31.8799991607666,16.104999542236328,
2004-02-12,,52.540000915527344,13.149999618530273,,479.73333740234375,21.204999923706055,14.579999923706055,24.256702423095703,27.309999465942383,10.604999542236328,22.549999237060547,11.899999618530273,31.68000030517578,16.024999618530273,
2004-02-13,,52.224998474121094,13.050000190734863,,477.0,20.920000076293945,14.545000076293945,24.20796012878418,27.18000030517578,10.539999961853027,22.40999984741211,11.885000228881836,31.540000915527344,15.864999771118164,
2004-02-17,,52.29999923706055,13.050000190734863,,482.3999938964844,21.260000228881836,14.670000076293945,24.386676788330078,27.389999389648438,10.694999694824219,22.610000610351562,11.975000381469727,31.739999771118164,16.06999969482422,
2004-02-18,,52.32500076293945,12.962499618530273,,473.73333740234375,21.360000610351562,14.515000343322754,24.256702423095703,27.25,10.645000457763672,22.579999923706055,12.015000343322754,31.600000381469727,15.975000381469727,
2004-02-19,,52.224998474121094,12.967499732971191,,473.3333435058594,20.940000534057617,14.5,24.248577117919922,27.040000915527344,10.484999656677246,22.690000534057617,11.9350004196167,31.489999771118164,15.989999771118164,
2004-02-20,,52.23500061035156,12.907500267028809,,473.20001220703125,20.774999618530273,14.494999885559082,24.183591842651367,26.989999771118164,10.4350004196167,22.8700008392334,11.819999694824219,31.31999969482422,15.869999885559082,
2004-02-23,,52.255001068115234,12.744999885559082,,471.6666564941406,20.225000381469727,14.609999656677246,24.183591842651367,26.889999389648438,10.295000076293945,23.0,11.864999771118164,31.260000228881836,15.755000114440918,
2004-02-24,,52.36000061035156,12.765000343322754,,479.0,20.334999084472656,14.635000228881836,24.086109161376953,26.889999389648438,10.305000305175781,22.860000610351562,11.800000190734863,31.399999618530273,15.78499984741211,
2004-02-25,,52.685001373291016,12.795000076293945,,480.3333435058594,20.68000030517578,14.704999923706055,24.191713333129883,26.81999969482422,10.385000228881836,22.93000030517578,11.920000076293945,31.440000534057617,15.869999885559082,
2004-02-26,,52.55500030517578,12.914999961853027,,485.0,20.770000457763672,14.755000114440918,24.216083526611328,26.84000015258789,10.40999984741211,22.93000030517578,12.0,31.399999618530273,15.970000267028809,
2004-02-27,,52.584999084472656,13.03499984741211,,485.1333312988281,20.450000762939453,14.824999809265137,24.27294921875,26.829999923706055,10.354999542236328,23.020000457763672,12.130000114440918,31.309999465942383,15.994999885559082,
2004-03-01,,53.5,13.024999618530273,,498.20001220703125,20.924999237060547,15.109999656677246,24.44354248046875,26.969999313354492,10.479999542236328,23.280000686645508,12.1899995803833,31.399999618530273,16.094999313354492,
2004-03-02,,53.84000015258789,12.970000267028809,,499.8666687011719,20.875,14.979999542236328,24.32168960571289,26.8799991607666,10.4399995803833,23.049999237060547,12.135000228881836,31.200000762939453,16.049999237060547,
2004-03-03,,54.099998474121094,12.930000305175781,,496.5333251953125,20.489999771118164,14.960000038146973,24.467912673950195,26.8700008392334,10.390000343322754,23.170000076293945,12.130000114440918,31.329999923706055,16.065000534057617,
2004-03-04,,54.25,12.850000381469727,,495.3999938964844,20.829999923706055,14.914999961853027,24.532899856567383,26.969999313354492,10.479999542236328,23.1200008392334,12.21500015258789,31.469999313354492,16.1299991607666,
2004-03-05,,54.57500076293945,12.922499656677246,,492.4666748046875,20.625,15.045000076293945,24.744110107421875,27.030000686645508,10.399999618530273,23.1299991607666,12.3100004196167,31.6299991607666,16.2450008392334,
2004-03-08,,54.584999084472656,12.824999809265137,,493.0,19.78499984741211,15.109999656677246,24.6141357421875,26.56999969482422,10.175000190734863,23.1200008392334,12.274999618530273,31.600000381469727,16.020000457763672,
2004-03-09,,54.5,12.6875,,484.3333435058594,19.920000076293945,15.010000228881836,24.4516658782959,26.389999389648438,10.175000190734863,23.1200008392334,12.204999923706055,31.239999771118164,15.914999961853027,
2004-03-10,,53.79999923706055,12.6899995803833,,468.0,19.514999389648438,14.75,24.061737060546875,25.899999618530273,9.994999885559082,23.059999465942383,12.0649995803833,30.760000228881836,15.720000267028809,
2004-03-11,,53.17499923706055,12.717499732971191,,459.3333435058594,19.3799991607666,14.420000076293945,23.671812057495117,25.510000228881836,9.885000228881836,22.6200008392334,11.890000343322754,30.170000076293945,15.430000305175781,
2004-03-12,,53.724998474121094,12.702500343322754,,468.3333435058594,19.809999465942383,14.630000114440918,24.021120071411133,25.950000762939453,10.079999923706055,22.6200008392334,12.005000114440918,30.25,15.675000190734863,
2004-03-15,,53.380001068115234,12.5625,,471.6666564941406,19.28499984741211,14.65999984741211,23.671812057495117,25.6299991607666,9.890000343322754,22.399999618530273,11.970000267028809,29.979999542236328,15.364999771118164,
2004-03-16,,53.525001525878906,12.512499809265137,,467.0,19.5,14.654999732971191,23.891145706176758,25.920000076293945,9.949999809265137,22.440000534057617,12.085000038146973,30.190000534057617,15.5,
2004-03-17,,54.29999923706055,12.765000343322754,,481.73333740234375,19.809999465942383,14.859999656677246,24.167343139648438,26.239999771118164,10.074999809265137,22.709999084472656,12.274999618530273,30.15999984741211,15.720000267028809,
2004-03-18,,54.584999084472656,12.632499694824219,,485.79998779296875,19.520000457763672,15.010000228881836,24.175466537475586,26.270000457763672,10.010000228881836,22.700000762939453,12.220000267028809,30.1299991607666,15.680000305175781,
2004-03-19,,54.80500030517578,12.482500076293945,,473.8666687011719,18.815000534057617,14.640000343322754,23.801786422729492,25.850000381469727,9.875,22.56999969482422,12.050000190734863,29.579999923706055,15.569999694824219,
2004-03-22,,54.45000076293945,12.332500457763672,,466.26666259765625,18.684999465942383,14.5,23.49309539794922,25.5,9.71500015258789,22.270000457763672,11.90999984741211,29.209999084472656,15.329999923706055,
2004-03-23,,54.525001525878906,12.399999618530273,,460.0,18.625,14.399999618530273,23.48497200012207,25.43000030517578,9.699999809265137,22.229999542236328,11.904999732971191,29.309999465942383,15.300000190734863,
2004-03-24,,54.23500061035156,12.375,,446.0,18.979999542236328,14.095000267028809,23.306255340576172,25.43000030517578,9.75,22.290000915527344,11.930000305175781,29.149999618530273,15.375,
2004-03-25,,54.724998474121094,12.692500114440918,,449.6666564941406,19.764999389648438,14.039999961853027,23.549959182739258,25.850000381469727,10.0600004196167,22.600000381469727,11.949999809265137,29.309999465942383,15.645000457763672,
2004-03-26,,53.625,12.71500015258789,,455.0,19.59000015258789,14.199999809265137,23.53371238708496,25.989999771118164,10.0,22.469999313354492,11.989999771118164,29.43000030517578,15.630000114440918,
2004-03-29,,53.75,12.875,,453.6666564941406,19.7549991607666,14.274999618530273,23.83428192138672,26.299999237060547,10.130000114440918,22.739999771118164,12.0649995803833,29.829999923706055,15.774999618530273,
2004-03-30,,54.44499969482422,12.864999771118164,,465.6666564941406,19.774999618530273,14.53499984741211,23.99675178527832,26.459999084472656,10.145000457763672,22.8799991607666,12.109999656677246,29.760000228881836,15.895000457763672,
2004-03-31,,54.724998474121094,12.949999809265137,,468.20001220703125,19.75,14.670000076293945,23.88302230834961,26.40999984741211,10.079999923706055,22.8799991607666,12.15999984741211,29.93000030517578,15.875,
2004-04-01,,55.35499954223633,13.052499771118164,,455.6666564941406,20.065000534057617,14.5,24.134849548339844,26.559999465942383,10.1850004196167,22.790000915527344,12.194999694824219,30.139999389648438,15.944999694824219,
2004-04-02,,54.709999084472656,13.28499984741211,,459.3333435058594,20.704999923706055,14.5649995803833,24.045490264892578,26.860000610351562,10.4399995803833,22.81999969482422,12.135000228881836,30.5,16.09000015258789,
2004-04-05,,52.560001373291016,13.180000305175781,,457.6666564941406,20.959999084472656,14.640000343322754,24.1104793548584,27.18000030517578,10.529999732971191,22.899999618530273,12.170000076293945,30.850000381469727,16.2549991607666,
2004-04-06,,50.54999923706055,13.359999656677246,,454.1333312988281,20.489999771118164,14.640000343322754,24.0942325592041,27.15999984741211,10.420000076293945,23.010000228881836,12.175000190734863,30.75,16.219999313354492,
2004-04-07,,51.25,13.2475004196167,,457.6666564941406,20.440000534057617,14.640000343322754,24.029245376586914,27.100000381469727,10.354999542236328,22.950000762939453,12.050000190734863,30.610000610351562,16.100000381469727,
2004-04-08,,50.25,13.09000015258789,,462.4666748046875,20.524999618530273,14.770000457763672,23.98862648010254,26.950000762939453,10.375,22.829999923706055,12.039999961853027,30.399999618530273,16.0,
2004-04-12,,47.79999923706055,13.09749984741211,,473.3333435058594,20.670000076293945,15.050000190734863,24.134849548339844,27.219999313354492,10.399999618530273,22.920000076293945,11.850000381469727,30.649999618530273,16.135000228881836,
2004-04-13,,47.400001525878906,12.967499732971191,,465.0666809082031,20.415000915527344,14.920000076293945,23.623071670532227,26.799999237060547,10.270000457763672,22.690000534057617,11.635000228881836,30.3799991607666,15.835000038146973,
2004-04-14,,46.9900016784668,12.942500114440918,,463.26666259765625,20.25,14.949999809265137,23.338748931884766,26.780000686645508,10.260000228881836,22.850000381469727,11.649999618530273,30.690000534057617,15.8100004196167,
2004-04-15,,48.0,13.0649995803833,,472.3999938964844,19.584999084472656,15.149999618530273,23.20064926147461,26.860000610351562,10.140000343322754,22.920000076293945,11.71500015258789,31.25,15.795000076293945,
2004-04-16,,48.5,13.149999618530273,,479.4666748046875,19.329999923706055,15.270000457763672,23.452478408813477,27.100000381469727,10.045000076293945,23.079999923706055,11.755000114440918,31.479999542236328,15.944999694824219,
2004-04-19,,48.67499923706055,13.1875,,475.9333190917969,19.635000228881836,15.234999656677246,23.4118595123291,26.950000762939453,10.15999984741211,23.149999618530273,11.680000305175781,31.350000381469727,15.954999923706055,
2004-04-20,,46.849998474121094,13.114999771118164,,465.0,18.915000915527344,14.925000190734863,22.98131561279297,26.68000030517578,9.9399995803833,22.969999313354492,11.550000190734863,30.829999923706055,15.854999542236328,
2004-04-21,,47.07500076293945,13.162500381469727,,462.3999938964844,19.09000015258789,14.875,22.97319221496582,26.850000381469727,10.09000015258789,23.020000457763672,11.640000343322754,31.190000534057617,15.875,
2004-04-22,,47.724998474121094,13.4375,,477.0666809082031,19.114999771118164,15.170000076293945,23.37124252319336,27.440000534057617,10.244999885559082,23.25,11.770000457763672,31.440000534057617,16.19499969482422,
2004-04-23,,47.25,13.484999656677246,,472.3333435058594,19.405000686645508,15.050000190734863,23.249391555786133,27.31999969482422,10.380000114440918,23.270000457763672,11.774999618530273,31.350000381469727,16.1299991607666,
2004-04-26,,47.619998931884766,13.425000190734863,,474.0,18.959999084472656,15.135000228881836,23.20064926147461,27.18000030517578,10.255000114440918,23.219999313354492,11.8100004196167,31.18000030517578,16.0,
2004-04-27,,48.0,13.350000381469727,,490.3333435058594,18.729999542236328,15.449999809265137,23.25751495361328,27.200000762939453,10.225000381469727,23.280000686645508,11.829999923706055,31.299999237060547,16.110000610351562,
2004-04-28,,47.400001525878906,13.27750015258789,,480.20001220703125,18.440000534057617,15.229999542236328,22.92445182800293,26.84000015258789,10.050000190734863,23.010000228881836,11.84000015258789,31.020000457763672,15.920000076293945,
2004-04-29,,46.70000076293945,13.022500038146973,,464.0,17.959999084472656,14.864999771118164,22.85133934020996,26.600000381469727,9.899999618530273,23.1299991607666,11.654999732971191,30.829999923706055,15.8149995803833,
2004-04-30,,46.54999923706055,13.029999732971191,,463.3999938964844,17.649999618530273,14.920000076293945,22.843217849731445,26.399999618530273,9.694999694824219,23.18000030517578,11.640000343322754,30.860000610351562,15.694999694824219,
2004-05-03,,47.25,13.119999885559082,,474.0,17.579999923706055,15.265000343322754,22.997562408447266,26.700000762939453,9.75,23.31999969482422,11.720000267028809,31.260000228881836,15.774999618530273,
2004-05-04,,47.32500076293945,13.095000267028809,,470.79998779296875,17.889999389648438,15.274999618530273,23.070674896240234,26.809999465942383,9.845000267028809,23.219999313354492,11.765000343322754,31.209999084472656,15.744999885559082,
2004-05-05,,47.10499954223633,13.1899995803833,,464.0666809082031,17.950000762939453,15.324999809265137,23.04630470275879,26.829999923706055,9.895000457763672,23.260000228881836,11.6850004196167,31.389999389648438,15.779999732971191,
2004-05-06,,47.099998474121094,13.074999809265137,,455.3333435058594,18.0,15.25,22.794475555419922,26.690000534057617,9.850000381469727,23.15999984741211,11.725000381469727,31.270000457763672,15.545000076293945,
2004-05-07,,45.525001525878906,12.802499771118164,,442.26666259765625,18.225000381469727,14.880000114440918,22.30706787109375,26.219999313354492,9.800000190734863,22.940000534057617,11.369999885559082,31.059999465942383,15.170000076293945,
2004-05-10,,44.92499923706055,12.649999618530273,,429.3999938964844,18.405000686645508,14.449999809265137,22.120227813720703,25.84000015258789,9.760000228881836,22.829999923706055,11.210000038146973,30.65999984741211,14.979999542236328,
2004-05-11,,45.349998474121094,12.755000114440918,,434.6666564941406,18.899999618530273,14.699999809265137,22.23395538330078,26.0,9.890000343322754,22.790000915527344,11.180000305175781,30.690000534057617,15.199999809265137,
2004-05-12,,45.25,12.600000381469727,,436.5333251953125,18.645000457763672,14.789999961853027,22.48578453063965,26.219999313354492,9.859999656677246,22.670000076293945,11.170000076293945,30.799999237060547,15.25,
2004-05-13,,45.29499816894531,12.805000305175781,,440.4666748046875,18.440000534057617,14.75,22.52640151977539,26.219999313354492,9.859999656677246,22.6299991607666,11.21500015258789,30.760000228881836,15.199999809265137,
2004-05-14,,45.900001525878906,12.822500228881836,,441.3333435058594,18.19499969482422,14.925000190734863,22.542648315429688,26.170000076293945,9.725000381469727,22.719999313354492,11.274999618530273,30.700000762939453,15.204999923706055,
2004-05-17,,46.119998931884766,12.657500267028809,,442.3999938964844,17.989999771118164,14.925000190734863,22.250202178955078,25.8799991607666,9.619999885559082,22.56999969482422,11.154999732971191,30.610000610351562,14.96500015258789,
2004-05-18,,47.0,12.827500343322754,,435.26666259765625,18.30500030517578,14.704999923706055,22.42892074584961,26.139999389648438,9.71500015258789,22.700000762939453,11.25,30.600000381469727,15.199999809265137,
2004-05-19,,45.900001525878906,12.944999694824219,,434.3333435058594,18.375,14.640000343322754,22.445167541503906,26.100000381469727,9.760000228881836,22.579999923706055,11.170000076293945,30.299999237060547,15.135000228881836,
2004-05-20,,46.974998474121094,12.770000457763672,,432.20001220703125,18.280000686645508,14.625,22.52640151977539,26.040000915527344,9.755000114440918,22.65999984741211,11.28499984741211,30.100000381469727,15.170000076293945,
2004-05-21,,46.900001525878906,12.854999542236328,,429.26666259765625,18.344999313354492,14.555000305175781,22.664499282836914,26.219999313354492,9.78499984741211,22.670000076293945,11.270000457763672,30.15999984741211,15.244999885559082,
2004-05-24,,47.209999084472656,12.949999809265137,,447.4666748046875,18.450000762939453,14.885000228881836,22.69699478149414,26.420000076293945,9.800000190734863,22.579999923706055,11.425000190734863,30.010000228881836,15.404999732971191,
2004-05-25,,48.29999923706055,13.125,,453.6000061035156,18.940000534057617,15.135000228881836,23.02193260192871,26.799999237060547,9.984999656677246,22.850000381469727,11.630000114440918,30.299999237060547,15.71500015258789,
2004-05-26,,49.02000045776367,13.262499809265137,,445.6666564941406,19.024999618530273,15.010000228881836,23.160032272338867,26.860000610351562,9.96500015258789,22.8700008392334,11.635000228881836,30.459999084472656,15.725000381469727,
2004-05-27,,49.16999816894531,13.274999618530273,,435.6666564941406,19.125,14.800000190734863,23.216896057128906,27.049999237060547,10.024999618530273,23.139999389648438,11.755000114440918,30.770000457763672,15.795000076293945,
2004-05-28,,49.720001220703125,13.305000305175781,,441.3333435058594,19.459999084472656,14.875,23.233144760131836,27.049999237060547,10.074999809265137,23.049999237060547,11.779999732971191,30.760000228881836,15.795000076293945,
2004-06-01,,49.150001525878906,13.300000190734863,,444.9333190917969,19.225000381469727,15.079999923706055,23.14378547668457,27.049999237060547,10.005000114440918,23.049999237060547,11.765000343322754,30.920000076293945,15.779999732971191,
2004-06-02,,49.849998474121094,13.512499809265137,,441.73333740234375,18.844999313354492,15.050000190734863,23.25751495361328,27.299999237060547,10.005000114440918,23.239999771118164,11.78499984741211,31.110000610351562,15.84000015258789,
2004-06-03,,49.70000076293945,13.430000305175781,,435.0,18.375,14.914999961853027,23.070674896240234,27.100000381469727,9.875,23.190000534057617,11.65999984741211,31.030000686645508,15.739999771118164,
2004-06-04,,49.75,13.5,,436.0,18.75,14.84000015258789,23.26563835144043,27.25,9.970000267028809,23.229999542236328,11.699999809265137,31.09000015258789,15.805000305175781,
2004-06-07,,50.20000076293945,13.697500228881836,,442.6000061035156,19.334999084472656,15.114999771118164,23.59869956970215,27.719999313354492,10.199999809265137,23.43000030517578,11.800000190734863,31.399999618530273,16.024999618530273,
2004-06-08,,50.150001525878906,13.837499618530273,,441.6000061035156,19.354999542236328,15.050000190734863,23.566205978393555,27.780000686645508,10.255000114440918,23.540000915527344,11.6899995803833,31.440000534057617,16.079999923706055,
2004-06-09,,49.875,13.680000305175781,,440.6000061035156,18.78499984741211,14.930000305175781,23.32250213623047,27.540000915527344,10.140000343322754,23.450000762939453,11.614999771118164,31.06999969482422,15.960000038146973,
2004-06-10,,49.650001525878906,13.635000228881836,,445.4666748046875,18.854999542236328,15.119999885559082,23.43623161315918,27.729999542236328,10.194999694824219,23.450000762939453,11.694999694824219,31.079999923706055,16.024999618530273,
2004-06-14,,48.650001525878906,13.515000343322754,,443.6666564941406,18.5,15.005000114440918,23.111291885375977,27.579999923706055,10.055000305175781,23.329999923706055,11.614999771118164,30.860000610351562,15.819999694824219,
2004-06-15,,49.625,13.71500015258789,,456.0,18.75,15.220000267028809,23.20064926147461,27.829999923706055,10.204999923706055,23.440000534057617,11.664999961853027,30.899999618530273,15.914999961853027,
2004-06-16,,49.875,13.789999961853027,,468.4666748046875,18.520000457763672,15.515000343322754,23.24126625061035,27.899999618530273,10.15999984741211,23.40999984741211,11.729999542236328,30.90999984741211,15.930000305175781,
2004-06-17,,50.29999923706055,13.7475004196167,,472.3333435058594,17.969999313354492,15.630000114440918,23.25751495361328,27.920000076293945,10.045000076293945,23.31999969482422,11.8100004196167,30.959999084472656,15.970000267028809,
2004-06-18,,50.375,13.852499961853027,,471.9333190917969,17.940000534057617,15.609999656677246,23.168155670166016,28.020000457763672,10.0649995803833,23.229999542236328,11.770000457763672,30.860000610351562,15.944999694824219,
2004-06-21,,50.974998474121094,13.852499961853027,,467.0,17.860000610351562,15.574999809265137,23.09504508972168,27.90999984741211,10.020000457763672,23.200000762939453,11.850000381469727,30.649999618530273,15.890000343322754,
2004-06-22,,50.900001525878906,13.880000114440918,,471.4666748046875,18.399999618530273,15.680000305175781,23.208772659301758,28.170000076293945,10.125,23.209999084472656,11.805000305175781,30.520000457763672,15.819999694824219,
2004-06-23,,51.150001525878906,14.175000190734863,,480.20001220703125,18.799999237060547,15.944999694824219,23.26563835144043,28.56999969482422,10.265000343322754,23.239999771118164,11.895000457763672,30.700000762939453,15.944999694824219,
2004-06-24,,51.244998931884766,14.135000228881836,,474.26666259765625,18.53499984741211,15.850000381469727,23.31437873840332,28.510000228881836,10.21500015258789,23.149999618530273,11.9350004196167,30.709999084472656,15.949999809265137,
2004-06-25,,50.70000076293945,14.237500190734863,,478.3999938964844,18.625,15.760000228881836,23.233144760131836,28.469999313354492,10.255000114440918,22.93000030517578,11.864999771118164,30.440000534057617,15.9350004196167,
2004-06-28,,51.04999923706055,14.322500228881836,,469.3333435058594,18.434999465942383,15.53499984741211,23.216896057128906,28.260000228881836,10.175000190734863,22.93000030517578,11.920000076293945,30.290000915527344,15.904999732971191,
2004-06-29,,50.0,14.350000381469727,,473.5333251953125,18.770000457763672,15.619999885559082,23.119415283203125,28.479999542236328,10.279999732971191,22.950000762939453,11.829999923706055,30.450000762939453,15.78499984741211,
2004-06-30,,50.51499938964844,14.412500381469727,,481.5333251953125,18.915000915527344,15.739999771118164,23.216896057128906,28.65999984741211,10.350000381469727,23.09000015258789,11.880000114440918,30.559999465942383,15.8149995803833,
2004-07-01,,50.6150016784668,14.265000343322754,,482.6000061035156,18.204999923706055,15.760000228881836,23.054426193237305,28.229999542236328,10.15999984741211,22.860000610351562,11.739999771118164,30.1299991607666,15.720000267028809,
2004-07-02,,51.625,14.180000305175781,,482.5333251953125,17.81999969482422,15.819999694824219,23.119415283203125,27.989999771118164,10.050000190734863,22.860000610351562,11.859999656677246,30.110000610351562,15.635000228881836,
2004-07-06,,51.29999923706055,14.010000228881836,,481.0,17.290000915527344,15.859999656677246,22.956945419311523,27.93000030517578,9.835000038146973,22.8700008392334,11.84000015258789,29.889999389648438,15.53499984741211,
2004-07-07,,51.95000076293945,14.180000305175781,,482.0666809082031,17.434999465942383,15.954999923706055,22.908205032348633,27.979999542236328,9.899999618530273,22.889999389648438,11.864999771118164,29.81999969482422,15.489999771118164,
2004-07-08,,51.20000076293945,13.802499771118164,,477.9333190917969,17.360000610351562,15.875,22.737611770629883,27.81999969482422,9.734999656677246,22.860000610351562,11.819999694824219,29.75,15.279999732971191,
2004-07-09,,51.17499923706055,13.90999984741211,,483.6000061035156,17.684999465942383,15.96500015258789,22.737611770629883,28.049999237060547,9.8149995803833,22.920000076293945,11.795000076293945,29.68000030517578,15.364999771118164,
2004-07-12,,51.57500076293945,13.927499771118164,,479.0666809082031,17.334999084472656,15.875,22.843217849731445,28.09000015258789,9.800000190734863,22.950000762939453,11.819999694824219,29.549999237060547,15.404999732971191,
2004-07-13,,51.05500030517578,13.885000228881836,,476.0,17.34000015258789,15.835000038146973,22.867586135864258,28.149999618530273,9.755000114440918,22.979999542236328,11.795000076293945,29.790000915527344,15.46500015258789,
2004-07-14,,51.400001525878906,13.897500038146973,,486.5333251953125,16.420000076293945,16.024999618530273,22.761981964111328,28.100000381469727,9.600000381469727,22.969999313354492,11.899999618530273,29.899999618530273,15.399999618530273,
2004-07-15,,51.95000076293945,14.02750015258789,,499.4666748046875,16.34000015258789,16.1299991607666,22.550771713256836,28.239999771118164,9.550000190734863,22.81999969482422,11.954999923706055,29.56999969482422,15.324999809265137,
2004-07-16,,51.849998474121094,13.899999618530273,,503.9333190917969,16.0,16.325000762939453,22.558895111083984,28.1299991607666,9.449999809265137,22.809999465942383,12.039999961853027,29.309999465942383,15.154999732971191,
2004-07-19,,52.29499816894531,13.982500076293945,,501.9333190917969,16.09000015258789,16.270000457763672,22.591388702392578,28.010000228881836,9.479999542236328,22.81999969482422,12.095000267028809,29.170000076293945,15.095000267028809,
2004-07-20,,52.29999923706055,14.202500343322754,,499.5333251953125,16.450000762939453,16.219999313354492,22.70511817932129,28.18000030517578,9.635000228881836,22.829999923706055,12.119999885559082,29.290000915527344,15.265000343322754,
2004-07-21,,51.70000076293945,13.887499809265137,,491.6666564941406,15.885000228881836,15.930000305175781,22.477659225463867,27.809999465942383,9.489999771118164,22.520000457763672,11.930000305175781,28.959999084472656,15.130000114440918,
2004-07-22,,50.7599983215332,13.75,,492.79998779296875,16.3799991607666,15.979999542236328,22.502031326293945,27.639999389648438,9.59000015258789,22.450000762939453,11.850000381469727,29.100000381469727,15.154999732971191,
2004-07-23,,50.255001068115234,13.729999542236328,,488.4666748046875,15.885000228881836,15.920000076293945,22.388301849365234,27.510000228881836,9.425000190734863,22.1200008392334,11.779999732971191,28.920000076293945,15.0649995803833,
2004-07-26,,49.875,13.6850004196167,,480.6000061035156,15.774999618530273,15.779999732971191,22.396425247192383,27.420000076293945,9.479999542236328,22.040000915527344,11.75,28.6299991607666,14.9350004196167,
2004-07-27,,49.94499969482422,13.8100004196167,,488.6666564941406,15.835000038146973,15.9399995803833,22.58326530456543,27.700000762939453,9.569999694824219,22.270000457763672,11.734999656677246,28.75,15.1899995803833,
2004-07-28,,50.29999923706055,13.890000343322754,,493.0,15.699999809265137,16.049999237060547,22.6563777923584,27.8700008392334,9.5649995803833,22.209999084472656,11.890000343322754,28.68000030517578,15.125,
2004-07-29,,50.34000015258789,14.0625,,496.5333251953125,16.229999542236328,16.165000915527344,22.75385856628418,27.899999618530273,9.699999809265137,21.950000762939453,11.975000381469727,28.809999465942383,15.199999809265137,
2004-07-30,,50.650001525878906,14.0024995803833,,498.5333251953125,16.450000762939453,16.225000381469727,22.721364974975586,27.860000610351562,9.720000267028809,21.950000762939453,12.0600004196167,28.920000076293945,15.21500015258789,
2004-08-02,,51.42499923706055,14.095000267028809,,495.6666564941406,16.575000762939453,16.204999923706055,22.859464645385742,27.989999771118164,9.744999885559082,22.170000076293945,12.149999618530273,28.889999389648438,15.305000305175781,
2004-08-03,,51.64500045776367,14.042499542236328,,499.3333435058594,15.9350004196167,16.399999618530273,22.721364974975586,27.84000015258789,9.585000038146973,22.079999923706055,12.125,28.860000610351562,15.149999618530273,
2004-08-04,,52.05500030517578,14.0649995803833,,485.79998779296875,16.045000076293945,16.020000457763672,22.778228759765625,27.84000015258789,9.600000381469727,22.1299991607666,12.229999542236328,28.799999237060547,15.069999694824219,
2004-08-05,,51.275001525878906,13.762499809265137,,478.79998779296875,15.859999656677246,15.779999732971191,22.40454864501953,27.270000457763672,9.454999923706055,21.8700008392334,12.085000038146973,28.270000457763672,14.805000305175781,
2004-08-06,,51.20000076293945,13.350000381469727,,468.26666259765625,15.324999809265137,15.46500015258789,22.209585189819336,26.709999084472656,9.170000076293945,21.600000381469727,12.175000190734863,27.8799991607666,14.59000015258789,
2004-08-09,,51.07500076293945,13.387499809265137,,475.73333740234375,15.270000457763672,15.71500015258789,22.18521499633789,26.770000457763672,9.229999542236328,21.68000030517578,12.145000457763672,27.75,14.569999694824219,
2004-08-10,,51.44499969482422,13.702500343322754,,473.3333435058594,15.430000305175781,15.654999732971191,22.493907928466797,27.219999313354492,9.390000343322754,21.850000381469727,12.234999656677246,28.15999984741211,14.78499984741211,
2004-08-11,,51.375,13.699999809265137,,469.73333740234375,14.795000076293945,15.574999809265137,22.558895111083984,27.190000534057617,9.154999732971191,22.020000457763672,12.28499984741211,28.6299991607666,14.680000305175781,
2004-08-12,,50.86000061035156,13.515000343322754,,459.79998779296875,14.390000343322754,15.375,22.323314666748047,26.790000915527344,8.975000381469727,21.969999313354492,12.279999732971191,28.469999313354492,14.479999542236328,
2004-08-13,,50.875,13.329999923706055,,463.3333435058594,14.475000381469727,15.5649995803833,22.347684860229492,26.739999771118164,9.024999618530273,22.06999969482422,12.234999656677246,28.25,14.515000343322754,
2004-08-16,,51.55500030517578,13.757499694824219,,465.6000061035156,14.555000305175781,15.65999984741211,22.688871383666992,27.239999771118164,9.104999542236328,22.209999084472656,12.289999961853027,28.6299991607666,14.859999656677246,
2004-08-17,,52.099998474121094,13.704999923706055,,454.1333312988281,14.739999771118164,15.300000190734863,22.818845748901367,27.219999313354492,9.164999961853027,22.229999542236328,12.28499984741211,28.670000076293945,15.050000190734863,
2004-08-18,,52.849998474121094,13.949999809265137,,462.0,15.180000305175781,15.5,23.09504508972168,27.649999618530273,9.3149995803833,22.3799991607666,12.364999771118164,29.049999237060547,15.180000305175781,
2004-08-19,,52.07500076293945,13.774999618530273,,466.8666687011719,15.119999885559082,15.550000190734863,22.997562408447266,27.31999969482422,9.28499984741211,22.270000457763672,12.305000305175781,28.950000762939453,15.109999656677246,
2004-08-20,,53.45000076293945,13.917499542236328,,478.3333435058594,15.145000457763672,15.710000038146973,23.233144760131836,27.59000015258789,9.329999923706055,22.3700008392334,12.354999542236328,29.190000534057617,15.244999885559082,
2004-08-23,,53.5,13.827500343322754,,470.79998779296875,15.300000190734863,15.515000343322754,23.15190887451172,27.579999923706055,9.375,22.290000915527344,12.329999923706055,29.1299991607666,15.164999961853027,
2004-08-24,,54.07500076293945,14.0,,469.26666259765625,14.9399995803833,15.475000381469727,23.19252586364746,27.600000381469727,9.324999809265137,22.299999237060547,12.354999542236328,29.149999618530273,15.204999923706055,
2004-08-25,,53.79999923706055,14.055000305175781,,474.79998779296875,15.114999771118164,15.574999809265137,23.395612716674805,27.899999618530273,9.430000305175781,22.43000030517578,12.404999732971191,29.43000030517578,15.319999694824219,
2004-08-26,,54.0,14.052499771118164,,483.0666809082031,14.949999809265137,15.6850004196167,23.452478408813477,27.90999984741211,9.380000114440918,22.469999313354492,12.404999732971191,29.389999389648438,15.3149995803833,
2004-08-27,,54.06999969482422,14.015000343322754,,485.6666564941406,15.079999923706055,15.78499984741211,23.476848602294922,27.899999618530273,9.420000076293945,22.43000030517578,12.399999618530273,29.600000381469727,15.3149995803833,
2004-08-30,,54.40999984741211,13.962499618530273,,480.0666809082031,14.789999961853027,15.71500015258789,23.338748931884766,27.75,9.324999809265137,22.31999969482422,12.430000305175781,29.229999542236328,15.194999694824219,
2004-08-31,,54.82500076293945,13.984999656677246,,489.20001220703125,14.664999961853027,15.975000381469727,23.460601806640625,27.8799991607666,9.289999961853027,22.34000015258789,12.550000190734863,29.389999389648438,15.1850004196167,
2004-09-01,,54.63999938964844,14.02750015258789,,501.0,14.774999618530273,16.2549991607666,23.37124252319336,27.889999389648438,9.359999656677246,22.34000015258789,12.510000228881836,29.510000228881836,15.234999656677246,
2004-09-02,,54.95000076293945,14.272500038146973,,501.3333435058594,15.0,16.385000228881836,23.631193161010742,28.270000457763672,9.470000267028809,22.600000381469727,12.625,29.809999465942383,15.475000381469727,
2004-09-03,,55.25,14.180000305175781,,510.0,14.149999618530273,16.420000076293945,23.623071670532227,28.190000534057617,9.265000343322754,22.700000762939453,12.579999923706055,29.75,15.460000038146973,
2004-09-07,,55.82500076293945,14.335000038146973,,504.1333312988281,13.994999885559082,16.399999618530273,23.907392501831055,28.399999618530273,9.305000305175781,22.700000762939453,12.670000076293945,29.950000762939453,15.5649995803833,
2004-09-08,,55.73500061035156,14.392499923706055,,506.3333435058594,14.020000457763672,16.415000915527344,23.728675842285156,28.350000381469727,9.3149995803833,22.459999084472656,12.550000190734863,29.8799991607666,15.515000343322754,
2004-09-09,,54.83000183105469,14.395000457763672,,514.3333129882812,14.680000305175781,16.649999618530273,23.70430564880371,28.280000686645508,9.454999923706055,22.3700008392334,12.604999542236328,29.760000228881836,15.4350004196167,
2004-09-10,,54.875,14.542499542236328,,510.1333312988281,15.180000305175781,16.559999465942383,23.81803321838379,28.360000610351562,9.614999771118164,22.389999389648438,12.630000114440918,29.719999313354492,15.574999809265137,
2004-09-13,,54.41999816894531,14.515000343322754,,514.2000122070312,15.454999923706055,16.674999237060547,23.7530460357666,28.389999389648438,9.65999984741211,22.40999984741211,12.529999732971191,29.75,15.625,
2004-09-14,,53.75,14.539999961853027,,514.5999755859375,15.53499984741211,16.75,23.785539627075195,28.459999084472656,9.699999809265137,22.420000076293945,12.510000228881836,29.979999542236328,15.694999694824219,
2004-09-15,,54.04499816894531,14.512499809265137,,517.0,15.069999694824219,16.69499969482422,23.696182250976562,28.200000762939453,9.545000076293945,22.200000762939453,12.53499984741211,29.860000610351562,15.604999542236328,
2004-09-16,,54.994998931884766,14.579999923706055,,518.0,15.039999961853027,16.7450008392334,23.81803321838379,28.3799991607666,9.5649995803833,22.079999923706055,12.609999656677246,29.850000381469727,15.699999809265137,
2004-09-17,,54.724998474121094,14.704999923706055,,526.7999877929688,15.364999771118164,16.959999084472656,23.744922637939453,28.59000015258789,9.630000114440918,22.09000015258789,12.579999923706055,29.850000381469727,15.710000038146973,
2004-09-20,,54.435001373291016,14.640000343322754,,524.5333251953125,15.84000015258789,16.96500015258789,23.501218795776367,28.440000534057617,9.664999961853027,21.719999313354492,12.53499984741211,29.520000457763672,15.59000015258789,
2004-09-21,,54.459999084472656,14.725000381469727,,533.3333129882812,15.880000114440918,17.385000228881836,23.696182250976562,28.549999237060547,9.699999809265137,21.639999389648438,12.604999542236328,29.670000076293945,15.710000038146973,
2004-09-22,,54.275001525878906,14.397500038146973,,533.066650390625,15.524999618530273,17.274999618530273,23.26563835144043,28.149999618530273,9.539999961853027,21.469999313354492,12.550000190734863,29.299999237060547,15.5,
2004-09-23,,53.98500061035156,14.350000381469727,,531.4666748046875,15.550000190734863,17.114999771118164,23.030057907104492,27.8799991607666,9.5649995803833,21.549999237060547,12.425000190734863,29.09000015258789,15.555000305175781,
2004-09-24,,53.53499984741211,14.4399995803833,,542.933349609375,15.085000038146973,17.309999465942383,23.119415283203125,27.979999542236328,9.484999656677246,21.530000686645508,12.430000305175781,29.170000076293945,15.600000381469727,
2004-09-27,,53.400001525878906,14.350000381469727,,540.5333251953125,14.899999618530273,17.299999237060547,23.005685806274414,27.760000228881836,9.399999618530273,21.440000534057617,12.444999694824219,29.0,15.489999771118164,
2004-09-28,,53.65999984741211,14.475000381469727,,551.0,14.75,17.594999313354492,23.09504508972168,28.040000915527344,9.425000190734863,21.549999237060547,12.524999618530273,29.219999313354492,15.479999542236328,
2004-09-29,,53.64500045776367,14.587499618530273,,542.0,15.050000190734863,17.360000610351562,23.176279067993164,28.139999389648438,9.524999618530273,21.610000610351562,12.5,29.350000381469727,15.53499984741211,
2004-09-30,,53.97999954223633,14.607500076293945,,544.6666870117188,15.119999885559082,17.46500015258789,23.119415283203125,28.3799991607666,9.5600004196167,21.65999984741211,12.524999618530273,28.790000915527344,15.600000381469727,
2004-10-01,,55.19499969482422,14.857500076293945,,556.6666870117188,15.845000267028809,17.71500015258789,23.509342193603516,28.780000686645508,9.800000190734863,21.8799991607666,12.625,29.059999465942383,15.795000076293945,
2004-10-04,,55.150001525878906,14.96500015258789,,552.933349609375,15.949999809265137,17.69499969482422,23.54183578491211,28.75,9.880000114440918,21.829999923706055,12.675000190734863,29.190000534057617,15.944999694824219,
2004-10-05,,55.31999969482422,15.022500038146973,,552.0,15.954999923706055,17.885000228881836,23.4118595123291,28.6299991607666,9.949999809265137,21.829999923706055,12.729999542236328,29.100000381469727,15.925000190734863,
2004-10-06,,55.415000915527344,15.267499923706055,,563.6666870117188,16.0,18.21500015258789,23.58245277404785,28.93000030517578,10.015000343322754,21.93000030517578,12.779999732971191,29.06999969482422,16.010000228881836,
2004-10-07,,54.775001525878906,15.055000305175781,,559.4666748046875,15.9350004196167,18.075000762939453,23.517465591430664,28.600000381469727,9.90999984741211,21.760000228881836,12.710000038146973,28.40999984741211,15.895000457763672,
2004-10-08,,55.255001068115234,15.03499984741211,,561.8666381835938,15.295000076293945,18.094999313354492,23.43623161315918,28.3700008392334,9.770000457763672,21.610000610351562,12.765000343322754,28.020000457763672,15.770000457763672,
2004-10-11,,55.0,15.042499542236328,,546.5333251953125,15.34000015258789,17.940000534057617,23.501218795776367,28.399999618530273,9.800000190734863,21.600000381469727,12.729999542236328,28.209999084472656,15.829999923706055,
2004-10-12,,55.55500030517578,15.042499542236328,,538.2000122070312,15.100000381469727,17.735000610351562,23.48497200012207,28.389999389648438,9.774999618530273,21.540000915527344,12.835000038146973,28.15999984741211,15.789999961853027,
2004-10-13,,55.29999923706055,14.78499984741211,,531.7999877929688,15.369999885559082,17.364999771118164,23.330625534057617,28.059999465942383,9.739999771118164,21.450000762939453,12.664999961853027,27.860000610351562,15.739999771118164,
2004-10-14,,55.650001525878906,14.912500381469727,,540.2666625976562,14.875,17.5049991607666,22.761981964111328,27.940000534057617,9.664999961853027,21.3700008392334,12.6899995803833,27.670000076293945,15.604999542236328,
2004-10-15,,56.125,15.069999694824219,,540.8666381835938,14.880000114440918,17.579999923706055,22.794475555419922,28.139999389648438,9.725000381469727,21.510000228881836,12.789999961853027,27.709999084472656,15.71500015258789,
2004-10-18,,56.474998474121094,15.2475004196167,,531.2666625976562,14.960000038146973,17.344999313354492,22.891958236694336,28.219999313354492,9.824999809265137,21.59000015258789,12.699999809265137,27.969999313354492,15.824999809265137,
2004-10-19,,55.95500183105469,15.074999809265137,,531.4000244140625,15.199999809265137,17.295000076293945,22.510154724121094,27.969999313354492,9.824999809265137,21.459999084472656,12.680000305175781,27.510000228881836,15.725000381469727,
2004-10-20,,55.650001525878906,15.199999809265137,,550.933349609375,15.524999618530273,17.674999237060547,22.396425247192383,27.889999389648438,9.84000015258789,21.520000457763672,12.694999694824219,27.5,15.640000343322754,
2004-10-21,,56.349998474121094,15.467499732971191,,558.1333618164062,15.954999923706055,17.774999618530273,22.380178451538086,28.030000686645508,9.925000190734863,21.520000457763672,12.75,27.239999771118164,15.779999732971191,
2004-10-22,,55.79999923706055,15.199999809265137,,553.0,15.479999542236328,17.739999771118164,22.25832748413086,27.780000686645508,9.710000038146973,21.3799991607666,12.829999923706055,27.040000915527344,15.645000457763672,
2004-10-25,,55.66999816894531,15.22249984741211,,550.7333374023438,15.5649995803833,17.7549991607666,22.250202178955078,27.780000686645508,9.694999694824219,21.260000228881836,13.024999618530273,26.889999389648438,15.630000114440918,
2004-10-26,,56.29999923706055,15.467499732971191,,559.6666870117188,15.520000457763672,17.950000762939453,22.74573516845703,28.200000762939453,9.71500015258789,21.489999771118164,13.154999732971191,27.399999618530273,15.890000343322754,
2004-10-27,,56.779998779296875,15.625,,543.3333129882812,16.104999542236328,17.639999389648438,23.08692169189453,28.600000381469727,9.949999809265137,21.719999313354492,13.140000343322754,28.1200008392334,16.15999984741211,
2004-10-28,,56.900001525878906,15.65999984741211,,530.0,16.200000762939453,17.329999923706055,23.208772659301758,28.540000915527344,9.975000381469727,21.81999969482422,13.0649995803833,28.06999969482422,16.25,
2004-10-29,,56.755001068115234,15.7475004196167,,540.4000244140625,16.174999237060547,17.56999969482422,23.24126625061035,28.670000076293945,9.979999542236328,21.799999237060547,13.135000228881836,28.149999618530273,16.229999542236328,
2004-11-01,,57.29999923706055,15.800000190734863,,533.3333129882812,16.28499984741211,17.46500015258789,23.31437873840332,28.760000228881836,10.0600004196167,21.75,13.239999771118164,27.889999389648438,16.295000076293945,
2004-11-02,,56.900001525878906,15.524999618530273,,519.2666625976562,16.239999771118164,17.204999923706055,23.4118595123291,28.790000915527344,10.074999809265137,21.889999389648438,12.979999542236328,27.68000030517578,16.354999542236328,
2004-11-03,,57.45000076293945,15.739999771118164,,534.6666870117188,16.075000762939453,17.549999237060547,23.549959182739258,29.110000610351562,10.130000114440918,22.059999465942383,13.255000114440918,28.5,16.395000457763672,
2004-11-04,,58.494998931884766,16.0575008392334,,531.4666748046875,16.19499969482422,17.760000228881836,23.948009490966797,29.59000015258789,10.244999885559082,22.649999618530273,13.520000457763672,28.559999465942383,16.7549991607666,
2004-11-05,,56.79999923706055,16.077499389648438,,531.4666748046875,16.440000534057617,17.864999771118164,23.899269104003906,29.81999969482422,10.335000038146973,22.75,13.470000267028809,28.729999542236328,16.815000534057617,
2004-11-08,,57.125,16.145000457763672,,516.4666748046875,16.459999084472656,17.56999969482422,23.866775512695312,29.899999618530273,10.350000381469727,22.709999084472656,13.600000381469727,28.719999313354492,16.825000762939453,
2004-11-09,,57.290000915527344,16.177499771118164,,518.4666748046875,16.3700008392334,17.40999984741211,23.842405319213867,30.010000228881836,10.345000267028809,22.700000762939453,13.604999542236328,28.729999542236328,16.84000015258789,
2004-11-10,,57.6349983215332,16.110000610351562,,532.933349609375,15.9350004196167,17.614999771118164,23.907392501831055,30.100000381469727,10.255000114440918,22.729999542236328,13.600000381469727,28.649999618530273,16.84000015258789,
2004-11-11,,58.09000015258789,16.325000762939453,,530.1333618164062,16.229999542236328,17.579999923706055,24.134849548339844,30.450000762939453,10.385000228881836,22.899999618530273,13.744999885559082,28.799999237060547,16.9950008392334,
2004-11-12,,59.42499923706055,16.342500686645508,,542.8666381835938,16.520000457763672,17.950000762939453,24.232330322265625,30.559999465942383,10.529999732971191,22.969999313354492,13.90999984741211,28.84000015258789,17.104999542236328,
2004-11-15,,60.060001373291016,16.2450008392334,,524.6666870117188,16.815000534057617,17.559999465942383,24.305442810058594,30.540000915527344,10.59000015258789,23.040000915527344,13.84000015258789,28.989999771118164,17.155000686645508,
2004-11-16,,59.5,16.110000610351562,,528.066650390625,16.764999389648438,17.559999465942383,24.10235595703125,30.34000015258789,10.510000228881836,22.889999389648438,13.8149995803833,28.850000381469727,16.9950008392334,
2004-11-17,,58.275001525878906,16.237499237060547,,536.8666381835938,17.149999618530273,17.834999084472656,24.15921974182129,30.559999465942383,10.630000114440918,22.90999984741211,13.699999809265137,28.84000015258789,17.010000228881836,
2004-11-18,,58.349998474121094,16.27750015258789,,552.0,17.399999618530273,17.975000381469727,24.10235595703125,30.729999542236328,10.670000076293945,22.899999618530273,13.699999809265137,28.760000228881836,17.09000015258789,
2004-11-19,,57.54999923706055,16.084999084472656,,563.0,16.885000228881836,18.190000534057617,23.793664932250977,30.360000610351562,10.505000114440918,22.649999618530273,13.649999618530273,28.40999984741211,16.875,
2004-11-22,,57.97999954223633,16.252500534057617,,565.5999755859375,16.875,18.479999542236328,23.9317626953125,30.43000030517578,10.520000457763672,22.799999237060547,13.864999771118164,28.459999084472656,16.979999542236328,
2004-11-23,,58.599998474121094,16.299999237060547,,571.6666870117188,16.635000228881836,18.594999313354492,23.98862648010254,30.3799991607666,10.475000381469727,22.75,13.949999809265137,28.3700008392334,17.075000762939453,
2004-11-24,,59.400001525878906,16.452499389648438,,580.0,16.7549991607666,18.75,24.086109161376953,30.520000457763672,10.5600004196167,22.739999771118164,14.0,28.440000534057617,17.190000534057617,
2004-11-26,,59.04999923706055,16.459999084472656,,580.0,16.625,18.829999923706055,24.10235595703125,30.520000457763672,10.545000076293945,22.739999771118164,14.055000305175781,28.610000610351562,17.209999084472656,
2004-11-29,,58.900001525878906,16.469999313354492,,574.933349609375,16.514999389648438,18.729999542236328,23.98862648010254,30.399999618530273,10.550000190734863,22.510000228881836,13.869999885559082,28.600000381469727,17.094999313354492,
2004-11-30,,59.165000915527344,16.502500534057617,,574.1333618164062,16.2450008392334,18.7549991607666,23.964256286621094,30.469999313354492,10.489999771118164,22.34000015258789,13.720000267028809,28.700000762939453,16.90999984741211,
2004-12-01,,60.380001068115234,16.84749984741211,,551.3333129882812,16.864999771118164,18.30500030517578,24.43541717529297,30.979999542236328,10.704999923706055,22.639999389648438,13.600000381469727,29.18000030517578,17.174999237060547,
2004-12-02,,59.83000183105469,16.837499618530273,,538.1333618164062,16.75,17.81999969482422,24.394800186157227,30.8799991607666,10.734999656677246,22.850000381469727,13.430000305175781,29.459999084472656,17.19499969482422,
2004-12-03,,60.869998931884766,16.81999969482422,,547.0,17.135000228881836,17.9950008392334,24.386676788330078,30.889999389648438,10.8100004196167,22.809999465942383,13.529999732971191,29.260000228881836,17.139999389648438,
2004-12-06,,61.150001525878906,16.737499237060547,,545.7999877929688,17.225000381469727,18.0049991607666,24.370431900024414,30.719999313354492,10.854999542236328,22.65999984741211,13.654999732971191,29.200000762939453,17.110000610351562,
2004-12-07,,60.310001373291016,16.594999313354492,,531.6666870117188,16.864999771118164,17.6299991607666,24.167343139648438,30.469999313354492,10.710000038146973,22.600000381469727,13.550000190734863,28.899999618530273,16.989999771118164,
2004-12-08,,60.43000030517578,16.809999465942383,,533.7333374023438,16.514999389648438,17.75,24.232330322265625,30.549999237060547,10.699999809265137,22.610000610351562,13.479999542236328,29.31999969482422,17.09000015258789,
2004-12-09,,60.849998474121094,16.762500762939453,,544.5999755859375,16.290000915527344,17.899999618530273,24.362306594848633,30.739999771118164,10.694999694824219,22.8700008392334,13.484999656677246,29.510000228881836,17.219999313354492,
2004-12-10,,61.494998931884766,16.627500534057617,,540.5333251953125,16.19499969482422,17.774999618530273,24.402923583984375,30.850000381469727,10.640000343322754,22.90999984741211,13.53499984741211,29.489999771118164,17.200000762939453,
2004-12-13,,61.349998474121094,16.829999923706055,,548.0,16.290000915527344,18.09000015258789,24.565393447875977,31.190000534057617,10.765000343322754,22.959999084472656,13.734999656677246,29.6299991607666,17.260000228881836,
2004-12-14,,61.20000076293945,16.967500686645508,,558.2000122070312,16.674999237060547,18.145000457763672,24.646629333496094,31.25,10.78499984741211,23.170000076293945,13.78499984741211,29.889999389648438,17.350000381469727,
2004-12-15,,61.525001525878906,16.9375,,566.3333129882812,16.670000076293945,18.280000686645508,24.77660369873047,31.290000915527344,10.78499984741211,23.15999984741211,13.850000381469727,29.979999542236328,17.424999237060547,
2004-12-16,,61.0,16.877500534057617,,562.6666870117188,16.389999389648438,18.094999313354492,24.60601043701172,31.110000610351562,10.739999771118164,23.100000381469727,13.854999542236328,30.399999618530273,17.395000457763672,
2004-12-17,,61.470001220703125,16.9325008392334,,565.3333129882812,16.229999542236328,18.024999618530273,24.37855339050293,30.920000076293945,10.479999542236328,22.829999923706055,13.760000228881836,29.700000762939453,17.264999389648438,
2004-12-20,,61.42499923706055,16.827499389648438,,567.7333374023438,16.104999542236328,18.2450008392334,24.337936401367188,30.940000534057617,10.420000076293945,22.84000015258789,13.835000038146973,29.34000015258789,17.2450008392334,
2004-12-21,,61.92499923706055,17.087499618530273,,577.7999877929688,16.375,18.399999618530273,24.654752731323242,31.110000610351562,10.53499984741211,23.0,13.979999542236328,29.6200008392334,17.34000015258789,
2004-12-22,,62.334999084472656,17.09749984741211,,568.6666870117188,16.43000030517578,18.149999618530273,24.792850494384766,31.209999084472656,10.555000305175781,23.09000015258789,14.010000228881836,29.84000015258789,17.459999084472656,
2004-12-23,,60.79999923706055,17.072500228881836,,572.4666748046875,16.489999771118164,18.2549991607666,24.84159278869629,31.25,10.579999923706055,23.040000915527344,14.005000114440918,29.959999084472656,17.43000030517578,
2004-12-27,,60.94499969482422,16.917499542236328,,558.3333129882812,16.34000015258789,17.934999465942383,24.71161651611328,31.06999969482422,10.515000343322754,23.020000457763672,13.914999961853027,29.920000076293945,17.440000534057617,
2004-12-28,,61.154998779296875,17.11750030517578,,562.7333374023438,16.399999618530273,18.059999465942383,24.82534408569336,31.239999771118164,10.569999694824219,23.15999984741211,13.949999809265137,30.229999542236328,17.645000457763672,
2004-12-29,,61.45000076293945,17.155000686645508,,571.3333129882812,16.575000762939453,18.19499969482422,24.76848030090332,31.15999984741211,10.569999694824219,23.110000610351562,13.989999771118164,30.290000915527344,17.65999984741211,
2004-12-30,,61.76499938964844,17.155000686645508,,567.3333129882812,16.614999771118164,18.114999771118164,24.800975799560547,31.18000030517578,10.574999809265137,23.15999984741211,13.994999885559082,30.309999465942383,17.709999084472656,
2004-12-31,,61.599998474121094,17.11750030517578,,567.1333618164062,16.684999465942383,18.15999984741211,24.800975799560547,31.06999969482422,10.555000305175781,23.079999923706055,13.925000190734863,30.190000534057617,17.645000457763672,
2005-01-03,,60.834999084472656,16.907499313354492,,547.7999877929688,16.354999542236328,17.489999771118164,24.71161651611328,30.799999237060547,10.46500015258789,23.079999923706055,13.765000343322754,29.84000015258789,17.530000686645508,
2005-01-04,,60.0,16.579999923706055,,544.5333251953125,15.949999809265137,17.399999618530273,24.476036071777344,30.420000076293945,10.270000457763672,23.0,13.670000076293945,29.600000381469727,17.325000762939453,
2005-01-05,,57.755001068115234,16.47249984741211,,541.5333251953125,15.675000190734863,17.325000762939453,24.43541717529297,30.209999084472656,10.234999656677246,22.8799991607666,13.454999923706055,29.549999237060547,17.260000228881836,
2005-01-06,,58.25,16.5,,553.5333251953125,15.600000381469727,17.625,24.557270050048828,30.309999465942383,10.204999923706055,22.989999771118164,13.524999618530273,29.770000457763672,17.170000076293945,
2005-01-07,,58.244998931884766,16.387500762939453,,544.4666748046875,15.739999771118164,17.485000610351562,24.427295684814453,30.170000076293945,10.225000381469727,23.100000381469727,13.524999618530273,29.75,17.165000915527344,
2005-01-10,,58.209999084472656,16.485000610351562,,547.933349609375,15.710000038146973,17.614999771118164,24.4516658782959,30.280000686645508,10.225000381469727,23.239999771118164,13.595000267028809,30.010000228881836,17.229999542236328,
2005-01-11,,57.494998931884766,16.389999389648438,,548.3333129882812,15.380000114440918,17.639999389648438,24.346059799194336,30.139999389648438,10.125,23.139999389648438,13.555000305175781,29.799999237060547,17.1200008392334,
2005-01-12,,57.275001525878906,16.13249969482422,,562.7333374023438,15.71500015258789,17.950000762939453,24.313566207885742,30.18000030517578,10.180000305175781,23.209999084472656,13.595000267028809,30.0,17.219999313354492,
2005-01-13,,57.54999923706055,15.897500038146973,,572.3333129882812,15.460000038146973,18.06999969482422,24.077985763549805,29.889999389648438,10.079999923706055,23.059999465942383,13.65999984741211,29.549999237060547,17.094999313354492,
2005-01-14,,58.220001220703125,16.075000762939453,,576.7999877929688,15.675000190734863,18.229999542236328,24.15921974182129,30.09000015258789,10.109999656677246,23.190000534057617,13.774999618530273,29.670000076293945,17.2549991607666,
2005-01-18,,58.86000061035156,16.162500381469727,,579.6666870117188,15.75,18.40999984741211,24.54102325439453,30.209999084472656,10.220000267028809,23.43000030517578,13.895000457763672,29.90999984741211,17.399999618530273,
2005-01-19,,58.95500183105469,15.987500190734863,,581.1333618164062,15.380000114440918,18.344999313354492,24.297319412231445,29.969999313354492,10.005000114440918,23.389999389648438,13.835000038146973,29.719999313354492,17.225000381469727,
2005-01-20,,58.584999084472656,15.78499984741211,,578.1333618164062,15.324999809265137,18.15999984741211,24.118602752685547,29.700000762939453,9.9350004196167,23.3700008392334,13.789999961853027,29.56999969482422,16.915000915527344,
2005-01-21,,58.724998474121094,15.595000267028809,,579.0,15.109999656677246,18.200000762939453,23.99675178527832,29.510000228881836,9.864999771118164,23.170000076293945,13.734999656677246,29.3700008392334,16.854999542236328,
2005-01-24,,58.150001525878906,15.555000305175781,,583.5333251953125,14.845000267028809,18.360000610351562,24.004873275756836,29.420000076293945,9.78499984741211,23.079999923706055,13.854999542236328,29.1200008392334,16.690000534057617,
2005-01-25,,56.959999084472656,15.897500038146973,,583.4666748046875,15.114999771118164,18.434999465942383,24.021120071411133,29.700000762939453,9.800000190734863,23.170000076293945,13.774999618530273,29.31999969482422,16.735000610351562,
2005-01-26,,57.04999923706055,15.930000305175781,,590.3333129882812,15.479999542236328,18.614999771118164,24.134849548339844,29.760000228881836,9.899999618530273,23.149999618530273,13.975000381469727,29.5,16.825000762939453,
2005-01-27,,56.45000076293945,16.0,,596.933349609375,15.579999923706055,18.780000686645508,24.012998580932617,29.84000015258789,9.890000343322754,23.280000686645508,14.045000076293945,29.440000534057617,16.790000915527344,
2005-01-28,,56.709999084472656,15.917499542236328,,584.5999755859375,15.539999961853027,18.55500030517578,23.98050308227539,29.809999465942383,9.890000343322754,23.290000915527344,14.0600004196167,29.200000762939453,16.709999084472656,
2005-01-31,,56.349998474121094,16.177499771118164,,593.2000122070312,15.604999542236328,18.774999618530273,24.26482582092285,30.200000762939453,9.960000038146973,23.350000381469727,14.220000267028809,29.25,16.889999389648438,
2005-02-01,,57.19499969482422,16.22249984741211,,592.8666381835938,15.850000381469727,19.094999313354492,24.524776458740234,30.290000915527344,10.020000457763672,23.360000610351562,14.3149995803833,29.530000686645508,16.905000686645508,
2005-02-02,,57.849998474121094,16.21500015258789,,603.0,15.755000114440918,19.360000610351562,24.524776458740234,30.290000915527344,10.024999618530273,23.549999237060547,14.369999885559082,29.649999618530273,16.954999923706055,
2005-02-03,,57.67499923706055,16.100000381469727,,605.7333374023438,15.625,19.454999923706055,24.411048889160156,30.200000762939453,9.960000038146973,23.510000228881836,14.40999984741211,29.559999465942383,16.920000076293945,
2005-02-04,,58.5,16.184999465942383,,608.4000244140625,16.360000610351562,19.524999618530273,24.703493118286133,30.450000762939453,10.130000114440918,23.639999389648438,14.550000190734863,29.829999923706055,17.075000762939453,
2005-02-07,,58.369998931884766,16.212499618530273,,597.3333129882812,16.325000762939453,19.395000457763672,24.727863311767578,30.43000030517578,10.100000381469727,23.59000015258789,14.520000457763672,29.850000381469727,17.1200008392334,
2005-02-08,,58.505001068115234,16.262500762939453,,600.7999877929688,16.594999313354492,19.53499984741211,24.630382537841797,30.600000381469727,10.149999618530273,23.6200008392334,14.604999542236328,29.920000076293945,17.079999923706055,
2005-02-09,,58.849998474121094,16.045000076293945,,600.4000244140625,16.264999389648438,19.5,24.565393447875977,30.280000686645508,9.975000381469727,23.40999984741211,14.520000457763672,29.600000381469727,16.889999389648438,
2005-02-10,,59.060001373291016,16.075000762939453,,619.7999877929688,16.389999389648438,20.03499984741211,24.638505935668945,30.420000076293945,9.994999885559082,23.399999618530273,14.53499984741211,29.649999618530273,16.959999084472656,
2005-02-11,,59.29999923706055,16.260000228881836,,629.6666870117188,16.96500015258789,20.209999084472656,24.83346939086914,30.6200008392334,10.09000015258789,23.540000915527344,14.545000076293945,29.950000762939453,17.045000076293945,
2005-02-14,,59.415000915527344,16.127500534057617,,621.3333129882812,16.959999084472656,20.235000610351562,24.792850494384766,30.59000015258789,10.109999656677246,23.549999237060547,14.675000190734863,29.969999313354492,17.020000457763672,
2005-02-15,,59.595001220703125,16.239999771118164,,621.3333129882812,17.049999237060547,20.280000686645508,24.849716186523438,30.690000534057617,10.15999984741211,23.59000015258789,14.649999618530273,29.959999084472656,17.155000686645508,
2005-02-16,,59.900001525878906,16.282499313354492,,638.2666625976562,16.8799991607666,20.850000381469727,24.679122924804688,30.780000686645508,10.125,23.649999618530273,14.6899995803833,29.920000076293945,17.125,
2005-02-17,,59.8650016784668,16.1875,,628.7333374023438,16.625,20.56999969482422,24.459789276123047,30.5,9.960000038146973,23.5,14.65999984741211,29.8799991607666,17.040000915527344,
2005-02-18,,59.25,16.287500381469727,,642.0,16.674999237060547,21.024999618530273,24.199838638305664,30.5,9.9399995803833,23.469999313354492,14.505000114440918,30.329999923706055,17.0049991607666,
2005-02-22,,57.654998779296875,15.922499656677246,,631.6666870117188,16.649999618530273,20.875,23.842405319213867,30.010000228881836,9.885000228881836,23.1200008392334,14.15999984741211,29.969999313354492,16.670000076293945,
2005-02-23,,57.689998626708984,16.225000381469727,,641.0,16.530000686645508,21.139999389648438,24.061737060546875,30.049999237060547,9.854999542236328,23.18000030517578,14.234999656677246,30.110000610351562,16.774999618530273,
2005-02-24,,57.5,16.5049991607666,,649.0,16.8799991607666,21.55500030517578,24.0942325592041,30.479999542236328,9.9399995803833,23.290000915527344,14.345000267028809,30.34000015258789,16.790000915527344,
2005-02-25,,58.625,16.674999237060547,,656.2000122070312,17.219999313354492,22.084999084472656,24.337936401367188,30.729999542236328,10.005000114440918,23.3700008392334,14.625,30.59000015258789,16.8700008392334,
2005-02-28,,58.22999954223633,16.717500686645508,,649.1333618164062,16.9950008392334,21.924999237060547,24.10235595703125,30.549999237060547,9.975000381469727,23.31999969482422,14.524999618530273,30.1299991607666,16.799999237060547,
2005-03-01,,58.72999954223633,16.8700008392334,,632.6666870117188,17.395000457763672,21.5,24.337936401367188,30.649999618530273,10.095000267028809,23.510000228881836,14.5649995803833,30.3700008392334,16.989999771118164,
2005-03-02,,58.5,16.844999313354492,,640.3333129882812,17.149999618530273,21.815000534057617,24.26482582092285,30.739999771118164,10.069999694824219,23.450000762939453,14.550000190734863,30.399999618530273,17.0,
2005-03-03,,58.60499954223633,16.852500915527344,,654.6666870117188,16.96500015258789,22.174999237060547,24.22420883178711,30.809999465942383,9.994999885559082,23.610000610351562,14.625,30.3700008392334,16.979999542236328,
2005-03-04,,59.82500076293945,17.1825008392334,,666.066650390625,17.0049991607666,22.459999084472656,24.532899856567383,31.239999771118164,10.0600004196167,23.729999542236328,14.854999542236328,30.649999618530273,17.125,
2005-03-07,,60.400001525878906,17.392499923706055,,661.933349609375,17.315000534057617,22.30500030517578,24.532899856567383,31.389999389648438,10.135000228881836,23.65999984741211,14.960000038146973,30.719999313354492,17.139999389648438,
2005-03-08,,59.79999923706055,17.360000610351562,,656.933349609375,16.989999771118164,22.280000686645508,24.49228286743164,31.3700008392334,10.050000190734863,23.549999237060547,14.859999656677246,30.520000457763672,17.049999237060547,
2005-03-09,,58.04999923706055,17.217500686645508,,640.6666870117188,17.030000686645508,21.665000915527344,24.191713333129883,31.030000686645508,10.029999732971191,23.3799991607666,14.595000267028809,30.329999923706055,16.860000610351562,
2005-03-10,,58.5,17.112499237060547,,628.3333129882812,17.225000381469727,21.225000381469727,24.32981300354004,31.100000381469727,10.074999809265137,23.43000030517578,14.6899995803833,30.440000534057617,16.889999389648438,
2005-03-11,,57.654998779296875,17.1875,,631.4000244140625,16.774999618530273,21.399999618530273,24.118602752685547,31.020000457763672,9.944999694824219,23.25,14.625,30.200000762939453,16.8700008392334,
2005-03-14,,58.564998626708984,17.252500534057617,,638.5333251953125,16.815000534057617,21.55500030517578,24.248577117919922,31.190000534057617,9.984999656677246,23.31999969482422,14.850000381469727,30.25,16.895000457763672,
2005-03-15,,58.435001373291016,17.139999389648438,,629.6666870117188,16.53499984741211,21.2549991607666,24.086109161376953,31.020000457763672,9.885000228881836,23.18000030517578,14.78499984741211,29.899999618530273,16.915000915527344,
2005-03-16,,57.709999084472656,16.834999084472656,,628.3333129882812,16.344999313354492,21.325000762939453,23.842405319213867,30.65999984741211,9.78499984741211,23.1200008392334,14.649999618530273,29.610000610351562,16.815000534057617,
2005-03-17,,58.32500076293945,16.940000534057617,,631.933349609375,16.360000610351562,21.69499969482422,23.777416229248047,30.649999618530273,9.779999732971191,23.200000762939453,14.734999656677246,29.709999084472656,16.829999923706055,
2005-03-18,,57.935001373291016,16.774999618530273,,636.0,16.219999313354492,21.889999389648438,23.53371238708496,30.579999923706055,9.725000381469727,23.030000686645508,14.579999923706055,29.579999923706055,16.709999084472656,
2005-03-21,,57.5,16.799999237060547,,635.2000122070312,16.239999771118164,21.700000762939453,23.32250213623047,30.68000030517578,9.725000381469727,22.899999618530273,14.574999809265137,29.459999084472656,16.6299991607666,
2005-03-22,,56.5,16.825000762939453,,640.066650390625,16.020000457763672,21.440000534057617,22.891958236694336,30.510000228881836,9.640000343322754,22.770000457763672,14.279999732971191,29.469999313354492,16.489999771118164,
2005-03-23,,56.20000076293945,16.739999771118164,,618.6666870117188,16.2549991607666,21.030000686645508,22.940698623657227,30.31999969482422,9.680000305175781,22.920000076293945,14.210000038146973,29.790000915527344,16.434999465942383,
2005-03-24,,55.70500183105469,16.787500381469727,,622.7333374023438,16.325000762939453,21.014999389648438,22.826969146728516,30.469999313354492,9.6850004196167,22.90999984741211,14.359999656677246,29.799999237060547,16.459999084472656,
2005-03-28,,55.67499923706055,16.760000228881836,,631.3333129882812,16.280000686645508,21.040000915527344,22.989439010620117,30.440000534057617,9.694999694824219,22.93000030517578,14.385000228881836,29.780000686645508,16.575000762939453,
2005-03-29,,55.595001220703125,16.427499771118164,,613.3333129882812,16.084999084472656,20.700000762939453,22.908205032348633,29.940000534057617,9.619999885559082,22.8799991607666,14.204999923706055,29.68000030517578,16.364999771118164,
2005-03-30,,56.310001373291016,16.735000610351562,,621.4000244140625,16.44499969482422,21.010000228881836,23.19252586364746,30.510000228881836,9.765000343322754,23.18000030517578,14.4350004196167,30.149999618530273,16.6299991607666,
2005-03-31,,56.099998474121094,16.622499465942383,,641.0,16.264999389648438,21.434999465942383,23.062551498413086,30.43000030517578,9.779999732971191,23.020000457763672,14.574999809265137,29.860000610351562,16.579999923706055,
2005-04-01,,56.25,16.512500762939453,,658.0,16.040000915527344,21.96500015258789,22.74573516845703,30.139999389648438,9.694999694824219,22.799999237060547,14.625,29.600000381469727,16.450000762939453,
2005-04-04,,55.974998474121094,16.6200008392334,,652.3333129882812,16.030000686645508,21.774999618530273,22.908205032348633,30.110000610351562,9.729999542236328,22.93000030517578,14.664999961853027,29.75,16.4950008392334,
2005-04-05,,56.0,16.707500457763672,,647.3333129882812,16.045000076293945,21.5,22.97319221496582,30.260000228881836,9.75,23.100000381469727,14.75,30.350000381469727,16.594999313354492,
2005-04-06,,56.4900016784668,16.670000076293945,,661.3333129882812,16.05500030517578,21.84000015258789,23.127538681030273,30.270000457763672,9.734999656677246,23.040000915527344,14.704999923706055,30.3700008392334,16.524999618530273,
2005-04-07,,56.70000076293945,16.68000030517578,,653.1333618164062,16.334999084472656,21.7549991607666,23.216896057128906,30.520000457763672,9.864999771118164,23.200000762939453,14.84000015258789,30.68000030517578,16.600000381469727,
2005-04-08,,55.775001525878906,16.18000030517578,,640.0,16.2450008392334,21.360000610351562,23.005685806274414,30.209999084472656,9.795000076293945,23.09000015258789,14.725000381469727,30.459999084472656,16.469999313354492,
2005-04-11,,56.45000076293945,16.219999313354492,,645.6666870117188,16.104999542236328,21.520000457763672,23.054426193237305,30.270000457763672,9.739999771118164,23.149999618530273,14.869999885559082,30.43000030517578,16.3799991607666,
2005-04-12,,57.5099983215332,16.420000076293945,,632.6666870117188,16.040000915527344,21.18000030517578,23.37124252319336,30.510000228881836,9.800000190734863,23.239999771118164,15.010000228881836,30.6299991607666,16.53499984741211,
2005-04-13,,57.39500045776367,15.947500228881836,,617.066650390625,15.699999809265137,20.65999984741211,23.030057907104492,29.979999542236328,9.65999984741211,23.1299991607666,14.904999732971191,30.770000457763672,16.28499984741211,
2005-04-14,,57.04999923706055,15.477499961853027,,611.0,15.449999809265137,20.649999618530273,22.770105361938477,29.530000686645508,9.524999618530273,23.079999923706055,14.765000343322754,30.649999618530273,16.059999465942383,
2005-04-15,,56.779998779296875,15.199999809265137,,596.4000244140625,14.954999923706055,19.864999771118164,22.52640151977539,28.950000762939453,9.234999656677246,22.860000610351562,14.505000114440918,30.799999237060547,15.734999656677246,
2005-04-18,,57.0,15.329999923706055,,604.5333251953125,15.145000457763672,20.225000381469727,22.713241577148438,29.040000915527344,9.244999885559082,22.709999084472656,14.5600004196167,30.59000015258789,15.765000343322754,
2005-04-19,,57.5,15.510000228881836,,620.2000122070312,15.475000381469727,20.700000762939453,22.74573516845703,29.170000076293945,9.359999656677246,22.770000457763672,14.765000343322754,30.56999969482422,15.78499984741211,
2005-04-20,,57.20000076293945,15.302499771118164,,610.933349609375,15.210000038146973,20.274999618530273,22.46141242980957,28.8700008392334,9.274999618530273,22.479999542236328,14.635000228881836,30.190000534057617,15.524999618530273,
2005-04-21,,57.474998474121094,15.789999961853027,,629.0,15.645000457763672,20.975000381469727,22.591388702392578,29.639999389648438,9.524999618530273,22.860000610351562,14.765000343322754,30.600000381469727,15.90999984741211,
2005-04-22,,57.46500015258789,15.392499923706055,,633.3333129882812,15.324999809265137,21.020000457763672,22.53452491760254,29.290000915527344,9.40999984741211,22.6200008392334,14.859999656677246,30.489999771118164,15.670000076293945,
2005-04-25,,58.400001525878906,15.585000038146973,,640.1333618164062,15.414999961853027,21.315000534057617,22.818845748901367,29.639999389648438,9.475000381469727,22.860000610351562,14.960000038146973,30.559999465942383,15.8100004196167,
2005-04-26,,58.36000061035156,15.337499618530273,,625.7999877929688,15.385000228881836,20.96500015258789,22.688871383666992,29.260000228881836,9.40999984741211,22.690000534057617,14.770000457763672,30.3700008392334,15.699999809265137,
2005-04-27,,58.83000183105469,15.357500076293945,,605.6666870117188,15.470000267028809,20.424999237060547,23.005685806274414,29.299999237060547,9.444999694824219,22.770000457763672,14.880000114440918,30.600000381469727,15.720000267028809,
2005-04-28,,58.54499816894531,15.260000228881836,,595.4666748046875,15.390000343322754,20.014999389648438,22.75385856628418,28.979999542236328,9.350000381469727,22.719999313354492,14.8149995803833,30.450000762939453,15.489999771118164,
2005-04-29,,59.255001068115234,15.40250015258789,,593.5333251953125,15.40999984741211,20.274999618530273,23.103168487548828,29.31999969482422,9.4350004196167,22.780000686645508,15.024999618530273,30.899999618530273,15.524999618530273,
2005-05-02,,59.185001373291016,15.6274995803833,,610.0,15.475000381469727,20.639999389648438,23.160032272338867,29.479999542236328,9.425000190734863,22.950000762939453,15.0649995803833,31.030000686645508,15.604999542236328,
2005-05-03,,59.474998474121094,15.537500381469727,,593.6666870117188,15.515000343322754,20.155000686645508,23.184402465820312,29.270000457763672,9.489999771118164,23.049999237060547,14.989999771118164,31.010000228881836,15.664999961853027,
2005-05-04,,59.650001525878906,15.832500457763672,,604.3333129882812,15.819999694824219,20.389999389648438,23.631193161010742,29.610000610351562,9.555000305175781,23.200000762939453,15.005000114440918,31.31999969482422,16.0,
2005-05-05,,60.0099983215332,15.859999656677246,,609.1333618164062,15.899999618530273,20.610000610351562,23.525588989257812,29.459999084472656,9.539999961853027,23.15999984741211,14.944999694824219,31.309999465942383,15.904999732971191,
2005-05-06,,59.6150016784668,15.857500076293945,,610.6666870117188,16.010000228881836,20.549999237060547,23.354995727539062,29.579999923706055,9.5649995803833,23.06999969482422,14.90999984741211,31.170000076293945,15.904999732971191,
2005-05-09,,60.60499954223633,15.920000076293945,,620.7999877929688,16.125,20.825000762939453,23.558082580566406,29.780000686645508,9.604999542236328,23.209999084472656,15.03499984741211,31.399999618530273,15.994999885559082,
2005-05-10,,60.5,15.682499885559082,,606.066650390625,15.944999694824219,20.475000381469727,23.249391555786133,29.43000030517578,9.505000114440918,23.079999923706055,14.925000190734863,31.200000762939453,15.800000190734863,
2005-05-11,,60.68000030517578,15.880000114440918,,606.1333618164062,15.994999885559082,20.600000381469727,23.354995727539062,29.639999389648438,9.550000190734863,23.15999984741211,14.994999885559082,31.329999923706055,15.795000076293945,
2005-05-12,,60.150001525878906,15.427499771118164,,578.6666870117188,16.020000457763672,19.700000762939453,23.135662078857422,29.31999969482422,9.5600004196167,23.049999237060547,14.824999809265137,31.290000915527344,15.71500015258789,
2005-05-13,,59.54999923706055,15.3100004196167,,572.7333374023438,16.415000915527344,19.399999618530273,22.932575225830078,29.170000076293945,9.680000305175781,22.850000381469727,14.585000038146973,31.079999923706055,15.704999923706055,
2005-05-16,,60.27000045776367,15.6274995803833,,575.066650390625,16.479999542236328,19.315000534057617,23.338748931884766,29.579999923706055,9.770000457763672,23.06999969482422,14.680000305175781,31.450000762939453,15.899999618530273,
2005-05-17,,60.630001068115234,15.824999809265137,,582.3333129882812,16.625,19.65999984741211,23.48497200012207,29.780000686645508,9.805000305175781,23.190000534057617,14.850000381469727,31.43000030517578,16.03499984741211,
2005-05-18,,61.33000183105469,16.219999313354492,,577.0,16.7450008392334,19.6200008392334,23.76116943359375,30.229999542236328,9.944999694824219,23.40999984741211,14.854999542236328,31.5,16.350000381469727,
2005-05-19,,62.345001220703125,16.295000076293945,,589.1333618164062,16.75,19.975000381469727,23.785539627075195,30.270000457763672,10.0,23.549999237060547,14.9399995803833,31.489999771118164,16.479999542236328,
2005-05-20,,62.32500076293945,16.280000686645508,,586.6666870117188,16.920000076293945,19.825000762939453,23.76116943359375,30.260000228881836,10.015000343322754,23.520000457763672,14.9350004196167,31.469999313354492,16.434999465942383,
2005-05-23,,62.345001220703125,16.287500381469727,,595.8666381835938,16.885000228881836,20.155000686645508,23.793664932250977,30.469999313354492,10.050000190734863,23.559999465942383,14.880000114440918,31.530000686645508,16.540000915527344,
2005-05-24,,61.650001525878906,16.334999084472656,,598.933349609375,17.149999618530273,20.239999771118164,23.71242904663086,30.389999389648438,10.100000381469727,23.520000457763672,14.880000114440918,31.56999969482422,16.510000228881836,
2005-05-25,,60.91999816894531,16.174999237060547,,610.6666870117188,17.065000534057617,20.549999237060547,23.631193161010742,30.1299991607666,10.055000305175781,23.440000534057617,14.920000076293945,31.3700008392334,16.459999084472656,
2005-05-26,,60.689998626708984,16.3700008392334,,614.8666381835938,17.364999771118164,20.655000686645508,23.785539627075195,30.350000381469727,10.170000076293945,23.459999084472656,14.960000038146973,31.489999771118164,16.545000076293945,
2005-05-27,,61.0,16.295000076293945,,622.2666625976562,17.264999389648438,21.0,23.82615852355957,30.329999923706055,10.154999732971191,23.389999389648438,15.020000457763672,31.389999389648438,16.545000076293945,
2005-05-31,,61.474998474121094,16.217500686645508,,621.3333129882812,17.200000762939453,20.84000015258789,23.785539627075195,30.25,10.09000015258789,23.309999465942383,15.015000343322754,31.290000915527344,16.485000610351562,
2005-06-01,,62.32500076293945,16.322500228881836,,628.7333374023438,17.30500030517578,21.235000610351562,23.972379684448242,30.360000610351562,10.1899995803833,23.469999313354492,15.210000038146973,31.3700008392334,16.55500030517578,
2005-06-02,,62.150001525878906,16.434999465942383,,630.7333374023438,17.55500030517578,21.19499969482422,23.907392501831055,30.360000610351562,10.234999656677246,23.530000686645508,15.1899995803833,31.3700008392334,16.639999389648438,
2005-06-03,,61.939998626708984,16.344999313354492,,635.7333374023438,17.40999984741211,21.315000534057617,23.785539627075195,30.219999313354492,10.125,23.34000015258789,15.239999771118164,31.260000228881836,16.520000457763672,
2005-06-06,,62.54999923706055,16.34749984741211,,639.2000122070312,17.34000015258789,21.3799991607666,23.842405319213867,30.239999771118164,10.109999656677246,23.350000381469727,15.225000381469727,31.270000457763672,16.545000076293945,
2005-06-07,,63.0,16.309999465942383,,630.3333129882812,17.114999771118164,21.174999237060547,23.82615852355957,30.3700008392334,10.069999694824219,23.440000534057617,15.260000228881836,31.280000686645508,16.56999969482422,
2005-06-08,,63.33000183105469,15.962499618530273,,635.6666870117188,17.28499984741211,21.235000610351562,23.842405319213867,30.18000030517578,10.09000015258789,23.3799991607666,15.289999961853027,31.059999465942383,16.5,
2005-06-09,,63.400001525878906,15.927499771118164,,657.8666381835938,17.649999618530273,21.850000381469727,23.915515899658203,30.190000534057617,10.140000343322754,23.389999389648438,15.305000305175781,31.190000534057617,16.565000534057617,
2005-06-10,,63.34000015258789,15.885000228881836,,661.5999755859375,17.299999237060547,21.825000762939453,23.842405319213867,30.149999618530273,10.085000038146973,23.3700008392334,15.359999656677246,31.1200008392334,16.565000534057617,
2005-06-13,,63.70000076293945,15.90999984741211,,664.6666870117188,17.270000457763672,21.90999984741211,23.842405319213867,30.200000762939453,10.125,23.450000762939453,15.425000190734863,31.25,16.59000015258789,
2005-06-14,,64.18000030517578,15.84749984741211,,668.7999877929688,17.09000015258789,22.045000076293945,23.907392501831055,30.1299991607666,10.0649995803833,23.40999984741211,15.46500015258789,31.520000457763672,16.764999389648438,
2005-06-15,,64.01000213623047,15.9350004196167,,678.4000244140625,17.125,22.309999465942383,23.964256286621094,30.15999984741211,10.125,23.420000076293945,15.390000343322754,31.399999618530273,16.764999389648438,
2005-06-16,,64.27999877929688,16.049999237060547,,685.8666381835938,17.225000381469727,22.625,24.086109161376953,30.190000534057617,10.145000457763672,23.350000381469727,15.364999771118164,31.600000381469727,16.799999237060547,
2005-06-17,,65.04000091552734,16.1825008392334,,692.7333374023438,17.219999313354492,22.920000076293945,24.069862365722656,30.360000610351562,10.149999618530273,23.299999237060547,15.4350004196167,31.65999984741211,16.844999313354492,
2005-06-20,,64.27999877929688,16.05500030517578,,689.3333129882812,17.145000457763672,22.94499969482422,24.012998580932617,30.25,10.135000228881836,23.290000915527344,15.46500015258789,31.6200008392334,16.854999542236328,
2005-06-21,,63.560001373291016,16.0625,,674.5999755859375,17.25,22.459999084472656,24.10235595703125,30.239999771118164,10.180000305175781,23.239999771118164,15.484999656677246,31.56999969482422,16.864999771118164,
2005-06-22,,63.599998474121094,16.0575008392334,,683.3333129882812,17.3700008392334,22.59000015258789,24.069862365722656,30.09000015258789,10.199999809265137,23.260000228881836,15.625,31.459999084472656,16.860000610351562,
2005-06-23,,63.349998474121094,15.517499923706055,,689.0,17.309999465942383,22.610000610351562,23.850528717041016,29.479999542236328,10.119999885559082,22.969999313354492,15.670000076293945,31.25,16.565000534057617,
2005-06-24,,62.81999969482422,15.335000038146973,,686.0,17.049999237060547,22.469999313354492,23.809911727905273,29.290000915527344,9.994999885559082,22.739999771118164,15.5600004196167,31.100000381469727,16.420000076293945,
2005-06-27,,63.09000015258789,15.227499961853027,,694.6666870117188,16.809999465942383,22.815000534057617,23.801786422729492,29.25,9.914999961853027,22.719999313354492,15.654999732971191,30.969999313354492,16.344999313354492,
2005-06-28,,63.400001525878906,15.642499923706055,,679.3333129882812,17.03499984741211,22.389999389648438,23.98050308227539,29.760000228881836,10.039999961853027,23.010000228881836,15.8100004196167,31.280000686645508,16.575000762939453,
2005-06-29,,63.58000183105469,15.797499656677246,,680.6666870117188,16.924999237060547,22.3700008392334,24.0942325592041,29.56999969482422,10.055000305175781,22.950000762939453,15.765000343322754,31.239999771118164,16.475000381469727,
2005-06-30,,63.599998474121094,15.642499923706055,,679.4000244140625,16.834999084472656,22.225000381469727,23.93988609313965,29.3799991607666,9.960000038146973,22.75,15.779999732971191,31.030000686645508,16.389999389648438,
2005-07-01,,64.1500015258789,15.739999771118164,,685.933349609375,16.895000457763672,22.719999313354492,23.964256286621094,29.479999542236328,9.984999656677246,22.829999923706055,15.925000190734863,30.989999771118164,16.43000030517578,
2005-07-05,,64.83999633789062,15.854999542236328,,710.5333251953125,17.174999237060547,23.399999618530273,24.15921974182129,29.56999969482422,10.050000190734863,22.959999084472656,15.954999923706055,31.100000381469727,16.584999084472656,
2005-07-06,,64.5999984741211,15.782500267028809,,702.5333251953125,17.264999389648438,22.979999542236328,23.98050308227539,29.239999771118164,10.024999618530273,22.739999771118164,15.6850004196167,30.899999618530273,16.434999465942383,
2005-07-07,,64.8499984741211,15.779999732971191,,701.3333129882812,17.475000381469727,23.274999618530273,24.029245376586914,29.309999465942383,10.045000076293945,22.700000762939453,15.8100004196167,30.889999389648438,16.485000610351562,
2005-07-08,,65.75,16.079999923706055,,694.0,17.764999389648438,23.1200008392334,24.27294921875,29.81999969482422,10.225000381469727,23.0,15.994999885559082,31.260000228881836,16.739999771118164,
2005-07-11,,66.56999969482422,16.252500534057617,,703.066650390625,18.200000762939453,23.290000915527344,24.37855339050293,29.8700008392334,10.329999923706055,23.1299991607666,16.084999084472656,31.360000610351562,16.829999923706055,
2005-07-12,,66.68000030517578,16.145000457763672,,715.0,18.235000610351562,23.5,24.37855339050293,29.709999084472656,10.385000228881836,23.149999618530273,16.1299991607666,31.34000015258789,16.940000534057617,
2005-07-13,,66.0999984741211,16.204999923706055,,705.0,18.260000228881836,23.364999771118164,24.484159469604492,29.799999237060547,10.430000305175781,23.239999771118164,16.174999237060547,31.170000076293945,16.895000457763672,
2005-07-14,,65.0,16.489999771118164,,688.0,18.44499969482422,22.80500030517578,24.60601043701172,30.06999969482422,10.520000457763672,23.3700008392334,16.014999389648438,31.360000610351562,16.985000610351562,
2005-07-15,,65.30000305175781,16.392499923706055,,682.3333129882812,18.489999771118164,22.684999465942383,24.67099952697754,30.030000686645508,10.515000343322754,23.360000610351562,16.010000228881836,31.510000228881836,17.05500030517578,
2005-07-18,,65.56999969482422,16.337499618530273,,681.6666870117188,18.450000762939453,22.59000015258789,24.411048889160156,29.969999313354492,10.454999923706055,23.25,16.0,31.31999969482422,17.06999969482422,
2005-07-19,,66.01000213623047,16.36750030517578,,709.0,18.75,23.075000762939453,24.402923583984375,30.219999313354492,10.609999656677246,23.209999084472656,16.014999389648438,31.329999923706055,17.174999237060547,
2005-07-20,,66.6500015258789,16.947500228881836,,705.6666870117188,18.854999542236328,23.100000381469727,24.49228286743164,30.56999969482422,10.574999809265137,23.299999237060547,16.100000381469727,31.780000686645508,17.239999771118164,
2005-07-21,,65.55999755859375,16.952499389648438,,703.5333251953125,18.55500030517578,22.875,24.362306594848633,30.40999984741211,10.505000114440918,23.209999084472656,15.8100004196167,31.440000534057617,17.200000762939453,
2005-07-22,,66.19000244140625,16.9424991607666,,742.5999755859375,18.610000610351562,23.69499969482422,24.49228286743164,30.5,10.479999542236328,23.280000686645508,15.899999618530273,31.399999618530273,17.28499984741211,
2005-07-25,,66.3499984741211,16.747499465942383,,751.2000122070312,18.489999771118164,23.915000915527344,24.394800186157227,30.280000686645508,10.425000190734863,23.200000762939453,15.904999732971191,31.209999084472656,17.149999618530273,
2005-07-26,,66.94999694824219,16.762500762939453,,750.4666748046875,18.864999771118164,23.860000610351562,24.427295684814453,30.43000030517578,10.505000114440918,23.31999969482422,15.960000038146973,31.360000610351562,17.290000915527344,
2005-07-27,,67.04000091552734,16.8799991607666,,756.6666870117188,18.645000457763672,23.979999542236328,24.459789276123047,30.549999237060547,10.574999809265137,23.3799991607666,16.030000686645508,31.649999618530273,17.334999084472656,
2005-07-28,,67.94999694824219,17.114999771118164,,759.2000122070312,18.684999465942383,24.049999237060547,24.532899856567383,30.719999313354492,10.579999923706055,23.579999923706055,16.1299991607666,31.950000762939453,17.510000228881836,
2005-07-29,,67.80000305175781,17.024999618530273,,754.066650390625,18.68000030517578,23.799999237060547,24.313566207885742,30.5,10.524999618530273,23.479999542236328,16.135000228881836,31.729999542236328,17.31999969482422,
2005-08-01,,67.66999816894531,17.084999084472656,,763.066650390625,18.625,24.049999237060547,24.313566207885742,30.479999542236328,10.529999732971191,23.360000610351562,15.925000190734863,31.889999389648438,17.325000762939453,
2005-08-02,,68.37000274658203,17.0575008392334,,780.5333251953125,19.149999618530273,24.450000762939453,24.49228286743164,30.440000534057617,10.635000228881836,23.440000534057617,16.295000076293945,32.0099983215332,17.40999984741211,
2005-08-03,,68.1500015258789,17.0,,775.5999755859375,18.969999313354492,24.329999923706055,24.524776458740234,30.3799991607666,10.704999923706055,23.489999771118164,16.34000015258789,32.09000015258789,17.334999084472656,
2005-08-04,,67.19999694824219,16.834999084472656,,780.2666625976562,18.579999923706055,24.3799991607666,24.354183197021484,30.18000030517578,10.604999542236328,23.290000915527344,16.235000610351562,31.770000457763672,17.184999465942383,
2005-08-05,,64.5999984741211,16.71500015258789,,771.6666870117188,18.450000762939453,24.19499969482422,24.077985763549805,30.020000457763672,10.579999923706055,23.139999389648438,15.954999923706055,31.549999237060547,17.05500030517578,
2005-08-08,,62.45000076293945,16.6825008392334,,780.7999877929688,18.344999313354492,24.545000076293945,23.98050308227539,29.950000762939453,10.494999885559082,23.100000381469727,15.630000114440918,31.43000030517578,17.014999389648438,
2005-08-09,,63.400001525878906,16.72249984741211,,773.3333129882812,18.520000457763672,24.489999771118164,24.134849548339844,30.170000076293945,10.574999809265137,23.139999389648438,15.795000076293945,31.790000915527344,17.204999923706055,
2005-08-10,,63.2599983215332,16.74250030517578,,787.2000122070312,18.399999618530273,24.889999389648438,24.1104793548584,30.149999618530273,10.454999923706055,23.100000381469727,15.789999961853027,31.739999771118164,17.19499969482422,
2005-08-11,,64.1500015258789,16.802499771118164,,791.4000244140625,18.510000228881836,25.1299991607666,24.199838638305664,30.399999618530273,10.53499984741211,23.15999984741211,15.885000228881836,31.93000030517578,17.270000457763672,
2005-08-12,,64.04000091552734,16.799999237060547,,780.6666870117188,18.170000076293945,25.084999084472656,24.134849548339844,30.270000457763672,10.395000457763672,23.079999923706055,15.869999885559082,31.75,17.225000381469727,
2005-08-15,,64.69999694824219,16.827499389648438,,772.2000122070312,18.350000381469727,24.84000015258789,24.248577117919922,30.329999923706055,10.449999809265137,23.190000534057617,15.930000305175781,31.770000457763672,17.350000381469727,
2005-08-16,,64.86000061035156,16.607500076293945,,758.0,18.084999084472656,24.295000076293945,24.086109161376953,29.979999542236328,10.350000381469727,22.959999084472656,15.680000305175781,31.549999237060547,16.989999771118164,
2005-08-17,,64.25,16.719999313354492,,742.2000122070312,18.290000915527344,23.735000610351562,24.142972946166992,30.059999465942383,10.4399995803833,22.950000762939453,15.664999961853027,31.610000610351562,17.09000015258789,
2005-08-18,,63.79999923706055,16.65250015258789,,742.0,18.1299991607666,23.684999465942383,24.126726150512695,29.93000030517578,10.369999885559082,23.209999084472656,15.725000381469727,31.6200008392334,17.020000457763672,
2005-08-19,,63.52000045776367,16.655000686645508,,753.3333129882812,18.1200008392334,24.09000015258789,24.167343139648438,30.049999237060547,10.380000114440918,23.18000030517578,15.819999694824219,31.399999618530273,16.934999465942383,
2005-08-22,,63.81999969482422,16.717500686645508,,748.6666870117188,18.385000228881836,24.149999618530273,24.232330322265625,30.110000610351562,10.399999618530273,23.25,15.925000190734863,31.399999618530273,16.924999237060547,
2005-08-23,,63.900001525878906,16.454999923706055,,752.3333129882812,18.295000076293945,24.104999542236328,24.077985763549805,29.969999313354492,10.395000457763672,23.190000534057617,16.05500030517578,31.200000762939453,16.8700008392334,
2005-08-24,,64.06999969482422,16.46500015258789,,765.6666870117188,18.184999465942383,24.334999084472656,23.801786422729492,29.729999542236328,10.329999923706055,22.979999542236328,15.979999542236328,31.100000381469727,16.75,
2005-08-25,,64.43000030517578,16.572500228881836,,762.0,18.264999389648438,24.270000457763672,23.92363929748535,29.780000686645508,10.335000038146973,23.010000228881836,16.100000381469727,31.139999389648438,16.795000076293945,
2005-08-26,,63.77000045776367,16.477500915527344,,752.4000244140625,18.145000457763672,23.9950008392334,23.671812057495117,29.6200008392334,10.300000190734863,22.950000762939453,16.075000762939453,31.030000686645508,16.725000381469727,
2005-08-29,,63.369998931884766,16.52750015258789,,755.8666381835938,18.395000457763672,24.190000534057617,23.858652114868164,29.799999237060547,10.369999885559082,23.110000610351562,16.139999389648438,31.34000015258789,16.774999618530273,
2005-08-30,,63.72999954223633,16.364999771118164,,770.066650390625,18.325000762939453,24.639999389648438,23.647441864013672,29.559999465942383,10.369999885559082,22.989999771118164,16.114999771118164,31.299999237060547,16.604999542236328,
2005-08-31,,64.88999938964844,16.510000228881836,,796.1333618164062,18.489999771118164,25.31999969482422,23.915515899658203,29.780000686645508,10.425000190734863,23.06999969482422,16.239999771118164,31.6200008392334,16.75,
2005-09-01,,65.4000015258789,16.417499542236328,,806.5333251953125,18.28499984741211,25.979999542236328,23.972379684448242,29.65999984741211,10.399999618530273,23.040000915527344,16.4950008392334,31.6299991607666,16.584999084472656,
2005-09-02,,65.19999694824219,16.360000610351562,,787.4666748046875,18.229999542236328,25.475000381469727,23.956132888793945,29.760000228881836,10.369999885559082,23.079999923706055,16.5,31.610000610351562,16.524999618530273,
2005-09-06,,66.66000366210938,16.487499237060547,,795.3333129882812,18.5,25.655000686645508,24.248577117919922,30.110000610351562,10.489999771118164,23.329999923706055,16.655000686645508,32.11000061035156,16.809999465942383,
2005-09-07,,66.26000213623047,16.502500534057617,,794.3333129882812,18.485000610351562,25.69499969482422,24.191713333129883,30.229999542236328,10.489999771118164,23.350000381469727,16.665000915527344,32.31999969482422,16.93000030517578,
2005-09-08,,65.9000015258789,16.287500381469727,,789.6666870117188,18.78499984741211,25.729999542236328,24.05361557006836,30.059999465942383,10.515000343322754,23.260000228881836,16.520000457763672,32.29999923706055,16.770000457763672,
2005-09-09,,66.0999984741211,16.209999084472656,,808.4666748046875,18.674999237060547,26.399999618530273,24.26482582092285,30.229999542236328,10.524999618530273,23.360000610351562,16.71500015258789,32.40999984741211,16.90999984741211,
2005-09-12,,66.04000091552734,16.377500534057617,,787.0,18.594999313354492,25.860000610351562,24.337936401367188,30.420000076293945,10.550000190734863,23.40999984741211,16.700000762939453,32.29999923706055,16.954999923706055,
2005-09-13,,65.61000061035156,16.122499465942383,,778.6666870117188,18.700000762939453,25.639999389648438,24.134849548339844,30.290000915527344,10.5600004196167,23.190000534057617,16.55500030517578,31.959999084472656,16.709999084472656,
2005-09-14,,65.56999969482422,16.079999923706055,,790.2000122070312,18.575000762939453,25.959999084472656,24.1104793548584,30.059999465942383,10.449999809265137,23.040000915527344,16.614999771118164,31.8700008392334,16.55500030517578,
2005-09-15,,65.8499984741211,16.122499465942383,,793.933349609375,18.450000762939453,25.959999084472656,24.126726150512695,30.020000457763672,10.425000190734863,23.1299991607666,16.770000457763672,31.850000381469727,16.584999084472656,
2005-09-16,,65.44999694824219,16.292499542236328,,796.6666870117188,18.44499969482422,26.139999389648438,24.32981300354004,30.110000610351562,10.489999771118164,23.079999923706055,16.795000076293945,32.0,16.56999969482422,
2005-09-19,,64.97000122070312,16.065000534057617,,824.6666870117188,18.270000457763672,26.829999923706055,24.1104793548584,29.709999084472656,10.404999732971191,22.940000534057617,16.7450008392334,31.770000457763672,16.3700008392334,
2005-09-20,,64.5199966430664,16.032499313354492,,821.0,18.135000228881836,26.575000762939453,23.98050308227539,29.510000228881836,10.364999771118164,22.799999237060547,16.68000030517578,31.530000686645508,16.084999084472656,
2005-09-21,,63.02000045776367,16.09000015258789,,822.6666870117188,17.8799991607666,26.950000762939453,23.58245277404785,29.40999984741211,10.239999771118164,22.520000457763672,16.389999389648438,31.3799991607666,15.829999923706055,
2005-09-22,,63.470001220703125,16.1875,,815.2666625976562,17.96500015258789,26.75,23.76116943359375,29.530000686645508,10.279999732971191,22.690000534057617,16.299999237060547,31.450000762939453,16.084999084472656,
2005-09-23,,62.70000076293945,16.209999084472656,,800.0,18.100000381469727,26.280000686645508,23.842405319213867,29.75,10.28499984741211,22.729999542236328,16.34000015258789,31.469999313354492,16.145000457763672,
2005-09-26,,63.099998474121094,16.207500457763672,,822.2000122070312,18.09000015258789,26.760000228881836,23.71242904663086,29.709999084472656,10.270000457763672,22.649999618530273,16.475000381469727,31.420000076293945,16.125,
2005-09-27,,62.79999923706055,16.202499389648438,,822.7333374023438,17.799999237060547,26.780000686645508,23.793664932250977,29.8700008392334,10.234999656677246,22.889999389648438,16.479999542236328,31.239999771118164,16.1200008392334,
2005-09-28,,62.459999084472656,16.385000228881836,,826.933349609375,17.844999313354492,27.0,23.59869956970215,29.8799991607666,10.300000190734863,22.920000076293945,16.649999618530273,31.260000228881836,15.975000381469727,
2005-09-29,,63.459999084472656,16.635000228881836,,838.6666870117188,18.15999984741211,27.260000228881836,24.037368774414062,30.020000457763672,10.380000114440918,23.1200008392334,16.815000534057617,31.329999923706055,16.135000228881836,
2005-09-30,,64.2699966430664,16.712499618530273,,826.6666870117188,18.469999313354492,26.834999084472656,23.98050308227539,30.15999984741211,10.449999809265137,23.280000686645508,16.799999237060547,31.350000381469727,16.2450008392334,
2005-10-03,,64.37999725341797,16.72249984741211,,823.3333129882812,18.549999237060547,26.764999389648438,23.92363929748535,29.979999542236328,10.4350004196167,23.25,16.989999771118164,31.3799991607666,16.200000762939453,
2005-10-04,,63.279998779296875,16.549999237060547,,797.3333129882812,18.2549991607666,25.799999237060547,23.623071670532227,29.709999084472656,10.34000015258789,23.149999618530273,16.69499969482422,31.510000228881836,16.09000015258789,
2005-10-05,,62.099998474121094,16.239999771118164,,764.0,17.959999084472656,24.809999465942383,23.525588989257812,29.34000015258789,10.194999694824219,22.989999771118164,16.209999084472656,30.989999771118164,15.819999694824219,
2005-10-06,,61.650001525878906,16.399999618530273,,744.0,17.639999389648438,24.219999313354492,23.590576171875,29.540000915527344,10.079999923706055,22.860000610351562,15.994999885559082,30.780000686645508,15.835000038146973,
2005-10-07,,61.40999984741211,16.467500686645508,,760.7999877929688,17.725000381469727,24.764999389648438,23.671812057495117,29.799999237060547,10.104999542236328,22.84000015258789,16.135000228881836,30.75,15.850000381469727,
2005-10-10,,60.790000915527344,16.450000762939453,,750.4000244140625,17.270000457763672,24.389999389648438,23.419984817504883,29.56999969482422,10.03499984741211,22.760000228881836,15.850000381469727,30.709999084472656,15.729999542236328,
2005-10-11,,60.36000061035156,16.559999465942383,,760.8666381835938,17.05500030517578,24.975000381469727,23.346872329711914,29.40999984741211,9.960000038146973,22.760000228881836,15.885000228881836,30.450000762939453,15.670000076293945,
2005-10-12,,59.20000076293945,16.25,,749.3333129882812,17.059999465942383,24.4950008392334,23.24126625061035,29.40999984741211,9.895000457763672,22.68000030517578,15.585000038146973,30.520000457763672,15.494999885559082,
2005-10-13,,59.5,16.102500915527344,,729.066650390625,17.360000610351562,23.829999923706055,23.354995727539062,29.3700008392334,9.96500015258789,22.6200008392334,15.255000114440918,30.670000076293945,15.539999961853027,
2005-10-14,,60.59000015258789,16.342500686645508,,746.7999877929688,17.229999542236328,24.170000076293945,23.614946365356445,29.6299991607666,10.005000114440918,22.75,15.430000305175781,30.809999465942383,15.694999694824219,
2005-10-17,,61.099998474121094,16.342500686645508,,754.4000244140625,17.239999771118164,24.469999313354492,23.639318466186523,29.690000534057617,9.994999885559082,23.0,15.600000381469727,30.799999237060547,15.725000381469727,
2005-10-18,,60.2599983215332,16.170000076293945,,720.5333251953125,17.190000534057617,23.334999084472656,23.452478408813477,29.479999542236328,9.975000381469727,22.829999923706055,15.34000015258789,30.760000228881836,15.5600004196167,
2005-10-19,,61.0,16.270000457763672,,740.066650390625,17.145000457763672,23.860000610351562,23.92363929748535,29.8700008392334,10.100000381469727,23.06999969482422,15.380000114440918,31.059999465942383,15.854999542236328,
2005-10-20,,60.099998474121094,16.292499542236328,,718.6666870117188,17.18000030517578,22.774999618530273,23.71242904663086,29.489999771118164,10.024999618530273,22.889999389648438,14.975000381469727,30.420000076293945,15.65999984741211,
2005-10-21,,60.529998779296875,16.287500381469727,,728.066650390625,17.364999771118164,23.010000228881836,23.850528717041016,29.290000915527344,10.085000038146973,22.8700008392334,15.175000190734863,30.229999542236328,15.640000343322754,
2005-10-24,,61.47999954223633,16.725000381469727,,752.933349609375,17.475000381469727,23.829999923706055,24.32168960571289,29.739999771118164,10.21500015258789,23.06999969482422,15.5649995803833,30.479999542236328,15.90999984741211,
2005-10-25,,61.529998779296875,16.762500762939453,,776.1333618164062,17.09000015258789,24.325000762939453,24.183591842651367,29.700000762939453,10.145000457763672,22.989999771118164,15.585000038146973,30.290000915527344,15.795000076293945,
2005-10-26,,60.959999084472656,16.787500381469727,,777.4000244140625,16.989999771118164,24.18000030517578,24.346059799194336,29.440000534057617,10.119999885559082,22.920000076293945,15.395000457763672,29.90999984741211,15.699999809265137,
2005-10-27,,60.34000015258789,16.50749969482422,,753.3333129882812,16.690000534057617,23.4950008392334,24.20796012878418,29.18000030517578,10.010000228881836,22.700000762939453,15.220000267028809,29.799999237060547,15.385000228881836,
2005-10-28,,62.04999923706055,16.782499313354492,,775.2666625976562,16.655000686645508,24.135000228881836,24.622257232666016,29.649999618530273,10.104999542236328,23.079999923706055,15.524999618530273,30.25,15.654999732971191,
2005-10-31,,62.29999923706055,17.102500915527344,,781.0,16.774999618530273,24.40999984741211,24.71161651611328,29.729999542236328,10.210000038146973,23.170000076293945,15.725000381469727,30.389999389648438,15.914999961853027,
2005-11-01,,61.25,17.239999771118164,,793.3333129882812,16.655000686645508,24.559999465942383,24.622257232666016,29.639999389648438,10.1899995803833,23.040000915527344,15.414999961853027,30.299999237060547,15.925000190734863,
2005-11-02,,61.83000183105469,17.684999465942383,,814.0,17.155000686645508,25.040000915527344,24.82534408569336,29.940000534057617,10.305000305175781,23.100000381469727,15.475000381469727,30.299999237060547,16.204999923706055,
2005-11-03,,61.38999938964844,17.86750030517578,,827.2666625976562,17.55500030517578,25.514999389648438,24.84159278869629,30.06999969482422,10.399999618530273,23.190000534057617,15.46500015258789,30.489999771118164,16.209999084472656,
2005-11-04,,61.33000183105469,17.6875,,800.0,17.645000457763672,24.75,24.88220977783203,30.09000015258789,10.444999694824219,23.18000030517578,15.444999694824219,30.649999618530273,16.270000457763672,
2005-11-07,,61.68000030517578,17.889999389648438,,791.6666870117188,17.719999313354492,24.31999969482422,25.093420028686523,30.200000762939453,10.46500015258789,23.229999542236328,15.404999732971191,30.709999084472656,16.399999618530273,
2005-11-08,,61.31999969482422,17.8125,,795.6666870117188,17.725000381469727,24.524999618530273,25.020309448242188,30.010000228881836,10.470000267028809,23.15999984741211,15.399999618530273,30.639999389648438,16.21500015258789,
2005-11-09,,61.849998474121094,17.979999542236328,,793.4000244140625,17.854999542236328,24.299999237060547,25.085296630859375,30.079999923706055,10.460000038146973,23.200000762939453,15.53499984741211,30.670000076293945,16.209999084472656,
2005-11-10,,63.439998626708984,18.219999313354492,,760.0,18.079999923706055,23.545000076293945,25.588951110839844,30.469999313354492,10.550000190734863,23.469999313354492,15.460000038146973,31.06999969482422,16.454999923706055,
2005-11-11,,64.0199966430664,18.362499237060547,,762.7999877929688,17.989999771118164,23.735000610351562,25.67831039428711,30.530000686645508,10.574999809265137,23.5,15.319999694824219,31.079999923706055,16.5049991607666,
2005-11-14,,63.54999923706055,18.290000915527344,,774.0,18.165000915527344,23.860000610351562,25.694557189941406,30.59000015258789,10.585000038146973,23.40999984741211,15.220000267028809,30.8700008392334,16.514999389648438,
2005-11-15,,63.540000915527344,18.049999237060547,,770.6666870117188,18.010000228881836,23.899999618530273,25.45897674560547,30.579999923706055,10.550000190734863,23.290000915527344,15.25,31.030000686645508,16.270000457763672,
2005-11-16,,63.29999923706055,17.9950008392334,,795.7999877929688,17.975000381469727,24.520000457763672,25.320877075195312,30.690000534057617,10.59000015258789,23.350000381469727,15.390000343322754,30.969999313354492,16.260000228881836,
2005-11-17,,64.27999877929688,18.357500076293945,,801.4666748046875,18.05500030517578,24.510000228881836,25.62144660949707,30.979999542236328,10.71500015258789,23.34000015258789,15.614999771118164,31.1299991607666,16.475000381469727,
2005-11-18,,64.79000091552734,18.674999237060547,,800.2666625976562,18.239999771118164,24.520000457763672,25.751422882080078,31.299999237060547,10.774999618530273,23.399999618530273,15.585000038146973,31.260000228881836,16.584999084472656,
2005-11-21,,65.02999877929688,18.735000610351562,,826.3333129882812,18.15999984741211,25.1299991607666,25.873273849487305,31.479999542236328,10.770000457763672,23.43000030517578,15.619999885559082,31.31999969482422,16.645000457763672,
2005-11-22,,65.87999725341797,18.799999237060547,,844.6666870117188,18.5,25.530000686645508,26.100730895996094,31.559999465942383,10.84000015258789,23.59000015258789,15.619999885559082,31.139999389648438,16.719999313354492,
2005-11-23,,66.20999908447266,18.844999313354492,,850.4666748046875,18.579999923706055,25.434999465942383,26.303817749023438,31.600000381469727,10.899999618530273,23.68000030517578,15.8149995803833,31.219999313354492,16.84000015258789,
2005-11-25,,66.44000244140625,18.81999969482422,,848.066650390625,18.729999542236328,25.5,26.360681533813477,31.610000610351562,10.930000305175781,23.700000762939453,15.875,31.260000228881836,16.84000015258789,
2005-11-28,,65.72000122070312,18.587499618530273,,815.5333251953125,18.614999771118164,24.639999389648438,26.23883056640625,31.440000534057617,10.890000343322754,23.59000015258789,15.8149995803833,30.93000030517578,16.684999465942383,
2005-11-29,,65.83999633789062,18.612499237060547,,818.0,18.549999237060547,24.68000030517578,26.222583770751953,31.510000228881836,10.890000343322754,23.56999969482422,15.854999542236328,30.959999084472656,16.65999984741211,
2005-11-30,,65.25,18.5,,833.0,18.69499969482422,24.774999618530273,25.8895206451416,31.459999084472656,10.854999542236328,23.3799991607666,15.699999809265137,30.760000228881836,16.549999237060547,
2005-12-01,,66.1500015258789,18.7450008392334,,859.933349609375,19.389999389648438,25.559999465942383,26.027620315551758,31.809999465942383,11.020000457763672,23.540000915527344,15.760000228881836,31.06999969482422,16.739999771118164,
2005-12-02,,66.0999984741211,18.65999984741211,,861.2666625976562,19.46500015258789,25.584999084472656,26.084484100341797,31.690000534057617,11.010000228881836,23.530000686645508,15.78499984741211,31.18000030517578,16.795000076293945,
2005-12-05,,65.5,18.422500610351562,,860.6666870117188,19.135000228881836,25.764999389648438,26.035743713378906,31.520000457763672,10.954999923706055,23.440000534057617,15.774999618530273,31.239999771118164,16.69499969482422,
2005-12-06,,65.44999694824219,18.592500686645508,,863.1333618164062,19.219999313354492,25.875,25.954509735107422,31.649999618530273,10.970000267028809,23.420000076293945,15.729999542236328,31.18000030517578,16.7450008392334,
2005-12-07,,64.94000244140625,18.522499084472656,,867.7999877929688,19.1200008392334,25.780000686645508,25.743297576904297,31.420000076293945,10.949999809265137,23.360000610351562,15.654999732971191,31.049999237060547,16.729999542236328,
2005-12-08,,65.5,18.38249969482422,,895.0,18.709999084472656,26.235000610351562,25.72705078125,31.280000686645508,10.869999885559082,23.31999969482422,15.819999694824219,31.15999984741211,16.65999984741211,
2005-12-09,,65.6500015258789,18.489999771118164,,889.3333129882812,18.969999313354492,25.90999984741211,25.913890838623047,31.450000762939453,10.90999984741211,23.360000610351562,16.0,31.200000762939453,16.684999465942383,
2005-12-12,,65.5999984741211,18.424999237060547,,898.933349609375,19.200000762939453,26.2450008392334,25.800161361694336,31.459999084472656,10.9399995803833,23.40999984741211,15.850000381469727,31.209999084472656,16.704999923706055,
2005-12-13,,66.05000305175781,18.412500381469727,,883.3333129882812,19.274999618530273,26.135000228881836,26.133224487304688,31.489999771118164,10.904999732971191,23.700000762939453,16.084999084472656,31.549999237060547,16.780000686645508,
2005-12-14,,66.3499984741211,18.552499771118164,,898.3333129882812,19.174999237060547,26.450000762939453,26.2307071685791,31.760000228881836,10.920000076293945,23.899999618530273,16.264999389648438,31.639999389648438,16.864999771118164,
2005-12-15,,65.75,18.6825008392334,,889.7333374023438,19.15999984741211,26.239999771118164,26.084484100341797,31.809999465942383,10.875,23.940000534057617,16.299999237060547,31.729999542236328,16.829999923706055,
2005-12-16,,66.04000091552734,18.672500610351562,,869.1333618164062,19.020000457763672,25.53499984741211,25.978879928588867,31.670000076293945,10.78499984741211,23.799999237060547,16.155000686645508,31.700000762939453,16.704999923706055,
2005-12-19,,65.2300033569336,18.517499923706055,,858.0,18.559999465942383,25.325000762939453,25.751422882080078,31.360000610351562,10.654999732971191,23.760000228881836,15.9399995803833,31.979999542236328,16.524999618530273,
2005-12-20,,65.05000305175781,18.469999313354492,,875.4666748046875,18.639999389648438,25.670000076293945,25.865150451660156,31.3799991607666,10.614999771118164,23.6200008392334,15.96500015258789,31.940000534057617,16.489999771118164,
2005-12-21,,65.4800033569336,18.885000228881836,,881.2666625976562,18.614999771118164,25.725000381469727,25.938262939453125,31.540000915527344,10.625,23.690000534057617,15.819999694824219,32.040000915527344,16.5049991607666,
2005-12-22,,65.12999725341797,19.087499618530273,,881.3333129882812,18.850000381469727,25.69499969482422,26.11697769165039,31.780000686645508,10.675000190734863,23.709999084472656,15.890000343322754,32.25,16.510000228881836,
2005-12-23,,65.30000305175781,19.174999237060547,,880.933349609375,18.90999984741211,25.625,26.149471282958984,31.84000015258789,10.694999694824219,23.670000076293945,15.920000076293945,32.290000915527344,16.540000915527344,
2005-12-27,,65.13999938964844,18.950000762939453,,854.4666748046875,18.645000457763672,24.8700008392334,25.94638442993164,31.559999465942383,10.604999542236328,23.510000228881836,15.890000343322754,32.029998779296875,16.399999618530273,
2005-12-28,,65.0,18.982500076293945,,868.2000122070312,18.71500015258789,25.2450008392334,25.8895206451416,31.610000610351562,10.579999923706055,23.540000915527344,15.8100004196167,32.029998779296875,16.43000030517578,
2005-12-29,,64.63999938964844,19.09000015258789,,854.3333129882812,18.459999084472656,25.049999237060547,25.865150451660156,31.600000381469727,10.520000457763672,23.479999542236328,15.779999732971191,31.920000076293945,16.424999237060547,
2005-12-30,,64.1500015258789,18.854999542236328,,858.6666870117188,18.31999969482422,25.155000686645508,25.72705078125,31.420000076293945,10.449999809265137,23.290000915527344,15.694999694824219,31.719999313354492,16.325000762939453,
2006-01-03,,65.9000015258789,18.860000610351562,,905.7333374023438,18.959999084472656,26.350000381469727,26.157594680786133,31.6299991607666,10.654999732971191,23.440000534057617,16.0,32.11000061035156,16.5,
2006-01-04,,66.19999694824219,19.075000762939453,,922.0,19.100000381469727,26.424999237060547,26.133224487304688,31.709999084472656,10.779999732971191,23.520000457763672,16.024999618530273,32.43000030517578,16.514999389648438,
2006-01-05,,66.66999816894531,19.0,,903.3333129882812,19.479999542236328,26.09000015258789,26.222583770751953,31.65999984741211,10.829999923706055,23.399999618530273,15.920000076293945,32.349998474121094,16.530000686645508,
2006-01-06,,67.25,18.899999618530273,,933.3333129882812,19.825000762939453,26.729999542236328,26.376928329467773,31.780000686645508,11.0,23.5,16.09000015258789,32.560001373291016,16.665000915527344,
2006-01-09,,67.9000015258789,19.040000915527344,,931.4666748046875,19.93000030517578,26.700000762939453,26.450040817260742,32.040000915527344,11.03499984741211,23.610000610351562,15.989999771118164,32.709999084472656,16.834999084472656,
2006-01-10,,68.3499984741211,18.93000030517578,,949.8666381835938,19.899999618530273,26.989999771118164,26.474411010742188,31.950000762939453,11.024999618530273,23.549999237060547,16.014999389648438,32.59000015258789,16.84000015258789,
2006-01-11,,68.43000030517578,18.8125,,960.0,20.100000381469727,27.104999542236328,26.620634078979492,31.969999313354492,11.130000114440918,23.56999969482422,15.989999771118164,32.5099983215332,16.924999237060547,
2006-01-12,,68.25,18.592500686645508,,939.7999877929688,20.020000457763672,26.90999984741211,26.433794021606445,31.729999542236328,11.069999694824219,23.510000228881836,15.989999771118164,32.47999954223633,16.774999618530273,
2006-01-13,,67.1500015258789,18.56999969482422,,949.4666748046875,19.735000610351562,27.229999542236328,26.41754722595215,31.6200008392334,11.0649995803833,23.479999542236328,16.100000381469727,32.459999084472656,16.780000686645508,
2006-01-17,,67.12999725341797,18.280000686645508,,965.7999877929688,19.415000915527344,27.829999923706055,26.141347885131836,31.459999084472656,10.954999923706055,23.389999389648438,16.270000457763672,32.369998931884766,16.690000534057617,
2006-01-18,,67.01000213623047,18.537500381469727,,955.3333129882812,18.979999542236328,27.600000381469727,26.0682373046875,31.5,10.824999809265137,23.489999771118164,16.30500030517578,32.41999816894531,16.635000228881836,
2006-01-19,,67.80000305175781,18.940000534057617,,991.8666381835938,19.3799991607666,28.079999923706055,25.987001419067383,31.649999618530273,10.920000076293945,23.510000228881836,16.450000762939453,32.59000015258789,16.760000228881836,
2006-01-20,,66.91999816894531,18.5674991607666,,1011.6666870117188,18.700000762939453,28.204999923706055,25.442729949951172,30.959999084472656,10.635000228881836,23.170000076293945,16.354999542236328,31.969999313354492,16.475000381469727,
2006-01-23,,67.30000305175781,18.674999237060547,,1035.5333251953125,18.670000076293945,28.514999389648438,25.50771713256836,30.979999542236328,10.595000267028809,23.190000534057617,16.329999923706055,31.950000762939453,16.46500015258789,
2006-01-24,,67.94999694824219,19.142499923706055,,1024.4666748046875,18.670000076293945,28.344999313354492,25.62144660949707,31.209999084472656,10.630000114440918,23.270000457763672,16.475000381469727,31.799999237060547,16.6299991607666,
2006-01-25,,67.69999694824219,18.962499618530273,,993.3333129882812,18.614999771118164,27.75,25.67018699645996,31.200000762939453,10.664999961853027,23.290000915527344,16.25,31.760000228881836,16.56999969482422,
2006-01-26,,67.9000015258789,19.260000228881836,,1001.2666625976562,19.049999237060547,27.84000015258789,26.108854293823242,31.549999237060547,10.734999656677246,23.34000015258789,16.104999542236328,31.920000076293945,16.639999389648438,
2006-01-27,,68.91999816894531,19.270000457763672,,1019.2666625976562,19.114999771118164,28.325000762939453,26.133224487304688,31.6200008392334,10.854999542236328,23.530000686645508,16.19499969482422,32.290000915527344,16.71500015258789,
2006-01-30,,68.66999816894531,19.459999084472656,,1047.6666259765625,19.170000076293945,28.975000381469727,26.051990509033203,31.690000534057617,10.890000343322754,23.440000534057617,16.084999084472656,32.13999938964844,16.674999237060547,
2006-01-31,,68.83000183105469,19.532499313354492,,1038.0,18.649999618530273,28.829999923706055,25.954509735107422,31.510000228881836,10.800000190734863,23.329999923706055,16.075000762939453,32.130001068115234,16.614999771118164,
2006-02-01,,69.19000244140625,19.344999313354492,,996.0,19.100000381469727,28.145000457763672,25.938262939453125,31.780000686645508,10.864999771118164,23.389999389648438,16.1200008392334,32.33000183105469,16.670000076293945,
2006-02-02,,68.87999725341797,19.18000030517578,,988.3333129882812,18.790000915527344,27.864999771118164,25.759544372558594,31.510000228881836,10.71500015258789,23.3799991607666,15.90999984741211,32.06999969482422,16.649999618530273,
2006-02-03,,68.0,19.075000762939453,,997.2666625976562,18.549999237060547,27.610000610351562,25.653940200805664,31.440000534057617,10.640000343322754,23.229999542236328,15.829999923706055,32.0099983215332,16.56999969482422,
2006-02-06,,68.16999816894531,19.207500457763672,,1024.5999755859375,18.889999389648438,28.149999618530273,25.72705078125,31.549999237060547,10.609999656677246,23.18000030517578,15.925000190734863,31.719999313354492,16.565000534057617,
2006-02-07,,67.63999938964844,18.9375,,966.0,19.024999618530273,26.975000381469727,25.55645751953125,31.31999969482422,10.579999923706055,23.06999969482422,15.829999923706055,31.670000076293945,16.46500015258789,
2006-02-08,,67.48999786376953,19.142499923706055,,969.8666381835938,19.299999237060547,26.979999542236328,25.71892738342285,31.469999313354492,10.78499984741211,23.170000076293945,15.824999809265137,32.08000183105469,16.579999923706055,
2006-02-09,,67.75,19.24250030517578,,943.0,19.2450008392334,26.364999771118164,25.783916473388672,31.649999618530273,10.734999656677246,23.239999771118164,15.880000114440918,32.11000061035156,16.575000762939453,
2006-02-10,,67.72000122070312,19.337499618530273,,951.4666748046875,19.05500030517578,26.270000457763672,25.930137634277344,31.860000610351562,10.819999694824219,23.209999084472656,15.890000343322754,32.040000915527344,16.635000228881836,
2006-02-13,,67.80000305175781,19.262500762939453,,943.0,18.875,26.165000915527344,25.832656860351562,31.899999618530273,10.720000267028809,23.18000030517578,15.869999885559082,32.0,16.594999313354492,
2006-02-14,,68.30000305175781,19.747499465942383,,914.2666625976562,19.125,25.8700008392334,26.141347885131836,32.279998779296875,10.864999771118164,23.469999313354492,15.854999542236328,32.310001373291016,16.780000686645508,
2006-02-15,,68.83999633789062,19.94499969482422,,890.3333129882812,19.100000381469727,25.729999542236328,26.29569435119629,32.369998931884766,10.925000190734863,23.6200008392334,15.880000114440918,32.5,16.854999542236328,
2006-02-16,,69.43000030517578,19.792499542236328,,912.4000244140625,19.350000381469727,26.31999969482422,26.450040817260742,32.459999084472656,11.024999618530273,23.729999542236328,16.0049991607666,32.709999084472656,16.90999984741211,
2006-02-17,,69.93000030517578,19.75,,910.066650390625,18.94499969482422,26.5049991607666,26.34443473815918,32.540000915527344,10.96500015258789,23.6299991607666,16.149999618530273,32.689998626708984,16.809999465942383,
2006-02-21,,70.01000213623047,19.642499923706055,,948.933349609375,18.6200008392334,27.024999618530273,26.263200759887695,32.40999984741211,10.845000267028809,23.600000381469727,16.174999237060547,32.52000045776367,16.719999313354492,
2006-02-22,,70.94000244140625,19.959999084472656,,923.6666870117188,18.774999618530273,26.520000457763672,26.75873374938965,32.75,10.899999618530273,23.790000915527344,16.235000610351562,32.79999923706055,16.844999313354492,
2006-02-23,,70.75,19.864999771118164,,924.4000244140625,18.5,26.489999771118164,26.661251068115234,32.63999938964844,10.845000267028809,23.799999237060547,16.21500015258789,32.68000030517578,16.7549991607666,
2006-02-24,,70.33999633789062,19.924999237060547,,933.2666625976562,18.475000381469727,26.815000534057617,26.718114852905273,32.65999984741211,10.850000381469727,23.68000030517578,16.264999389648438,32.68000030517578,16.725000381469727,
2006-02-27,,70.37999725341797,20.139999389648438,,908.5999755859375,18.6200008392334,26.350000381469727,26.766855239868164,32.869998931884766,10.949999809265137,23.850000381469727,16.395000457763672,32.93000030517578,16.875,
2006-02-28,,70.05000305175781,19.8799991607666,,908.4000244140625,18.510000228881836,26.170000076293945,26.50690460205078,32.4900016784668,10.824999809265137,23.530000686645508,16.28499984741211,32.5,16.735000610351562,
2006-03-01,,70.38999938964844,20.2549991607666,,926.6666870117188,19.264999389648438,26.614999771118164,26.645004272460938,32.75,11.039999961853027,23.6200008392334,16.239999771118164,32.529998779296875,16.860000610351562,
2006-03-02,,70.22000122070312,20.09000015258789,,953.3333129882812,19.25,27.059999465942383,26.482534408569336,32.65999984741211,11.0649995803833,23.489999771118164,16.229999542236328,32.470001220703125,16.75,
2006-03-03,,69.93000030517578,20.225000381469727,,953.5999755859375,18.969999313354492,27.065000534057617,26.41754722595215,32.7400016784668,11.0,23.549999237060547,16.149999618530273,32.36000061035156,16.739999771118164,
2006-03-06,,71.20999908447266,20.049999237060547,,913.4000244140625,18.725000381469727,26.125,26.33631134033203,32.56999969482422,10.954999923706055,23.469999313354492,15.890000343322754,32.189998626708984,16.635000228881836,
2006-03-07,,70.18000030517578,19.899999618530273,,892.4000244140625,18.360000610351562,25.739999771118164,26.425670623779297,32.59000015258789,10.885000228881836,23.6299991607666,15.8149995803833,32.20000076293945,16.559999465942383,
2006-03-08,,70.30999755859375,19.809999465942383,,893.8666381835938,18.2450008392334,25.739999771118164,26.441917419433594,32.54999923706055,10.875,23.889999389648438,15.800000190734863,32.41999816894531,16.59000015258789,
2006-03-09,,71.0199966430664,19.780000686645508,,889.4000244140625,17.959999084472656,25.55500030517578,26.279447555541992,32.5099983215332,10.8100004196167,23.93000030517578,15.755000114440918,32.310001373291016,16.524999618530273,
2006-03-10,,71.80000305175781,19.99250030517578,,895.7333374023438,17.96500015258789,25.69499969482422,26.51502799987793,32.849998474121094,10.859999656677246,24.149999618530273,15.854999542236328,32.43000030517578,16.68000030517578,
2006-03-13,,71.52999877929688,19.952499389648438,,915.1333618164062,17.950000762939453,26.200000762939453,26.523151397705078,32.83000183105469,10.899999618530273,24.170000076293945,15.875,32.40999984741211,16.674999237060547,
2006-03-14,,72.08999633789062,20.162500381469727,,937.3333129882812,18.260000228881836,26.684999465942383,26.831844329833984,33.13999938964844,11.024999618530273,24.110000610351562,16.045000076293945,32.63999938964844,16.854999542236328,
2006-03-15,,73.3499984741211,20.579999923706055,,938.0,18.420000076293945,26.825000762939453,26.864337921142578,33.63999938964844,11.09000015258789,24.020000457763672,16.149999618530273,32.75,16.950000762939453,
2006-03-16,,74.13999938964844,20.427499771118164,,951.7333374023438,17.809999465942383,27.25,26.95369529724121,33.65999984741211,11.020000457763672,24.100000381469727,16.235000610351562,32.75,16.985000610351562,
2006-03-17,,74.9800033569336,20.479999542236328,,941.2000122070312,17.774999618530273,26.825000762939453,26.888708114624023,33.790000915527344,11.055000305175781,23.959999084472656,16.075000762939453,32.720001220703125,17.010000228881836,
2006-03-20,,73.80000305175781,20.645000457763672,,910.6666870117188,17.790000915527344,26.229999542236328,26.90495491027832,33.72999954223633,11.074999809265137,24.100000381469727,15.84000015258789,32.779998779296875,16.969999313354492,
2006-03-21,,72.72000122070312,20.53499984741211,,910.3333129882812,17.854999542236328,26.184999465942383,26.63688087463379,33.599998474121094,11.029999732971191,23.940000534057617,15.720000267028809,32.58000183105469,16.875,
2006-03-22,,72.93000030517578,20.625,,919.066650390625,17.920000076293945,26.360000610351562,26.84809112548828,33.849998474121094,11.03499984741211,24.15999984741211,15.795000076293945,32.90999984741211,16.93000030517578,
2006-03-23,,73.36000061035156,20.334999084472656,,939.8666381835938,17.915000915527344,26.75,26.718114852905273,33.709999084472656,11.010000228881836,23.979999542236328,15.774999618530273,32.72999954223633,16.920000076293945,
2006-03-24,,72.69999694824219,20.342500686645508,,951.0,18.100000381469727,26.93000030517578,26.709991455078125,33.68000030517578,11.045000076293945,23.979999542236328,15.744999885559082,32.68000030517578,16.895000457763672,
2006-03-27,,71.9800033569336,20.489999771118164,,951.3333129882812,18.15999984741211,27.06999969482422,26.693744659423828,33.709999084472656,11.0600004196167,23.899999618530273,15.640000343322754,32.43000030517578,16.889999389648438,
2006-03-28,,72.79000091552734,20.332500457763672,,976.0,17.80500030517578,27.280000686645508,26.474411010742188,33.470001220703125,10.9350004196167,23.709999084472656,15.574999809265137,32.130001068115234,16.799999237060547,
2006-03-29,,74.4000015258789,20.524999618530273,,990.0,18.34000015258789,27.600000381469727,26.596263885498047,33.810001373291016,11.100000381469727,23.8799991607666,15.670000076293945,32.220001220703125,16.950000762939453,
2006-03-30,,73.25,20.459999084472656,,1000.0,18.3700008392334,27.584999084472656,26.433794021606445,33.810001373291016,11.135000228881836,23.690000534057617,15.529999732971191,32.15999984741211,16.8799991607666,
2006-03-31,,73.5,20.552499771118164,,978.7333374023438,18.15999984741211,27.200000762939453,26.441917419433594,33.79999923706055,11.069999694824219,23.600000381469727,15.414999961853027,31.979999542236328,16.829999923706055,
2006-04-03,,71.9000015258789,20.762500762939453,,980.5999755859375,18.264999389648438,27.350000381469727,26.482534408569336,33.91999816894531,11.135000228881836,23.68000030517578,15.4350004196167,31.959999084472656,16.770000457763672,
2006-04-04,,71.66000366210938,21.002500534057617,,1000.7999877929688,18.190000534057617,27.709999084472656,26.766855239868164,34.150001525878906,11.175000190734863,23.65999984741211,15.600000381469727,32.0,16.864999771118164,
2006-04-05,,72.3499984741211,21.219999313354492,,1018.2000122070312,18.68000030517578,28.165000915527344,26.815597534179688,34.16999816894531,11.270000457763672,23.709999084472656,15.75,31.899999618530273,16.975000381469727,
2006-04-06,,71.93000030517578,21.235000610351562,,1023.4666748046875,18.844999313354492,28.225000381469727,26.718114852905273,34.119998931884766,11.260000228881836,23.6200008392334,15.555000305175781,31.65999984741211,17.010000228881836,
2006-04-07,,70.86000061035156,21.049999237060547,,1005.2666625976562,18.44499969482422,27.674999237060547,26.46628761291504,33.95000076293945,11.130000114440918,23.40999984741211,15.335000038146973,31.280000686645508,16.934999465942383,
2006-04-10,,70.01000213623047,20.962499618530273,,1027.13330078125,18.299999237060547,28.200000762939453,26.51502799987793,33.83000183105469,11.114999771118164,23.440000534057617,15.329999923706055,31.219999313354492,16.90999984741211,
2006-04-11,,69.8499984741211,20.725000381469727,,1005.6666870117188,18.239999771118164,28.0,26.28757095336914,33.77000045776367,11.015000343322754,23.219999313354492,15.154999732971191,30.8799991607666,16.774999618530273,
2006-04-12,,69.7699966430664,20.780000686645508,,997.0,18.309999465942383,27.815000534057617,26.34443473815918,34.0,11.03499984741211,23.299999237060547,15.1899995803833,31.09000015258789,16.760000228881836,
2006-04-13,,68.9800033569336,20.862499237060547,,1009.7333374023438,18.399999618530273,27.905000686645508,26.385053634643555,33.86000061035156,11.050000190734863,23.260000228881836,15.119999885559082,31.020000457763672,16.799999237060547,
2006-04-17,,68.66999816894531,20.582500457763672,,1025.5999755859375,18.075000762939453,28.420000076293945,26.360681533813477,33.689998626708984,10.930000305175781,23.1299991607666,15.104999542236328,30.84000015258789,16.71500015258789,
2006-04-18,,70.31999969482422,21.06999969482422,,1044.3333740234375,18.690000534057617,29.114999771118164,26.84809112548828,34.5,11.149999618530273,23.350000381469727,15.395000457763672,31.1299991607666,16.959999084472656,
2006-04-19,,71.30000305175781,21.167499542236328,,1073.3333740234375,18.934999465942383,29.565000534057617,26.880584716796875,34.720001220703125,11.140000343322754,23.3799991607666,15.444999694824219,30.950000762939453,16.899999618530273,
2006-04-20,,71.37000274658203,21.107500076293945,,1061.7332763671875,19.125,29.260000228881836,26.937448501586914,34.849998474121094,11.149999618530273,23.420000076293945,15.555000305175781,31.229999542236328,16.96500015258789,
2006-04-21,,71.37999725341797,21.114999771118164,,1083.86669921875,18.709999084472656,29.8700008392334,26.90495491027832,34.88999938964844,11.029999732971191,23.420000076293945,15.625,31.15999984741211,16.834999084472656,
2006-04-24,,71.0199966430664,21.282499313354492,,1066.2667236328125,18.579999923706055,29.415000915527344,26.91307830810547,35.0099983215332,11.015000343322754,23.520000457763672,15.770000457763672,31.040000915527344,16.829999923706055,
2006-04-25,,70.5199966430664,21.157499313354492,,1058.3333740234375,18.739999771118164,29.03499984741211,26.750608444213867,34.599998474121094,11.010000228881836,23.520000457763672,15.545000076293945,30.850000381469727,16.80500030517578,
2006-04-26,,70.19999694824219,21.100000381469727,,1055.3333740234375,18.665000915527344,28.575000762939453,26.90495491027832,34.790000915527344,11.050000190734863,23.739999771118164,15.390000343322754,30.850000381469727,16.920000076293945,
2006-04-27,,70.9000015258789,20.9950008392334,,1033.3333740234375,19.0,28.25,27.327375411987305,34.599998474121094,11.15999984741211,23.770000457763672,15.595000267028809,30.68000030517578,17.05500030517578,
2006-04-28,,71.0999984741211,20.90999984741211,,1050.2667236328125,18.825000762939453,28.56999969482422,27.587326049804688,34.529998779296875,10.925000190734863,23.829999923706055,15.65999984741211,30.989999771118164,17.045000076293945,
2006-05-01,,70.0,20.927499771118164,,1075.6666259765625,18.579999923706055,29.040000915527344,27.156782150268555,34.619998931884766,10.835000038146973,23.81999969482422,15.515000343322754,30.719999313354492,16.950000762939453,
2006-05-02,,69.44000244140625,21.232500076293945,,1111.199951171875,18.6299991607666,29.684999465942383,27.327375411987305,34.900001525878906,10.885000228881836,23.959999084472656,15.765000343322754,30.719999313354492,16.96500015258789,
2006-05-03,,69.51000213623047,21.332500457763672,,1092.0,18.7549991607666,29.225000381469727,27.30300521850586,34.90999984741211,10.859999656677246,23.799999237060547,15.71500015258789,30.3799991607666,17.010000228881836,
2006-05-04,,70.33999633789062,22.02750015258789,,1095.0,18.875,29.09000015258789,27.35987091064453,35.33000183105469,10.899999618530273,23.84000015258789,15.734999656677246,30.479999542236328,17.104999542236328,
2006-05-05,,71.5999984741211,22.25749969482422,,1100.86669921875,19.030000686645508,29.43000030517578,27.749797821044922,35.68000030517578,10.960000038146973,24.059999465942383,16.09000015258789,30.780000686645508,17.30500030517578,
2006-05-08,,71.83000183105469,22.237499237060547,,1100.0,19.014999389648438,29.299999237060547,27.63606834411621,35.650001525878906,10.975000381469727,24.190000534057617,15.96500015258789,30.770000457763672,17.329999923706055,
2006-05-09,,71.8499984741211,22.440000534057617,,1108.6666259765625,18.829999923706055,29.475000381469727,27.6848087310791,35.650001525878906,10.930000305175781,24.260000228881836,15.829999923706055,30.549999237060547,17.3799991607666,
2006-05-10,,71.91000366210938,22.395000457763672,,1116.3333740234375,18.399999618530273,29.75,27.7010555267334,35.66999816894531,10.8149995803833,24.15999984741211,15.954999923706055,30.520000457763672,17.389999389648438,
2006-05-11,,70.33999633789062,22.19499969482422,,1092.800048828125,18.100000381469727,29.364999771118164,27.24614143371582,35.4900016784668,10.59000015258789,23.860000610351562,15.805000305175781,30.459999084472656,17.21500015258789,
2006-05-12,,69.27999877929688,21.712499618530273,,1050.13330078125,17.969999313354492,28.3700008392334,26.969942092895508,34.93000030517578,10.489999771118164,23.670000076293945,15.630000114440918,30.389999389648438,17.045000076293945,
2006-05-15,,70.19999694824219,21.790000915527344,,1022.0,17.850000381469727,27.774999618530273,27.156782150268555,34.939998626708984,10.5,23.93000030517578,15.729999542236328,30.81999969482422,17.09000015258789,
2006-05-16,,70.05999755859375,21.530000686645508,,1016.7333374023438,17.834999084472656,27.875,27.12428855895996,34.93000030517578,10.399999618530273,24.020000457763672,15.65999984741211,30.899999618530273,16.969999313354492,
2006-05-17,,68.5999984741211,21.002500534057617,,993.3333129882812,17.5049991607666,27.165000915527344,26.580015182495117,34.209999084472656,10.260000228881836,23.719999313354492,15.420000076293945,30.579999923706055,16.735000610351562,
2006-05-18,,68.41000366210938,20.8125,,966.1333618164062,17.344999313354492,26.834999084472656,26.34443473815918,33.93000030517578,10.225000381469727,23.600000381469727,15.414999961853027,30.450000762939453,16.725000381469727,
2006-05-19,,68.2699966430664,20.80500030517578,,972.1333618164062,17.59000015258789,27.010000228881836,26.482534408569336,34.040000915527344,10.300000190734863,23.6200008392334,15.545000076293945,30.280000686645508,16.84000015258789,
2006-05-22,,67.81999969482422,20.924999237060547,,966.7999877929688,17.114999771118164,26.854999542236328,26.41754722595215,33.970001220703125,10.210000038146973,23.690000534057617,15.664999961853027,30.149999618530273,16.719999313354492,
2006-05-23,,67.36000061035156,20.782499313354492,,971.0,16.799999237060547,26.860000610351562,26.28757095336914,33.810001373291016,10.135000228881836,23.68000030517578,15.444999694824219,30.010000228881836,16.594999313354492,
2006-05-24,,67.47000122070312,20.69499969482422,,958.6666870117188,17.0,26.530000686645508,26.303817749023438,33.720001220703125,10.234999656677246,23.860000610351562,15.5,30.100000381469727,16.6200008392334,
2006-05-25,,68.75,20.887500762939453,,998.4666748046875,17.0,27.459999084472656,26.539398193359375,33.95000076293945,10.329999923706055,24.09000015258789,15.645000457763672,30.3799991607666,16.780000686645508,
2006-05-26,,69.4000015258789,21.037500381469727,,1000.6666870117188,17.100000381469727,27.549999237060547,26.75873374938965,34.13999938964844,10.380000114440918,24.09000015258789,15.8149995803833,30.549999237060547,16.834999084472656,
2006-05-30,,68.8499984741211,20.607500076293945,,982.8666381835938,16.815000534057617,27.114999771118164,26.360681533813477,33.70000076293945,10.175000190734863,23.790000915527344,15.654999732971191,30.149999618530273,16.579999923706055,
2006-05-31,,68.75,20.987499237060547,,1014.5999755859375,17.014999389648438,27.774999618530273,26.547521591186523,33.939998626708984,10.21500015258789,23.8799991607666,15.914999961853027,30.34000015258789,16.760000228881836,
2006-06-01,,70.19000244140625,21.36750030517578,,1017.0,17.309999465942383,27.850000381469727,26.85621452331543,34.290000915527344,10.390000343322754,24.010000228881836,16.075000762939453,30.770000457763672,17.020000457763672,
2006-06-02,,70.94999694824219,21.412500381469727,,1035.6666259765625,17.299999237060547,28.264999389648438,27.010560989379883,34.34000015258789,10.354999542236328,23.959999084472656,16.270000457763672,30.889999389648438,16.985000610351562,
2006-06-05,,71.05000305175781,20.782499313354492,,1000.066650390625,16.815000534057617,27.375,26.5718936920166,33.599998474121094,10.199999809265137,23.6200008392334,16.075000762939453,30.40999984741211,16.71500015258789,
2006-06-06,,70.33999633789062,20.7450008392334,,995.7333374023438,16.81999969482422,27.350000381469727,26.50690460205078,33.470001220703125,10.199999809265137,23.690000534057617,16.104999542236328,30.459999084472656,16.6299991607666,
2006-06-07,,70.62000274658203,20.540000915527344,,946.6666870117188,16.454999923706055,26.299999237060547,26.596263885498047,33.099998474121094,10.0600004196167,23.68000030517578,16.045000076293945,30.600000381469727,16.635000228881836,
2006-06-08,,70.30000305175781,20.524999618530273,,957.6666870117188,16.375,26.670000076293945,26.645004272460938,33.119998931884766,10.010000228881836,23.760000228881836,16.100000381469727,30.649999618530273,16.610000610351562,
2006-06-09,,70.94999694824219,20.469999313354492,,948.6666870117188,16.28499984741211,26.399999618530273,26.555646896362305,32.84000015258789,9.970000267028809,23.780000686645508,16.235000610351562,30.43000030517578,16.56999969482422,
2006-06-12,,69.91000366210938,20.102500915527344,,907.1333618164062,15.944999694824219,25.860000610351562,26.263200759887695,32.43000030517578,9.78499984741211,23.639999389648438,16.270000457763672,30.1200008392334,16.350000381469727,
2006-06-13,,69.0,19.977500915527344,,880.6666870117188,15.914999961853027,25.094999313354492,25.751422882080078,32.33000183105469,9.795000076293945,23.559999465942383,16.075000762939453,30.040000915527344,16.219999313354492,
2006-06-14,,68.88999938964844,20.145000457763672,,904.4666748046875,16.1299991607666,25.739999771118164,25.597076416015625,32.61000061035156,9.859999656677246,23.65999984741211,15.954999923706055,30.09000015258789,16.295000076293945,
2006-06-15,,70.08999633789062,20.862499237060547,,954.6666870117188,16.649999618530273,26.719999313354492,26.16571807861328,33.349998474121094,10.109999656677246,23.850000381469727,16.200000762939453,30.459999084472656,16.649999618530273,
2006-06-16,,70.27999877929688,20.897499084472656,,946.6666870117188,16.5,26.549999237060547,25.84890365600586,33.2599983215332,10.095000267028809,23.75,16.05500030517578,30.309999465942383,16.575000762939453,
2006-06-19,,69.6500015258789,20.772499084472656,,911.6666870117188,16.40999984741211,25.549999237060547,25.67018699645996,33.0,10.050000190734863,23.65999984741211,15.835000038146973,30.079999923706055,16.485000610351562,
2006-06-20,,69.22000122070312,20.887500762939453,,889.7333374023438,16.364999771118164,25.43000030517578,25.743297576904297,32.959999084472656,10.03499984741211,23.829999923706055,15.875,29.969999313354492,16.424999237060547,
2006-06-21,,70.0999984741211,21.46500015258789,,916.6666870117188,16.639999389648438,26.0,25.954509735107422,33.349998474121094,10.164999961853027,23.920000076293945,15.859999656677246,30.1200008392334,16.584999084472656,
2006-06-22,,68.95999908447266,21.375,47.869998931884766,922.1333618164062,16.43000030517578,26.110000610351562,25.857027053833008,33.150001525878906,10.045000076293945,23.8799991607666,15.805000305175781,29.950000762939453,16.454999923706055,18.559999465942383
2006-06-23,20.520000457763672,68.69999694824219,21.487499237060547,47.25,938.4666748046875,16.225000381469727,26.690000534057617,25.686433792114258,33.2400016784668,10.015000343322754,23.799999237060547,15.829999923706055,29.979999542236328,16.440000534057617,18.645000457763672
2006-06-26,20.81999969482422,69.38999938964844,21.452499389648438,47.7599983215332,948.2666625976562,16.360000610351562,26.985000610351562,25.913890838623047,33.33000183105469,10.03499984741211,23.93000030517578,15.895000457763672,29.8700008392334,16.524999618530273,18.645000457763672
2006-06-27,20.8700008392334,69.25,21.165000915527344,47.45000076293945,935.2666625976562,16.045000076293945,27.03499984741211,25.662063598632812,33.02000045776367,9.899999618530273,23.81999969482422,15.835000038146973,29.559999465942383,16.315000534057617,18.295000076293945
2006-06-28,20.8700008392334,69.48999786376953,21.247499465942383,47.369998931884766,946.066650390625,16.09000015258789,27.5,25.800161361694336,33.119998931884766,9.96500015258789,23.93000030517578,15.880000114440918,29.559999465942383,16.329999923706055,18.290000915527344
2006-06-29,20.889999389648438,70.91000366210938,21.979999542236328,48.41999816894531,988.3333129882812,16.53499984741211,28.280000686645508,26.34443473815918,33.81999969482422,10.220000267028809,24.309999465942383,16.084999084472656,30.06999969482422,16.684999465942383,18.7549991607666
2006-06-30,21.25,71.25,22.1299991607666,48.189998626708984,996.1333618164062,16.454999923706055,28.375,26.271324157714844,33.810001373291016,10.164999961853027,24.190000534057617,16.145000457763672,30.239999771118164,16.69499969482422,18.809999465942383
2006-07-03,21.299999237060547,72.54000091552734,22.3799991607666,48.529998779296875,1011.3333129882812,16.670000076293945,28.68000030517578,26.580015182495117,33.93000030517578,10.239999771118164,24.329999923706055,16.325000762939453,30.299999237060547,16.719999313354492,18.809999465942383
2006-07-05,20.899999618530273,72.4800033569336,22.114999771118164,47.95000076293945,1008.3333129882812,16.209999084472656,28.809999465942383,26.328187942504883,33.68000030517578,10.079999923706055,24.1299991607666,16.21500015258789,30.270000457763672,16.565000534057617,18.56999969482422
2006-07-06,20.760000228881836,72.69999694824219,21.957500457763672,48.04999923706055,989.5333251953125,16.15999984741211,28.735000610351562,26.409423828125,33.77000045776367,10.09000015258789,24.40999984741211,16.1299991607666,30.3799991607666,16.575000762939453,18.674999237060547
2006-07-07,20.3799991607666,72.4000015258789,21.762500762939453,47.720001220703125,965.1333618164062,15.899999618530273,28.344999313354492,26.279447555541992,33.27000045776367,9.989999771118164,24.360000610351562,16.2549991607666,30.40999984741211,16.450000762939453,18.530000686645508
2006-07-10,20.540000915527344,73.1500015258789,21.860000610351562,47.86000061035156,966.6666870117188,15.545000076293945,28.43000030517578,26.45816421508789,33.36000061035156,9.875,24.510000228881836,16.344999313354492,30.520000457763672,16.469999313354492,18.649999618530273
2006-07-11,20.09000015258789,73.12999725341797,21.837499618530273,47.97999954223633,994.3333129882812,16.0049991607666,28.950000762939453,26.46628761291504,33.45000076293945,9.914999961853027,24.639999389648438,16.469999313354492,30.59000015258789,16.454999923706055,18.649999618530273
2006-07-12,20.09000015258789,73.44999694824219,21.549999237060547,47.36000061035156,994.7333374023438,15.574999809265137,28.850000381469727,26.206335067749023,33.11000061035156,9.734999656677246,24.440000534057617,16.389999389648438,30.479999542236328,16.19499969482422,18.21500015258789
2006-07-13,19.799999237060547,72.30999755859375,20.864999771118164,46.81999969482422,973.3333129882812,15.335000038146973,28.575000762939453,25.79203987121582,32.459999084472656,9.574999809265137,24.239999771118164,16.329999923706055,30.15999984741211,15.899999618530273,17.950000762939453
2006-07-14,19.389999389648438,71.33999633789062,20.540000915527344,46.79999923706055,978.6666870117188,15.359999656677246,28.90999984741211,25.686433792114258,32.0,9.550000190734863,24.0,16.329999923706055,29.969999313354492,15.694999694824219,17.69499969482422
2006-07-17,19.389999389648438,71.29000091552734,20.422500610351562,47.0,933.5333251953125,15.28499984741211,27.975000381469727,25.73517417907715,31.889999389648438,9.579999923706055,24.059999465942383,16.375,30.09000015258789,15.805000305175781,17.760000228881836
2006-07-18,19.3700008392334,72.13999938964844,20.612499237060547,47.34000015258789,921.066650390625,15.364999771118164,28.010000228881836,25.79203987121582,32.040000915527344,9.600000381469727,24.170000076293945,16.399999618530273,30.09000015258789,15.710000038146973,17.5049991607666
2006-07-19,19.469999313354492,73.86000061035156,21.092500686645508,48.540000915527344,938.6666870117188,15.5,28.299999237060547,26.474411010742188,32.689998626708984,9.739999771118164,24.469999313354492,16.649999618530273,30.799999237060547,16.024999618530273,17.924999237060547
2006-07-20,19.270000457763672,72.94999694824219,20.125,48.20000076293945,895.3333129882812,15.039999961853027,27.614999771118164,26.368806838989258,32.02000045776367,9.600000381469727,24.489999771118164,16.690000534057617,30.829999923706055,15.8149995803833,17.700000762939453
2006-07-21,19.270000457763672,71.58999633789062,19.969999313354492,47.779998779296875,866.6666870117188,14.59000015258789,27.239999771118164,26.222583770751953,31.700000762939453,9.5,24.440000534057617,16.729999542236328,30.969999313354492,15.670000076293945,17.475000381469727
2006-07-24,19.25,72.83999633789062,20.477500915527344,48.33000183105469,894.0,14.880000114440918,28.059999465942383,26.56376838684082,32.220001220703125,9.645000457763672,24.6200008392334,16.885000228881836,31.56999969482422,16.010000228881836,17.864999771118164
2006-07-25,19.280000686645508,73.33999633789062,20.125,48.56999969482422,929.7333374023438,15.140000343322754,28.549999237060547,26.62875747680664,32.130001068115234,9.75,24.739999771118164,16.954999923706055,31.84000015258789,16.155000686645508,18.03499984741211
2006-07-26,19.280000686645508,73.6500015258789,19.61750030517578,48.58000183105469,958.3333129882812,15.199999809265137,29.125,26.596263885498047,31.719999313354492,9.774999618530273,24.6200008392334,17.014999389648438,31.989999771118164,15.970000267028809,17.674999237060547
2006-07-27,19.280000686645508,73.0999984741211,19.334999084472656,48.09000015258789,950.4000244140625,15.279999732971191,28.875,26.441917419433594,31.65999984741211,9.744999885559082,24.459999084472656,16.8799991607666,31.829999923706055,15.9350004196167,17.440000534057617
2006-07-28,19.030000686645508,74.19000244140625,19.837499618530273,49.06999969482422,944.0,15.710000038146973,28.885000228881836,26.91307830810547,32.02000045776367,9.914999961853027,24.690000534057617,16.9950008392334,32.0,16.1299991607666,17.645000457763672
2006-07-31,18.989999771118164,73.8499984741211,19.637500762939453,48.619998931884766,971.7999877929688,15.760000228881836,29.325000762939453,26.872461318969727,31.889999389648438,9.899999618530273,24.56999969482422,16.920000076293945,31.889999389648438,16.139999389648438,17.809999465942383
2006-08-01,18.799999237060547,73.5,19.272499084472656,48.220001220703125,977.0,15.329999923706055,29.360000610351562,26.791227340698242,31.690000534057617,9.760000228881836,24.450000762939453,17.1299991607666,31.889999389648438,15.989999771118164,17.454999923706055
2006-08-02,18.75,73.5,19.417499542236328,48.439998626708984,980.6666870117188,15.545000076293945,29.420000076293945,26.839967727661133,31.889999389648438,9.880000114440918,24.670000076293945,17.114999771118164,32.09000015258789,16.1200008392334,17.520000457763672
2006-08-03,18.75,74.29000091552734,19.907499313354492,49.08000183105469,962.6666870117188,15.680000305175781,29.165000915527344,26.95369529724121,32.150001525878906,9.90999984741211,24.729999542236328,17.030000686645508,31.809999465942383,16.219999313354492,17.920000076293945
2006-08-04,18.75,75.4000015258789,19.65250015258789,49.06999969482422,937.2666625976562,15.640000343322754,28.920000076293945,27.010560989379883,32.060001373291016,9.880000114440918,24.739999771118164,17.03499984741211,31.81999969482422,16.225000381469727,17.94499969482422
2006-08-07,19.0,74.58000183105469,19.3700008392334,48.84000015258789,942.4000244140625,15.550000190734863,29.225000381469727,26.95369529724121,31.93000030517578,9.845000267028809,24.68000030517578,16.834999084472656,31.719999313354492,16.190000534057617,17.8799991607666
2006-08-08,19.110000610351562,73.36000061035156,19.219999313354492,48.56999969482422,928.0,15.515000343322754,29.05500030517578,26.75873374938965,31.649999618530273,9.8100004196167,24.790000915527344,16.9950008392334,31.709999084472656,16.024999618530273,17.594999313354492
2006-08-09,19.110000610351562,72.68000030517578,18.674999237060547,48.029998779296875,929.7333374023438,15.524999618530273,29.299999237060547,26.441917419433594,31.15999984741211,9.869999885559082,24.6299991607666,17.0,31.739999771118164,15.805000305175781,17.40999984741211
2006-08-10,19.030000686645508,72.83000183105469,18.917499542236328,48.31999969482422,927.0,15.869999885559082,29.059999465942383,26.5718936920166,31.40999984741211,9.90999984741211,24.889999389648438,16.975000381469727,31.709999084472656,16.020000457763672,17.809999465942383
2006-08-11,18.809999465942383,72.2300033569336,18.584999084472656,48.18000030517578,917.6666870117188,15.3149995803833,29.075000762939453,26.490657806396484,31.229999542236328,9.854999542236328,24.84000015258789,16.934999465942383,31.559999465942383,16.014999389648438,17.704999923706055
2006-08-14,18.809999465942383,72.9000015258789,18.672500610351562,48.15999984741211,899.2666625976562,15.595000267028809,28.475000381469727,26.523151397705078,31.290000915527344,9.9399995803833,24.889999389648438,17.049999237060547,31.6299991607666,16.059999465942383,17.84000015258789
2006-08-15,18.809999465942383,73.75,19.225000381469727,48.90999984741211,912.6666870117188,15.979999542236328,28.6200008392334,26.969942092895508,31.860000610351562,10.170000076293945,25.049999237060547,17.15999984741211,31.899999618530273,16.28499984741211,18.204999923706055
2006-08-16,19.899999618530273,73.94999694824219,19.829999923706055,49.189998626708984,923.3333129882812,16.475000381469727,28.5,27.116165161132812,32.56999969482422,10.329999923706055,25.079999923706055,17.0,32.18000030517578,16.450000762939453,18.55500030517578
2006-08-17,19.899999618530273,74.02999877929688,19.790000915527344,49.20000076293945,906.6666870117188,16.489999771118164,28.299999237060547,27.205524444580078,32.61000061035156,10.375,25.040000915527344,16.979999542236328,32.2599983215332,16.549999237060547,18.65999984741211
2006-08-18,20.34000015258789,74.05000305175781,19.674999237060547,49.20000076293945,928.0,16.575000762939453,28.739999771118164,27.24614143371582,32.529998779296875,10.414999961853027,25.190000534057617,17.170000076293945,32.310001373291016,16.545000076293945,18.670000076293945
2006-08-21,19.950000762939453,74.4800033569336,19.272499084472656,48.84000015258789,935.2666625976562,16.299999237060547,28.93000030517578,27.140535354614258,32.2400016784668,10.345000267028809,25.25,17.204999923706055,32.20000076293945,16.364999771118164,18.399999618530273
2006-08-22,20.030000686645508,75.1500015258789,19.299999237060547,48.95000076293945,934.0,16.235000610351562,29.125,27.132413864135742,32.34000015258789,10.350000381469727,25.229999542236328,17.264999389648438,32.29999923706055,16.350000381469727,18.30500030517578
2006-08-23,19.809999465942383,74.30999755859375,19.149999618530273,48.380001068115234,914.6666870117188,16.200000762939453,28.514999389648438,27.051177978515625,32.099998474121094,10.300000190734863,25.149999618530273,17.084999084472656,32.279998779296875,16.204999923706055,18.059999465942383
2006-08-24,19.670000076293945,74.66000366210938,18.96500015258789,48.459999084472656,923.3333129882812,16.360000610351562,28.885000228881836,27.140535354614258,31.93000030517578,10.34000015258789,25.280000686645508,17.155000686645508,32.5,16.1200008392334,17.809999465942383
2006-08-25,19.639999389648438,74.58000183105469,18.979999542236328,48.25,932.6666870117188,16.385000228881836,29.110000610351562,26.994314193725586,31.940000534057617,10.369999885559082,25.239999771118164,17.155000686645508,32.52000045776367,16.1200008392334,17.7549991607666
2006-08-28,19.940000534057617,75.5,19.27750015258789,48.599998474121094,905.5999755859375,16.6200008392334,28.690000534057617,27.18927764892578,32.06999969482422,10.46500015258789,25.34000015258789,17.28499984741211,32.72999954223633,16.280000686645508,17.93000030517578
2006-08-29,19.940000534057617,75.5,19.287500381469727,48.439998626708984,916.6666870117188,16.950000762939453,28.510000228881836,27.07554817199707,32.150001525878906,10.5600004196167,25.43000030517578,17.299999237060547,32.880001068115234,16.399999618530273,18.079999923706055
2006-08-30,20.420000076293945,76.05000305175781,19.174999237060547,48.869998931884766,898.1333618164062,17.174999237060547,28.030000686645508,27.156782150268555,32.18000030517578,10.635000228881836,25.5,17.209999084472656,32.900001525878906,16.40999984741211,18.139999389648438
2006-08-31,20.389999389648438,76.05000305175781,19.2549991607666,48.970001220703125,898.8666381835938,17.045000076293945,27.834999084472656,27.18927764892578,32.25,10.595000267028809,25.520000457763672,17.385000228881836,32.79999923706055,16.459999084472656,18.170000076293945
2006-09-01,20.510000228881836,75.66999816894531,19.362499237060547,48.939998626708984,921.5333251953125,16.920000076293945,28.25,27.229894638061523,32.47999954223633,10.640000343322754,25.65999984741211,17.399999618530273,32.970001220703125,16.594999313354492,18.264999389648438
2006-09-05,20.6299991607666,76.30999755859375,19.354999542236328,49.04999923706055,939.5333251953125,17.06999969482422,28.6200008392334,27.327375411987305,32.54999923706055,10.694999694824219,25.56999969482422,17.21500015258789,32.81999969482422,16.645000457763672,18.405000686645508
2006-09-06,20.139999389648438,75.91999816894531,18.954999923706055,48.75,903.3333129882812,16.53499984741211,27.649999618530273,27.238018035888672,32.209999084472656,10.520000457763672,25.5,17.149999618530273,32.70000076293945,16.440000534057617,18.170000076293945
2006-09-07,19.8700008392334,75.43000030517578,18.975000381469727,48.27000045776367,901.0,16.405000686645508,27.674999237060547,27.02680778503418,32.130001068115234,10.460000038146973,25.40999984741211,17.174999237060547,32.459999084472656,16.4950008392334,18.204999923706055
2006-09-08,20.15999984741211,76.19999694824219,18.862499237060547,48.349998474121094,876.3333129882812,16.655000686645508,26.975000381469727,27.181154251098633,32.189998626708984,10.545000076293945,25.540000915527344,17.174999237060547,32.720001220703125,16.645000457763672,18.5
2006-09-11,20.270000457763672,76.30999755859375,19.0049991607666,48.400001525878906,838.6666870117188,16.815000534057617,26.139999389648438,27.197399139404297,32.220001220703125,10.635000228881836,25.729999542236328,17.114999771118164,32.93000030517578,16.774999618530273,18.69499969482422
2006-09-12,20.579999923706055,77.30000305175781,19.655000686645508,49.040000915527344,832.3333129882812,17.28499984741211,25.975000381469727,27.546709060668945,32.52000045776367,10.819999694824219,25.739999771118164,17.024999618530273,33.310001373291016,17.165000915527344,19.184999465942383
2006-09-13,20.950000762939453,78.0,20.022499084472656,49.40999984741211,857.3333129882812,17.219999313354492,26.514999389648438,27.749797821044922,32.849998474121094,10.819999694824219,25.549999237060547,17.059999465942383,33.2400016784668,17.235000610351562,19.260000228881836
2006-09-14,21.100000381469727,78.0,19.8700008392334,49.38999938964844,831.6666870117188,17.204999923706055,25.924999237060547,27.81478500366211,32.70000076293945,10.845000267028809,25.68000030517578,16.989999771118164,33.20000076293945,17.190000534057617,19.274999618530273
2006-09-15,21.239999771118164,78.19999694824219,19.827499389648438,49.130001068115234,834.7999877929688,17.174999237060547,25.924999237060547,27.74167251586914,32.72999954223633,10.850000381469727,25.579999923706055,16.860000610351562,33.13999938964844,17.229999542236328,19.354999542236328
2006-09-18,21.079999923706055,77.75,19.852500915527344,48.869998931884766,862.066650390625,17.325000762939453,26.549999237060547,27.70918083190918,32.810001373291016,10.845000267028809,25.479999542236328,16.809999465942383,33.130001068115234,17.139999389648438,19.350000381469727
2006-09-19,20.5,78.25,19.854999542236328,48.720001220703125,847.6666870117188,16.9950008392334,26.149999618530273,27.757919311523438,32.68000030517578,10.795000076293945,25.540000915527344,16.844999313354492,33.18000030517578,17.174999237060547,19.485000610351562
2006-09-20,20.809999465942383,78.0,19.895000457763672,49.4900016784668,816.7333374023438,17.15999984741211,25.450000762939453,27.944759368896484,32.86000061035156,10.970000267028809,25.690000534057617,16.81999969482422,33.310001373291016,17.299999237060547,19.799999237060547
2006-09-21,20.600000381469727,77.19999694824219,19.56999969482422,48.90999984741211,833.3333129882812,16.719999313354492,25.774999618530273,27.749797821044922,32.54999923706055,10.864999771118164,25.459999084472656,16.795000076293945,33.099998474121094,17.204999923706055,19.565000534057617
2006-09-22,20.520000457763672,77.5999984741211,19.462499618530273,48.58000183105469,822.1333618164062,16.674999237060547,25.665000915527344,27.798538208007812,32.38999938964844,10.800000190734863,25.479999542236328,16.774999618530273,32.88999938964844,17.190000534057617,19.530000686645508
2006-09-25,20.790000915527344,77.55000305175781,19.552499771118164,49.22999954223633,827.3333129882812,17.110000610351562,25.700000762939453,28.08285903930664,32.779998779296875,10.994999885559082,25.31999969482422,17.010000228881836,33.02000045776367,17.454999923706055,19.864999771118164
2006-09-26,21.030000686645508,76.8499984741211,20.012500762939453,49.20000076293945,843.3333129882812,17.190000534057617,26.264999389648438,28.237205505371094,33.189998626708984,11.0649995803833,25.350000381469727,16.985000610351562,33.04999923706055,17.604999542236328,19.895000457763672
2006-09-27,20.709999084472656,77.5199966430664,20.149999618530273,49.459999084472656,857.3333129882812,17.079999923706055,26.700000762939453,28.107229232788086,33.27000045776367,10.979999542236328,25.510000228881836,17.219999313354492,33.13999938964844,17.575000762939453,19.81999969482422
2006-09-28,20.969999313354492,77.25,20.092500686645508,49.40999984741211,853.6666870117188,17.325000762939453,26.614999771118164,28.2047119140625,33.5,11.03499984741211,25.450000762939453,17.165000915527344,33.08000183105469,17.56999969482422,19.915000915527344
2006-09-29,20.979999542236328,77.1500015258789,20.022499084472656,48.84000015258789,865.6666870117188,17.145000457763672,26.725000381469727,28.123477935791016,33.34000015258789,11.0,25.3799991607666,16.9950008392334,33.189998626708984,17.475000381469727,19.645000457763672
2006-10-02,20.709999084472656,77.12999725341797,19.93000030517578,48.310001373291016,841.0,17.049999237060547,26.420000076293945,28.058488845825195,33.439998626708984,10.920000076293945,25.209999084472656,17.1200008392334,33.0,17.514999389648438,19.700000762939453
2006-10-03,20.950000762939453,77.87999725341797,20.122499465942383,48.369998931884766,803.5333251953125,16.924999237060547,25.450000762939453,28.334686279296875,33.650001525878906,10.979999542236328,25.239999771118164,17.190000534057617,33.099998474121094,17.665000915527344,19.979999542236328
2006-10-04,21.5,78.75,20.59000015258789,48.81999969482422,817.3333129882812,17.225000381469727,25.825000762939453,28.675872802734375,34.150001525878906,11.149999618530273,25.510000228881836,17.260000228881836,33.38999938964844,17.920000076293945,20.344999313354492
2006-10-05,21.65999984741211,79.2300033569336,20.770000457763672,49.150001525878906,837.6666870117188,17.094999313354492,26.31999969482422,28.659626007080078,34.31999969482422,11.145000457763672,25.40999984741211,17.204999923706055,33.38999938964844,17.969999313354492,20.325000762939453
2006-10-06,21.549999237060547,78.6500015258789,20.542499542236328,48.83000183105469,833.3333129882812,16.985000610351562,26.344999313354492,28.562145233154297,34.25,11.149999618530273,25.270000457763672,17.110000610351562,33.2599983215332,17.934999465942383,20.110000610351562
2006-10-09,21.549999237060547,79.18000030517578,20.594999313354492,49.40999984741211,818.3333129882812,17.155000686645508,25.950000762939453,28.64337921142578,34.290000915527344,11.180000305175781,25.360000610351562,17.094999313354492,33.189998626708984,18.059999465942383,20.2450008392334
2006-10-10,21.350000381469727,79.20999908447266,20.850000381469727,49.369998931884766,837.3333129882812,17.09000015258789,26.434999465942383,28.64337921142578,34.34000015258789,11.1899995803833,25.270000457763672,17.219999313354492,33.04999923706055,18.170000076293945,20.225000381469727
2006-10-11,21.049999237060547,79.0,20.627500534057617,49.20000076293945,817.6666870117188,17.315000534057617,26.014999389648438,28.570268630981445,34.349998474121094,11.1850004196167,25.309999465942383,17.260000228881836,33.040000915527344,18.125,20.209999084472656
2006-10-12,21.31999969482422,79.75,20.912500381469727,49.63999938964844,838.6666870117188,17.6299991607666,26.625,28.724613189697266,34.63999938964844,11.350000381469727,25.350000381469727,17.2549991607666,33.2400016784668,18.364999771118164,20.665000915527344
2006-10-13,21.399999618530273,80.5199966430664,20.947500228881836,49.88999938964844,852.3333129882812,17.75,26.989999771118164,28.830219268798828,34.560001373291016,11.404999732971191,25.299999237060547,17.274999618530273,33.130001068115234,18.315000534057617,20.690000534057617
2006-10-16,21.3799991607666,80.86000061035156,21.262500762939453,49.77000045776367,877.3333129882812,17.860000610351562,27.625,28.675872802734375,34.790000915527344,11.399999618530273,25.34000015258789,17.360000610351562,33.18000030517578,18.299999237060547,20.729999542236328
2006-10-17,21.100000381469727,80.45999908447266,20.875,49.54999923706055,867.3333129882812,17.450000762939453,27.325000762939453,28.675872802734375,34.599998474121094,11.305000305175781,25.290000915527344,17.434999465942383,33.27000045776367,18.235000610351562,20.524999618530273
2006-10-18,20.989999771118164,80.94999694824219,20.69499969482422,49.599998474121094,855.8666381835938,17.030000686645508,27.149999618530273,28.757108688354492,34.5099983215332,11.274999618530273,25.389999389648438,17.625,33.630001068115234,18.25,20.530000686645508
2006-10-19,21.270000457763672,80.75,20.989999771118164,49.400001525878906,885.6666870117188,16.934999465942383,27.709999084472656,28.570268630981445,34.43000030517578,11.3100004196167,25.450000762939453,17.69499969482422,33.599998474121094,18.239999771118164,20.434999465942383
2006-10-20,21.260000228881836,80.6500015258789,21.190000534057617,48.720001220703125,866.6666870117188,16.809999465942383,27.350000381469727,28.53777313232422,34.279998779296875,11.380000114440918,25.540000915527344,17.80500030517578,33.86000061035156,18.21500015258789,20.434999465942383
2006-10-23,21.739999771118164,81.02999877929688,21.06999969482422,48.88999938964844,865.2666625976562,16.924999237060547,27.399999618530273,28.724613189697266,34.459999084472656,11.449999809265137,25.790000915527344,17.825000762939453,33.95000076293945,18.454999923706055,20.799999237060547
2006-10-24,21.729999542236328,80.80000305175781,21.229999542236328,48.720001220703125,896.6666870117188,16.674999237060547,27.899999618530273,28.71649169921875,34.47999954223633,11.369999885559082,25.709999084472656,17.84000015258789,33.84000015258789,18.524999618530273,20.75
2006-10-25,22.1200008392334,81.20999908447266,21.427499771118164,48.7400016784668,918.3333129882812,17.020000457763672,28.3799991607666,28.838342666625977,34.5099983215332,11.470000267028809,25.8799991607666,18.030000686645508,33.63999938964844,18.459999084472656,20.579999923706055
2006-10-26,22.489999771118164,82.0,21.475000381469727,49.15999984741211,920.933349609375,17.19499969482422,28.315000534057617,29.04142951965332,34.5,11.529999732971191,26.049999237060547,17.950000762939453,33.77000045776367,18.71500015258789,20.94499969482422
2006-10-27,22.209999084472656,81.47000122070312,21.287500381469727,48.77000045776367,898.4666748046875,16.774999618530273,28.084999084472656,28.82209587097168,34.25,11.380000114440918,25.959999084472656,17.885000228881836,33.630001068115234,18.530000686645508,20.645000457763672
2006-10-30,22.229999542236328,82.25,21.457500457763672,48.849998474121094,884.6666870117188,16.885000228881836,27.579999923706055,28.830219268798828,34.36000061035156,11.420000076293945,25.850000381469727,17.875,33.439998626708984,18.645000457763672,20.854999542236328
2006-10-31,22.3700008392334,82.1500015258789,21.1825008392334,48.79999923706055,893.3333129882812,17.0,27.864999771118164,28.781478881835938,34.279998779296875,11.4350004196167,25.829999923706055,17.895000457763672,33.29999923706055,18.604999542236328,20.69499969482422
2006-11-01,21.8799991607666,81.44999694824219,20.920000076293945,48.150001525878906,878.2000122070312,16.639999389648438,27.579999923706055,28.60276222229004,34.11000061035156,11.385000228881836,25.6299991607666,18.0049991607666,33.060001373291016,18.459999084472656,20.235000610351562
2006-11-02,22.190000534057617,79.87999725341797,20.834999084472656,48.0,876.8666381835938,16.524999618530273,27.690000534057617,28.521526336669922,33.9900016784668,11.3149995803833,25.59000015258789,17.920000076293945,33.2400016784668,18.440000534057617,20.104999542236328
2006-11-03,22.010000228881836,79.0999984741211,20.672500610351562,48.150001525878906,905.6666870117188,16.479999542236328,28.299999237060547,28.521526336669922,33.91999816894531,11.3149995803833,25.469999313354492,17.790000915527344,33.06999969482422,18.299999237060547,19.924999237060547
2006-11-06,22.3799991607666,79.77999877929688,21.0575008392334,48.54999923706055,919.6666870117188,16.795000076293945,28.5049991607666,28.854589462280273,34.220001220703125,11.449999809265137,25.559999465942383,17.709999084472656,33.470001220703125,18.524999618530273,20.149999618530273
2006-11-07,22.520000457763672,79.02999877929688,21.15999984741211,48.63999938964844,913.2000122070312,16.975000381469727,28.28499984741211,28.919578552246094,34.61000061035156,11.510000228881836,25.600000381469727,17.649999618530273,33.72999954223633,18.575000762939453,20.30500030517578
2006-11-08,22.719999313354492,79.20999908447266,21.1924991607666,48.970001220703125,932.7333374023438,16.93000030517578,28.760000228881836,29.04142951965332,34.65999984741211,11.520000457763672,25.690000534057617,17.825000762939453,33.220001220703125,18.665000915527344,20.43000030517578
2006-11-09,22.440000534057617,79.41000366210938,20.979999542236328,48.529998779296875,932.4000244140625,16.600000381469727,29.0,28.846466064453125,34.45000076293945,11.515000343322754,25.540000915527344,17.81999969482422,32.439998626708984,18.604999542236328,20.290000915527344
2006-11-10,22.65999984741211,79.75,21.237499237060547,48.83000183105469,916.6666870117188,16.795000076293945,28.725000381469727,29.082046508789062,34.5,11.545000076293945,25.549999237060547,17.954999923706055,32.4900016784668,18.665000915527344,20.645000457763672
2006-11-13,22.850000381469727,79.88999938964844,21.4325008392334,49.27000045776367,913.8666381835938,17.110000610351562,28.674999237060547,29.04955291748047,34.77000045776367,11.645000457763672,25.469999313354492,17.950000762939453,32.54999923706055,18.690000534057617,20.514999389648438
2006-11-14,23.149999618530273,80.72000122070312,21.387500762939453,49.869998931884766,921.0,17.635000228881836,28.844999313354492,29.22014617919922,34.880001068115234,11.729999542236328,25.540000915527344,17.9950008392334,32.81999969482422,18.895000457763672,20.940000534057617
2006-11-15,23.329999923706055,80.9000015258789,21.65250015258789,50.25,938.7999877929688,17.739999771118164,29.114999771118164,29.179529190063477,35.220001220703125,11.755000114440918,25.670000076293945,17.934999465942383,32.97999954223633,18.96500015258789,20.850000381469727
2006-11-16,23.15999984741211,81.30000305175781,21.899999618530273,50.41999816894531,905.066650390625,17.725000381469727,28.315000534057617,29.463851928710938,35.380001068115234,11.800000190734863,25.850000381469727,18.0,33.119998931884766,19.09000015258789,20.84000015258789
2006-11-17,23.170000076293945,81.19999694824219,21.75,50.279998779296875,912.3333129882812,17.639999389648438,28.549999237060547,29.244516372680664,35.400001525878906,11.819999694824219,25.889999389648438,18.020000457763672,33.220001220703125,19.05500030517578,20.645000457763672
2006-11-20,23.110000610351562,83.7699966430664,21.690000534057617,50.41999816894531,917.7333374023438,17.809999465942383,28.475000381469727,29.43135643005371,35.279998779296875,11.819999694824219,25.809999465942383,17.959999084472656,33.13999938964844,18.979999542236328,20.549999237060547
2006-11-21,23.360000610351562,85.19999694824219,21.762500762939453,50.209999084472656,934.6666870117188,17.524999618530273,29.0,29.38261604309082,35.400001525878906,11.8149995803833,25.770000457763672,17.989999771118164,33.09000015258789,19.03499984741211,20.655000686645508
2006-11-22,23.760000228881836,85.44000244140625,21.857500076293945,50.060001373291016,934.4666748046875,17.739999771118164,28.829999923706055,29.415109634399414,35.540000915527344,11.904999732971191,25.829999923706055,18.030000686645508,33.15999984741211,19.075000762939453,20.795000076293945
2006-11-24,23.59000015258789,85.8499984741211,21.729999542236328,50.029998779296875,935.3333129882812,17.670000076293945,28.770000457763672,29.26888656616211,35.470001220703125,11.880000114440918,25.729999542236328,18.100000381469727,33.02000045776367,18.975000381469727,20.71500015258789
2006-11-27,22.829999923706055,83.5199966430664,21.479999542236328,49.09000015258789,921.5333251953125,17.31999969482422,28.639999389648438,28.81397247314453,34.900001525878906,11.600000381469727,25.40999984741211,17.899999618530273,32.79999923706055,18.700000762939453,20.315000534057617
2006-11-28,22.6299991607666,83.75,21.31999969482422,49.15999984741211,937.3333129882812,17.229999542236328,29.100000381469727,28.862712860107422,34.86000061035156,11.65999984741211,25.520000457763672,18.030000686645508,32.869998931884766,18.690000534057617,20.239999771118164
2006-11-29,22.93000030517578,85.0,21.327499389648438,49.75,972.6666870117188,17.1299991607666,30.024999618530273,29.04142951965332,35.13999938964844,11.734999656677246,25.739999771118164,18.2549991607666,33.099998474121094,18.81999969482422,20.594999313354492
2006-11-30,23.219999313354492,85.94999694824219,21.200000762939453,49.619998931884766,974.2666625976562,17.274999618530273,30.2549991607666,28.98456573486328,35.119998931884766,11.760000228881836,25.610000610351562,18.3700008392334,33.2599983215332,18.84000015258789,20.389999389648438
2006-12-01,22.59000015258789,85.75,21.135000228881836,49.400001525878906,984.3333129882812,17.010000228881836,30.360000610351562,28.81397247314453,34.91999816894531,11.65999984741211,25.530000686645508,18.360000610351562,33.22999954223633,18.815000534057617,20.264999389648438
2006-12-04,23.049999237060547,86.8499984741211,21.297500610351562,50.279998779296875,977.066650390625,17.325000762939453,30.315000534057617,29.22014617919922,35.369998931884766,11.8100004196167,25.899999618530273,18.5049991607666,33.06999969482422,19.014999389648438,20.729999542236328
2006-12-05,23.15999984741211,86.22000122070312,21.520000457763672,50.29999923706055,975.933349609375,17.399999618530273,30.434999465942383,29.358245849609375,35.45000076293945,11.8149995803833,26.040000915527344,18.549999237060547,33.20000076293945,19.174999237060547,20.790000915527344
2006-12-06,23.1200008392334,86.12999725341797,21.325000762939453,50.0099983215332,979.8666381835938,17.399999618530273,30.350000381469727,29.398862838745117,35.33000183105469,11.739999771118164,26.06999969482422,18.459999084472656,33.25,19.15999984741211,20.709999084472656
2006-12-07,22.93000030517578,85.19999694824219,21.280000686645508,49.720001220703125,971.0,17.190000534057617,30.170000076293945,29.32575035095215,35.27000045776367,11.694999694824219,26.020000457763672,18.440000534057617,33.18000030517578,19.06999969482422,20.700000762939453
2006-12-08,23.020000457763672,85.23999786376953,21.142499923706055,49.56999969482422,977.6666870117188,17.094999313354492,30.135000228881836,29.415109634399414,35.310001373291016,11.694999694824219,26.06999969482422,18.385000228881836,33.2400016784668,19.110000610351562,20.645000457763672
2006-12-11,23.079999923706055,85.69999694824219,21.264999389648438,49.75,973.7999877929688,17.03499984741211,30.059999465942383,29.577579498291016,35.150001525878906,11.765000343322754,26.1200008392334,18.485000610351562,33.310001373291016,19.18000030517578,20.704999923706055
2006-12-12,22.940000534057617,85.30999755859375,21.00749969482422,49.79999923706055,972.0,16.96500015258789,30.1299991607666,29.60194969177246,35.209999084472656,11.725000381469727,26.059999465942383,18.55500030517578,33.31999969482422,19.075000762939453,20.514999389648438
2006-12-13,23.040000915527344,84.83999633789062,20.899999618530273,49.88999938964844,987.2666625976562,16.825000762939453,30.434999465942383,29.634443283081055,35.09000015258789,11.744999885559082,26.049999237060547,18.625,33.25,19.174999237060547,20.594999313354492
2006-12-14,23.299999237060547,85.0,21.125,50.279998779296875,1001.4000244140625,17.079999923706055,30.875,29.88627052307129,35.290000915527344,11.845000267028809,26.149999618530273,18.655000686645508,33.41999816894531,19.375,20.889999389648438
2006-12-15,23.440000534057617,84.5,21.110000610351562,50.06999969482422,997.3333129882812,17.1299991607666,30.5049991607666,29.731924057006836,35.20000076293945,11.779999732971191,26.059999465942383,18.469999313354492,33.40999984741211,19.225000381469727,20.790000915527344
2006-12-18,23.010000228881836,84.25,20.90250015258789,49.72999954223633,959.5999755859375,17.104999542236328,29.625,29.87814712524414,35.2400016784668,11.734999656677246,26.040000915527344,18.34000015258789,33.47999954223633,19.209999084472656,20.46500015258789
2006-12-19,22.969999313354492,83.5999984741211,20.80500030517578,49.560001373291016,974.5333251953125,16.854999542236328,30.1299991607666,29.853776931762695,35.25,11.65999984741211,26.059999465942383,18.420000076293945,33.650001525878906,19.219999313354492,20.354999542236328
2006-12-20,22.889999389648438,83.19999694824219,20.549999237060547,49.689998626708984,956.3333129882812,16.954999923706055,29.719999313354492,29.95125961303711,35.29999923706055,11.664999961853027,26.079999923706055,18.360000610351562,33.66999816894531,19.21500015258789,20.489999771118164
2006-12-21,22.729999542236328,82.4000015258789,20.352500915527344,49.83000183105469,948.0,16.7549991607666,29.579999923706055,29.8212833404541,35.22999954223633,11.609999656677246,26.09000015258789,18.350000381469727,33.58000183105469,19.1299991607666,20.344999313354492
2006-12-22,22.579999923706055,81.76000213623047,20.207500457763672,49.66999816894531,942.5333251953125,16.645000457763672,29.295000076293945,29.675060272216797,35.0099983215332,11.520000457763672,26.06999969482422,18.28499984741211,33.439998626708984,19.114999771118164,20.350000381469727
2006-12-26,22.549999237060547,82.58000183105469,20.34749984741211,50.27000045776367,933.7333374023438,16.7549991607666,29.329999923706055,29.94313621520996,35.18000030517578,11.585000038146973,26.170000076293945,18.375,33.459999084472656,19.174999237060547,20.295000076293945
2006-12-27,22.8799991607666,83.30000305175781,20.594999313354492,50.9900016784668,944.6666870117188,16.8799991607666,29.674999237060547,30.154346466064453,35.36000061035156,11.670000076293945,26.260000228881836,18.475000381469727,33.619998931884766,19.299999237060547,20.524999618530273
2006-12-28,22.760000228881836,83.55000305175781,20.56999969482422,50.849998474121094,940.0,16.8799991607666,29.610000610351562,30.016246795654297,35.2400016784668,11.664999961853027,26.25,18.364999771118164,33.58000183105469,19.280000686645508,20.44499969482422
2006-12-29,22.579999923706055,83.3499984741211,20.44499969482422,50.119998931884766,931.066650390625,16.825000762939453,29.315000534057617,29.845653533935547,35.0099983215332,11.630000114440918,26.1200008392334,18.360000610351562,33.4900016784668,19.18000030517578,20.30500030517578
2007-01-03,22.920000076293945,83.87000274658203,20.864999771118164,50.58000183105469,889.0,16.78499984741211,28.290000915527344,29.99187660217285,35.22999954223633,11.664999961853027,26.290000915527344,18.40999984741211,33.5,19.260000228881836,20.360000610351562
2007-01-04,23.219999313354492,83.8499984741211,20.96500015258789,50.75,866.7333374023438,17.094999313354492,27.774999618530273,29.89439582824707,35.08000183105469,11.845000267028809,26.329999923706055,18.385000228881836,33.880001068115234,19.2549991607666,20.71500015258789
2007-01-05,22.989999771118164,82.55000305175781,20.65250015258789,49.70000076293945,871.6666870117188,16.924999237060547,27.959999084472656,29.6588134765625,34.959999084472656,11.75,26.139999389648438,18.05500030517578,33.689998626708984,19.125,20.43000030517578
2007-01-08,22.969999313354492,82.52999877929688,20.72249984741211,49.720001220703125,867.3333129882812,17.030000686645508,27.959999084472656,29.788789749145508,35.09000015258789,11.78499984741211,26.18000030517578,18.045000076293945,33.72999954223633,19.155000686645508,20.459999084472656
2007-01-09,22.979999542236328,83.5,20.774999618530273,49.5,861.6666870117188,17.165000915527344,27.719999313354492,29.740049362182617,35.06999969482422,11.800000190734863,26.239999771118164,18.059999465942383,33.689998626708984,19.260000228881836,20.670000076293945
2007-01-10,23.1200008392334,84.83000183105469,20.822500228881836,49.52000045776367,849.8666381835938,17.375,27.184999465942383,29.8375301361084,35.189998626708984,11.859999656677246,26.350000381469727,18.065000534057617,33.75,19.360000610351562,20.729999542236328
2007-01-11,23.420000076293945,85.80000305175781,21.042499542236328,49.90999984741211,841.0,17.489999771118164,27.030000686645508,30.024370193481445,35.47999954223633,11.979999542236328,26.549999237060547,18.084999084472656,34.119998931884766,19.575000762939453,21.104999542236328
2007-01-12,23.559999465942383,86.0999984741211,21.344999313354492,49.939998626708984,864.5999755859375,17.545000076293945,27.719999313354492,30.05686378479004,35.58000183105469,12.010000228881836,26.510000228881836,17.934999465942383,34.279998779296875,19.6299991607666,21.229999542236328
2007-01-16,23.739999771118164,87.08999633789062,21.797500610351562,49.47999954223633,855.8666381835938,17.360000610351562,27.434999465942383,30.138099670410156,35.77000045776367,11.984999656677246,26.530000686645508,17.989999771118164,34.36000061035156,19.700000762939453,21.209999084472656
2007-01-17,23.520000457763672,87.3499984741211,21.56999969482422,49.130001068115234,867.3333129882812,17.219999313354492,27.739999771118164,30.05686378479004,35.79999923706055,11.829999923706055,26.610000610351562,18.030000686645508,34.560001373291016,19.700000762939453,21.100000381469727
2007-01-18,23.059999465942383,87.05000305175781,21.5674991607666,48.7599983215332,857.3333129882812,16.579999923706055,27.53499984741211,29.935012817382812,35.63999938964844,11.694999694824219,26.56999969482422,18.020000457763672,34.65999984741211,19.809999465942383,21.100000381469727
2007-01-19,23.110000610351562,87.81999969482422,21.780000686645508,48.79999923706055,882.4000244140625,16.700000762939453,28.290000915527344,30.024370193481445,35.619998931884766,11.6899995803833,26.610000610351562,18.024999618530273,34.66999816894531,19.80500030517578,20.9950008392334
2007-01-22,22.799999237060547,87.55000305175781,21.537500381469727,48.56999969482422,881.6666870117188,16.584999084472656,28.094999313354492,30.0,35.22999954223633,11.604999542236328,26.579999923706055,18.020000457763672,34.459999084472656,19.68000030517578,20.81999969482422
2007-01-23,22.75,87.80000305175781,21.61750030517578,48.650001525878906,906.3333129882812,16.565000534057617,28.825000762939453,29.983753204345703,35.63999938964844,11.604999542236328,26.6299991607666,18.125,34.279998779296875,19.75,20.815000534057617
2007-01-24,23.469999313354492,89.0,21.579999923706055,49.040000915527344,909.0,16.795000076293945,28.950000762939453,30.292444229125977,35.540000915527344,11.8149995803833,26.729999542236328,18.184999465942383,34.540000915527344,19.825000762939453,21.010000228881836
2007-01-25,23.299999237060547,89.52999877929688,21.309999465942383,48.380001068115234,888.4666748046875,16.774999618530273,28.354999542236328,29.853776931762695,35.349998474121094,11.670000076293945,26.559999465942383,18.170000076293945,34.41999816894531,19.510000228881836,20.684999465942383
2007-01-26,23.290000915527344,89.80000305175781,21.100000381469727,48.68000030517578,883.3333129882812,16.90999984741211,28.424999237060547,29.910642623901367,35.209999084472656,11.675000190734863,26.489999771118164,18.125,34.22999954223633,19.415000915527344,20.69499969482422
2007-01-29,23.3799991607666,90.05999755859375,21.375,49.04999923706055,878.066650390625,16.875,28.28499984741211,29.764419555664062,35.290000915527344,11.725000381469727,26.559999465942383,18.184999465942383,34.18000030517578,19.46500015258789,20.799999237060547
2007-01-30,23.489999771118164,90.37000274658203,21.450000762939453,49.400001525878906,902.5999755859375,16.895000457763672,28.860000610351562,29.87814712524414,35.27000045776367,11.795000076293945,26.540000915527344,18.239999771118164,34.349998474121094,19.520000457763672,20.774999618530273
2007-01-31,23.690000534057617,91.4000015258789,22.030000686645508,49.36000061035156,911.6666870117188,16.915000915527344,29.045000076293945,30.12185287475586,35.7400016784668,11.864999771118164,26.649999618530273,18.295000076293945,34.5099983215332,19.729999542236328,20.979999542236328
2007-02-01,23.770000457763672,91.3499984741211,22.40999984741211,49.7599983215332,911.0,17.049999237060547,29.149999618530273,30.316816329956055,36.04999923706055,11.8149995803833,26.75,18.450000762939453,34.79999923706055,19.799999237060547,21.270000457763672
2007-02-02,23.850000381469727,92.0,22.440000534057617,50.04999923706055,921.3333129882812,17.15999984741211,29.315000534057617,30.373680114746094,36.189998626708984,11.875,26.799999237060547,18.549999237060547,34.72999954223633,19.854999542236328,21.30500030517578
2007-02-05,23.799999237060547,91.94000244140625,22.25749969482422,49.810001373291016,921.933349609375,17.225000381469727,29.28499984741211,30.365556716918945,36.2599983215332,11.845000267028809,26.709999084472656,18.75,34.720001220703125,19.790000915527344,21.25
2007-02-06,23.829999923706055,93.19999694824219,22.225000381469727,50.15999984741211,925.3333129882812,17.110000610351562,29.19499969482422,30.5036563873291,36.27000045776367,11.829999923706055,26.670000076293945,18.850000381469727,34.619998931884766,19.860000610351562,21.40999984741211
2007-02-07,24.18000030517578,94.56999969482422,22.322500228881836,50.41999816894531,919.0,17.25,29.020000457763672,30.61738395690918,36.2400016784668,11.885000228881836,26.610000610351562,18.920000076293945,34.66999816894531,19.954999923706055,21.479999542236328
2007-02-08,24.329999923706055,93.8499984741211,22.200000762939453,50.380001068115234,927.2666625976562,17.18000030517578,29.315000534057617,30.5199031829834,35.9900016784668,11.899999618530273,26.559999465942383,18.954999923706055,34.63999938964844,19.915000915527344,21.5
2007-02-09,23.979999542236328,92.5199966430664,22.087499618530273,49.900001525878906,922.5333251953125,16.969999313354492,29.19499969482422,30.194963455200195,35.849998474121094,11.770000457763672,26.520000457763672,19.020000457763672,34.540000915527344,19.729999542236328,21.364999771118164
2007-02-12,23.729999542236328,90.97000122070312,22.155000686645508,50.029998779296875,908.6666870117188,16.795000076293945,28.790000915527344,30.12185287475586,35.90999984741211,11.720000267028809,26.459999084472656,18.950000762939453,34.38999938964844,19.635000228881836,21.309999465942383
2007-02-13,23.850000381469727,92.58999633789062,22.542499542236328,50.38999938964844,923.933349609375,16.864999771118164,29.209999084472656,30.3411865234375,36.20000076293945,11.765000343322754,26.549999237060547,19.114999771118164,34.529998779296875,19.80500030517578,21.40999984741211
2007-02-14,24.270000457763672,92.0199966430664,23.0049991607666,50.439998626708984,924.2666625976562,17.235000610351562,29.21500015258789,30.633630752563477,36.72999954223633,11.930000305175781,26.709999084472656,19.25,34.709999084472656,19.90999984741211,21.600000381469727
2007-02-15,24.3799991607666,92.77999877929688,22.922500610351562,50.5099983215332,907.0,17.25,28.9950008392334,30.682371139526367,36.810001373291016,11.975000381469727,26.8700008392334,19.084999084472656,34.869998931884766,19.975000381469727,21.704999923706055
2007-02-16,24.450000762939453,92.45999908447266,22.940000534057617,50.72999954223633,903.6666870117188,17.229999542236328,29.0,30.67424964904785,36.65999984741211,11.949999809265137,26.90999984741211,19.1200008392334,34.72999954223633,19.950000762939453,21.7450008392334
2007-02-20,24.610000610351562,93.23999786376953,23.11750030517578,50.9900016784668,896.5999755859375,17.2549991607666,28.674999237060547,30.83671760559082,36.720001220703125,11.954999923706055,27.049999237060547,19.170000076293945,34.75,20.094999313354492,21.950000762939453
2007-02-21,24.649999618530273,92.75,23.27750015258789,50.84000015258789,912.3333129882812,17.239999771118164,28.989999771118164,30.706741333007812,36.81999969482422,11.9350004196167,26.899999618530273,19.09000015258789,34.59000015258789,20.014999389648438,21.920000076293945
2007-02-22,24.649999618530273,92.27999877929688,23.1825008392334,50.95000076293945,929.5999755859375,17.700000762939453,29.25,30.584890365600586,36.70000076293945,12.0,26.799999237060547,19.114999771118164,34.540000915527344,19.969999313354492,21.829999923706055
2007-02-23,24.479999542236328,90.97000122070312,23.147499084472656,50.66999816894531,928.7999877929688,17.780000686645508,29.325000762939453,30.300569534301758,36.599998474121094,11.989999771118164,26.81999969482422,19.334999084472656,34.38999938964844,19.924999237060547,21.719999313354492
2007-02-26,24.280000686645508,90.37999725341797,22.637500762939453,50.29999923706055,940.0,17.7549991607666,29.5,30.081235885620117,36.38999938964844,11.960000038146973,26.809999465942383,19.795000076293945,34.529998779296875,19.7549991607666,21.594999313354492
2007-02-27,23.360000610351562,87.44999694824219,21.842500686645508,48.58000183105469,905.8666381835938,17.225000381469727,28.325000762939453,28.675872802734375,35.29999923706055,11.5,26.200000762939453,19.075000762939453,33.47999954223633,19.075000762939453,20.704999923706055
2007-02-28,23.399999618530273,88.12999725341797,21.84749984741211,48.91999816894531,906.6666870117188,17.21500015258789,28.450000762939453,29.203899383544922,35.34000015258789,11.545000076293945,26.239999771118164,19.264999389648438,33.709999084472656,19.139999389648438,21.0
2007-03-01,23.260000228881836,87.58000183105469,21.790000915527344,48.88999938964844,909.3333129882812,17.059999465942383,28.360000610351562,29.171405792236328,35.279998779296875,11.53499984741211,26.299999237060547,19.325000762939453,33.560001373291016,19.030000686645508,20.799999237060547
2007-03-02,22.75,85.7699966430664,21.524999618530273,48.650001525878906,897.6666870117188,16.829999923706055,28.024999618530273,28.838342666625977,34.84000015258789,11.319999694824219,25.889999389648438,19.024999618530273,33.2599983215332,18.889999389648438,20.524999618530273
2007-03-05,22.510000228881836,82.7300033569336,21.1875,47.43000030517578,884.6666870117188,16.674999237060547,27.700000762939453,28.3834285736084,34.75,11.345000267028809,25.799999237060547,18.78499984741211,33.09000015258789,18.639999389648438,20.094999313354492
2007-03-06,22.959999084472656,85.58000183105469,21.43000030517578,48.47999954223633,902.2000122070312,16.94499969482422,28.225000381469727,28.976442337036133,35.150001525878906,11.520000457763672,26.0,19.065000534057617,33.439998626708984,18.959999084472656,20.399999618530273
2007-03-07,22.809999465942383,84.36000061035156,21.530000686645508,48.119998931884766,923.3333129882812,16.885000228881836,28.575000762939453,28.805849075317383,35.0099983215332,11.375,25.899999618530273,19.024999618530273,33.45000076293945,18.940000534057617,20.459999084472656
2007-03-08,22.950000762939453,85.70999908447266,21.684999465942383,48.38999938964844,930.3333129882812,17.014999389648438,28.825000762939453,29.065799713134766,35.27000045776367,11.470000267028809,26.139999389648438,19.125,33.560001373291016,19.09000015258789,20.815000534057617
2007-03-09,22.829999923706055,86.76000213623047,21.719999313354492,48.5099983215332,933.3333129882812,17.30500030517578,28.700000762939453,29.1389102935791,35.45000076293945,11.5,26.219999313354492,19.100000381469727,33.630001068115234,19.1299991607666,20.795000076293945
2007-03-12,23.0,87.19999694824219,21.825000762939453,48.40999984741211,930.8666381835938,17.3700008392334,28.65999984741211,29.1389102935791,35.619998931884766,11.569999694824219,26.25,19.290000915527344,33.630001068115234,19.104999542236328,21.05500030517578
2007-03-13,22.540000915527344,84.9000015258789,21.232500076293945,46.880001068115234,917.3333129882812,17.170000076293945,28.274999618530273,28.269699096679688,35.02000045776367,11.385000228881836,25.75,19.030000686645508,33.08000183105469,18.7549991607666,20.604999542236328
2007-03-14,22.760000228881836,85.30000305175781,21.184999465942383,47.04999923706055,928.4000244140625,17.135000228881836,28.600000381469727,28.334686279296875,35.15999984741211,11.489999771118164,25.799999237060547,19.125,33.209999084472656,18.719999313354492,20.600000381469727
2007-03-15,22.829999923706055,85.94000244140625,21.40250015258789,47.93000030517578,928.6666870117188,17.170000076293945,28.594999313354492,28.675872802734375,35.20000076293945,11.494999885559082,26.1299991607666,19.3700008392334,33.290000915527344,18.760000228881836,20.790000915527344
2007-03-16,22.709999084472656,85.45999908447266,21.467500686645508,47.45000076293945,924.3333129882812,17.045000076293945,28.19499969482422,28.448415756225586,35.25,11.475000381469727,25.93000030517578,19.200000762939453,33.20000076293945,18.65999984741211,20.735000610351562
2007-03-19,22.940000534057617,86.31999969482422,21.537500381469727,47.70000076293945,949.5999755859375,16.969999313354492,28.645000457763672,28.635255813598633,35.5,11.550000190734863,26.100000381469727,19.34000015258789,33.459999084472656,18.934999465942383,20.969999313354492
2007-03-20,23.030000686645508,86.5999984741211,21.787500381469727,48.150001525878906,938.0,17.079999923706055,28.850000381469727,28.895206451416016,35.59000015258789,11.625,26.350000381469727,19.6200008392334,33.630001068115234,19.075000762939453,21.139999389648438
2007-03-21,23.540000915527344,87.81999969482422,21.979999542236328,49.220001220703125,957.933349609375,17.299999237060547,29.3700008392334,29.55320930480957,36.08000183105469,11.859999656677246,26.600000381469727,19.850000381469727,33.970001220703125,19.375,21.375
2007-03-22,23.639999389648438,87.75,21.977500915527344,49.0,974.5333251953125,17.174999237060547,29.959999084472656,29.374492645263672,36.150001525878906,11.8149995803833,26.729999542236328,19.829999923706055,34.09000015258789,19.31999969482422,21.420000076293945
2007-03-23,23.56999969482422,87.05000305175781,22.322500228881836,49.119998931884766,980.0,17.18000030517578,30.110000610351562,29.406986236572266,36.36000061035156,11.78499984741211,26.790000915527344,19.924999237060547,33.91999816894531,19.329999923706055,21.700000762939453
2007-03-26,23.690000534057617,85.69999694824219,21.985000610351562,48.91999816894531,983.6666870117188,17.1299991607666,30.31999969482422,29.26076316833496,36.060001373291016,11.800000190734863,26.600000381469727,20.010000228881836,33.970001220703125,19.235000610351562,21.71500015258789
2007-03-27,23.649999618530273,84.98999786376953,21.74250030517578,48.47999954223633,983.3333129882812,17.1200008392334,30.375,29.082046508789062,35.88999938964844,11.805000305175781,26.479999542236328,19.979999542236328,33.72999954223633,19.114999771118164,21.614999771118164
2007-03-28,23.440000534057617,84.0,21.467500686645508,48.02000045776367,973.3333129882812,16.8799991607666,30.3700008392334,28.71649169921875,35.599998474121094,11.670000076293945,26.43000030517578,19.940000534057617,33.5,18.899999618530273,21.454999923706055
2007-03-29,23.34000015258789,84.44999694824219,21.49250030517578,48.2599983215332,986.3333129882812,16.790000915527344,30.559999465942383,28.862712860107422,35.59000015258789,11.6850004196167,26.579999923706055,20.05500030517578,33.65999984741211,18.96500015258789,21.399999618530273
2007-03-30,23.31999969482422,85.23999786376953,21.512500762939453,48.119998931884766,971.4666748046875,16.69499969482422,30.139999389648438,28.94394874572754,35.54999923706055,11.65999984741211,26.649999618530273,19.850000381469727,33.650001525878906,19.014999389648438,21.530000686645508
2007-04-02,23.350000381469727,86.25,21.584999084472656,47.5099983215332,990.4000244140625,16.725000381469727,30.434999465942383,28.675872802734375,35.61000061035156,11.720000267028809,26.719999313354492,20.325000762939453,33.83000183105469,19.079999923706055,21.700000762939453
2007-04-03,23.790000915527344,87.0,21.969999313354492,48.0,991.6666870117188,16.78499984741211,30.625,29.033306121826172,35.86000061035156,11.8149995803833,26.899999618530273,20.350000381469727,34.18000030517578,19.325000762939453,21.889999389648438
2007-04-04,23.65999984741211,86.43000030517578,21.907499313354492,47.529998779296875,993.0,17.020000457763672,30.674999237060547,29.033306121826172,35.720001220703125,11.885000228881836,27.020000457763672,20.260000228881836,34.380001068115234,19.270000457763672,21.809999465942383
2007-04-05,23.719999313354492,86.5,22.024999618530273,47.5099983215332,996.5333251953125,17.1200008392334,30.875,29.04955291748047,35.83000183105469,11.930000305175781,27.09000015258789,20.350000381469727,34.619998931884766,19.424999237060547,21.895000457763672
2007-04-09,23.670000076293945,86.44000244140625,22.427499771118164,47.20000076293945,993.0,17.145000457763672,30.760000228881836,29.04142951965332,35.790000915527344,11.930000305175781,27.020000457763672,20.5,34.630001068115234,19.40999984741211,22.0
2007-04-10,23.799999237060547,86.66000366210938,22.357500076293945,47.119998931884766,1013.3333129882812,17.415000915527344,31.225000381469727,29.171405792236328,35.779998779296875,11.920000076293945,27.149999618530273,20.5049991607666,34.68000030517578,19.450000762939453,21.979999542236328
2007-04-11,23.670000076293945,85.5,22.274999618530273,46.65999984741211,1005.933349609375,17.235000610351562,31.03499984741211,28.927701950073242,35.63999938964844,11.8100004196167,26.969999313354492,20.454999923706055,34.529998779296875,19.299999237060547,21.934999465942383
2007-04-12,23.969999313354492,85.05000305175781,22.5,46.56999969482422,1025.3333740234375,17.31999969482422,31.510000228881836,28.87895965576172,36.06999969482422,11.9350004196167,27.0,20.364999771118164,34.91999816894531,19.434999465942383,21.96500015258789
2007-04-13,24.040000915527344,85.9800033569336,22.524999618530273,46.970001220703125,1027.199951171875,17.235000610351562,31.524999618530273,29.000812530517578,36.060001373291016,11.944999694824219,27.09000015258789,20.360000610351562,35.43000030517578,19.450000762939453,21.81999969482422
2007-04-16,24.540000915527344,85.95999908447266,22.81999969482422,47.849998474121094,1036.6666259765625,17.344999313354492,31.709999084472656,29.707555770874023,36.349998474121094,12.045000076293945,27.149999618530273,20.479999542236328,35.77000045776367,19.645000457763672,22.010000228881836
2007-04-17,24.450000762939453,87.19000244140625,22.725000381469727,47.79999923706055,1026.6666259765625,17.309999465942383,31.530000686645508,29.699430465698242,36.349998474121094,12.069999694824219,27.399999618530273,20.575000762939453,35.880001068115234,19.725000381469727,22.010000228881836
2007-04-18,24.139999389648438,86.87999725341797,23.075000762939453,47.88999938964844,1013.5999755859375,17.790000915527344,31.420000076293945,30.040616989135742,36.45000076293945,12.039999961853027,27.329999923706055,20.725000381469727,35.869998931884766,19.709999084472656,21.899999618530273
2007-04-19,23.760000228881836,86.12999725341797,23.177499771118164,47.52000045776367,1001.6666870117188,18.010000228881836,30.979999542236328,30.0,36.56999969482422,12.045000076293945,27.350000381469727,20.625,36.02000045776367,19.55500030517578,21.825000762939453
2007-04-20,23.950000762939453,87.06999969482422,23.329999923706055,47.619998931884766,1010.2666625976562,18.114999771118164,31.549999237060547,30.154346466064453,36.81999969482422,12.114999771118164,27.600000381469727,20.78499984741211,36.15999984741211,19.78499984741211,22.18000030517578
2007-04-23,24.059999465942383,87.80999755859375,23.1200008392334,47.2400016784668,1012.6666870117188,17.985000610351562,31.584999084472656,30.073110580444336,36.959999084472656,12.09000015258789,27.540000915527344,20.940000534057617,36.20000076293945,19.7450008392334,22.114999771118164
2007-04-24,23.969999313354492,87.20999908447266,22.99250030517578,47.150001525878906,1014.5333251953125,18.56999969482422,31.489999771118164,29.983753204345703,36.849998474121094,12.154999732971191,27.530000686645508,21.09000015258789,36.20000076293945,19.674999237060547,21.975000381469727
2007-04-25,24.579999923706055,87.33000183105469,23.459999084472656,47.400001525878906,1047.3333740234375,18.850000381469727,32.08000183105469,30.38992691040039,37.22999954223633,12.244999885559082,27.670000076293945,21.149999618530273,36.310001373291016,19.875,22.045000076293945
2007-04-26,24.90999984741211,87.44999694824219,23.174999237060547,47.529998779296875,1054.066650390625,18.760000228881836,32.06999969482422,30.3411865234375,37.209999084472656,12.3149995803833,27.559999465942383,21.079999923706055,36.349998474121094,19.844999313354492,22.09000015258789
2007-04-27,24.84000015258789,87.16000366210938,22.94499969482422,47.33000183105469,1067.066650390625,18.53499984741211,32.064998626708984,30.300569534301758,37.63999938964844,12.305000305175781,27.5,20.905000686645508,36.22999954223633,19.71500015258789,21.940000534057617
2007-04-30,24.530000686645508,85.48999786376953,22.582500457763672,47.150001525878906,1043.6666259765625,18.30500030517578,31.684999465942383,30.064987182617188,37.20000076293945,12.210000038146973,27.399999618530273,20.825000762939453,36.11000061035156,19.46500015258789,21.545000076293945
2007-05-01,24.459999084472656,85.04000091552734,22.537500381469727,47.0,1052.0,18.434999465942383,31.825000762939453,30.12185287475586,37.43000030517578,12.270000457763672,27.290000915527344,20.9950008392334,36.189998626708984,19.520000457763672,21.5
2007-05-02,24.68000030517578,85.73999786376953,22.8125,47.25,1064.6666259765625,18.55500030517578,32.09000015258789,30.251827239990234,37.66999816894531,12.335000038146973,27.299999237060547,21.110000610351562,36.41999816894531,19.7450008392334,21.719999313354492
2007-05-03,24.760000228881836,86.08000183105469,23.0049991607666,47.68000030517578,1074.6666259765625,18.53499984741211,32.349998474121094,30.536148071289062,37.939998626708984,12.454999923706055,27.399999618530273,21.084999084472656,36.5,19.704999923706055,21.5
2007-05-04,25.139999389648438,85.6500015258789,23.147499084472656,48.130001068115234,1075.3333740234375,18.760000228881836,32.32500076293945,30.641754150390625,37.97999954223633,12.505000114440918,27.399999618530273,21.045000076293945,36.70000076293945,19.75,21.5049991607666
2007-05-07,24.809999465942383,85.7300033569336,23.1299991607666,48.08000183105469,1068.933349609375,18.735000610351562,32.40999984741211,30.682371139526367,38.08000183105469,12.489999771118164,27.450000762939453,21.295000076293945,36.779998779296875,19.75,21.479999542236328
2007-05-08,24.8799991607666,85.16999816894531,23.377500534057617,47.9900016784668,1068.0,18.645000457763672,32.415000915527344,30.61738395690918,38.060001373291016,12.539999961853027,27.260000228881836,21.200000762939453,36.63999938964844,19.665000915527344,21.354999542236328
2007-05-09,25.15999984741211,86.16000366210938,23.3700008392334,48.27000045776367,1073.5333251953125,19.049999237060547,32.400001525878906,30.77985382080078,38.15999984741211,12.524999618530273,27.299999237060547,21.21500015258789,36.7599983215332,19.78499984741211,21.709999084472656
2007-05-10,24.809999465942383,85.30000305175781,23.024999618530273,47.36000061035156,1052.0,18.760000228881836,31.875,30.3411865234375,37.900001525878906,12.460000038146973,27.1299991607666,21.0,36.11000061035156,19.56999969482422,21.385000228881836
2007-05-11,25.020000457763672,86.25,23.079999923706055,47.880001068115234,1083.066650390625,18.989999771118164,32.60499954223633,30.66612434387207,38.189998626708984,12.595000267028809,27.200000762939453,21.100000381469727,36.25,19.649999618530273,21.344999313354492
2007-05-14,24.649999618530273,85.3499984741211,22.934999465942383,47.45000076293945,1082.066650390625,19.030000686645508,32.6150016784668,30.5199031829834,38.02000045776367,12.53499984741211,27.100000381469727,21.184999465942383,36.209999084472656,19.649999618530273,21.200000762939453
2007-05-15,24.270000457763672,84.19999694824219,22.954999923706055,47.150001525878906,1083.86669921875,18.780000686645508,32.724998474121094,30.44679069519043,38.119998931884766,12.515000343322754,27.280000686645508,21.299999237060547,36.16999816894531,19.579999923706055,21.065000534057617
2007-05-16,24.579999923706055,83.41999816894531,23.392499923706055,47.470001220703125,1089.199951171875,18.725000381469727,32.849998474121094,30.796100616455078,38.310001373291016,12.625,27.559999465942383,21.350000381469727,36.58000183105469,19.649999618530273,21.110000610351562
2007-05-17,24.6200008392334,81.91999816894531,23.357500076293945,47.29999923706055,1115.3333740234375,18.549999237060547,33.375,30.641754150390625,38.380001068115234,12.59000015258789,27.489999771118164,21.299999237060547,36.439998626708984,19.68000030517578,21.31999969482422
2007-05-18,25.280000686645508,81.20999908447266,23.342500686645508,47.33000183105469,1133.199951171875,18.575000762939453,33.915000915527344,30.72298812866211,38.25,12.654999732971191,27.690000534057617,21.415000915527344,36.59000015258789,19.860000610351562,21.440000534057617
2007-05-21,25.719999313354492,81.7699966430664,23.299999237060547,47.540000915527344,1140.6666259765625,18.549999237060547,34.20000076293945,30.755483627319336,38.470001220703125,12.710000038146973,27.479999542236328,21.385000228881836,36.66999816894531,19.934999465942383,21.600000381469727
2007-05-22,25.790000915527344,82.62000274658203,23.27750015258789,47.849998474121094,1123.0,18.645000457763672,33.880001068115234,30.77985382080078,38.38999938964844,12.694999694824219,27.530000686645508,21.344999313354492,36.650001525878906,19.915000915527344,21.649999618530273
2007-05-23,25.68000030517578,81.97000122070312,23.28499984741211,47.86000061035156,1131.933349609375,18.309999465942383,33.95000076293945,30.755483627319336,38.58000183105469,12.649999618530273,27.450000762939453,21.010000228881836,36.779998779296875,19.924999237060547,21.829999923706055
2007-05-24,25.440000534057617,80.72000122070312,22.975000381469727,47.380001068115234,1103.5333251953125,18.03499984741211,33.33000183105469,30.479284286499023,38.27000045776367,12.489999771118164,27.329999923706055,20.540000915527344,36.63999938964844,19.764999389648438,21.6299991607666
2007-05-25,25.610000610351562,81.2300033569336,23.125,47.380001068115234,1120.6666259765625,18.1299991607666,33.849998474121094,30.536148071289062,38.5,12.595000267028809,27.5,20.549999237060547,36.619998931884766,19.834999084472656,21.690000534057617
2007-05-29,25.700000762939453,83.70999908447266,23.337499618530273,47.63999938964844,1110.800048828125,18.209999084472656,33.625,30.66612434387207,38.75,12.670000076293945,27.600000381469727,20.610000610351562,36.63999938964844,19.81999969482422,21.854999542236328
2007-05-30,26.049999237060547,85.8499984741211,23.440000534057617,47.7400016784668,1136.2667236328125,18.084999084472656,34.33000183105469,30.877334594726562,38.91999816894531,12.765000343322754,27.729999542236328,20.864999771118164,36.650001525878906,20.0,22.184999465942383
2007-05-31,26.190000534057617,85.62000274658203,23.725000381469727,47.58000183105469,1128.2667236328125,18.354999542236328,34.150001525878906,30.78797721862793,39.130001068115234,12.824999809265137,27.770000457763672,20.920000076293945,36.72999954223633,20.049999237060547,22.389999389648438
2007-06-01,26.15999984741211,85.58000183105469,23.862499237060547,48.16999816894531,1132.199951171875,18.489999771118164,34.459999084472656,30.885459899902344,39.279998779296875,12.824999809265137,27.899999618530273,20.80500030517578,36.77000045776367,20.165000915527344,22.655000686645508
2007-06-04,26.309999465942383,86.12000274658203,23.68000030517578,48.09000015258789,1161.3333740234375,18.44499969482422,35.0,30.8448429107666,39.290000915527344,12.869999885559082,28.0,20.725000381469727,36.70000076293945,20.204999923706055,22.655000686645508
2007-06-05,26.34000015258789,84.62999725341797,23.475000381469727,47.54999923706055,1156.0,18.315000534057617,34.875,30.658002853393555,39.16999816894531,12.824999809265137,27.829999923706055,20.450000762939453,36.61000061035156,20.084999084472656,22.43000030517578
2007-06-06,26.229999542236328,84.0999984741211,23.075000762939453,47.20000076293945,1137.2667236328125,18.100000381469727,34.43000030517578,30.39805030822754,38.75,12.675000190734863,27.649999618530273,20.125,36.27000045776367,19.829999923706055,22.110000610351562
2007-06-07,25.690000534057617,81.5,22.6200008392334,46.61000061035156,1114.4000244140625,17.844999313354492,33.81999969482422,29.88627052307129,38.119998931884766,12.494999885559082,27.299999237060547,19.5,35.72999954223633,19.459999084472656,21.700000762939453
2007-06-08,26.18000030517578,82.83999633789062,22.950000762939453,47.150001525878906,1115.800048828125,18.360000610351562,33.959999084472656,30.235580444335938,38.650001525878906,12.670000076293945,27.459999084472656,19.639999389648438,35.849998474121094,19.709999084472656,21.985000610351562
2007-06-11,26.100000381469727,81.62000274658203,22.837499618530273,47.150001525878906,1132.6666259765625,18.295000076293945,34.220001220703125,30.373680114746094,38.70000076293945,12.694999694824219,27.610000610351562,19.899999618530273,35.86000061035156,19.645000457763672,21.899999618530273
2007-06-12,25.610000610351562,79.9000015258789,22.43000030517578,46.459999084472656,1114.3333740234375,18.155000686645508,33.79999923706055,29.959383010864258,38.20000076293945,12.545000076293945,27.350000381469727,19.575000762939453,35.599998474121094,19.485000610351562,21.59000015258789
2007-06-13,25.8799991607666,81.62000274658203,22.764999389648438,47.25,1145.0,18.549999237060547,34.474998474121094,30.528026580810547,39.11000061035156,12.704999923706055,27.559999465942383,19.96500015258789,35.88999938964844,19.709999084472656,21.920000076293945
2007-06-14,26.079999923706055,80.77999877929688,23.114999771118164,46.880001068115234,1169.0,18.725000381469727,35.05500030517578,30.479284286499023,39.310001373291016,12.824999809265137,27.600000381469727,20.09000015258789,35.9900016784668,19.850000381469727,22.0
2007-06-15,26.170000076293945,82.0,23.21500015258789,46.939998626708984,1184.3333740234375,19.100000381469727,35.4900016784668,30.422420501708984,39.41999816894531,12.890000343322754,27.489999771118164,20.219999313354492,36.06999969482422,19.915000915527344,22.010000228881836
2007-06-18,26.200000762939453,80.77999877929688,23.024999618530273,46.880001068115234,1189.3333740234375,19.125,35.529998779296875,30.414297103881836,39.400001525878906,12.925000190734863,27.350000381469727,20.0,35.86000061035156,19.829999923706055,22.15999984741211
2007-06-19,26.09000015258789,80.86000061035156,23.024999618530273,46.93000030517578,1196.6666259765625,19.0049991607666,35.56999969482422,30.544273376464844,39.52000045776367,12.920000076293945,27.149999618530273,20.1299991607666,35.86000061035156,19.895000457763672,22.170000076293945
2007-06-20,25.899999618530273,79.41999816894531,22.924999237060547,46.310001373291016,1168.800048828125,18.889999389648438,34.53499984741211,30.00812339782715,39.29999923706055,12.845000267028809,27.1200008392334,19.604999542236328,35.40999984741211,19.860000610351562,21.885000228881836
2007-06-21,26.049999237060547,79.0999984741211,23.030000686645508,46.099998474121094,1195.6666259765625,19.424999237060547,35.224998474121094,30.05686378479004,39.380001068115234,12.90999984741211,27.200000762939453,19.729999542236328,35.5099983215332,19.825000762939453,21.93000030517578
2007-06-22,25.90999984741211,78.80000305175781,22.959999084472656,45.61000061035156,1201.3333740234375,19.139999389648438,34.875,29.675060272216797,39.150001525878906,12.765000343322754,27.049999237060547,19.354999542236328,34.970001220703125,19.69499969482422,21.735000610351562
2007-06-25,25.829999923706055,77.01000213623047,23.00749969482422,45.56999969482422,1177.3333740234375,18.920000076293945,34.595001220703125,29.43947982788086,39.04999923706055,12.720000267028809,26.93000030517578,19.459999084472656,34.90999984741211,19.614999771118164,21.549999237060547
2007-06-26,25.649999618530273,76.9000015258789,22.780000686645508,45.7400016784668,1158.4000244140625,18.875,33.849998474121094,29.16328239440918,38.720001220703125,12.675000190734863,26.860000610351562,19.354999542236328,35.09000015258789,19.479999542236328,21.389999389648438
2007-06-27,25.969999313354492,78.56999969482422,23.0,46.290000915527344,1178.4000244140625,19.295000076293945,34.375,29.60194969177246,39.099998474121094,12.800000190734863,27.06999969482422,19.639999389648438,35.380001068115234,19.68000030517578,21.94499969482422
2007-06-28,26.020000457763672,77.5199966430664,22.9375,46.310001373291016,1162.0,19.170000076293945,34.375,29.55320930480957,38.900001525878906,12.845000267028809,27.020000457763672,19.635000228881836,35.40999984741211,19.639999389648438,21.979999542236328
2007-06-29,25.950000762939453,77.41999816894531,22.799999237060547,45.880001068115234,1164.86669921875,19.024999618530273,34.494998931884766,29.39073944091797,39.040000915527344,12.800000190734863,27.049999237060547,19.790000915527344,35.310001373291016,19.665000915527344,21.649999618530273
2007-07-02,26.100000381469727,79.37000274658203,23.037500381469727,46.220001220703125,1188.4666748046875,19.299999237060547,35.10499954223633,29.642566680908203,39.31999969482422,12.90999984741211,27.270000457763672,20.075000762939453,35.5099983215332,19.770000457763672,21.875
2007-07-03,26.209999084472656,79.0,23.34749984741211,46.45000076293945,1194.2667236328125,19.3799991607666,35.375,29.902517318725586,39.599998474121094,13.0,27.260000228881836,20.075000762939453,35.56999969482422,19.799999237060547,21.915000915527344
2007-07-05,26.1200008392334,80.2699966430664,23.267499923706055,46.290000915527344,1194.13330078125,19.44499969482422,35.290000915527344,29.65069007873535,39.560001373291016,13.050000190734863,27.239999771118164,20.03499984741211,35.560001373291016,19.905000686645508,21.9950008392334
2007-07-06,26.399999618530273,80.0999984741211,23.38249969482422,46.38999938964844,1207.3333740234375,19.614999771118164,35.77000045776367,29.796913146972656,39.79999923706055,13.074999809265137,27.399999618530273,19.93000030517578,35.63999938964844,20.084999084472656,22.19499969482422
2007-07-09,26.56999969482422,80.4000015258789,23.575000762939453,45.9900016784668,1207.0,19.704999923706055,36.10499954223633,29.675060272216797,40.099998474121094,13.149999618530273,27.399999618530273,19.959999084472656,35.529998779296875,20.010000228881836,22.010000228881836
2007-07-10,26.170000076293945,77.94999694824219,23.25,44.939998626708984,1197.800048828125,19.559999465942383,35.78499984741211,29.04955291748047,39.43000030517578,13.0,27.149999618530273,19.774999618530273,35.22999954223633,19.655000686645508,21.459999084472656
2007-07-11,26.360000610351562,77.94999694824219,23.65250015258789,44.90999984741211,1185.3333740234375,19.524999618530273,35.91999816894531,29.147035598754883,39.849998474121094,13.074999809265137,27.280000686645508,19.825000762939453,35.349998474121094,19.770000457763672,21.565000534057617
2007-07-12,26.649999618530273,78.93000030517578,23.8799991607666,45.59000015258789,1204.0,20.110000610351562,36.6150016784668,29.683183670043945,40.439998626708984,13.295000076293945,27.510000228881836,20.075000762939453,36.0099983215332,19.924999237060547,22.010000228881836
2007-07-13,26.81999969482422,79.68000030517578,24.012500762939453,45.77000045776367,1199.199951171875,20.094999313354492,36.974998474121094,29.796913146972656,40.720001220703125,13.324999809265137,27.700000762939453,20.375,35.91999816894531,20.024999618530273,21.989999771118164
2007-07-16,26.709999084472656,79.23999786376953,23.99250030517578,45.439998626708984,1184.5999755859375,20.149999618530273,36.5,29.691307067871094,40.97999954223633,13.364999771118164,27.59000015258789,20.079999923706055,35.959999084472656,19.94499969482422,21.809999465942383
2007-07-17,26.84000015258789,78.7300033569336,24.1299991607666,45.43000030517578,1177.3333740234375,20.524999618530273,36.025001525878906,29.788789749145508,41.220001220703125,13.40999984741211,27.459999084472656,20.100000381469727,35.849998474121094,19.96500015258789,21.774999618530273
2007-07-18,26.549999237060547,78.30000305175781,24.272499084472656,44.5099983215332,1194.0,20.149999618530273,36.84000015258789,29.406986236572266,41.130001068115234,13.34000015258789,27.469999313354492,20.25,35.75,19.940000534057617,21.645000457763672
2007-07-19,26.440000534057617,78.55999755859375,24.417499542236328,44.79999923706055,1221.4666748046875,20.209999084472656,37.17499923706055,29.30950355529785,41.5,13.449999809265137,27.559999465942383,20.575000762939453,35.560001373291016,19.985000610351562,21.725000381469727
2007-07-20,26.079999923706055,77.30000305175781,23.96500015258789,44.08000183105469,1229.86669921875,19.940000534057617,37.0,28.797725677490234,40.900001525878906,13.399999618530273,27.399999618530273,20.350000381469727,35.22999954223633,19.729999542236328,21.450000762939453
2007-07-23,25.899999618530273,75.94999694824219,23.982500076293945,43.91999816894531,1256.800048828125,19.924999237060547,37.150001525878906,28.781478881835938,41.16999816894531,13.420000076293945,27.399999618530273,20.3700008392334,35.5,19.760000228881836,21.274999618530273
2007-07-24,25.3799991607666,74.0,23.56999969482422,42.66999816894531,1228.3333740234375,19.514999389648438,36.07500076293945,28.058488845825195,40.599998474121094,13.28499984741211,27.200000762939453,19.760000228881836,35.13999938964844,19.450000762939453,20.844999313354492
2007-07-25,25.920000076293945,74.0999984741211,23.417499542236328,43.0,1246.7332763671875,19.56999969482422,36.650001525878906,28.188465118408203,40.70000076293945,13.300000190734863,27.200000762939453,19.799999237060547,35.119998931884766,19.385000228881836,20.665000915527344
2007-07-26,25.200000762939453,72.4000015258789,22.872499465942383,42.060001373291016,1217.86669921875,19.209999084472656,35.27000045776367,27.522340774536133,39.849998474121094,13.100000381469727,26.799999237060547,19.350000381469727,34.400001525878906,18.815000534057617,20.0
2007-07-27,24.780000686645508,70.4000015258789,22.587499618530273,41.70000076293945,1188.933349609375,18.864999771118164,34.25,27.091794967651367,39.11000061035156,12.819999694824219,26.440000534057617,18.774999618530273,33.58000183105469,18.520000457763672,19.655000686645508
2007-07-30,24.760000228881836,71.3499984741211,22.674999237060547,42.04999923706055,1194.13330078125,19.149999618530273,34.84000015258789,27.603574752807617,39.95000076293945,12.864999771118164,26.5,19.03499984741211,34.0,18.78499984741211,20.06999969482422
2007-07-31,24.200000762939453,70.4000015258789,22.5,41.63999938964844,1184.6666259765625,18.885000228881836,34.5,26.726238250732422,39.40999984741211,12.774999618530273,26.280000686645508,19.0,33.630001068115234,18.5,19.774999618530273
2007-08-01,24.0,71.5,22.657499313354492,41.84000015258789,1170.0,18.959999084472656,34.40999984741211,27.02680778503418,39.70000076293945,12.899999618530273,26.670000076293945,19.43000030517578,33.86000061035156,18.524999618530273,19.94499969482422
2007-08-02,24.299999237060547,72.55000305175781,22.649999618530273,42.09000015258789,1153.0,18.954999923706055,34.17499923706055,27.205524444580078,39.970001220703125,12.925000190734863,26.700000762939453,19.639999389648438,34.150001525878906,18.760000228881836,20.110000610351562
2007-08-03,23.690000534057617,69.87999725341797,21.772499084472656,40.29999923706055,1111.6666259765625,18.545000076293945,33.060001373291016,26.043867111206055,39.150001525878906,12.675000190734863,26.649999618530273,18.975000381469727,33.68000030517578,18.184999465942383,19.440000534057617
2007-08-06,23.649999618530273,71.69999694824219,22.229999542236328,41.88999938964844,1111.3333740234375,18.75,33.25,27.376117706298828,39.7400016784668,12.875,27.34000015258789,19.56999969482422,34.34000015258789,18.475000381469727,19.44499969482422
2007-08-07,24.139999389648438,71.98999786376953,22.575000762939453,42.75,1136.933349609375,18.719999313354492,34.029998779296875,27.57107925415039,39.7400016784668,12.899999618530273,27.270000457763672,19.924999237060547,34.5,18.579999923706055,19.815000534057617
2007-08-08,24.549999237060547,74.5999984741211,22.6825008392334,44.18000030517578,1163.199951171875,19.100000381469727,34.67499923706055,28.229082107543945,40.04999923706055,13.100000381469727,27.75,20.21500015258789,34.900001525878906,18.790000915527344,20.1200008392334
2007-08-09,24.030000686645508,74.47000122070312,22.2549991607666,43.45000076293945,1137.86669921875,18.799999237060547,33.68000030517578,27.213647842407227,38.97999954223633,12.800000190734863,27.25,19.850000381469727,34.08000183105469,18.260000228881836,19.655000686645508
2007-08-10,24.15999984741211,72.0,22.217500686645508,43.58000183105469,1145.800048828125,18.850000381469727,33.86000061035156,27.091794967651367,38.529998779296875,12.619999885559082,27.100000381469727,19.5049991607666,33.900001525878906,18.18000030517578,19.485000610351562
2007-08-13,24.209999084472656,71.69999694824219,22.440000534057617,42.880001068115234,1146.7332763671875,18.729999542236328,33.900001525878906,26.84809112548828,39.04999923706055,12.795000076293945,27.020000457763672,19.604999542236328,34.0,18.280000686645508,19.520000457763672
2007-08-14,23.670000076293945,69.0,21.832500457763672,41.84000015258789,1126.6666259765625,18.489999771118164,33.67499923706055,26.376928329467773,38.04999923706055,12.53499984741211,26.59000015258789,19.274999618530273,33.720001220703125,17.815000534057617,18.8700008392334
2007-08-15,23.290000915527344,68.25,21.03499984741211,41.86000061035156,1097.0,18.049999237060547,32.75,26.141347885131836,37.599998474121094,12.375,26.450000762939453,19.014999389648438,33.63999938964844,17.625,18.610000610351562
2007-08-16,23.020000457763672,70.01000213623047,20.90999984741211,44.790000915527344,1075.6666259765625,18.0,32.54999923706055,26.929325103759766,37.619998931884766,12.295000076293945,26.520000457763672,19.149999618530273,33.650001525878906,17.649999618530273,18.690000534057617
2007-08-17,23.5,71.8499984741211,21.357500076293945,46.34000015258789,1108.0,18.274999618530273,33.75,28.0259952545166,38.0,12.414999961853027,26.649999618530273,19.315000534057617,33.72999954223633,17.774999618530273,19.149999618530273
2007-08-20,23.489999771118164,73.05000305175781,21.68000030517578,45.66999816894531,1119.933349609375,18.5,33.67499923706055,27.652315139770508,38.54999923706055,12.460000038146973,26.850000381469727,19.420000076293945,33.88999938964844,17.8700008392334,19.40999984741211
2007-08-21,23.84000015258789,74.1500015258789,21.587499618530273,46.36000061035156,1104.0,18.579999923706055,33.20000076293945,27.847278594970703,38.400001525878906,12.5,26.850000381469727,19.399999618530273,33.97999954223633,17.989999771118164,19.524999618530273
2007-08-22,24.100000381469727,74.75,22.05500030517578,46.59000015258789,1124.800048828125,18.665000915527344,33.599998474121094,27.92038917541504,39.09000015258789,12.664999961853027,26.920000076293945,19.625,34.150001525878906,18.229999542236328,19.71500015258789
2007-08-23,24.0,74.22000122070312,21.7549991607666,45.310001373291016,1146.6666259765625,18.614999771118164,33.900001525878906,27.96100616455078,38.880001068115234,12.699999809265137,26.93000030517578,19.684999465942383,34.369998931884766,18.15999984741211,19.559999465942383
2007-08-24,24.25,73.75,22.032499313354492,45.79999923706055,1170.6666259765625,18.84000015258789,34.625,28.058488845825195,39.20000076293945,12.880000114440918,27.1200008392334,19.80500030517578,34.58000183105469,18.524999618530273,20.0049991607666
2007-08-27,24.010000228881836,72.75,21.787500381469727,45.130001068115234,1154.933349609375,18.614999771118164,34.20000076293945,27.733549118041992,39.11000061035156,12.8100004196167,27.0,19.299999237060547,34.34000015258789,18.270000457763672,19.774999618530273
2007-08-28,23.489999771118164,70.44999694824219,21.2450008392334,43.88999938964844,1135.933349609375,18.149999618530273,33.375,26.90495491027832,38.16999816894531,12.579999923706055,26.690000534057617,19.0,33.9900016784668,17.829999923706055,19.25
2007-08-29,23.889999389648438,72.30000305175781,21.752500534057617,44.720001220703125,1174.86669921875,18.674999237060547,34.47999954223633,27.229894638061523,39.06999969482422,12.880000114440918,26.920000076293945,19.375,34.2400016784668,18.389999389648438,19.84000015258789
2007-08-30,23.940000534057617,72.6500015258789,21.467500686645508,44.25,1169.3333740234375,18.700000762939453,34.459999084472656,27.059301376342773,38.83000183105469,12.9350004196167,26.829999923706055,19.34000015258789,34.2400016784668,18.315000534057617,19.545000076293945
2007-08-31,24.270000457763672,74.0999984741211,21.875,44.599998474121094,1191.4000244140625,18.94499969482422,34.915000915527344,27.41673469543457,39.41999816894531,13.020000457763672,26.899999618530273,19.299999237060547,34.400001525878906,18.614999771118164,19.709999084472656
2007-09-04,24.790000915527344,75.0999984741211,22.047500610351562,44.91999816894531,1223.6666259765625,19.440000534057617,35.54999923706055,27.627944946289062,39.599998474121094,13.220000267028809,27.190000534057617,19.674999237060547,34.70000076293945,18.639999389648438,19.809999465942383
2007-09-05,24.760000228881836,73.30000305175781,21.6875,44.279998779296875,1221.199951171875,19.190000534057617,35.36000061035156,27.29488182067871,39.20000076293945,13.079999923706055,26.940000534057617,19.625,34.630001068115234,18.344999313354492,19.43000030517578
2007-09-06,24.8799991607666,73.75,21.697500228881836,44.619998931884766,1227.5999755859375,19.360000610351562,35.900001525878906,27.091794967651367,39.52000045776367,13.145000457763672,26.8700008392334,19.649999618530273,34.7400016784668,18.389999389648438,19.524999618530273
2007-09-07,24.43000030517578,72.37000274658203,21.252500534057617,43.810001373291016,1219.5333251953125,18.905000686645508,35.130001068115234,26.815597534179688,38.709999084472656,12.875,26.75,19.5049991607666,34.369998931884766,17.950000762939453,18.934999465942383
2007-09-10,24.200000762939453,71.0,21.040000915527344,43.47999954223633,1212.0,18.895000457763672,35.07500076293945,26.726238250732422,38.7400016784668,12.850000381469727,26.81999969482422,19.520000457763672,34.400001525878906,17.854999542236328,18.665000915527344
2007-09-11,24.6200008392334,72.27999877929688,21.434999465942383,43.91999816894531,1222.4000244140625,19.114999771118164,35.67499923706055,27.002437591552734,39.09000015258789,13.03499984741211,27.0,19.649999618530273,34.65999984741211,18.05500030517578,19.075000762939453
2007-09-12,24.6299991607666,72.41000366210938,21.264999389648438,43.650001525878906,1224.5333251953125,18.790000915527344,35.92499923706055,27.059301376342773,39.060001373291016,13.0,27.139999389648438,19.815000534057617,34.810001373291016,18.065000534057617,18.954999923706055
2007-09-13,24.799999237060547,73.73999786376953,21.52750015258789,43.9900016784668,1232.2667236328125,18.71500015258789,36.150001525878906,27.506092071533203,39.470001220703125,13.0,27.219999313354492,19.854999542236328,34.88999938964844,18.315000534057617,19.139999389648438
2007-09-14,25.079999923706055,74.08999633789062,21.520000457763672,44.310001373291016,1228.4000244140625,18.56999969482422,36.25,27.603574752807617,39.540000915527344,12.9350004196167,27.3799991607666,19.850000381469727,34.790000915527344,18.434999465942383,19.415000915527344
2007-09-17,24.940000534057617,73.94999694824219,21.290000915527344,44.189998626708984,1215.5333251953125,18.524999618530273,36.32500076293945,27.3436222076416,39.20000076293945,12.930000305175781,27.219999313354492,19.864999771118164,34.68000030517578,18.209999084472656,19.209999084472656
2007-09-18,25.489999771118164,76.25,22.135000228881836,46.18000030517578,1253.5999755859375,18.885000228881836,37.42499923706055,28.37530517578125,40.470001220703125,13.1850004196167,27.75,20.325000762939453,35.29999923706055,18.920000076293945,20.174999237060547
2007-09-19,25.729999542236328,77.80000305175781,22.0049991607666,46.66999816894531,1276.13330078125,19.075000762939453,37.75,28.55402183532715,40.900001525878906,13.234999656677246,27.770000457763672,20.549999237060547,35.439998626708984,18.954999923706055,20.34000015258789
2007-09-20,25.579999923706055,76.8499984741211,21.517499923706055,45.900001525878906,1286.800048828125,19.145000457763672,37.724998474121094,28.2047119140625,40.560001373291016,13.28499984741211,27.799999237060547,20.270000457763672,35.400001525878906,18.579999923706055,19.959999084472656
2007-09-21,25.850000381469727,76.87000274658203,21.670000076293945,45.2599983215332,1303.3333740234375,19.290000915527344,37.849998474121094,28.107229232788086,40.630001068115234,13.359999656677246,27.65999984741211,20.15999984741211,35.45000076293945,18.549999237060547,19.829999923706055
2007-09-24,25.68000030517578,77.52999877929688,21.407499313354492,44.369998931884766,1288.0,19.184999465942383,37.779998779296875,27.717302322387695,40.2400016784668,13.324999809265137,27.639999389648438,20.235000610351562,35.380001068115234,18.395000457763672,19.639999389648438
2007-09-25,25.93000030517578,75.56999969482422,21.520000457763672,44.18000030517578,1275.3333740234375,19.149999618530273,37.15999984741211,27.660438537597656,40.400001525878906,13.460000038146973,27.600000381469727,20.260000228881836,35.2599983215332,18.155000686645508,19.30500030517578
2007-09-26,25.979999542236328,76.0,21.645000457763672,44.43000030517578,1270.86669921875,19.09000015258789,37.26499938964844,27.668561935424805,40.68000030517578,13.545000076293945,27.790000915527344,20.360000610351562,35.459999084472656,18.415000915527344,19.475000381469727
2007-09-27,26.020000457763672,76.72000122070312,21.614999771118164,44.650001525878906,1293.199951171875,19.18000030517578,37.75,27.993501663208008,40.86000061035156,13.53499984741211,27.889999389648438,20.21500015258789,35.599998474121094,18.325000762939453,19.565000534057617
2007-09-28,26.049999237060547,76.47000122070312,21.662500381469727,44.029998779296875,1279.5333251953125,19.149999618530273,37.400001525878906,27.879772186279297,41.08000183105469,13.484999656677246,27.979999542236328,19.899999618530273,35.349998474121094,18.415000915527344,19.459999084472656
2007-10-01,26.469999313354492,78.5,22.002500534057617,45.0,1299.2667236328125,19.46500015258789,38.04999923706055,28.407798767089844,41.61000061035156,13.630000114440918,27.899999618530273,20.170000076293945,35.88999938964844,18.655000686645508,19.75
2007-10-02,26.459999084472656,79.22000122070312,22.05500030517578,45.54999923706055,1289.199951171875,19.479999542236328,37.45500183105469,28.732738494873047,41.27000045776367,13.680000305175781,27.90999984741211,20.2450008392334,35.689998626708984,18.649999618530273,20.075000762939453
2007-10-03,26.510000228881836,79.19999694824219,21.727500915527344,45.13999938964844,1284.0,19.079999923706055,37.23500061035156,28.667749404907227,40.9900016784668,13.520000457763672,27.84000015258789,20.18000030517578,35.83000183105469,18.7549991607666,20.209999084472656
2007-10-04,26.510000228881836,79.2300033569336,21.635000228881836,45.45000076293945,1291.3333740234375,18.985000610351562,37.375,28.838342666625977,41.130001068115234,13.555000305175781,27.899999618530273,20.290000915527344,35.790000915527344,18.65999984741211,19.959999084472656
2007-10-05,26.889999389648438,80.80000305175781,22.337499618530273,45.84000015258789,1284.0,19.225000381469727,37.55500030517578,29.1551570892334,41.58000183105469,13.699999809265137,28.0,20.450000762939453,36.25,19.075000762939453,20.610000610351562
2007-10-08,27.079999923706055,79.9000015258789,22.110000610351562,45.65999984741211,1258.13330078125,19.25,37.17499923706055,28.757108688354492,41.5099983215332,13.725000381469727,27.81999969482422,20.420000076293945,36.0,18.950000762939453,20.325000762939453
2007-10-09,27.489999771118164,80.36000061035156,22.34749984741211,45.869998931884766,1280.0,19.174999237060547,37.92499923706055,29.000812530517578,41.900001525878906,13.824999809265137,27.979999542236328,20.645000457763672,36.29999923706055,18.979999542236328,20.200000762939453
2007-10-10,27.670000076293945,80.25,22.075000762939453,45.27000045776367,1318.800048828125,19.045000076293945,38.415000915527344,28.838342666625977,41.439998626708984,13.869999885559082,28.100000381469727,20.489999771118164,36.36000061035156,18.899999618530273,20.170000076293945
2007-10-11,27.1299991607666,79.70999908447266,21.889999389648438,45.220001220703125,1322.199951171875,18.704999923706055,38.224998474121094,28.683996200561523,41.13999938964844,13.720000267028809,28.170000076293945,20.700000762939453,36.04999923706055,18.815000534057617,20.28499984741211
2007-10-12,28.0,79.12999725341797,22.024999618530273,45.040000915527344,1332.066650390625,18.170000076293945,38.584999084472656,28.87083625793457,41.31999969482422,13.854999542236328,28.229999542236328,20.645000457763672,36.25,18.90999984741211,20.274999618530273
2007-10-15,27.469999313354492,77.5,21.81999969482422,43.65999984741211,1340.7332763671875,18.149999618530273,38.900001525878906,28.285945892333984,41.0,13.755000114440918,28.139999389648438,20.4950008392334,35.86000061035156,18.610000610351562,19.770000457763672
2007-10-16,27.059999465942383,76.20999908447266,21.639999389648438,42.68000030517578,1334.3333740234375,18.079999923706055,39.0,27.757919311523438,40.81999969482422,13.755000114440918,28.020000457763672,20.44499969482422,35.59000015258789,18.549999237060547,19.489999771118164
2007-10-17,27.510000228881836,76.0,21.862499237060547,42.15999984741211,1316.0,18.399999618530273,38.75,27.74167251586914,40.93000030517578,13.869999885559082,28.1200008392334,20.5,35.619998931884766,18.56999969482422,19.4950008392334
2007-10-18,27.3700008392334,76.19999694824219,21.917499542236328,41.56999969482422,1327.2667236328125,18.360000610351562,39.04999923706055,27.392364501953125,41.040000915527344,13.904999732971191,28.020000457763672,20.31999969482422,35.630001068115234,18.399999618530273,19.280000686645508
2007-10-19,26.899999618530273,73.73999786376953,21.5625,40.38999938964844,1245.199951171875,17.815000534057617,37.20000076293945,26.482534408569336,39.900001525878906,13.574999809265137,27.729999542236328,19.8700008392334,35.20000076293945,17.989999771118164,18.690000534057617
2007-10-22,27.200000762939453,74.6500015258789,21.670000076293945,40.97999954223633,1234.199951171875,18.0,36.775001525878906,26.80747413635254,40.04999923706055,13.65999984741211,27.90999984741211,20.010000228881836,35.20000076293945,18.149999618530273,19.125
2007-10-23,27.780000686645508,75.30000305175781,22.11750030517578,41.20000076293945,1279.800048828125,17.71500015258789,37.29999923706055,26.95369529724121,40.31999969482422,13.8100004196167,28.0,20.020000457763672,35.61000061035156,18.235000610351562,19.03499984741211
2007-10-24,27.1299991607666,75.0,21.920000076293945,40.54999923706055,1285.6666259765625,17.225000381469727,37.54499816894531,26.750608444213867,40.20000076293945,13.670000076293945,27.920000076293945,20.0,35.349998474121094,18.174999237060547,18.924999237060547
2007-10-25,27.15999984741211,74.80000305175781,21.684999465942383,40.970001220703125,1290.0,16.924999237060547,37.900001525878906,26.726238250732422,40.27000045776367,13.78499984741211,28.149999618530273,20.489999771118164,35.560001373291016,18.065000534057617,19.014999389648438
2007-10-26,27.780000686645508,75.9000015258789,21.860000610351562,42.2599983215332,1281.4666748046875,16.895000457763672,38.474998474121094,27.376117706298828,40.29999923706055,13.970000267028809,28.34000015258789,20.770000457763672,35.68000030517578,18.274999618530273,19.229999542236328
2007-10-29,27.90999984741211,75.3499984741211,21.6825008392334,41.9900016784668,1290.86669921875,17.075000762939453,38.65999984741211,27.457351684570312,40.560001373291016,14.010000228881836,28.350000381469727,20.954999923706055,35.83000183105469,18.325000762939453,19.280000686645508
2007-10-30,27.75,75.69000244140625,21.690000534057617,41.849998474121094,1238.066650390625,17.110000610351562,37.345001220703125,27.034931182861328,40.20000076293945,14.03499984741211,28.229999542236328,20.979999542236328,35.790000915527344,18.270000457763672,19.184999465942383
2007-10-31,27.940000534057617,77.05000305175781,21.94499969482422,42.099998474121094,1267.3333740234375,17.309999465942383,38.349998474121094,27.400487899780273,40.54999923706055,14.199999809265137,28.40999984741211,21.225000381469727,36.0099983215332,18.325000762939453,19.2549991607666
2007-11-01,27.350000381469727,74.30000305175781,21.399999618530273,39.65999984741211,1260.2667236328125,17.03499984741211,37.224998474121094,25.995126724243164,39.86000061035156,14.045000076293945,27.850000381469727,20.790000915527344,35.5099983215332,17.860000610351562,18.43000030517578
2007-11-02,27.360000610351562,72.83000183105469,21.47249984741211,38.43000030517578,1292.6666259765625,17.125,37.92499923706055,25.865150451660156,40.220001220703125,14.074999809265137,28.030000686645508,20.959999084472656,35.40999984741211,17.850000381469727,18.25
2007-11-05,27.299999237060547,71.79000091552734,21.412500381469727,38.25,1277.4000244140625,17.024999618530273,37.619998931884766,25.402111053466797,40.04999923706055,14.055000305175781,28.06999969482422,21.190000534057617,35.38999938964844,17.610000610351562,17.885000228881836
2007-11-06,27.399999618530273,72.54000091552734,21.565000534057617,39.11000061035156,1321.2667236328125,17.204999923706055,38.875,25.832656860351562,40.68000030517578,14.130000114440918,28.260000228881836,21.209999084472656,35.58000183105469,17.764999389648438,18.239999771118164
2007-11-07,26.65999984741211,70.08999633789062,20.899999618530273,37.099998474121094,1276.86669921875,16.825000762939453,37.275001525878906,24.419170379638672,39.70000076293945,13.75,27.950000762939453,20.725000381469727,34.77000045776367,17.399999618530273,17.854999542236328
2007-11-08,25.979999542236328,70.52999877929688,21.020000457763672,38.31999969482422,1282.0,16.524999618530273,37.92499923706055,24.67099952697754,39.709999084472656,13.260000228881836,28.149999618530273,21.1299991607666,35.0,17.350000381469727,17.809999465942383
2007-11-09,25.59000015258789,70.29000091552734,20.604999542236328,39.189998626708984,1261.2667236328125,16.469999313354492,37.224998474121094,24.484159469604492,38.91999816894531,12.984999656677246,27.8799991607666,20.96500015258789,34.90999984741211,16.954999923706055,17.375
2007-11-12,24.600000381469727,70.30000305175781,20.707500457763672,39.400001525878906,1190.6666259765625,16.309999465942383,35.42499923706055,24.573516845703125,38.5,12.774999618530273,27.899999618530273,20.600000381469727,35.0,16.979999542236328,17.524999618530273
2007-11-13,25.510000228881836,72.81999969482422,21.079999923706055,41.08000183105469,1225.6666259765625,16.600000381469727,36.67499923706055,25.72705078125,39.47999954223633,13.210000038146973,28.31999969482422,20.774999618530273,35.459999084472656,17.450000762939453,18.3700008392334
2007-11-14,25.239999771118164,71.75,21.012500762939453,40.439998626708984,1223.5333251953125,16.454999923706055,36.619998931884766,25.629568099975586,39.349998474121094,13.135000228881836,28.459999084472656,20.649999618530273,35.599998474121094,17.174999237060547,17.959999084472656
2007-11-15,24.84000015258789,71.3499984741211,20.862499237060547,39.11000061035156,1186.3333740234375,16.350000381469727,35.400001525878906,24.979690551757812,38.79999923706055,12.975000381469727,28.440000534057617,20.834999084472656,35.380001068115234,17.010000228881836,17.6299991607666
2007-11-16,25.290000915527344,69.98999786376953,20.479999542236328,38.79999923706055,1214.933349609375,16.395000457763672,36.33000183105469,24.784727096557617,38.810001373291016,13.15999984741211,28.56999969482422,20.84000015258789,35.540000915527344,17.0049991607666,17.579999923706055
2007-11-19,24.799999237060547,68.6500015258789,20.002500534057617,37.689998626708984,1194.0,16.110000610351562,35.724998474121094,24.118602752685547,38.25,12.899999618530273,28.3700008392334,20.899999618530273,35.34000015258789,16.6299991607666,17.059999465942383
2007-11-20,24.670000076293945,67.05000305175781,19.81999969482422,37.65999984741211,1233.7332763671875,16.024999618530273,36.875,23.590576171875,38.310001373291016,13.010000228881836,28.600000381469727,21.155000686645508,35.40999984741211,16.645000457763672,17.125
2007-11-21,24.450000762939453,66.55000305175781,19.575000762939453,37.66999816894531,1212.6666259765625,15.71500015258789,36.07500076293945,23.225019454956055,37.66999816894531,12.765000343322754,28.25,20.979999542236328,34.619998931884766,16.485000610351562,17.079999923706055
2007-11-23,25.030000686645508,67.81999969482422,19.920000076293945,38.720001220703125,1249.2667236328125,15.895000457763672,37.025001525878906,23.777416229248047,38.16999816894531,12.890000343322754,28.540000915527344,20.959999084472656,35.18000030517578,16.774999618530273,17.354999542236328
2007-11-26,24.540000915527344,65.2699966430664,19.72249984741211,36.849998474121094,1228.6666259765625,15.550000190734863,35.744998931884766,22.98131561279297,37.56999969482422,12.619999885559082,28.25,20.924999237060547,34.90999984741211,16.34000015258789,16.94499969482422
2007-11-27,25.079999923706055,65.75,20.049999237060547,37.59000015258789,1211.0,15.789999961853027,35.349998474121094,23.395612716674805,38.31999969482422,12.760000228881836,28.549999237060547,21.0049991607666,35.36000061035156,16.600000381469727,17.09000015258789
2007-11-28,25.920000076293945,68.83000183105469,20.684999465942383,39.79999923706055,1154.6666259765625,16.5,36.224998474121094,24.792850494384766,39.25,13.135000228881836,29.0,21.3700008392334,36.20000076293945,17.2450008392334,17.700000762939453
2007-11-29,25.760000228881836,69.37999725341797,20.510000228881836,39.189998626708984,1179.0,16.325000762939453,36.625,24.573516845703125,39.25,13.199999809265137,29.149999618530273,21.225000381469727,36.41999816894531,17.075000762939453,17.700000762939453
2007-11-30,25.969999313354492,70.0199966430664,20.907499313354492,40.060001373291016,1174.3333740234375,16.15999984741211,36.73500061035156,25.182777404785156,39.400001525878906,13.130000114440918,29.190000534057617,21.364999771118164,36.470001220703125,17.325000762939453,17.69499969482422
2007-12-03,25.6299991607666,69.51000213623047,20.69499969482422,39.470001220703125,1191.3333740234375,16.155000686645508,36.875,24.979690551757812,39.0,13.050000190734863,29.079999923706055,21.575000762939453,36.2400016784668,17.235000610351562,17.639999389648438
2007-12-04,25.440000534057617,67.69000244140625,20.732500076293945,39.0099983215332,1173.0,16.079999923706055,36.5,24.516653060913086,38.90999984741211,13.0,29.040000915527344,21.729999542236328,36.22999954223633,17.18000030517578,17.700000762939453
2007-12-05,25.850000381469727,69.62000274658203,21.09749984741211,39.810001373291016,1177.6666259765625,16.53499984741211,37.30500030517578,24.88220977783203,39.54999923706055,13.300000190734863,29.15999984741211,22.104999542236328,36.52000045776367,17.155000686645508,17.725000381469727
2007-12-06,26.260000228881836,72.12000274658203,21.549999237060547,41.2599983215332,1223.800048828125,16.770000457763672,38.32500076293945,25.686433792114258,40.0,13.4350004196167,29.149999618530273,21.975000381469727,36.77000045776367,17.30500030517578,17.75
2007-12-07,26.15999984741211,71.7699966430664,21.84749984741211,40.83000183105469,1218.3333740234375,16.709999084472656,38.09000015258789,25.345247268676758,40.29999923706055,13.449999809265137,29.459999084472656,22.09000015258789,36.75,17.450000762939453,18.114999771118164
2007-12-10,26.079999923706055,73.56999969482422,22.0049991607666,41.61000061035156,1235.6666259765625,16.844999313354492,38.474998474121094,25.881397247314453,40.4900016784668,13.515000343322754,29.489999771118164,22.190000534057617,36.81999969482422,17.459999084472656,18.110000610351562
2007-12-11,25.40999984741211,69.36000061035156,21.107500076293945,39.20000076293945,1206.3333740234375,16.524999618530273,37.525001525878906,24.573516845703125,39.20000076293945,13.305000305175781,29.170000076293945,21.674999237060547,36.25,16.899999618530273,17.75
2007-12-12,25.329999923706055,69.58000183105469,21.184999465942383,38.66999816894531,1240.0,16.760000228881836,38.75,24.386676788330078,39.70000076293945,13.53499984741211,29.25,21.68000030517578,36.27000045776367,16.954999923706055,17.4950008392334
2007-12-13,25.34000015258789,68.37999725341797,21.354999542236328,38.400001525878906,1239.066650390625,16.584999084472656,38.845001220703125,24.37855339050293,39.900001525878906,13.46500015258789,29.3799991607666,22.0,36.25,16.844999313354492,17.235000610351562
2007-12-14,24.940000534057617,66.30999755859375,20.857500076293945,37.40999984741211,1209.6666259765625,16.334999084472656,38.224998474121094,23.842405319213867,39.459999084472656,13.380000114440918,29.020000457763672,21.59000015258789,35.70000076293945,16.625,16.985000610351562
2007-12-17,24.100000381469727,65.11000061035156,20.889999389648438,37.130001068115234,1179.0,16.079999923706055,37.540000915527344,23.590576171875,38.75,13.125,28.81999969482422,21.389999389648438,35.31999969482422,16.469999313354492,16.854999542236328
2007-12-18,24.3799991607666,65.94999694824219,20.950000762939453,38.08000183105469,1188.13330078125,16.149999618530273,37.900001525878906,23.60682487487793,38.86000061035156,13.125,28.690000534057617,21.579999923706055,35.59000015258789,16.625,17.114999771118164
2007-12-19,24.520000457763672,66.5,20.55500030517578,37.880001068115234,1191.13330078125,16.18000030517578,38.26499938964844,23.744922637939453,38.72999954223633,13.210000038146973,28.93000030517578,21.524999618530273,35.56999969482422,16.475000381469727,16.924999237060547
2007-12-20,25.020000457763672,66.75,20.56999969482422,37.70000076293945,1212.6666259765625,16.40999984741211,38.75,23.574329376220703,39.04999923706055,13.399999618530273,28.799999237060547,21.6200008392334,35.779998779296875,16.55500030517578,17.040000915527344
2007-12-21,25.420000076293945,67.88999938964844,20.825000762939453,38.34000015258789,1255.3333740234375,16.559999465942383,39.650001525878906,23.793664932250977,39.54999923706055,13.510000228881836,29.34000015258789,21.5,35.869998931884766,16.469999313354492,17.200000762939453
2007-12-24,25.579999923706055,69.73999786376953,21.135000228881836,38.7400016784668,1264.6666259765625,16.69499969482422,39.83000183105469,24.22420883178711,39.9900016784668,13.609999656677246,29.299999237060547,21.604999542236328,35.9900016784668,16.774999618530273,17.549999237060547
2007-12-26,25.739999771118164,68.58000183105469,21.014999389648438,38.84000015258789,1290.6666259765625,16.670000076293945,40.275001525878906,24.05361557006836,39.84000015258789,13.6850004196167,29.200000762939453,21.4950008392334,35.95000076293945,16.719999313354492,17.299999237060547
2007-12-27,25.350000381469727,66.4800033569336,20.68000030517578,37.54999923706055,1268.800048828125,16.3700008392334,39.849998474121094,23.566205978393555,39.380001068115234,13.494999885559082,28.920000076293945,21.30500030517578,35.58000183105469,16.485000610351562,16.920000076293945
2007-12-28,25.360000610351562,65.5,20.700000762939453,36.86000061035156,1278.13330078125,16.315000534057617,40.185001373291016,23.509342193603516,39.34000015258789,13.430000305175781,29.030000686645508,21.459999084472656,35.439998626708984,16.40999984741211,16.985000610351562
