Date,FDN,IYR,IYT,KRE,OIH,SMH,XLE,XLF,XLI,XLK,XLP,XLU,XLV,XLY,XRT
1998-12-22,,,,,,,5.774109363555908,11.220836639404297,14.47265625,11.938131332397461,14.064748764038086,5.873080253601074,16.858888626098633,9.398277282714844,
1998-12-23,,,,,,,5.894322872161865,11.386287689208984,14.725202560424805,12.223344802856445,14.404764175415039,5.8484697341918945,17.23773765563965,9.43863582611084,
1998-12-24,,,,,,,5.863298416137695,11.461496353149414,14.919463157653809,12.176774024963379,14.379878997802734,5.956146717071533,17.342987060546875,9.611613273620605,
1998-12-28,,,,,,,5.83228063583374,11.311090469360352,14.99715805053711,12.211702346801758,14.296953201293945,5.925381660461426,17.090410232543945,9.525124549865723,
1998-12-29,,,,,,,5.890443801879883,11.431415557861328,15.21085262298584,12.246622085571289,14.612086296081543,6.023829460144043,17.46926498413086,9.732698440551758,
1998-12-30,,,,,,,5.801255226135254,11.386287689208984,15.142861366271973,12.200055122375488,14.520869255065918,5.974604606628418,17.321928024291992,9.6519775390625,
1998-12-31,,,,,,,5.793501377105713,11.280997276306152,15.269133567810059,12.153494834899902,14.413055419921875,5.953070640563965,17.511362075805664,9.64044189453125,
1999-01-04,,,,,,,5.789622783660889,11.280997276306152,15.055442810058594,12.293190002441406,14.296953201293945,5.857695579528809,17.46926498413086,9.582783699035645,
1999-01-05,,,,,,,5.7585978507995605,11.386287689208984,15.3662691116333,12.607501983642578,14.404764175415039,5.9284563064575195,17.742874145507812,9.74422550201416,
1999-01-06,,,,,,,5.94861364364624,11.747283935546875,15.696511268615723,12.980027198791504,14.578913688659668,5.989989280700684,18.03753662109375,10.020987510681152,
1999-01-07,,,,,,,5.921467304229736,11.92778491973877,15.560527801513672,12.939281463623047,14.413055419921875,5.968451023101807,17.95334815979004,10.009455680847168,
1999-01-08,,,,,,,5.94861364364624,12.002989768981934,15.677083015441895,12.99166488647461,14.355002403259277,6.002292156219482,18.17434310913086,10.020987510681152,
1999-01-11,,,,,,,5.836155891418457,11.822494506835938,15.531391143798828,13.119719505310059,14.064748764038086,5.842315673828125,18.21644401550293,9.969091415405273,
1999-01-12,,,,,,,5.746964454650879,11.491576194763184,15.346842765808105,12.764659881591797,13.95694637298584,5.845388889312744,18.14277458190918,9.709630966186523,
1999-01-13,,,,,,,5.661654949188232,11.341160774230957,14.958316802978516,12.75883960723877,13.98182487487793,5.885386943817139,17.97439956665039,9.755762100219727,
1999-01-14,,,,,,,5.553071022033691,11.055386543273926,14.890312194824219,12.584223747253418,13.716451644897461,5.786937236785889,17.82706642150879,9.536659240722656,
1999-01-15,,,,,,,5.638385772705078,11.371247291564941,15.142861366271973,12.956740379333496,13.865717887878418,5.814625263214111,18.069110870361328,9.657745361328125,
1999-01-19,,,,,,,5.638385772705078,11.311090469360352,15.113727569580078,13.404936790466309,13.708159446716309,6.011524677276611,18.584766387939453,9.6519775390625,
1999-01-20,,,,,,,5.591850280761719,11.393814086914062,15.045731544494629,13.527159690856934,13.74963092803955,5.986907005310059,18.690006256103516,9.813421249389648,
1999-01-21,,,,,,,5.638385772705078,11.190752029418945,14.919463157653809,13.17792797088623,13.542304992675781,5.965375900268555,18.03753662109375,9.721163749694824,
1999-01-22,,,,,,,5.607362270355225,11.115550994873047,14.628064155578613,12.945101737976074,13.475953102111816,6.005368709564209,17.963871002197266,9.767292022705078,
1999-01-25,,,,,,,5.599610805511475,11.20580005645752,14.870894432067871,13.172107696533203,13.442780494689941,5.780782699584961,18.111202239990234,9.74422550201416,
1999-01-26,,,,,,,5.545317649841309,11.213311195373535,14.870894432067871,13.701786041259766,13.757909774780273,5.894615173339844,18.195392608642578,9.974859237670898,
1999-01-27,,,,,,,5.444491863250732,11.070425033569336,14.987449645996094,13.410757064819336,13.940360069274902,5.805398941040039,18.016490936279297,9.963327407836914,
1999-01-28,,,,,,,5.4134697914123535,11.235881805419922,15.006880760192871,13.882217407226562,14.189144134521484,5.814625263214111,18.353252410888672,10.067116737365723,
1999-01-29,,,,,,,5.4134697914123535,11.476541519165039,15.10400676727295,14.085947036743164,14.22231674194336,5.805398941040039,18.353252410888672,10.136305809020996,
1999-02-01,,,,,,,5.359180927276611,11.280997276306152,15.123435974121094,14.097589492797852,14.164268493652344,5.793091773986816,18.458478927612305,10.159368515014648,
1999-02-02,,,,,,,5.366940498352051,11.160676002502441,15.006880760192871,13.858942031860352,14.28036880493164,5.716175556182861,18.184871673583984,10.03251838684082,
1999-02-03,,,,,,,5.491028785705566,11.243399620056152,15.152575492858887,13.957892417907715,14.230608940124512,5.746942043304443,18.532150268554688,10.193961143493652,
1999-02-04,,,,,,,5.522049427032471,10.980180740356445,15.171995162963867,13.480598449707031,14.164268493652344,5.6607985496521,18.395343780517578,10.136305809020996,
1999-02-05,,,,,,,5.677165508270264,10.889925003051758,15.123435974121094,13.154644012451172,13.948649406433105,5.663880348205566,18.184871673583984,9.882607460021973,
1999-02-08,,,,,,,5.754720687866211,10.859845161437988,15.171995162963867,13.37583065032959,13.923768043518066,5.663880348205566,18.17434310913086,10.044055938720703,
1999-02-09,,,,,,,5.646141529083252,10.709434509277344,14.968027114868164,12.851968765258789,13.674983024597168,5.688488006591797,17.848106384277344,9.732698440551758,
1999-02-10,,,,,,,5.661654949188232,10.79967975616455,15.026310920715332,12.945101737976074,13.774506568908691,5.648492336273193,17.890209197998047,9.732698440551758,
1999-02-11,,,,,,,5.61511754989624,11.235881805419922,15.23027515411377,13.492241859436035,14.006705284118652,5.673106670379639,18.374300003051758,10.04981803894043,
1999-02-12,,,,,,,5.498783111572266,11.070425033569336,15.142861366271973,12.956740379333496,13.890610694885254,5.580807685852051,18.100675582885742,9.871076583862305,
1999-02-16,,,,,,,5.460006237030029,11.235881805419922,15.220561981201172,12.898536682128906,14.0564603805542,5.6823344230651855,18.26905632019043,9.99792766571045,
1999-02-17,,,,,,,5.405717849731445,11.280997276306152,15.220561981201172,12.607501983642578,13.915480613708496,5.6423420906066895,18.079631805419922,9.963327407836914,
1999-02-18,,,,,,,5.42122745513916,11.393814086914062,15.220561981201172,12.677352905273438,14.064748764038086,5.7438645362854,18.311147689819336,9.974859237670898,
1999-02-19,,,,,,,5.390203475952148,11.431415557861328,15.317691802978516,12.793763160705566,14.006705284118652,5.6823344230651855,18.363771438598633,10.026753425598145,
1999-02-22,,,,,,,5.444491863250732,11.762328147888184,15.550812721252441,13.247773170471191,14.305246353149414,5.866926193237305,18.753150939941406,10.280450820922852,
1999-02-23,,,,,,,5.3979573249816895,11.912742614746094,15.541098594665527,13.422393798828125,14.28036880493164,5.6823344230651855,18.721582412719727,10.228558540344238,
1999-02-24,,,,,,,5.374692916870117,11.5216646194458,15.50224781036377,13.0498685836792,14.197444915771484,5.734634876251221,18.500572204589844,10.101712226867676,
1999-02-25,,,,,,,5.4018378257751465,11.446453094482422,15.191427230834961,13.084794044494629,14.031584739685059,5.611573219299316,18.32167625427246,9.986393928527832,
1999-02-26,,,,,,,5.366940498352051,11.657036781311035,15.239995956420898,12.688994407653809,14.073039054870605,5.645416736602783,18.374300003051758,10.07287883758545,
1999-03-01,,,,,,,5.312647342681885,11.70215892791748,15.23027515411377,12.630781173706055,14.006705284118652,5.562351226806641,18.342731475830078,10.078643798828125,
1999-03-02,,,,,,,5.258355617523193,11.732247352600098,15.10400676727295,12.293190002441406,13.965234756469727,5.479284763336182,18.332199096679688,10.101712226867676,
1999-03-03,,,,,,,5.374692916870117,11.61943244934082,15.01658821105957,12.502729415893555,13.965234756469727,5.482361793518066,18.21644401550293,10.04981803894043,
1999-03-04,,,,,,,5.568584442138672,11.882654190063477,15.3079833984375,12.630781173706055,14.15597915649414,5.568502902984619,18.542667388916016,10.263147354125977,
1999-03-05,,,,,,,5.673287868499756,12.183489799499512,15.647951126098633,12.921818733215332,14.371582984924316,5.663880348205566,18.963619232177734,10.574507713317871,
1999-03-08,,,,,,,5.754720687866211,12.10075855255127,15.735358238220215,13.29433536529541,14.437932014465332,5.599271774291992,18.98466682434082,10.620633125305176,
1999-03-09,,,,,,,5.692674160003662,12.198527336120605,15.813070297241211,13.154644012451172,14.454521179199219,5.583888530731201,18.837345123291016,10.64946174621582,
1999-03-10,,,,,,,6.018417835235596,12.424144744873047,15.783935546875,13.154644012451172,14.296953201293945,5.565429210662842,19.005714416503906,10.620633125305176,
1999-03-11,,,,,,,6.103726387023926,12.484309196472168,15.803360939025879,13.131360054016113,14.437932014465332,5.608500003814697,19.131996154785156,10.735949516296387,
1999-03-12,,,,,,,6.0804595947265625,12.506877899169922,15.851922988891602,13.014945030212402,14.562328338623047,5.670030117034912,19.026750564575195,10.782075881958008,
1999-03-15,,,,,,,6.033927917480469,12.544474601745605,15.813070297241211,13.224489212036133,14.686715126037598,5.685412883758545,19.089902877807617,10.805132865905762,
1999-03-16,,,,,,,6.002902984619141,12.363984107971191,15.706226348876953,13.451494216918945,14.753057479858398,5.663880348205566,19.04780387878418,10.747481346130371,
1999-03-17,,,,,,,6.158017158508301,12.258688926696777,15.677083015441895,13.364180564880371,14.504273414611816,5.611573219299316,18.942569732666016,10.70135498046875,
1999-03-18,,,,,,,6.2355732917785645,12.544474601745605,15.715935707092285,13.550446510314941,14.753057479858398,5.694644451141357,19.20566749572754,10.885862350463867,
1999-03-19,,,,,,,6.1723737716674805,12.306309700012207,15.813590049743652,13.224489212036133,14.687737464904785,5.5896477699279785,19.121477127075195,10.736064910888672,
1999-03-22,,,,,,,6.211287975311279,12.336477279663086,15.6965970993042,13.224489212036133,14.679429054260254,5.608230113983154,19.06884765625,10.620622634887695,
1999-03-23,,,,,,,6.102321147918701,11.914196968078613,15.326122283935547,12.84033203125,14.264049530029297,5.431715965270996,18.542667388916016,10.297385215759277,
1999-03-24,,,,,,,6.0711846351623535,11.884039878845215,15.287121772766113,13.090620040893555,14.25574016571045,5.506038188934326,18.626869201660156,10.216574668884277,
1999-03-25,,,,,,,6.086750507354736,12.155502319335938,15.452868461608887,13.399110794067383,14.363730430603027,5.487454891204834,18.942569732666016,10.528264999389648,
1999-03-26,,,,,,,6.164586544036865,12.049931526184082,15.491854667663574,13.329263687133789,14.31389331817627,5.416232109069824,18.795242309570312,10.459000587463379,
1999-03-29,,,,,,,6.3358283042907715,12.321386337280273,15.745341300964355,13.829841613769531,14.496661186218262,5.388358116149902,19.026750564575195,10.712974548339844,
1999-03-30,,,,,,,6.219071865081787,12.178121566772461,15.735593795776367,13.806558609008789,14.372050285339355,5.3016510009765625,18.963619232177734,10.724522590637207,
1999-03-31,,,,,,,6.125667572021484,12.03485107421875,15.56010913848877,13.631942749023438,14.056363105773926,5.289262294769287,18.858379364013672,10.562899589538574,
1999-04-01,,,,,,,6.117887496948242,12.06501579284668,15.725842475891113,13.847305297851562,14.081283569335938,5.400747299194336,18.858379364013672,10.551356315612793,
1999-04-05,,,,,,,6.265776634216309,12.306309700012207,16.06707763671875,14.324592590332031,14.156047821044922,5.444103717803955,19.279329299926758,10.689889907836914,
1999-04-06,,,,,,,6.203509330749512,12.215827941894531,15.979326248168945,14.446821212768555,13.99820327758789,5.416232109069824,19.300376892089844,10.747607231140137,
1999-04-07,,,,,,,6.141238212585449,12.547616958618164,16.008577346801758,14.411900520324707,13.981590270996094,5.487454891204834,19.668704986572266,10.839960098266602,
1999-04-08,,,,,,,6.203509330749512,12.773831367492676,16.096324920654297,14.55160140991211,14.305584907531738,5.633001327514648,19.86865234375,11.082387924194336,
1999-04-09,,,,,,,6.320257663726807,12.743667602539062,16.106069564819336,14.528316497802734,14.338813781738281,5.592745304107666,19.93178939819336,11.186287879943848,
1999-04-12,,,,,,,6.3669610023498535,12.96988582611084,16.496049880981445,14.307127952575684,14.579740524291992,5.673263072967529,20.436931610107422,11.278637886047363,
1999-04-13,,,,,,,6.359174728393555,12.954804420471191,16.6227970123291,14.085947036743164,14.629572868347168,5.580359935760498,20.226455688476562,11.220913887023926,
1999-04-14,,,,,,,6.281339645385742,12.788911819458008,16.983524322509766,13.736706733703613,14.189281463623047,5.499843120574951,20.037033081054688,10.966948509216309,
1999-04-15,,,,,,,6.553767204284668,12.668264389038086,17.422243118286133,13.853117942810059,13.84036636352539,5.555582046508789,19.531892776489258,10.943859100341797,
1999-04-16,,,,,,,6.7600321769714355,12.60793685913086,17.51974105834961,13.480598449707031,13.898517608642578,5.617518424987793,19.342466354370117,10.978489875793457,
1999-04-19,,,,,,,6.841756343841553,12.60793685913086,17.665987014770508,12.828680992126465,13.316986083984375,5.673263072967529,18.81629180908203,10.736064910888672,
1999-04-20,,,,,,,6.732785701751709,12.773831367492676,17.548986434936523,13.154644012451172,13.566221237182617,5.735198020935059,19.174097061157227,10.874591827392578,
1999-04-21,,,,,,,6.6316022872924805,12.96988582611084,17.607486724853516,13.503885269165039,13.99820327758789,5.837392807006836,19.6160831451416,11.059296607971191,
1999-04-22,,,,,,,6.748353958129883,13.105613708496094,17.617238998413086,14.126690864562988,14.17266845703125,5.818808078765869,20.01597785949707,11.08816146850586,
1999-04-23,,,,,,,6.662735939025879,13.060376167297363,17.75372886657715,14.155797958374023,14.147743225097656,5.81571102142334,20.468503952026367,11.209375381469727,
1999-04-26,,,,,,,6.514848709106445,12.864320755004883,17.734233856201172,14.516674041748047,14.048040390014648,5.784745693206787,20.436931610107422,11.140109062194824,
1999-04-27,,,,,,,6.721110820770264,13.090531349182129,17.821971893310547,14.155797958374023,14.064665794372559,5.818808078765869,20.45797348022461,11.16897201538086,
1999-04-28,,,,,,,6.94294548034668,13.015131950378418,18.04621124267578,13.96953010559082,13.856976509094238,5.794035911560059,19.91075325012207,11.128562927246094,
1999-04-29,,,,,,,7.153103828430176,13.060376167297363,18.11444854736328,13.824014663696289,13.748979568481445,5.877647876739502,19.679229736328125,10.874591827392578,
1999-04-30,,,,,,,7.032454967498779,12.87939739227295,17.899972915649414,13.713427543640137,13.566221237182617,5.800230026245117,19.531892776489258,10.839960098266602,
1999-05-03,,,,,,,7.207584857940674,13.0302152633667,18.250951766967773,13.829841613769531,13.881896018981934,5.88693904876709,19.91075325012207,11.105476379394531,
1999-05-04,,,,,,,7.215368270874023,12.623016357421875,18.32893943786621,13.620293617248535,13.765593528747559,5.837392807006836,19.531892776489258,10.978489875793457,
1999-05-05,,,,,,,7.11029052734375,12.698419570922852,18.32893943786621,13.899682998657227,13.898517608642578,5.8838396072387695,19.700271606445312,10.886139869689941,
1999-05-06,,,,,,,7.090834140777588,12.487285614013672,18.36794662475586,13.550446510314941,13.715750694274902,5.759972095489502,19.78445816040039,10.64371109008789,
1999-05-07,,,,,,,7.133645057678223,12.72859001159668,18.71892547607422,13.78327751159668,13.83205795288086,5.831198215484619,19.7213191986084,10.886139869689941,
1999-05-10,,,,,,,7.0519185066223145,12.683340072631836,18.465436935424805,13.899682998657227,13.616059303283691,5.81571102142334,19.679229736328125,10.874591827392578,
1999-05-11,,,,,,,7.075263023376465,12.834159851074219,18.777414321899414,14.109230041503906,13.674213409423828,5.837392807006836,19.99493408203125,11.093929290771484,
1999-05-12,,,,,,,6.94294548034668,13.015131950378418,18.592178344726562,14.388618469238281,13.873592376708984,5.852874279022217,20.184362411499023,11.16319465637207,
1999-05-13,,,,,,,6.97797155380249,13.135782241821289,18.406936645507812,14.347871780395508,13.940053939819336,5.930293083190918,20.058074951171875,11.105476379394531,
1999-05-14,,,,,,,6.927373886108398,12.72859001159668,18.17293930053711,13.96953010559082,13.690823554992676,5.818808078765869,19.700271606445312,10.886139869689941,
1999-05-17,,,,,,,6.900136470794678,12.487285614013672,18.133956909179688,14.167435646057129,13.782206535339355,5.93958044052124,19.573986053466797,10.666794776916504,
1999-05-18,,,,,,,6.740573406219482,12.517447471618652,17.899972915649414,14.295492172241211,13.599446296691895,5.809518814086914,19.363515853881836,10.736064910888672,
1999-05-19,,,,,,,6.833975791931152,12.60793685913086,18.17293930053711,14.342052459716797,13.790515899658203,5.930293083190918,19.595043182373047,10.609075546264648,
1999-05-20,,,,,,,6.9118123054504395,12.44204330444336,18.221694946289062,14.155797958374023,13.823748588562012,5.917907238006592,19.858135223388672,10.701432228088379,
1999-05-21,,,,,,,7.020782470703125,12.411885261535645,18.007213592529297,13.992813110351562,13.782206535339355,5.862166881561279,19.637126922607422,10.63216781616211,
1999-05-24,,,,,,,6.853435039520264,12.140419960021973,17.85122299194336,13.690146446228027,13.424991607666016,5.921001434326172,19.174097061157227,10.401284217834473,
1999-05-25,,,,,,,6.826192855834961,11.823710441589355,17.792726516723633,13.404936790466309,13.292060852050781,5.927197456359863,18.98466682434082,10.297385215759277,
1999-05-26,,,,,,,7.020782470703125,12.208287239074707,17.665987014770508,13.684325218200684,13.292060852050781,5.958163261413574,19.005714416503906,10.412823677062988,
1999-05-27,,,,,,,6.8106255531311035,11.914196968078613,17.37350082397461,13.585372924804688,13.225605964660645,5.8559699058532715,18.795242309570312,10.205034255981445,
1999-05-28,,,,,,,6.880675315856934,12.102715492248535,17.548986434936523,13.759990692138672,13.424991607666016,5.868357181549072,18.93204116821289,10.349334716796875,
1999-06-01,,,,,,,6.841756343841553,11.929286003112793,17.558740615844727,13.451494216918945,13.474831581115723,5.865262031555176,18.98466682434082,10.412823677062988,
1999-06-02,,,,,,,6.919592380523682,11.853876113891602,17.792726516723633,13.59701156616211,13.2671480178833,5.865262031555176,18.92152214050293,10.38973617553711,
1999-06-03,,,,,,,6.94294548034668,11.84633731842041,17.977962493896484,13.503885269165039,13.39175796508789,5.809518814086914,19.06884765625,10.63216781616211,
1999-06-04,,,,,,,7.0519185066223145,12.06501579284668,18.163190841674805,13.905505180358887,13.856976509094238,5.896226406097412,19.531892776489258,10.712974548339844,
1999-06-07,,,,,,,7.133645057678223,12.291234016418457,18.33869171142578,14.155797958374023,13.740673065185547,5.945776462554932,19.363515853881836,10.741836547851562,
1999-06-08,,,,,,,7.020782470703125,12.07256031036377,18.17293930053711,13.829841613769531,13.549601554870605,5.945776462554932,19.20566749572754,10.580224990844727,
1999-06-09,,,,,,,7.03634786605835,12.042391777038574,18.192447662353516,14.039381980895996,13.474831581115723,5.992227554321289,19.21617889404297,10.47632122039795,
1999-06-10,,,,,,,7.075263023376465,11.816171646118164,17.977962493896484,13.829841613769531,13.225605964660645,5.9426798820495605,19.058330535888672,10.326252937316895,
1999-06-11,,,,,,,7.129751682281494,11.838794708251953,17.948719024658203,13.643575668334961,13.09267807006836,5.902420520782471,18.837345123291016,10.27429485321045,
1999-06-14,,,,,,,7.192017078399658,11.77846622467041,18.163190841674805,13.579545021057129,13.134221076965332,6.066551685333252,18.942569732666016,10.285844802856445,
1999-06-15,,,,,,,7.281536102294922,11.838794708251953,18.221694946289062,13.701786041259766,13.167450904846191,6.072748184204102,19.153045654296875,10.216574668884277,
1999-06-16,,,,,,,7.207584857940674,12.147958755493164,18.47518539428711,14.266386032104492,13.2671480178833,6.131583213806152,19.531892776489258,10.493632316589355,
1999-06-17,,,,,,,7.215368270874023,12.3817138671875,18.621423721313477,14.423542022705078,13.375140190124512,6.07893705368042,19.626609802246094,10.441689491271973,
1999-06-18,,,,,,,7.228448390960693,12.400959014892578,18.762306213378906,14.55160140991211,13.370140075683594,6.100647926330566,19.531892776489258,10.519323348999023,
1999-06-21,,,,,,,7.060256481170654,12.47657299041748,18.508499145507812,14.918305397033691,13.219991683959961,6.053913116455078,19.43718719482422,10.704279899597168,
1999-06-22,,,,,,,6.985934734344482,12.340466499328613,18.420656204223633,14.603979110717773,13.295069694519043,6.032100677490234,19.405616760253906,10.634918212890625,
1999-06-23,,,,,,,7.04069709777832,12.219478607177734,18.479217529296875,14.714578628540039,13.153275489807129,6.013405799865723,19.447696685791016,10.484641075134277,
1999-06-24,,,,,,,6.923354625701904,12.02287483215332,18.28396987915039,14.411900520324707,13.111578941345215,5.947976112365723,19.089902877807617,10.461524963378906,
1999-06-25,,,,,,,6.868592739105225,12.053128242492676,18.176607131958008,14.429360389709473,13.10323715209961,5.916818141937256,19.110952377319336,10.42684555053711,
1999-06-28,,,,,,,6.825566291809082,12.332894325256348,18.205875396728516,14.668013572692871,13.111578941345215,5.9791340827941895,19.3214111328125,10.629140853881836,
1999-06-29,,,,,,,6.919443130493164,12.370711326599121,18.303512573242188,14.854273796081543,13.345109939575195,5.982247352600098,19.510848999023438,10.808314323425293,
1999-06-30,,,,,,,7.021141529083252,12.627803802490234,18.625642776489258,15.081275939941406,13.662059783935547,6.109997749328613,19.763416290283203,11.016387939453125,
1999-07-01,,,,,,,7.075902938842773,12.763910293579102,18.635406494140625,15.250073432922363,13.762149810791016,6.088185787200928,19.826566696166992,11.074186325073242,
1999-07-02,,,,,,,7.099372386932373,12.763910293579102,18.72325897216797,15.447978973388672,13.812190055847168,6.091297626495361,19.826566696166992,11.131986618041992,
1999-07-06,,,,,,,7.232358932495117,12.869773864746094,18.742786407470703,15.360669136047363,13.803855895996094,6.072606563568115,19.78445816040039,11.22446346282959,
1999-07-07,,,,,,,7.212800979614258,12.8243989944458,18.606122970581055,15.541112899780273,13.745468139648438,6.128687858581543,19.91075325012207,11.120426177978516,
1999-07-08,,,,,,,7.259744167327881,12.779035568237305,18.674457550048828,15.750645637512207,13.63703727722168,6.078838348388672,19.86865234375,11.027944564819336,
1999-07-09,,,,,,,7.255831241607666,12.794157028198242,18.69398307800293,15.919445037841797,13.703757286071777,6.078838348388672,19.95284080505371,11.027944564819336,
1999-07-12,,,,,,,7.330146789550781,12.688292503356934,18.528034210205078,15.942723274230957,13.678739547729492,6.053913116455078,19.99493408203125,10.958590507507324,
1999-07-13,,,,,,,7.259744167327881,12.552183151245117,18.45969581604004,15.872885704040527,13.728777885437012,6.025868892669678,19.95284080505371,10.877669334411621,
1999-07-14,,,,,,,7.271475791931152,12.582438468933105,18.557315826416016,16.070789337158203,13.687088012695312,6.063256740570068,19.99493408203125,10.900794982910156,
1999-07-15,,,,,,,7.337975978851318,12.695862770080566,18.684223175048828,16.187198638916016,13.837217330932617,6.156729698181152,20.089643478393555,11.045291900634766,
1999-07-16,,,,,,,7.291033744812012,12.763910293579102,18.713510513305664,16.33270263671875,13.812190055847168,6.228395462036133,20.10017204284668,11.10886287689209,
1999-07-19,,,,,,,7.26365327835083,12.673172950744629,18.73301887512207,16.134811401367188,13.695419311523438,6.169195175170898,20.01597785949707,11.085753440856934,
1999-07-20,,,,,,,7.071990013122559,12.514385223388672,18.713510513305664,15.465435028076172,13.578652381896973,6.197237014770508,19.93178939819336,10.796758651733398,
1999-07-21,,,,,,,7.150218486785889,12.370711326599121,18.69398307800293,15.599315643310547,13.63703727722168,6.234623432159424,19.889699935913086,10.692716598510742,
1999-07-22,,,,,,,7.044607639312744,12.385833740234375,18.625642776489258,15.116204261779785,13.486907005310059,6.225279331207275,19.573986053466797,10.553999900817871,
1999-07-23,,,,,,,7.079808712005615,12.249731063842773,18.528034210205078,15.15694808959961,13.386813163757324,6.184773921966553,19.405616760253906,10.473081588745117,
1999-07-26,,,,,,,6.946824550628662,12.29509449005127,18.391368865966797,14.813522338867188,13.511922836303711,6.194120407104492,19.426666259765625,10.530879974365234,
1999-07-27,,,,,,,6.946824550628662,12.461444854736328,18.635406494140625,15.18022632598877,13.55362606048584,6.231511116027832,19.78445816040039,10.588678359985352,
1999-07-28,,,,,,,7.048522472381592,12.310210227966309,18.528034210205078,15.319925308227539,13.428520202636719,6.219045639038086,19.637126922607422,10.553999900817871,
1999-07-29,,,,,,,7.005494117736816,12.128743171691895,18.15708351135254,15.063814163208008,13.22834587097168,6.116228103637695,19.300376892089844,10.392168045043945,
1999-07-30,,,,,,,7.154130935668945,11.856513977050781,17.94230842590332,14.906654357910156,13.153275489807129,6.128687858581543,19.174097061157227,10.195650100708008,
1999-08-02,,,,,,,6.9976725578308105,11.796035766601562,17.99112892150879,14.87755012512207,13.153275489807129,6.222165584564209,19.04780387878418,10.120511054992676,
1999-08-03,,,,,,,7.087639808654785,11.644804954528809,18.000885009765625,14.81934642791748,13.253368377685547,6.181656360626221,18.963619232177734,9.993350982666016,
1999-08-04,,,,,,,7.185419082641602,11.493569374084473,17.864212036132812,14.638909339904785,13.01148509979248,6.088185787200928,18.690006256103516,9.79106330871582,
1999-08-05,,,,,,,7.310594081878662,11.5389404296875,17.961830139160156,14.755319595336914,13.04484748840332,6.14426851272583,18.637392044067383,9.704367637634277,
1999-08-06,,,,,,,7.298858642578125,11.236473083496094,17.79588508605957,14.761136054992676,12.827990531921387,6.119342803955078,18.43743896484375,9.629226684570312,
1999-08-09,,,,,,,7.474874973297119,11.266719818115234,17.7373046875,14.5923433303833,12.794626235961914,6.14426851272583,18.458478927612305,9.502069473266602,
1999-08-10,,,,,,,7.431849956512451,11.070120811462402,17.57136344909668,14.347871780395508,12.75292682647705,6.032100677490234,18.09015655517578,9.502069473266602,
1999-08-11,,,,,,,7.478785991668701,11.281841278076172,17.883743286132812,14.807706832885742,12.619474411010742,6.000945568084717,18.26905632019043,9.710140228271484,
1999-08-12,,,,,,,7.494433403015137,11.33477783203125,17.81540870666504,14.621445655822754,12.853011131286621,5.969785690307617,18.26905632019043,9.825738906860352,
1999-08-13,,,,,,,7.470961570739746,11.705297470092773,18.127788543701172,15.08709716796875,12.944756507873535,6.047677516937256,18.584766387939453,10.022257804870605,
1999-08-16,,,,,,,7.396646022796631,11.65992259979248,18.196115493774414,15.133658409118652,13.019828796386719,6.000945568084717,18.584766387939453,10.160972595214844,
1999-08-17,,,,,,,7.451404571533203,12.083364486694336,18.449928283691406,15.203502655029297,13.086554527282715,6.066376686096191,18.81629180908203,10.13785171508789,
1999-08-18,,,,,,,7.396646022796631,11.95482349395752,18.274215698242188,15.028884887695312,12.90306282043457,6.028988361358643,18.942569732666016,10.103172302246094,
1999-08-19,,,,,,,7.447491645812988,11.796035766601562,18.039939880371094,14.87755012512207,12.986459732055664,5.960438251495361,18.858379364013672,10.016474723815918,
1999-08-20,,,,,,,7.470961570739746,11.962386131286621,18.22541618347168,14.924117088317871,13.245019912719727,5.944860935211182,18.81629180908203,10.126294136047363,
1999-08-23,,,,,,,7.510076522827148,12.279975891113281,18.615877151489258,15.267539024353027,13.536949157714844,5.972900867462158,18.99518394470215,10.288124084472656,
1999-08-24,,,,,,,7.463141918182373,12.310210227966309,18.625642776489258,15.50617790222168,13.478569030761719,5.957322597503662,18.732105255126953,10.276567459106445,
1999-08-25,,,,,,,7.427933692932129,12.211922645568848,18.830644607543945,15.832144737243652,13.878920555114746,6.041446685791016,19.110952377319336,10.38060474395752,
1999-08-26,,,,,,,7.236273765563965,11.932141304016113,18.73301887512207,15.640063285827637,13.65371322631836,6.044565200805664,18.963619232177734,10.178309440612793,
1999-08-27,,,,,,,7.232358932495117,11.735538482666016,18.518268585205078,15.552751541137695,13.478569030761719,5.963552474975586,18.82681655883789,10.13785171508789,
1999-08-30,,,,,,,7.134573936462402,11.349893569946289,18.04969024658203,15.296632766723633,13.495248794555664,5.882544994354248,18.374300003051758,9.918218612670898,
1999-08-31,,,,,,,7.232358932495117,11.33477783203125,18.08873748779297,15.430514335632324,13.378479957580566,5.8358073234558105,18.311147689819336,9.802620887756348,
1999-09-01,,,,,,,7.212800979614258,11.387709617614746,18.137550354003906,15.512004852294922,13.328433990478516,5.8576178550720215,18.332199096679688,9.814184188842773,
1999-09-02,,,,,,,7.134573936462402,11.168423652648926,17.98135757446289,15.4537992477417,13.311751365661621,5.776607513427734,18.14277458190918,9.698583602905273,
1999-09-03,,,,,,,7.220624923706055,11.735538482666016,18.420656204223633,16.018400192260742,13.54529094696045,5.8856611251831055,18.721582412719727,9.964456558227539,
1999-09-07,,,,,,,7.353614330291748,11.417952537536621,18.625642776489258,16.02420997619629,13.445208549499512,5.845155715942383,18.942569732666016,9.808403968811035,
1999-09-08,,,,,,,7.3770880699157715,11.34233283996582,18.684223175048828,15.913626670837402,13.453546524047852,5.761032581329346,18.858379364013672,9.756382942199707,
1999-09-09,,,,,,,7.541370868682861,11.206233024597168,18.54755401611328,16.05332374572754,13.261701583862305,5.782840728759766,18.732105255126953,9.79106330871582,
1999-09-10,,,,,,,7.517902374267578,11.289411544799805,18.49873924255371,16.227937698364258,13.27839183807373,5.80465030670166,18.837345123291016,9.976014137268066,
1999-09-13,,,,,,,7.40055513381958,11.18354320526123,18.362071990966797,16.006757736206055,13.261701583862305,5.8576178550720215,18.805761337280273,9.947123527526855,
1999-09-14,,,,,,,7.31842041015625,10.979381561279297,18.196115493774414,16.181379318237305,13.04484748840332,5.860734462738037,18.616331100463867,9.895099639892578,
1999-09-15,,,,,,,7.212800979614258,10.926446914672852,18.22541618347168,15.843782424926758,12.944756507873535,5.866965293884277,18.43743896484375,9.808403968811035,
1999-09-16,,,,,,,7.208891868591309,10.888640403747559,18.059452056884766,15.773935317993164,12.97812557220459,5.8358073234558105,18.44796371459961,9.600323677062988,
1999-09-17,,,,,,,7.276945114135742,11.122321128845215,18.357328414916992,16.088247299194336,12.99919605255127,5.912013530731201,18.974138259887695,9.735581398010254,
1999-09-20,,,,,,,7.166925430297852,10.993343353271484,18.376882553100586,16.1580867767334,13.04935073852539,5.880617141723633,18.742633819580078,9.724004745483398,
1999-09-21,,,,,,,6.931171417236328,10.818843841552734,18.142152786254883,15.826315879821777,12.823637962341309,5.802125453948975,18.405864715576172,9.504056930541992,
1999-09-22,,,,,,,6.939033031463623,10.811259269714355,18.083473205566406,15.855422019958496,12.815278053283691,5.912013530731201,18.363771438598633,9.608247756958008,
1999-09-23,,,,,,,6.860446453094482,10.727797508239746,17.936777114868164,15.273351669311523,12.514341354370117,5.858639717102051,18.163820266723633,9.654548645019531,
1999-09-24,,,,,,,6.789722919464111,10.803669929504395,17.55535316467285,15.308282852172852,12.447454452514648,5.773870468139648,17.87969207763672,9.457756042480469,
1999-09-27,,,,,,,6.852591514587402,10.621586799621582,17.780282974243164,15.465435028076172,12.405658721923828,5.858639717102051,18.016490936279297,9.619817733764648,
1999-09-28,,,,,,,6.742571830749512,10.60641860961914,17.56513214111328,15.535285949707031,12.221749305725098,5.7927069664001465,17.848106384277344,9.59088134765625,
1999-09-29,,,,,,,6.832943439483643,10.530542373657227,17.662931442260742,15.250073432922363,11.904080390930176,5.868057727813721,17.900732040405273,9.5214204788208,
1999-09-30,,,,,,,6.899741172790527,10.7429780960083,17.995447158813477,15.366488456726074,12.171590805053711,5.984228610992432,18.058578491210938,9.6603364944458,
1999-10-01,,,,,,,6.876165390014648,10.560887336730957,17.75094985961914,15.273351669311523,12.372220993041992,5.943411827087402,17.99544334411621,9.71242904663086,
1999-10-04,,,,,,,6.797576427459717,10.962997436523438,18.06390953063965,15.645881652832031,12.514341354370117,6.040744781494141,18.26905632019043,10.024984359741211,
1999-10-05,,,,,,,6.648264408111572,11.008514404296875,17.87809181213379,15.739008903503418,12.363856315612793,5.880617141723633,18.02701187133789,10.042349815368652,
1999-10-06,,,,,,,6.766148090362549,11.198187828063965,18.13237762451172,15.931087493896484,12.84871768951416,5.968528747558594,18.47953224182129,10.152324676513672,
1999-10-07,,,,,,,6.6404128074646,11.091978073120117,18.151935577392578,15.849600791931152,12.74839973449707,5.883756637573242,18.311147689819336,10.123385429382324,
1999-10-08,,,,,,,6.565755367279053,11.289226531982422,18.396446228027344,15.837964057922363,13.091150283813477,5.927712917327881,18.511106491088867,10.412792205810547,
1999-10-11,,,,,,,6.6639862060546875,11.167841911315918,18.425779342651367,15.995115280151367,13.107865333557129,5.890038013458252,18.458478927612305,10.488032341003418,
1999-10-12,,,,,,,6.699353218078613,10.955411911010742,18.044355392456055,15.709916114807129,12.857075691223145,5.773870468139648,18.14277458190918,10.27387523651123,
1999-10-13,,,,,,,6.742571830749512,10.629172325134277,17.535785675048828,15.296632766723633,12.606283187866211,5.827244281768799,17.742874145507812,10.152324676513672,
1999-10-14,,,,,,,6.718996524810791,10.614001274108887,17.3597469329834,15.209327697753906,12.639734268188477,5.864920616149902,17.679731369018555,10.007619857788086,
1999-10-15,,,,,,,6.620764255523682,10.136029243469238,17.115238189697266,14.84844970703125,12.179951667785645,5.726771831512451,17.374553680419922,9.752950668334961,
1999-10-18,,,,,,,6.632553577423096,10.462262153625488,16.782716751098633,14.714578628540039,12.405658721923828,5.770730495452881,17.290361404418945,9.81661605834961,
1999-10-19,,,,,,,6.652198791503906,10.682282447814941,16.792491912841797,14.481751441955566,12.932319641113281,5.701656818389893,17.300874710083008,9.915010452270508,
1999-10-20,,,,,,,6.789722919464111,10.871959686279297,16.93920135498047,15.063814163208008,12.982468605041504,5.711075782775879,17.721832275390625,10.088656425476074,
1999-10-21,,,,,,,6.821154594421387,10.925061225891113,16.753381729125977,14.81934642791748,13.074423789978027,5.623161792755127,17.75339698791504,10.00183391571045,
1999-10-22,,,,,,,6.935105323791504,11.380266189575195,17.20326042175293,14.854273796081543,13.158025741577148,5.692237854003906,17.97439956665039,10.262299537658691,
1999-10-25,,,,,,,6.821154594421387,11.28164291381836,17.17392349243164,14.895012855529785,13.007550239562988,5.629444122314453,17.97439956665039,10.082874298095703,
1999-10-26,,,,,,,6.6639862060546875,11.107144355773926,17.066347122192383,14.900833129882812,12.840350151062012,5.663979530334473,17.848106384277344,9.833976745605469,
1999-10-27,,,,,,,6.718996524810791,11.653395652770996,17.125022888183594,14.883373260498047,12.99919605255127,5.8115458488464355,17.848106384277344,9.862918853759766,
1999-10-28,,,,,,,6.750428199768066,12.480362892150879,17.516225814819336,15.267539024353027,13.233259201049805,6.0281805992126465,18.616331100463867,10.233360290527344,
1999-10-29,,,,,,,6.797576427459717,12.412089347839355,17.6042537689209,15.832144737243652,13.283416748046875,6.015624046325684,18.974138259887695,10.516980171203613,
1999-11-01,,,,,,,6.793652534484863,12.260344505310059,17.154367446899414,15.808853149414062,13.308499336242676,6.072137355804443,18.98466682434082,10.441732406616211,
1999-11-02,,,,,,,6.730783462524414,12.245176315307617,17.36952018737793,15.739008903503418,13.04935073852539,6.015624046325684,18.742633819580078,10.366486549377441,
1999-11-03,,,,,,,6.6954193115234375,12.192062377929688,17.252164840698242,15.971832275390625,13.383724212646484,5.946549892425537,18.82681655883789,10.279664993286133,
1999-11-04,,,,,,,6.58933162689209,12.336216926574707,17.20326042175293,16.094058990478516,13.325214385986328,5.915152072906494,19.03728485107422,10.407003402709961,
1999-11-05,,,,,,,6.428229808807373,12.639689445495605,17.291284561157227,16.26868438720703,13.425529479980469,5.965388298034668,18.953094482421875,10.476459503173828,
1999-11-08,,,,,,,6.6718430519104,12.571407318115234,17.32062530517578,16.43166160583496,13.408811569213867,6.0030646324157715,18.98466682434082,10.441732406616211,
1999-11-09,,,,,,,6.813294410705566,12.328622817993164,17.330408096313477,16.2512264251709,13.174737930297852,5.915152072906494,18.858379364013672,10.331755638122559,
1999-11-10,,,,,,,6.9626078605651855,12.138961791992188,17.261947631835938,16.53643035888672,13.183100700378418,5.940271854400635,18.974138259887695,10.372273445129395,
1999-11-11,,,,,,,6.9626078605651855,12.070672988891602,17.330408096313477,16.763439178466797,13.183100700378418,5.9214324951171875,19.19514274597168,10.395426750183105,
1999-11-12,,,,,,,7.009757041931152,12.594165802001953,17.447763442993164,16.8565673828125,13.275052070617676,5.940271854400635,19.573986053466797,10.63852596282959,
1999-11-15,,,,,,,7.0490546226501465,12.586577415466309,17.54556655883789,16.78089714050293,13.21653938293457,5.912013530731201,19.658172607421875,10.655892372131348,
1999-11-16,,,,,,,7.166925430297852,12.927988052368164,17.95633888244629,17.13595962524414,13.46733570098877,5.899454116821289,19.91075325012207,10.702198028564453,
1999-11-17,,,,,,,7.292665004730225,12.654863357543945,18.073705673217773,16.972991943359375,13.4004545211792,5.943411827087402,19.710805892944336,10.609590530395508,
1999-11-18,,,,,,,7.292665004730225,12.616926193237305,18.13237762451172,17.549224853515625,13.46733570098877,5.899454116821289,19.837085723876953,10.655892372131348,
1999-11-19,,,,,,,7.1276326179504395,12.42725658416748,17.91721534729004,17.712203979492188,13.375367164611816,5.902593612670898,19.742368698120117,10.557491302490234,
1999-11-22,,,,,,,7.013688564300537,12.381736755371094,17.83897590637207,17.822799682617188,13.517486572265625,5.8366618156433105,19.531892776489258,10.435944557189941,
1999-11-23,,,,,,,6.868303298950195,12.184481620788574,17.662931442260742,17.665630340576172,13.484050750732422,5.777008056640625,19.20566749572754,10.395426750183105,
1999-11-24,,,,,,,6.954752445220947,12.040325164794922,17.67271614074707,17.939210891723633,13.642881393432617,5.745612144470215,19.479280471801758,10.453304290771484,
1999-11-26,,,,,,,6.852591514587402,11.956868171691895,17.58469581604004,18.07890510559082,13.50912857055664,5.8115458488464355,19.3214111328125,10.580645561218262,
1999-11-29,,,,,,,6.797576427459717,11.668573379516602,17.291284561157227,17.9217472076416,13.500763893127441,5.745612144470215,19.20566749572754,10.67325496673584,
1999-11-30,,,,,,,6.78579044342041,11.865828514099121,17.213043212890625,17.38625144958496,13.325214385986328,5.817823886871338,19.19514274597168,10.522759437561035,
1999-12-01,,,,,,,6.919386863708496,11.774786949157715,17.34996795654297,17.555049896240234,13.275052070617676,5.8460845947265625,19.153045654296875,10.650102615356445,
1999-12-02,,,,,,,6.852591514587402,11.827898025512695,17.31084632873535,17.97413444519043,13.341935157775879,5.8115458488464355,19.3214111328125,10.603796005249023,
1999-12-03,,,,,,,6.821154594421387,12.108609199523926,17.594472885131836,18.486347198486328,13.43388843536377,5.924572467803955,19.700271606445312,10.725347518920898,
1999-12-06,,,,,,,6.817226409912109,11.782373428344727,17.54556655883789,18.614408493041992,13.04935073852539,5.883756637573242,19.816028594970703,10.742711067199707,
1999-12-07,,,,,,,6.687560081481934,11.759615898132324,17.213043212890625,18.66097068786621,12.840350151062012,5.927712917327881,19.763416290283203,10.563278198242188,
1999-12-08,,,,,,,6.758288860321045,11.478897094726562,17.516225814819336,18.463064193725586,12.639734268188477,5.880617141723633,19.95284080505371,10.505400657653809,
1999-12-09,,,,,,,6.813294410705566,11.645808219909668,17.046785354614258,18.41649055480957,12.623008728027344,5.886897563934326,20.258033752441406,10.488032341003418,
1999-12-10,,,,,,,6.616835594177246,11.850651741027832,17.3597469329834,18.509628295898438,12.689887046813965,5.842939853668213,20.13174057006836,10.77743911743164,
1999-12-13,,,,,,,6.65613317489624,11.714094161987305,17.457538604736328,18.631866455078125,12.422374725341797,5.839804172515869,19.99493408203125,11.101579666137695,
1999-12-14,,,,,,,6.6404128074646,11.433382034301758,17.457538604736328,18.276811599731445,12.405658721923828,5.8366618156433105,20.037033081054688,10.95687198638916,
1999-12-15,,,,,,,6.774003028869629,11.403034210205078,17.291284561157227,18.649330139160156,12.623008728027344,5.8617777824401855,19.86865234375,11.008966445922852,
1999-12-16,,,,,,,6.840804576873779,11.152666091918945,17.447763442993164,18.998565673828125,12.305340766906738,5.802125453948975,20.026500701904297,11.252060890197754,
1999-12-17,,,,,,,6.809751510620117,11.239291191101074,17.929292678833008,19.208480834960938,12.341296195983887,5.877049446105957,20.373798370361328,11.196614265441895,
1999-12-20,,,,,,,6.659999370574951,11.147913932800293,17.389251708984375,19.394758224487305,12.181994438171387,5.741182804107666,20.302486419677734,10.872069358825684,
1999-12-21,,,,,,,6.679699420928955,11.361124992370605,17.634719848632812,19.767276763916016,12.064619064331055,5.817016124725342,20.17545509338379,10.918436050415039,
1999-12-22,,,,,,,6.644234657287598,11.361124992370605,17.55617332458496,19.767276763916016,12.299376487731934,5.801215648651123,20.196626663208008,10.941621780395508,
1999-12-23,,,,,,,6.833391189575195,11.543875694274902,17.791818618774414,19.872045516967773,12.508973121643066,5.829653263092041,20.620038986206055,11.156050682067871,
1999-12-27,,,,,,,6.78610372543335,11.452505111694336,17.968563079833984,20.023391723632812,12.592820167541504,5.674829006195068,20.620038986206055,11.266153335571289,
1999-12-28,,,,,,,6.79398250579834,11.406817436218262,18.15511131286621,19.837121963500977,12.492206573486328,5.7253828048706055,20.662384033203125,11.382061958312988,
1999-12-29,,,,,,,6.864918231964111,11.52103042602539,18.29258918762207,20.15726661682129,12.341296195983887,5.640074253082275,20.65180206298828,11.428428649902344,
1999-12-30,,,,,,,6.809751510620117,11.574341773986816,18.331867218017578,20.139808654785156,12.349681854248047,5.640074253082275,20.725894927978516,11.393657684326172,
1999-12-31,,,,,,,6.833391189575195,11.581945419311523,18.60678482055664,20.069957733154297,12.358059883117676,5.690628528594971,20.92702293395996,11.521156311035156,
2000-01-03,,,,,,,6.699405670166016,11.147913932800293,18.125661849975586,20.65203094482422,12.207147598266602,5.551599979400635,20.524782180786133,11.173436164855957,
2000-01-04,,,,,,,6.573296546936035,10.66057300567627,17.62489891052246,19.604291915893555,11.863397598266602,5.38413667678833,20.059030532836914,10.83730411529541,
2000-01-05,,,,,,,6.746695518493652,10.576809883117676,17.546354293823242,19.313262939453125,12.07300090789795,5.520003318786621,19.87908172607422,10.704011917114258,
2000-01-06,,,,,,,7.006788730621338,11.041311264038086,17.782001495361328,18.672969818115234,12.299376487731934,5.510524749755859,19.94258689880371,10.825716018676758,
2000-01-07,,,,,,,7.081664085388184,11.224063873291016,18.459508895874023,18.998939514160156,13.079086303710938,5.557918071746826,20.186044692993164,11.335704803466797,
2000-01-10,,,,,,,7.022552013397217,11.026077270507812,18.459508895874023,19.720714569091797,12.785645484924316,5.576876163482666,22.250171661376953,11.277750015258789,
2000-01-11,,,,,,,7.030433654785156,10.843326568603516,18.223848342895508,19.16192626953125,12.785645484924316,5.516844749450684,21.65740203857422,11.21399974822998,
2000-01-12,,,,,,,6.998908519744873,11.056536674499512,18.00783920288086,19.080425262451172,12.852721214294434,5.459969997406006,21.297504425048828,11.150254249572754,
2000-01-13,,,,,,,7.121077537536621,11.391586303710938,18.35149383544922,19.255054473876953,12.919788360595703,5.4094133377075195,21.9326171875,11.208203315734863,
2000-01-14,,,,,,,7.077723979949951,11.65809440612793,18.223848342895508,19.697429656982422,12.961713790893555,5.453647136688232,21.74207878112793,11.179231643676758,
2000-01-18,,,,,,,7.16442346572876,11.269749641418457,18.204208374023438,19.802196502685547,12.743728637695312,5.431530952453613,21.339841842651367,11.115483283996582,
2000-01-19,,,,,,,7.140779972076416,11.23167610168457,18.145309448242188,19.837121963500977,12.835951805114746,5.4346923828125,21.84794044494629,11.09229564666748,
2000-01-20,,,,,,,7.140779972076416,11.026077270507812,18.02747917175293,19.953550338745117,12.659891128540039,5.459969997406006,21.67856216430664,10.941621780395508,
2000-01-21,,,,,,,7.337817192077637,10.889019012451172,17.801637649536133,19.976818084716797,12.517349243164062,5.6369099617004395,21.63622283935547,10.715601921081543,
2000-01-24,,,,,,,7.077723979949951,10.691032409667969,17.29106330871582,19.324901580810547,12.156845092773438,5.561081409454346,20.99052619934082,10.315716743469238,
2000-01-25,,,,,,,7.061962604522705,10.805253982543945,17.192867279052734,19.738176345825195,12.005928039550781,5.431530952453613,21.138723373413086,10.379471778869629,
2000-01-26,,,,,,,6.9516167640686035,11.208833694458008,17.330341339111328,19.092069625854492,12.114925384521484,5.40625,21.043458938598633,10.454813003540039,
2000-01-27,,,,,,,6.809751510620117,11.33066463470459,17.428525924682617,18.90580177307129,12.341296195983887,5.371494770050049,20.916427612304688,10.425833702087402,
2000-01-28,,,,,,,6.730931282043457,10.934701919555664,16.967031478881836,18.230594635009766,12.240690231323242,5.3430609703063965,20.493030548095703,10.014361381530762,
2000-01-31,,,,,,,6.888561725616455,11.239291191101074,17.084867477416992,18.835960388183594,12.46705436706543,5.5895185470581055,20.39775276184082,10.089698791503906,
2000-02-01,,,,,,,6.872800827026367,11.300206184387207,16.967031478881836,19.231769561767578,12.341296195983887,5.548441410064697,20.662384033203125,10.454813003540039,
2000-02-02,,,,,,,6.916149139404297,11.185988426208496,16.976858139038086,19.371458053588867,12.366446495056152,5.520003318786621,21.170482635498047,10.385266304016113,
2000-02-03,,,,,,,6.833391189575195,11.117453575134277,16.967031478881836,19.93025016784668,12.198765754699707,5.510524749755859,21.361013412475586,10.425833702087402,
2000-02-04,,,,,,,6.636352062225342,11.0032377243042,17.035768508911133,20.1630859375,12.190380096435547,5.482089996337891,21.435110092163086,10.40844440460205,
2000-02-07,,,,,,,6.71122932434082,10.889019012451172,16.7412052154541,20.395923614501953,12.173616409301758,5.4662885665893555,21.08580207824707,10.188224792480469,
2000-02-08,,,,,,,6.652113914489746,11.01085090637207,16.809932708740234,20.582176208496094,12.324530601501465,5.478926181793213,21.31867027282715,10.420039176940918,
2000-02-09,,,,,,,6.431429862976074,10.751949310302734,16.633195877075195,20.32607078552246,12.215535163879395,5.478926181793213,20.93759536743164,10.246176719665527,
2000-02-10,,,,,,,6.56541633605957,10.454976081848145,16.34844970703125,20.809186935424805,11.804720878601074,5.399934768676758,20.757654190063477,10.153450965881348,
2000-02-11,,,,,,,6.48660135269165,10.477824211120605,16.004776000976562,20.256227493286133,11.57834529876709,5.3051438331604,20.768232345581055,10.00856876373291,
2000-02-14,,,,,,,6.5890655517578125,10.569195747375488,16.26007652282715,20.267854690551758,11.637030601501465,5.311463356018066,20.387170791625977,10.060724258422852,
2000-02-15,,,,,,,6.864918231964111,10.584427833557129,16.544815063476562,20.32607078552246,11.896936416625977,5.29882287979126,20.228395462036133,10.083906173706055,
2000-02-16,,,,,,,6.896446228027344,10.363603591918945,16.50554847717285,20.22129249572754,11.729256629943848,5.276703834533691,19.656787872314453,9.689823150634766,
2000-02-17,,,,,,,6.888561725616455,10.234153747558594,16.574283599853516,20.675321578979492,11.553194046020508,5.245106220245361,19.646194458007812,9.411645889282227,
2000-02-18,,,,,,,6.687581539154053,9.86864948272705,16.210983276367188,19.976818084716797,11.419047355651855,5.052366733551025,19.106351852416992,9.272554397583008,
2000-02-22,,,,,,,6.628469944000244,9.96002197265625,16.47608757019043,19.93025016784668,11.603498458862305,5.033409595489502,18.96874237060547,9.295742988586426,
2000-02-23,,,,,,,6.45507287979126,9.921950340270996,16.34844970703125,20.535615921020508,11.351978302001953,4.929137706756592,19.265127182006836,9.266764640808105,
2000-02-24,,,,,,,6.384138584136963,9.716351509094238,16.201160430908203,20.791730880737305,11.117225646972656,4.764832496643066,19.116947174072266,8.971197128295898,
2000-02-25,,,,,,,6.25803279876709,9.655433654785156,15.916412353515625,20.593828201293945,10.840548515319824,4.739553928375244,18.524171829223633,9.005969047546387,
2000-02-28,,,,,,,6.447192192077637,9.96763801574707,15.965513229370117,20.349348068237305,11.050154685974121,4.875422954559326,18.852319717407227,9.330514907836914,
2000-02-29,,,,,,,6.59694242477417,10.03616714477539,16.142248153686523,20.815017700195312,11.008233070373535,4.91018009185791,19.06401252746582,9.527554512023926,
2000-03-01,,,,,,,6.762458801269531,10.173233985900879,16.05388069152832,21.024553298950195,10.907628059387207,5.125039577484131,19.222787857055664,9.417444229125977,
2000-03-02,,,,,,,6.888561725616455,10.112317085266113,16.112794876098633,21.234102249145508,10.93277645111084,5.257748126983643,19.138103485107422,9.405850410461426,
2000-03-03,,,,,,,6.778221607208252,10.203691482543945,16.554636001586914,21.822002410888672,10.874089241027832,5.3051438331604,19.40274429321289,9.579710960388184,
2000-03-06,,,,,,,6.7388153076171875,10.104704856872559,16.48590850830078,21.78708839416504,10.61418628692627,5.156635761260986,19.02168083190918,9.353693008422852,
2000-03-07,,,,,,,7.203829765319824,9.8001127243042,15.828047752380371,21.18754768371582,10.044069290161133,5.0966033935546875,18.672361373901367,9.092905044555664,
2000-03-08,,,,,,,7.085603713989258,9.685894012451172,15.994964599609375,21.56006622314453,10.354279518127441,5.1313581466674805,18.577104568481445,9.203014373779297,
2000-03-09,,,,,,,7.093488693237305,9.739197731018066,16.161893844604492,22.211999893188477,10.630952835083008,5.172434329986572,19.011091232299805,9.38846492767334,
2000-03-10,,,,,,,6.998908519744873,9.769654273986816,16.201160430908203,22.25855255126953,10.505184173583984,5.172434329986572,18.852319717407227,9.260967254638672,
2000-03-13,,,,,,,6.896446228027344,9.86864948272705,15.955696105957031,21.932600021362305,10.337508201599121,5.188234329223633,18.71470069885254,9.185628890991211,
2000-03-14,,,,,,,6.983144760131836,9.830571174621582,15.867319107055664,21.432016372680664,10.27882194519043,5.153478622436523,18.76762580871582,9.203014373779297,
2000-03-15,,,,,,,6.9516167640686035,10.432126998901367,16.50554847717285,21.059480667114258,10.93277645111084,5.181915283203125,18.862895965576172,9.759368896484375,
2000-03-16,,,,,,,7.251120090484619,11.33066463470459,17.399072647094727,21.792905807495117,11.402280807495117,5.38413667678833,19.836727142333984,10.477991104125977,
2000-03-17,,,,,,,7.030263423919678,11.334031105041504,17.375919342041016,22.305126190185547,11.354779243469238,5.427453994750977,19.857908248901367,10.504240989685059,
2000-03-20,,,,,,,6.919551849365234,11.120034217834473,17.474308013916016,22.211999893188477,11.253849029541016,5.405168533325195,20.23897361755371,10.405521392822266,
2000-03-21,,,,,,,7.140976905822754,11.525091171264648,17.84820556640625,22.794069290161133,11.464118957519531,5.370154857635498,20.365997314453125,10.521659851074219,
2000-03-22,,,,,,,7.085620880126953,11.62445068359375,17.769489288330078,23.189882278442383,11.371598243713379,5.24600887298584,20.884679794311523,10.475204467773438,
2000-03-23,,,,,,,7.077713489532471,12.02951431274414,18.182735443115234,23.63225746154785,11.279081344604492,5.335139274597168,20.969362258911133,10.504240989685059,
2000-03-24,,,,,,,7.093528747558594,12.167078018188477,18.290966033935547,23.835981369018555,11.077218055725098,5.284205913543701,21.14930534362793,10.539085388183594,
2000-03-27,,,,,,,7.11725378036499,11.769662857055664,18.06467056274414,24.028076171875,10.93422794342041,5.357422828674316,21.00111198425293,10.510046005249023,
2000-03-28,,,,,,,7.085620880126953,11.861374855041504,18.015472412109375,23.44599723815918,11.060386657714844,5.331954479217529,21.02229118347168,10.544882774353027,
2000-03-29,,,,,,,7.457300662994385,11.769662857055664,18.241771697998047,22.75914192199707,11.329545974731445,5.427453994750977,20.70471954345703,10.753922462463379,
2000-03-30,,,,,,,7.457300662994385,11.792584419250488,18.359832763671875,22.14214324951172,11.480941772460938,5.414721488952637,20.408348083496094,10.992003440856934,
2000-03-31,,,,,,,7.417757987976074,11.869013786315918,18.389352798461914,22.56123924255371,11.422063827514648,5.446550369262695,20.778818130493164,10.875858306884766,
2000-04-03,,,,,,,7.544288158416748,12.442201614379883,18.46807289123535,21.606630325317383,11.9435396194458,5.481568336486816,20.768232345581055,11.201038360595703,
2000-04-04,,,,,,,7.449391841888428,11.945441246032715,18.26144790649414,21.397090911865234,12.279988288879395,5.557969570159912,20.535362243652344,11.061674118041992,
2000-04-05,,,,,,,7.227965354919434,11.853731155395508,18.192564010620117,21.536785125732422,12.111760139465332,5.631183624267578,20.39775276184082,11.079097747802734,
2000-04-06,,,,,,,7.417757987976074,11.983649253845215,18.35000228881836,21.816181182861328,11.893080711364746,5.666195869445801,20.78940200805664,11.195230484008789,
2000-04-07,,,,,,,7.303096294403076,11.739092826843262,18.625499725341797,22.56123924255371,11.741674423217773,5.650282859802246,20.842327117919922,11.195230484008789,
2000-04-10,,,,,,,7.196335792541504,12.075366020202637,18.655012130737305,21.746334075927734,12.03606128692627,5.637551307678223,20.70471954345703,11.456531524658203,
2000-04-11,,,,,,,7.322864055633545,12.22822380065918,18.88130760192871,21.210830688476562,12.246337890625,5.783978462219238,20.884679794311523,11.537818908691406,
2000-04-12,,,,,,,7.386127471923828,12.281715393066406,18.546775817871094,19.837121963500977,12.389328002929688,5.834911346435547,20.503602981567383,11.514596939086914,
2000-04-13,,,,,,,7.370309829711914,11.960725784301758,18.595977783203125,19.458772659301758,12.305207252502441,5.8412766456604,19.98492431640625,11.2997465133667,
2000-04-14,,,,,,,7.212151527404785,10.990117073059082,17.375919342041016,18.440155029296875,11.699624061584473,5.627998352050781,18.77821159362793,10.405521392822266,
2000-04-17,,,,,,,7.038172721862793,11.081826210021973,17.799009323120117,19.441312789916992,12.03606128692627,5.542050361633301,18.936992645263672,10.417136192321777,
2000-04-18,,,,,,,7.07375955581665,11.525091171264648,17.86787986755371,20.547256469726562,12.111760139465332,5.557969570159912,19.45566749572754,10.63779067993164,
2000-04-19,,,,,,,7.227965354919434,11.372241020202637,17.93675422668457,19.872045516967773,12.25474739074707,5.608896732330322,19.963762283325195,10.719083786010742,
2000-04-20,,,,,,,7.2398295402526855,11.586234092712402,18.084335327148438,19.697429656982422,12.246337890625,5.627998352050781,20.048431396484375,10.858444213867188,
2000-04-24,,,,,,,7.318908214569092,11.861374855041504,18.104019165039062,19.092069625854492,12.582771301269531,5.780794620513916,19.762638092041016,10.97457504272461,
2000-04-25,,,,,,,7.330770492553711,12.22822380065918,19.048564910888672,20.198007583618164,12.523900032043457,5.952690601348877,20.26014518737793,11.172002792358398,
2000-04-26,,,,,,,7.4256696701049805,11.983649253845215,18.763240814208984,19.81383514404297,12.380915641784668,5.939955711364746,20.47184944152832,11.160387992858887,
2000-04-27,,,,,,,7.528470993041992,11.739092826843262,18.78291893005371,20.430843353271484,12.380915641784668,5.806257724761963,20.34482765197754,10.928119659423828,
2000-04-28,,,,,,,7.3070454597473145,11.983649253845215,18.655012130737305,20.489049911499023,12.0276517868042,5.803080081939697,20.535362243652344,10.649402618408203,
2000-05-01,,,,,,,7.4256696701049805,11.716161727905273,19.087940216064453,20.780088424682617,12.179047584533691,5.803080081939697,20.598873138427734,10.97457504272461,
2000-05-02,,,,,,,7.532426357269287,11.601517677307129,18.89114761352539,20.395923614501953,12.212698936462402,5.592981815338135,20.186044692993164,10.899089813232422,
2000-05-03,,,,,,,7.338681697845459,11.39516544342041,18.26144790649414,19.511167526245117,12.212698936462402,5.612082004547119,19.625036239624023,10.382294654846191,
2000-05-04,,,,,,,7.528470993041992,11.219393730163574,18.290966033935547,19.371458053588867,12.212698936462402,5.602535724639893,19.5615177154541,10.213906288146973,
2000-05-05,,,,,,,7.607548236846924,11.295822143554688,18.61565589904785,19.90115737915039,12.498661041259766,5.615265846252441,19.540355682373047,10.341651916503906,
2000-05-08,,,,,,,7.702447414398193,11.517451286315918,18.605815887451172,19.19684600830078,12.759406089782715,5.653463840484619,19.582687377929688,10.312618255615234,
2000-05-09,,,,,,,7.706404209136963,11.486884117126465,18.458229064941406,18.841773986816406,12.818285942077637,5.634365081787109,19.445077896118164,10.417136192321777,
2000-05-10,,,,,,,7.730127811431885,11.181180000305176,18.271291732788086,17.927919387817383,12.734171867370605,5.742593765258789,19.413331985473633,10.417136192321777,
2000-05-11,,,,,,,7.971324443817139,11.517451286315918,18.72389030456543,18.434326171875,12.717351913452148,5.828541278839111,19.39215850830078,10.510046005249023,
2000-05-12,,,,,,,7.999000072479248,11.647375106811523,18.9501895904541,18.672969818115234,12.549131393432617,5.73622989654541,19.730880737304688,10.66101360321045,
2000-05-15,,,,,,,8.165070533752441,12.167078018188477,19.265043258666992,19.022220611572266,12.860335350036621,5.847645282745361,20.059030532836914,10.695860862731934,
2000-05-16,,,,,,,8.006909370422363,12.09830093383789,19.442142486572266,19.592653274536133,12.801458358764648,5.822175025939941,20.323654174804688,10.777149200439453,
2000-05-17,,,,,,,8.046453475952148,11.891940116882324,19.314233779907227,19.313262939453125,12.843515396118164,5.733047008514404,20.090776443481445,10.521659851074219,
2000-05-18,,,,,,,8.034584045410156,12.044795989990234,19.225683212280273,18.824312210083008,12.818285942077637,5.780794620513916,20.069616317749023,10.730694770812988,
2000-05-19,,,,,,,8.05040454864502,11.830805778503418,18.694364547729492,18.09090232849121,12.910804748535156,5.672563552856445,19.540355682373047,10.457785606384277,
2000-05-22,,,,,,,7.983188152313232,11.983649253845215,18.36968421936035,18.00940704345703,12.868753433227539,5.710760593414307,19.318063735961914,10.301004409790039,
2000-05-23,,,,,,,7.951549053192139,12.060080528259277,18.290966033935547,17.136295318603516,12.801458358764648,5.605713367462158,19.15928840637207,10.25455093383789,
2000-05-24,,,,,,,7.9594645500183105,12.212931632995605,18.556617736816406,17.811506271362305,13.079022407531738,5.701211929321289,19.286304473876953,10.06873893737793,
2000-05-25,,,,,,,7.813163757324219,11.907228469848633,18.222087860107422,17.520465850830078,13.045376777648926,5.605713367462158,19.138103485107422,9.975828170776367,
2000-05-26,,,,,,,7.817115306854248,11.861374855041504,18.123693466186523,17.578672409057617,13.08743667602539,5.717130661010742,18.989919662475586,9.766796112060547,
2000-05-30,,,,,,,7.927826881408691,12.105937957763672,18.448392868041992,18.71954345703125,13.011736869812012,5.758510112762451,19.773229598999023,9.84228229522705,
2000-05-31,,,,,,,8.165070533752441,12.251152038574219,18.5762996673584,18.35865592956543,12.885567665100098,5.790343284606934,19.98492431640625,10.074551582336426,
2000-06-01,,,,,,,8.089941024780273,12.65620231628418,18.72389030456543,19.185203552246094,12.919206619262695,5.83172607421875,19.857908248901367,10.150032043457031,
2000-06-02,,,,,,,7.813163757324219,13.17590045928955,18.86163902282715,20.058313369750977,12.473434448242188,5.812626838684082,20.34482765197754,10.428752899169922,
2000-06-05,,,,,,41.901123046875,7.702447414398193,12.877839088439941,18.832117080688477,20.116531372070312,12.456610679626465,5.678929805755615,20.281312942504883,10.370681762695312,
2000-06-06,,,,,,40.176246643066406,8.002951622009277,12.595062255859375,18.694364547729492,19.837121963500977,12.498661041259766,5.812626838684082,20.111949920654297,10.039706230163574,
2000-06-07,,,,,,40.83964920043945,7.900147438049316,12.778484344482422,18.605815887451172,20.209659576416016,12.633246421813965,5.834911346435547,20.059030532836914,10.039706230163574,
2000-06-08,,,,,,41.025413513183594,7.939690113067627,12.564494132995605,18.310644149780273,20.116531372070312,12.633246421813965,5.8699235916137695,19.900249481201172,9.940995216369629,
2000-06-09,,,,,,41.87458038330078,7.888288497924805,12.350499153137207,18.379512786865234,20.1630859375,12.776227951049805,5.943138599395752,20.196626663208008,9.778409004211426,
2000-06-12,,,,,,40.255855560302734,8.066216468811035,12.457489013671875,18.399194717407227,19.743989944458008,12.759406089782715,5.917674541473389,20.006099700927734,9.534526824951172,
2000-06-13,,,,,,41.954193115234375,8.066216468811035,12.442201614379883,18.4779109954834,20.1630859375,12.902396202087402,6.045004367828369,19.730880737304688,9.72033977508545,
2000-06-14,,,,,,40.14971160888672,8.05435562133789,12.65620231628418,18.43856430053711,19.790552139282227,13.070610046386719,6.019538879394531,20.069616317749023,9.755181312561035,
2000-06-15,,,,,,40.49468231201172,7.939690113067627,12.358144760131836,18.61565589904785,20.18637466430664,13.314526557922363,5.987706661224365,20.641212463378906,9.731953620910645,
2000-06-16,,,,,,40.760047912597656,8.073444366455078,11.779655456542969,18.289344787597656,20.256227493286133,13.067076683044434,5.92081356048584,20.408348083496094,9.622580528259277,
2000-06-19,,12.856962203979492,,,,43.519840240478516,8.005900382995605,12.086416244506836,18.102020263671875,20.896501541137695,13.09237289428711,6.017035007476807,20.535362243652344,9.610943794250488,
2000-06-20,,12.911441802978516,,,,44.156715393066406,7.962193489074707,11.933032989501953,17.540029525756836,20.954713821411133,12.864749908447266,5.952888011932373,20.503602981567383,9.401497840881348,
2000-06-21,,12.974527359008789,,,,44.342472076416016,8.105228424072266,11.841005325317383,17.609045028686523,21.14097785949707,13.11766529083252,5.972131729125977,20.408348083496094,9.337508201599121,
2000-06-22,,12.98026180267334,,,,42.139949798583984,7.890680313110352,11.833333015441895,17.22452163696289,20.489049911499023,12.831026077270508,5.933644771575928,20.365997314453125,9.296781539916992,
2000-06-23,,12.98026180267334,,,,41.39692306518555,7.990009784698486,11.748976707458496,17.411848068237305,20.052499771118164,12.982776641845703,5.952888011932373,19.98492431640625,9.354959487915039,
2000-06-26,,12.799617767333984,,,,41.39692306518555,7.926441669464111,11.933032989501953,17.825952529907227,20.18637466430664,13.151378631591797,5.933644771575928,19.794397354125977,9.354959487915039,
2000-06-27,,12.983122825622559,,,,40.07010269165039,7.87081241607666,12.048069953918457,17.904829025268555,19.988462448120117,13.35370922088623,5.773272514343262,19.75205421447754,9.622580528259277,
2000-06-28,,12.983122825622559,,,,40.28239440917969,7.803269386291504,11.956039428710938,18.131593704223633,20.18637466430664,13.35370922088623,5.8213887214660645,19.667367935180664,9.587669372558594,
2000-06-29,,12.983122825622559,,,,39.353614807128906,7.819162368774414,11.948370933532715,17.81609535217285,19.790552139282227,13.471739768981934,5.728368282318115,19.963762283325195,9.42477035522461,
2000-06-30,,12.983122825622559,,,,39.9108772277832,7.715864181518555,11.656943321228027,17.845666885375977,20.18637466430664,13.61505126953125,5.593661308288574,20.027273178100586,9.529497146606445,
2000-07-03,,13.057674407958984,,,,40.813114166259766,7.763537406921387,11.871681213378906,18.082292556762695,20.32607078552246,13.640350341796875,5.760446071624756,19.98492431640625,9.657482147216797,
2000-07-05,,13.178095817565918,,,,37.62874221801758,7.441712379455566,12.002057075500488,17.924545288085938,19.67413902282715,13.674071311950684,5.811761379241943,20.111949920654297,9.773842811584473,
2000-07-06,,13.218235969543457,,,,39.16786193847656,7.517202854156494,12.094085693359375,17.87525177001953,19.976818084716797,13.690926551818848,5.81817626953125,20.069616317749023,9.84365177154541,
2000-07-07,,13.315729141235352,,,,40.44161605834961,7.552962303161621,12.301148414611816,17.963977813720703,20.302793502807617,13.598194122314453,5.879118919372559,20.23897361755371,10.320710182189941,
2000-07-10,,13.304254531860352,,,,40.38853454589844,7.588719844818115,12.331822395324707,17.98369789123535,20.081592559814453,13.72464656829834,5.879118919372559,20.069616317749023,10.471972465515137,
2000-07-11,,13.2985258102417,,,,39.75165939331055,7.85889196395874,12.39317798614502,18.32878303527832,19.918617248535156,13.73307991027832,5.82459020614624,19.847326278686523,10.547603607177734,
2000-07-12,,13.235451698303223,,,,40.73351287841797,7.75559139251709,12.569563865661621,18.397804260253906,20.430843353271484,13.454878807067871,5.850249290466309,20.21780776977539,10.576691627502441,
2000-07-13,,13.22397518157959,,,,41.76844024658203,7.63640022277832,12.446858406066895,18.545696258544922,20.82664680480957,13.252552032470703,5.875909805297852,20.281312942504883,10.378884315490723,
2000-07-14,,13.195304870605469,,,,43.04218673706055,7.628451347351074,12.653921127319336,18.733016967773438,21.210830688476562,13.100799560546875,5.795725345611572,20.598873138427734,10.506880760192871,
2000-07-17,,13.252656936645508,,,,43.70560073852539,7.529123306274414,12.416181564331055,18.841476440429688,21.385446548461914,13.168242454528809,5.74761438369751,20.34482765197754,10.448699951171875,
2000-07-18,,13.292787551879883,,,,41.79497528076172,7.596665859222412,12.439192771911621,18.890766143798828,20.954713821411133,13.185099601745605,5.725165367126465,20.027273178100586,10.471972465515137,
2000-07-19,,13.246517181396484,,,,40.30893325805664,7.576798915863037,12.39317798614502,18.733016967773438,20.489049911499023,13.201963424682617,5.782894611358643,20.154296875,10.33816146850586,
2000-07-20,,13.263870239257812,,,,39.672054290771484,7.501311779022217,12.707602500915527,18.95979118347168,20.919782638549805,12.982776641845703,5.689883708953857,20.47184944152832,10.309074401855469,
2000-07-21,,13.454758644104004,,,,38.05332946777344,7.358276844024658,12.669255256652832,18.93021011352539,20.465763092041016,13.016494750976562,5.74761438369751,19.963762283325195,10.285804748535156,
2000-07-24,,13.564665794372559,,,,37.894107818603516,7.282786846160889,12.745945930480957,18.79218101501465,19.965179443359375,13.286270141601562,5.728368282318115,19.773229598999023,10.122905731201172,
2000-07-25,,13.558883666992188,,,,39.40668869018555,7.215240478515625,12.768959999084473,18.831613540649414,20.302793502807617,13.050211906433105,5.776483535766602,19.7838134765625,10.146174430847168,
2000-07-26,,13.752664566040039,,,,37.68181610107422,7.274842262268066,12.707602500915527,18.594995498657227,20.0350284576416,13.058653831481934,5.721953868865967,19.625036239624023,10.111268997192383,
2000-07-27,,13.9059476852417,,,,35.10777282714844,7.525152683258057,12.745945930480957,18.466814041137695,19.45295524597168,13.151378631591797,5.6995038986206055,19.75205421447754,10.192717552185059,
2000-07-28,,13.903058052062988,,,,34.789337158203125,7.469526767730713,12.469871520996094,17.845666885375977,18.731184005737305,13.260978698730469,5.664222717285156,19.540355682373047,9.878556251525879,
2000-07-31,,13.807615280151367,,,,35.9304084777832,7.421847343444824,12.684596061706543,18.12172508239746,19.115358352661133,13.11766529083252,5.680261611938477,19.730880737304688,9.680754661560059,
2000-08-01,,14.099730491638184,,,,34.73626708984375,7.560907363891602,12.768959999084473,18.2597713470459,18.894166946411133,13.556035995483398,5.805347442626953,19.900249481201172,9.82038402557373,
2000-08-02,,14.125763893127441,,,,34.39129638671875,7.703939914703369,12.753618240356445,18.180891036987305,18.812681198120117,13.547609329223633,5.901568412780762,19.98492431640625,9.82038402557373,
2000-08-03,,14.021641731262207,,,,34.33821105957031,7.596665859222412,13.09106159210205,18.21046257019043,19.173561096191406,13.62348461151123,5.911190032958984,20.090776443481445,9.773842811584473,
2000-08-04,,13.801827430725098,,,,33.40943908691406,7.628451347351074,13.59721565246582,18.437236785888672,19.173561096191406,13.522323608398438,5.879118919372559,20.503602981567383,9.733118057250977,
2000-08-07,,13.801827430725098,,,,34.39129638671875,7.727780342102051,13.635562896728516,18.979511260986328,19.569364547729492,13.35370922088623,5.994582176208496,20.34482765197754,9.994912147521973,
2000-08-08,,13.824967384338379,,,,34.41783142089844,7.743671894073486,13.635562896728516,19.147117614746094,19.604291915893555,13.412725448608398,5.8374223709106445,20.408348083496094,10.291621208190918,
2000-08-09,,13.836533546447754,,,,35.42620849609375,7.882730007171631,13.543526649475098,19.314733505249023,19.67413902282715,12.864749908447266,5.7444071769714355,20.21780776977539,10.111268997192383,
2000-08-10,,13.9059476852417,,,,34.57704544067383,7.954248905181885,13.466839790344238,19.265439987182617,19.255054473876953,13.09237289428711,5.7444071769714355,20.26014518737793,9.82038402557373,
2000-08-11,,13.929083824157715,,,,35.10777282714844,7.946300506591797,13.67391300201416,19.482336044311523,19.324901580810547,13.185099601745605,5.808553695678711,20.387170791625977,9.960010528564453,
2000-08-14,,13.96379280090332,,,,37.25722885131836,8.057548522949219,13.850290298461914,19.679540634155273,19.720714569091797,13.227255821228027,5.843835353851318,20.620038986206055,10.088000297546387,
2000-08-15,,13.882811546325684,,,,38.477901458740234,8.025766372680664,13.59721565246582,19.433046340942383,19.767276763916016,13.201963424682617,5.882325172424316,20.514184951782227,9.797112464904785,
2000-08-16,,13.929083824157715,,,,39.59244155883789,8.137011528015137,13.436168670654297,19.344316482543945,19.790552139282227,13.3368558883667,5.798930644989014,20.21780776977539,9.605122566223145,
2000-08-17,,13.949333190917969,,,,40.361995697021484,8.327725410461426,13.612550735473633,19.44291114807129,20.1630859375,13.260978698730469,5.721953868865967,20.408348083496094,9.610943794250488,
2000-08-18,,13.824967384338379,,,,41.370384216308594,8.232369422912598,13.512852668762207,19.38374900817871,20.18637466430664,13.100799560546875,5.754028797149658,20.408348083496094,9.738938331604004,
2000-08-21,,13.772908210754395,,,,40.33546829223633,8.264151573181152,13.620224952697754,19.659812927246094,20.279495239257812,13.235686302185059,5.7925190925598145,20.47184944152832,9.506224632263184,
2000-08-22,,13.81340217590332,,,,40.73351287841797,8.240316390991211,13.7659330368042,19.620384216308594,20.279495239257812,13.185099601745605,5.721953868865967,20.21780776977539,9.692392349243164,
2000-08-23,,13.663003921508789,,,,42.35223388671875,8.454863548278809,13.589547157287598,19.521785736083984,20.4774112701416,13.269408226013184,5.766857147216797,20.23897361755371,9.6342134475708,
2000-08-24,,13.567554473876953,,,,42.139949798583984,8.27209758758545,13.56654167175293,19.728836059570312,20.669496536254883,13.185099601745605,5.754028797149658,20.186044692993164,9.6342134475708,
2000-08-25,,13.547307014465332,,,,41.60921859741211,8.295938491821289,13.382487297058105,19.817567825317383,20.599651336669922,13.235686302185059,5.74761438369751,20.524782180786133,9.721480369567871,
2000-08-28,,13.567554473876953,,,,41.821510314941406,8.327725410461426,13.635562896728516,20.083768844604492,20.76844596862793,13.193538665771484,5.850249290466309,20.323654174804688,9.564399719238281,
2000-08-29,,13.443191528320312,,,,41.503074645996094,8.335673332214355,13.497526168823242,19.95560646057129,20.791730880737305,12.991205215454102,5.798930644989014,20.41892433166504,9.523679733276367,
2000-08-30,,13.512603759765625,,,,41.105018615722656,8.264151573181152,13.620224952697754,19.768260955810547,20.65203094482422,12.932197570800781,5.856666088104248,20.55653190612793,9.413140296936035,
2000-08-31,,13.59936809539795,,,,41.901123046875,8.232369422912598,13.972992897033691,19.916160583496094,21.059480667114258,12.957481384277344,5.901568412780762,20.42951011657715,9.279329299926758,
2000-09-01,,13.518391609191895,,,,41.5561408996582,8.315805435180664,13.742924690246582,20.093629837036133,21.071123123168945,12.881608963012695,5.972131729125977,20.408348083496094,9.465500831604004,
2000-09-05,,13.605157852172852,,,,40.38853454589844,8.315805435180664,13.911650657653809,20.093629837036133,20.593828201293945,12.839460372924805,5.994582176208496,20.006099700927734,9.564399719238281,
2000-09-06,,13.712169647216797,,,,37.81450271606445,8.498570442199707,14.019007682800293,20.19222068786621,20.069957733154297,12.67928409576416,6.068353176116943,19.921422958374023,9.704026222229004,
2000-09-07,,13.697709083557129,,,,39.06171417236328,8.45883846282959,13.903972625732422,20.073917388916016,20.395923614501953,12.7973051071167,6.068353176116943,19.762638092041016,9.622580528259277,
2000-09-08,,13.958006858825684,,,,37.204166412353516,8.35951042175293,14.218406677246094,19.837282180786133,19.743989944458008,12.78887939453125,6.2607951164245605,19.773229598999023,9.802931785583496,
2000-09-11,,14.03898811340332,,,,36.62035369873047,8.625710487365723,14.502161979675293,19.73868751525879,19.231769561767578,12.847893714904785,6.4051289558410645,19.847326278686523,9.983274459838867,
2000-09-12,,14.10262680053711,,,,35.744651794433594,8.613791465759277,14.479158401489258,19.679540634155273,18.952373504638672,12.94904899597168,6.389087200164795,19.836727142333984,9.983274459838867,
2000-09-13,,14.067913055419922,,,,36.03655242919922,8.470760345458984,14.38712215423584,19.73868751525879,19.13863182067871,12.94904899597168,6.344186305999756,20.048431396484375,9.983274459838867,
2000-09-14,,14.044775009155273,,,,36.01001739501953,8.446917533874512,14.333440780639648,19.718971252441406,19.24341583251953,12.814167022705078,6.2607951164245605,19.836727142333984,9.925104141235352,
2000-09-15,,14.056346893310547,,,,35.13431167602539,8.666994094848633,14.09984302520752,19.21910858154297,18.911632537841797,12.795214653015137,6.319216251373291,19.75205421447754,9.838923454284668,
2000-09-18,,13.865455627441406,,,,34.39129638671875,8.682954788208008,13.630626678466797,19.001611709594727,18.48670768737793,12.812135696411133,6.280409336090088,19.72030258178711,9.640632629394531,
2000-09-19,,13.908843994140625,,,,36.96532440185547,8.451520919799805,13.922924995422363,18.78411293029785,19.208480834960938,12.829063415527344,6.176919937133789,19.593271255493164,9.477328300476074,
2000-09-20,,13.882811546325684,,,,37.25722885131836,8.283921241760254,13.722928047180176,18.882972717285156,19.27833366394043,12.727514266967773,6.066961765289307,19.212209701538086,9.290699005126953,
2000-09-21,,13.871249198913574,,,,35.77118682861328,8.220077514648438,13.569084167480469,18.94228744506836,18.882526397705078,13.066007614135742,6.112243175506592,19.39215850830078,9.634798049926758,
2000-09-22,,13.871249198913574,,,,33.170616149902344,8.168206214904785,13.830621719360352,18.803892135620117,18.347017288208008,13.506060600280762,6.267467498779297,19.222787857055664,9.57064437866211,
2000-09-25,,13.855049133300781,,,,31.4234561920166,8.044502258300781,14.053688049316406,19.357528686523438,17.962844848632812,13.387585639953613,6.312747955322266,19.508596420288086,9.424836158752441,
2000-09-26,,13.910577774047852,,,,31.10077476501465,8.236040115356445,13.961387634277344,19.377294540405273,17.584495544433594,13.269108772277832,6.403295516967773,19.508596420288086,9.214877128601074,
2000-09-27,,13.993870735168457,,,,30.782329559326172,8.39166259765625,13.96907901763916,19.21910858154297,17.462268829345703,13.277572631835938,6.3774261474609375,19.180444717407227,9.302362442016602,
2000-09-28,,14.049405097961426,,,,31.737638473510742,8.359735488891602,14.322922706604004,19.47616195678711,18.06761360168457,13.480664253234863,6.584400653839111,19.74146842956543,9.448164939880371,
2000-09-29,,14.021641731262207,,,,30.187911987304688,8.367719650268555,14.276768684387207,19.337757110595703,17.27599334716797,13.531439781188965,6.68142032623291,19.688547134399414,9.290699005126953,
2000-10-02,,13.892070770263672,,,,29.508573532104492,8.539304733276367,14.47676944732666,19.140024185180664,17.14794158935547,13.506060600280762,6.7202277183532715,19.94258689880371,9.144892692565918,
2000-10-03,,13.716215133666992,,,,29.062763214111328,8.535310745239258,14.461380958557129,19.515701293945312,16.69390869140625,13.506060600280762,6.636141300201416,20.016685485839844,9.214877128601074,
2000-10-04,,13.521854400634766,,,,30.570035934448242,8.283921241760254,14.276768684387207,19.65411376953125,17.14212417602539,13.396044731140137,6.636141300201416,20.17545509338379,9.378181457519531,
2000-10-05,,13.58664608001709,,,,29.805788040161133,8.271950721740723,14.415226936340332,19.67389488220215,16.897645950317383,13.709153175354004,6.694356441497803,20.355409622192383,9.255705833435059,
2000-10-06,,13.558883666992188,,,,28.74432373046875,8.236040115356445,13.81523609161377,19.140024185180664,16.54839515686035,13.63299560546875,6.662017345428467,19.87908172607422,8.964094161987305,
2000-10-09,,13.549623489379883,,,,28.234821319580078,8.363730430603027,13.599852561950684,19.2586612701416,16.455263137817383,13.573759078979492,6.662017345428467,19.75205421447754,9.022417068481445,
2000-10-10,,13.558883666992188,,,,25.619388580322266,8.551274299621582,13.207552909851074,19.001611709594727,15.972145080566406,13.768392562866211,6.649080753326416,19.773229598999023,9.02824878692627,
2000-10-11,,13.45707893371582,,,,25.453800201416016,8.631081581115723,13.230621337890625,18.665477752685547,15.45991039276123,13.751469612121582,6.545591831207275,19.275714874267578,8.77163028717041,
2000-10-12,,13.244211196899414,,,,24.880613327026367,8.762764930725098,12.461411476135254,18.24036407470703,14.924408912658691,13.836087226867676,6.45504093170166,18.6300106048584,8.159250259399414,
2000-10-13,,13.271968841552734,,,,27.491806030273438,8.42757797241211,13.107552528381348,18.803892135620117,16.18169593811035,13.666841506958008,6.552063465118408,18.97933006286621,8.328387260437012,
2000-10-16,,13.438560485839844,,,,25.920841217041016,8.34776782989502,13.222932815551758,19.060928344726562,15.925579071044922,13.861478805541992,6.5908684730529785,18.799373626708984,8.47419548034668,
2000-10-17,,13.253457069396973,,,,24.51122283935547,8.35175895690918,12.861395835876465,18.54684829711914,15.50648307800293,13.979949951171875,6.6781840324401855,17.867881774902344,8.240900993347168,
2000-10-18,,13.191762924194336,,,,24.031444549560547,8.240028381347656,12.715245246887207,18.210695266723633,15.262017250061035,13.971487045288086,6.623208045959473,18.16427230834961,8.39836597442627,
2000-10-19,,13.294901847839355,,,,27.916385650634766,8.279928207397461,13.315241813659668,18.527084350585938,16.618242263793945,13.717619895935059,6.5908684730529785,18.375974655151367,8.74246883392334,
2000-10-20,,13.248022079467773,,,,28.340967178344727,8.443536758422852,13.3690824508667,18.625934600830078,16.86854362487793,13.810705184936523,6.555292129516602,18.757049560546875,8.584997177124023,
2000-10-23,,13.144892692565918,,,,28.99907684326172,8.307862281799316,13.146012306213379,18.843433380126953,16.763771057128906,13.954568862915039,6.694356441497803,19.03224754333496,8.637496948242188,
2000-10-24,,13.032376289367676,,,,27.067214965820312,8.168206214904785,13.476775169372559,19.140024185180664,16.437808990478516,13.996871948242188,6.665249824523926,19.074594497680664,8.643322944641113,
2000-10-25,,12.985492706298828,,,,24.961284637451172,7.968685150146484,13.553707122802734,18.78411293029785,15.279478073120117,14.326904296875,6.623208045959473,18.73587417602539,8.515016555786133,
2000-10-26,,13.023001670837402,,,,26.260509490966797,8.004595756530762,13.115238189697266,18.882972717285156,15.646190643310547,14.352300643920898,6.6005706787109375,19.000497817993164,8.485857009887695,
2000-10-27,,13.182385444641113,,,,26.196823120117188,7.948731899261475,13.546006202697754,18.873098373413086,15.780064582824707,14.191514015197754,6.752566814422607,19.16986846923828,8.567506790161133,
2000-10-30,,13.248022079467773,,,,26.379392623901367,8.0844087600708,14.038311958312988,19.080713272094727,15.56469440460205,14.521541595458984,7.014520645141602,19.540355682373047,8.783291816711426,
2000-10-31,,13.229264259338379,,,,27.916385650634766,8.140275955200195,14.153695106506348,19.772754669189453,16.286468505859375,14.470778465270996,7.069498538970947,19.98492431640625,9.174056053161621,
2000-11-01,,13.285527229309082,,,,26.918615341186523,8.403633117675781,14.092150688171387,19.792526245117188,15.972145080566406,14.45385456085205,7.027456760406494,20.122541427612305,9.249869346618652,
2000-11-02,,13.332402229309082,,,,27.59794807434082,8.108346939086914,14.161380767822266,19.752979278564453,16.38541030883789,14.34383487701416,7.030692100524902,20.302486419677734,9.331520080566406,
2000-11-03,,13.294901847839355,,,,27.38140869140625,8.07642650604248,14.122917175292969,19.59480094909668,16.50765037536621,14.267671585083008,6.998352527618408,20.228395462036133,9.197379112243652,
2000-11-06,,13.332402229309082,,,,27.385656356811523,8.108346939086914,14.315230369567871,19.772754669189453,16.251543045043945,14.538480758666992,6.966013431549072,20.365997314453125,9.319857597351074,
2000-11-07,,13.351150512695312,,,,26.1076602935791,8.172195434570312,14.269073486328125,19.851848602294922,16.367963790893555,14.394620895385742,6.975712776184082,20.4506778717041,9.226547241210938,
2000-11-08,,13.407401084899902,,,,24.05267906188965,8.251999855041504,14.015227317810059,19.72332763671875,15.50648307800293,14.724648475646973,7.011285781860352,20.281312942504883,9.331520080566406,
2000-11-09,,13.304271697998047,,,,23.988990783691406,8.164215087890625,14.115238189697266,19.851848602294922,15.279478073120117,14.741571426391602,7.05009651184082,19.349822998046875,8.969928741455078,
2000-11-10,,13.201139450073242,,,,22.502944946289062,8.188158988952637,13.961387634277344,19.397075653076172,14.435468673706055,14.817737579345703,7.063029766082764,19.275714874267578,8.555838584899902,
2000-11-13,,13.210509300231934,,,,23.4794864654541,8.124313354492188,13.630626678466797,19.04116439819336,14.388900756835938,14.37768840789795,7.095369338989258,18.862895965576172,8.794960975646973,
2000-11-14,,13.34177303314209,,,,24.816926956176758,8.172195434570312,13.707545280456543,19.41684341430664,15.168885231018066,14.55539321899414,6.972476959228516,19.318063735961914,9.057408332824707,
2000-11-15,,13.36990737915039,,,,25.942075729370117,8.331806182861328,13.599852561950684,19.456390380859375,15.273655891418457,14.589250564575195,6.966013431549072,19.413331985473633,9.144892692565918,
2000-11-16,,13.407401084899902,,,,24.54094696044922,8.363730430603027,13.553707122802734,19.555252075195312,14.78471851348877,14.623103141784668,7.046860218048096,19.180444717407227,9.045748710632324,
2000-11-17,,13.347408294677734,,,,24.477258682250977,8.29589557647705,13.446008682250977,19.47616195678711,14.901130676269531,14.623103141784668,6.940141201019287,19.053428649902344,9.039908409118652,
2000-11-20,,13.332402229309082,,,,24.1588191986084,8.255990028381348,13.046004295349121,19.199337005615234,14.295775413513184,14.580789566040039,7.008052825927734,18.94757652282715,8.818281173706055,
2000-11-21,,13.351150512695312,,,,23.64506721496582,8.443536758422852,13.076786041259766,19.43661880493164,14.365617752075195,14.826199531555176,6.940141201019287,18.503002166748047,8.748303413391113,
2000-11-22,,13.294901847839355,,,,23.139820098876953,8.307862281799316,12.761396408081055,19.120258331298828,13.841752052307129,14.775423049926758,6.991882801055908,18.32304573059082,8.654989242553711,
2000-11-24,,13.294901847839355,,,,24.83390998840332,8.42757797241211,12.8537015914917,19.43661880493164,14.388900756835938,14.623103141784668,6.978944778442383,18.407724380493164,8.713309288024902,
2000-11-27,,13.31364917755127,,,,23.4794864654541,8.359735488891602,13.030627250671387,19.47616195678711,14.30740737915039,14.919285774230957,6.930437088012695,18.524171829223633,9.02824878692627,
2000-11-28,,13.360527038574219,,,,21.866065979003906,8.35175895690918,13.169085502624512,19.22901153564453,13.731159210205078,15.080074310302734,7.030692100524902,18.291292190551758,8.993255615234375,
2000-11-29,,13.37927532196045,,,,22.1165714263916,7.98464822769165,13.492156982421875,19.387178421020508,13.667125701904297,15.232396125793457,7.075965881347656,18.33363151550293,9.121565818786621,
2000-11-30,,13.50117015838623,,,,20.380023956298828,7.713307857513428,13.430622100830078,19.10047149658203,12.945356369018555,14.97005844116211,7.066262722015381,18.16427230834961,8.9465970993042,
2000-12-01,,13.510541915893555,,,,20.21868324279785,7.884890079498291,13.353694915771484,19.268550872802734,13.114154815673828,14.750043869018555,6.930437088012695,18.291292190551758,8.958264350891113,
2000-12-04,,13.557416915893555,,,,20.363037109375,8.020561218261719,13.292165756225586,19.792526245117188,13.038485527038574,15.029294967651367,7.004817962646484,18.3018741607666,9.296528816223145,
2000-12-05,,13.557416915893555,,,,22.498699188232422,7.852966785430908,13.845993995666504,20.51423454284668,14.272488594055176,14.910822868347168,7.05009651184082,18.77821159362793,9.518155097961426,
2000-12-06,,13.838691711425781,,,,21.56885528564453,7.789121627807617,13.784466743469238,20.108884811401367,13.876676559448242,14.623103141784668,7.075965881347656,18.97933006286621,9.459830284118652,
2000-12-07,,13.782438278198242,,,,21.135780334472656,7.916807651519775,13.81523609161377,20.04957389831543,13.41683292388916,14.8346586227417,7.072734355926514,18.661773681640625,9.331520080566406,
2000-12-08,,13.913704872131348,,,,23.458255767822266,7.9128217697143555,14.215232849121094,20.395601272583008,14.039656639099121,14.775423049926758,6.901331424713135,19.06401252746582,9.430668830871582,
2000-12-11,,14.01683521270752,,,,25.135360717773438,7.936764240264893,14.330609321594238,20.622982025146484,14.569342613220215,14.572320938110352,6.920737266540527,19.265127182006836,9.3140287399292,
2000-12-12,,14.082459449768066,,,,24.286197662353516,8.028544425964355,14.161380767822266,20.316495895385742,14.272488594055176,14.631566047668457,6.940141201019287,19.30747413635254,9.331520080566406,
2000-12-13,,14.06371784210205,,,,22.651546478271484,8.044502258300781,14.169072151184082,19.960601806640625,13.667125701904297,14.96159553527832,7.111541271209717,19.413331985473633,9.144892692565918,
2000-12-14,,13.988712310791016,,,,22.384056091308594,7.797101020812988,13.761399269104004,19.535472869873047,13.457584381103516,14.851588249206543,7.069498538970947,19.243959426879883,9.115734100341797,
2000-12-15,,14.054339408874512,,,,21.781150817871094,7.888449668884277,13.70419692993164,19.219701766967773,12.922073364257812,14.78470516204834,7.008376598358154,18.757049560546875,8.875452995300293,
2000-12-18,,14.298111915588379,,,,21.759920120239258,8.132587432861328,14.105668067932129,19.577098846435547,12.665962219238281,14.869577407836914,6.996092796325684,18.654560089111328,9.068398475646973,
2000-12-19,,14.307478904724121,,,,21.483943939208984,8.272665023803711,13.951255798339844,19.239561080932617,12.293431282043457,15.013855934143066,6.753262519836426,18.675731658935547,8.852065086364746,
2000-12-20,,14.205995559692383,,,,20.210195541381836,8.028529167175293,13.820003509521484,18.604211807250977,11.373753547668457,15.047819137573242,6.690913200378418,17.828765869140625,8.746822357177734,
2000-12-21,,14.24400520324707,,,,20.167734146118164,8.088566780090332,14.144267082214355,18.713397979736328,11.408677101135254,14.996885299682617,6.651534080505371,17.955799102783203,9.015776634216309,
2000-12-22,,14.186997413635254,,,,21.54762840270996,8.196626663208008,14.260088920593262,19.160146713256836,12.194476127624512,14.937477111816406,6.756543159484863,18.26283836364746,9.167795181274414,
2000-12-26,,14.177496910095215,,,,21.31410789489746,8.540818214416504,14.514863014221191,19.378551483154297,11.990751266479492,15.234529495239258,6.946869373321533,18.29459571838379,8.992385864257812,
2000-12-27,,14.348530769348145,,,,22.35433578491211,8.532812118530273,14.60750961303711,19.69622802734375,12.107168197631836,15.33637523651123,6.946869373321533,18.35810661315918,9.425050735473633,
2000-12-28,,14.557585716247559,,,,21.76841163635254,8.672893524169922,14.754199028015137,19.984132766723633,12.048959732055664,15.565526962280273,6.891087055206299,18.675731658935547,9.541984558105469,
2000-12-29,,14.434053421020508,,,,20.804609298706055,8.500792503356934,14.576631546020508,19.855070114135742,11.664789199829102,15.514601707458496,6.969842910766602,18.4639892578125,9.577070236206055,
2001-01-02,,14.310523986816406,,,,20.507396697998047,8.520807266235352,14.167431831359863,18.971513748168945,10.989585876464844,15.310911178588867,6.864835262298584,17.712299346923828,9.559528350830078,
2001-01-03,,14.481571197509766,,,,23.882837295532227,8.260661125183105,14.931780815124512,19.795503616333008,12.7590913772583,14.606473922729492,6.720446586608887,19.10980987548828,10.313760757446289,
2001-01-04,,14.386545181274414,,,,23.144065856933594,8.004518508911133,14.669280052185059,19.954343795776367,12.887147903442383,14.029345512390137,6.615438938140869,19.670923233032227,10.459936141967773,
2001-01-05,,14.224998474121094,,,,21.759920120239258,8.176612854003906,14.360452651977539,19.378551483154297,12.107168197631836,14.122705459594727,6.549810409545898,19.141565322875977,10.114971160888672,
2001-01-08,,14.205995559692383,,,,22.074111938476562,8.148595809936523,14.213766098022461,19.219701766967773,12.07224178314209,14.216058731079102,6.648257732391357,18.866308212280273,9.980497360229492,
2001-01-09,,14.272518157958984,,,,21.69623374938965,7.984506607055664,13.974418640136719,19.279266357421875,12.339999198913574,14.368826866149902,6.677787780761719,19.09921646118164,9.898640632629395,
2001-01-10,,14.205995559692383,,,,22.630319595336914,8.03653335571289,14.206040382385254,19.457962036132812,12.712526321411133,14.283961296081543,6.661383152008057,19.247440338134766,9.962961196899414,
2001-01-11,,14.224998474121094,,,,23.870100021362305,8.124581336975098,14.236916542053223,19.69622802734375,13.248034477233887,14.003880500793457,6.507154941558838,19.681507110595703,10.050661087036133,
2001-01-12,,14.24400520324707,,,,23.54317283630371,8.072554588317871,13.966696739196777,19.636661529541016,13.050125122070312,13.986910820007324,6.556373596191406,19.94618797302246,10.044812202453613,
2001-01-16,,14.253514289855957,,,,22.715234756469727,8.068553924560547,14.213766098022461,19.825286865234375,12.898789405822754,14.182112693786621,6.451368808746338,20.157934188842773,10.2786865234375,
2001-01-17,,14.314323425292969,,,,23.908315658569336,8.028529167175293,14.236916542053223,19.795503616333008,13.294597625732422,14.020856857299805,6.467773914337158,20.306148529052734,10.138362884521484,
2001-01-18,,14.272518157958984,,,,25.262737274169922,7.876444339752197,14.02846622467041,19.924560546875,13.993087768554688,14.131192207336426,6.582627296447754,20.242633819580078,9.986346244812012,
2001-01-19,,14.329533576965332,,,,25.351898193359375,7.840424060821533,13.928092002868652,19.716079711914062,14.18517780303955,14.020856857299805,6.5629377365112305,19.74503517150879,9.588759422302246,
2001-01-22,,14.310523986816406,,,,24.732006072998047,7.924470901489258,14.175153732299805,19.67637825012207,13.923246383666992,14.105731964111328,6.549810409545898,19.607402801513672,9.951262474060059,
2001-01-23,,14.443561553955078,,,,24.901844024658203,8.048540115356445,14.314123153686523,19.934492111206055,14.156073570251465,14.199090003967285,6.543245792388916,20.062646865844727,10.068198204040527,
2001-01-24,,14.491072654724121,,,,24.85938262939453,8.040535926818848,14.399054527282715,19.825286865234375,14.330693244934082,14.148165702819824,6.553093910217285,19.872089385986328,10.079894065856934,
2001-01-25,,14.51007080078125,,,,23.946529388427734,8.280671119689941,14.530304908752441,19.815364837646484,13.83011245727539,14.44521713256836,6.599032878875732,19.840314865112305,10.237757682800293,
2001-01-26,,14.500575065612793,,,,24.05267906188965,8.140591621398926,14.584359169006348,19.487756729125977,13.923246383666992,14.300941467285156,6.536684989929199,19.639156341552734,10.126667976379395,
2001-01-29,,14.51007080078125,,,,24.689550399780273,8.073677062988281,14.596399307250977,19.56915283203125,14.215679168701172,14.182451248168945,6.638543128967285,19.961435317993164,10.32779598236084,
2001-01-30,,14.56708812713623,,,,25.135360717773438,8.142834663391113,14.724869728088379,19.886837005615234,14.249204635620117,14.345417022705078,6.638543128967285,19.920772552490234,10.357732772827148,
2001-01-31,,14.500575065612793,,,,25.0546932220459,8.229921340942383,14.54203987121582,19.931310653686523,13.89530086517334,14.38343334197998,6.577636241912842,19.798818588256836,10.690767288208008,
2001-02-01,,14.51007080078125,,,,24.901844024658203,8.124903678894043,14.56180191040039,19.670812606811523,13.887846946716309,14.5083589553833,6.657445430755615,20.063072204589844,10.675798416137695,
2001-02-02,,14.453060150146484,,,,23.819149017333984,8.260661125183105,14.601334571838379,19.607276916503906,13.276908874511719,14.600708961486816,6.583937644958496,19.82592010498047,10.473733901977539,
2001-02-05,,14.462567329406738,,,,22.880823135375977,8.427153587341309,14.700154304504395,19.702577590942383,13.194947242736816,14.589834213256836,6.632241725921631,19.812366485595703,10.413865089416504,
2001-02-06,,14.424554824829102,,,,22.931772232055664,8.48094367980957,14.413565635681152,19.79789161682129,13.273184776306152,14.655028343200684,6.672144412994385,19.832691192626953,10.425092697143555,
2001-02-07,,14.339034080505371,,,,22.18450355529785,8.503994941711426,14.378981590270996,19.626338958740234,12.930455207824707,14.682174682617188,6.674245834350586,20.022417068481445,10.447542190551758,
2001-02-08,,14.329533576965332,,,,21.878803253173828,8.550103187561035,14.33945369720459,19.600919723510742,12.740466117858887,14.63873291015625,6.73304557800293,20.144392013549805,10.140700340270996,
2001-02-09,,14.192693710327148,,,,21.611318588256836,8.688423156738281,14.398741722106934,19.137104034423828,12.15186882019043,14.75822925567627,6.724648952484131,19.81915283203125,10.009733200073242,
2001-02-12,,14.185098648071289,,,,22.052881240844727,8.573156356811523,14.601334571838379,19.359487533569336,12.256175994873047,14.883158683776855,6.730947494506836,19.98175811767578,10.290380477905273,
2001-02-13,,14.200299263000488,,,,21.47545051574707,8.555227279663086,14.517332077026367,19.56279945373535,12.047562599182129,14.682174682617188,6.787649154663086,20.002092361450195,10.428829193115234,
2001-02-14,,14.24211597442627,,,,22.931772232055664,8.49375057220459,14.349335670471191,19.359487533569336,12.330681800842285,14.546388626098633,6.674245834350586,19.78527069091797,10.32779598236084,
2001-02-15,,14.293418884277344,,,,23.776695251464844,8.383612632751465,14.349335670471191,19.689868927001953,12.703208923339844,14.416020393371582,6.6847453117370605,19.8665714263916,10.324055671691895,
2001-02-16,,14.263018608093262,,,,22.341604232788086,8.457891464233398,14.35427188873291,19.111698150634766,11.917179107666016,14.464914321899414,6.72254753112793,19.778478622436523,10.193086624145508,
2001-02-20,,14.247811317443848,,,,20.677234649658203,8.409222602844238,13.8255615234375,19.18157958984375,11.276429176330566,14.535516738891602,6.754048824310303,19.75816535949707,10.32779598236084,
2001-02-21,,14.137587547302246,,,,20.464941024780273,8.35286808013916,13.415435791015625,18.946508407592773,10.989585876464844,14.492057800292969,6.674245834350586,19.65652847290039,9.8825044631958,
2001-02-22,,13.968442916870117,,,,20.167734146118164,8.311887741088867,13.509325981140137,18.768598556518555,11.008207321166992,14.38343334197998,6.74564790725708,19.283859252929688,9.729083061218262,
2001-02-23,,14.02735710144043,,,,20.125272750854492,8.206868171691895,13.445094108581543,18.74318504333496,10.926249504089355,14.27479362487793,6.70784854888916,19.229652404785156,9.88998794555664,
2001-02-26,,14.091972351074219,,,394.6548767089844,19.53085708618164,8.296516418457031,13.741560935974121,19.1180477142334,11.101340293884277,14.410587310791016,6.7834553718566895,19.33129119873047,10.193086624145508,
2001-02-27,,14.24211597442627,,,395.4104919433594,18.71565818786621,8.245292663574219,13.889798164367676,19.07357406616211,10.676655769348145,14.4214506149292,6.791851997375488,19.676860809326172,10.140700340270996,
2001-02-28,,14.30102252960205,,,385.5245666503906,17.76883316040039,8.130021095275879,13.563681602478027,18.73683738708496,10.4345121383667,14.470335006713867,6.714148044586182,19.41937828063965,9.927410125732422,
2001-03-01,,14.321934700012207,,,385.1116638183594,18.936439514160156,8.22223949432373,13.578496932983398,18.60340690612793,10.728813171386719,14.334552764892578,6.64064359664917,19.351608276367188,9.766500473022461,
2001-03-02,,14.48347282409668,,,401.6250305175781,19.250627517700195,8.409222602844238,13.598262786865234,18.711416244506836,10.356285095214844,14.470335006713867,6.657445430755615,19.385498046875,9.841340065002441,
2001-03-05,,14.462567329406738,,,408.9185791015625,19.959684371948242,8.455327987670898,13.52908706665039,18.946508407592773,10.57979965209961,14.416020393371582,6.644843101501465,19.277080535888672,9.736568450927734,
2001-03-06,,14.413155555725098,,,415.4554748535156,21.055110931396484,8.49887466430664,13.568620681762695,19.219701766967773,11.026837348937988,14.122705459594727,6.636442184448242,19.34484100341797,9.983538627624512,
2001-03-07,,14.51957893371582,,,428.735107421875,20.889522552490234,8.680737495422363,13.85521125793457,19.44843292236328,11.041733741760254,14.030364990234375,6.604939937591553,19.432926177978516,10.23050594329834,
2001-03-08,,14.54808521270752,,,429.7666931152344,20.889522552490234,8.76782512664795,13.909564018249512,19.56915283203125,10.821941375732422,14.149852752685547,6.7288498878479,19.541322708129883,10.395157814025879,
2001-03-09,,14.519495010375977,,,423.2989501953125,19.526609420776367,8.726845741271973,13.588383674621582,19.156169891357422,10.114140510559082,14.236771583557129,6.611239910125732,19.37194061279297,10.290380477905273,
2001-03-12,,14.328901290893555,,,411.7400817871094,18.766605377197266,8.437397003173828,12.921319007873535,18.107816696166992,9.573976516723633,13.796792030334473,6.686847686767578,18.40300750732422,9.908698081970215,
2001-03-13,,14.346062660217285,,,399.8359680175781,19.70069122314453,8.337502479553223,13.267206192016602,18.13323402404785,10.050808906555176,13.726181983947754,6.531436443328857,18.4097843170166,9.863789558410645,
2001-03-14,,14.21073055267334,,,393.3684387207031,19.48839569091797,8.211997985839844,12.654491424560547,17.752025604248047,9.80494213104248,13.389406204223633,6.306718349456787,18.057445526123047,9.650504112243652,
2001-03-15,,14.18023681640625,,,379.40045166015625,18.95342254638672,8.21711540222168,13.034967422485352,17.669424057006836,9.689457893371582,13.405704498291016,6.418028831481934,18.592741012573242,9.759021759033203,
2001-03-16,,14.084942817687988,,,373.8961486816406,18.367496490478516,8.080179214477539,12.864917755126953,17.210023880004883,9.477116584777832,13.243364334106445,6.3662109375,18.345378875732422,9.561421394348145,
2001-03-19,,14.208826065063477,,,386.2123107910156,19.106271743774414,8.182942390441895,13.013655662536621,17.55408477783203,9.771413803100586,13.395901679992676,6.44658088684082,18.345378875732422,9.673905372619629,
2001-03-20,,14.342245101928711,,,390.06561279296875,17.93866729736328,8.254878044128418,12.65174674987793,17.1972713470459,9.302031517028809,13.07447624206543,6.353517055511475,17.959070205688477,9.69640827178955,
2001-03-21,,14.083032608032227,,,380.9140930175781,18.55006217956543,8.018516540527344,12.28488540649414,16.751253128051758,9.346735000610352,12.747624397277832,6.21181583404541,17.484691619873047,9.636406898498535,
2001-03-22,,13.95343017578125,,,371.41888427734375,20.469186782836914,7.782147407531738,11.96760082244873,16.298864364624023,9.775137901306152,12.616884231567383,6.133557319641113,17.098400115966797,9.336441993713379,
2001-03-23,,13.9972562789917,,,377.6117858886719,20.931983947753906,7.843812465667725,12.473273277282715,16.623815536499023,9.98375415802002,12.91650390625,6.122984886169434,17.484691619873047,9.441431045532227,
2001-03-26,,14.241226196289062,,,386.07476806640625,20.18471908569336,7.946577548980713,12.671568870544434,16.923295974731445,9.853375434875488,13.090826034545898,6.326022148132324,17.789644241333008,9.606415748596191,
2001-03-27,,14.237410545349121,,,378.0244445800781,20.295106887817383,7.990251064300537,13.028520584106445,17.1972713470459,10.170024871826172,13.385007858276367,6.5586771965026855,18.318262100219727,9.816390991210938,
2001-03-28,,14.189770698547363,,,364.757568359375,18.809062957763672,7.874638080596924,12.959118843078613,16.885068893432617,9.417515754699707,13.423135757446289,6.419086933135986,17.93875503540039,9.655158996582031,
2001-03-29,,14.237410545349121,,,349.2064514160156,18.384477615356445,7.707642078399658,12.92936897277832,16.885068893432617,9.294581413269043,13.45582389831543,6.569252967834473,18.162391662597656,9.748895645141602,
2001-03-30,,14.283156394958496,,,355.2618408203125,17.615982055664062,7.887487411499023,13.157415390014648,16.94240951538086,9.23869800567627,13.466717720031738,6.617898464202881,18.175949096679688,9.78264331817627,
2001-04-02,,14.35176944732666,,,337.8530578613281,16.431394577026367,7.7410407066345215,13.216907501220703,16.82134246826172,9.015181541442871,13.286940574645996,6.6390461921691895,17.952301025390625,9.786396026611328,
2001-04-03,,14.19929027557373,,,323.6783447265625,15.964354515075684,7.52779483795166,12.77072811126709,16.120452880859375,8.4116849899292,13.041797637939453,6.607321262359619,17.552453994750977,9.45643138885498,
2001-04-04,,14.185955047607422,,,336.8896789550781,14.987812042236328,7.661393642425537,12.458396911621094,16.196914672851562,8.251498222351074,13.21068286895752,6.632699489593506,17.660888671875,9.55766773223877,
2001-04-05,,14.408946990966797,,,351.2707824707031,17.025808334350586,7.861793041229248,12.914499282836914,17.139928817749023,9.12321662902832,13.346867561340332,6.588284492492676,18.101394653320312,9.771394729614258,
2001-04-06,,14.266000747680664,,,350.9955749511719,15.862452507019043,7.872071266174316,12.626957893371582,16.795866012573242,8.69853401184082,13.30329418182373,6.465613842010498,18.020065307617188,9.741397857666016,
2001-04-09,,14.296501159667969,,,360.4940490722656,15.454851150512695,8.057052612304688,12.621999740600586,17.0953311920166,8.72088623046875,13.417685508728027,6.607321262359619,18.24372100830078,9.651412010192871,
2001-04-10,,14.35176944732666,,,369.0373229980469,16.85597801208496,8.195791244506836,12.988860130310059,17.598697662353516,9.305753707885742,13.401349067687988,6.744795799255371,18.602903366088867,9.748895645141602,
2001-04-11,,14.067781448364258,,,362.6517333984375,18.677444458007812,8.04934310913086,13.097928047180176,17.401166915893555,9.644753456115723,13.145308494567871,6.653852462768555,18.37925148010254,9.640158653259277,
2001-04-12,,14.044918060302734,,,367.45184326171875,19.679458618164062,8.134127616882324,13.197086334228516,17.7452449798584,9.8868989944458,13.319629669189453,6.649621963500977,18.365694046020508,9.475184440612793,
2001-04-16,,14.178337097167969,,,372.5607604980469,18.677444458007812,8.29342269897461,13.102887153625488,17.71339225769043,9.648481369018555,13.319629669189453,6.755374908447266,18.494455337524414,9.520169258117676,
2001-04-17,,14.229793548583984,,,378.28533935546875,18.660459518432617,8.337095260620117,13.211946487426758,17.936405181884766,9.749062538146973,13.613813400268555,6.911883354187012,18.8129825592041,9.651412010192871,
2001-04-18,,14.408946990966797,,,368.15704345703125,21.059356689453125,8.29342269897461,13.767206192016602,18.707374572753906,10.6356840133667,13.483057022094727,6.768061637878418,19.56521987915039,10.243844032287598,
2001-04-19,,14.469937324523926,,,356.8388977050781,22.502944946289062,8.149542808532715,13.841565132141113,18.771095275878906,11.306231498718262,13.42858600616455,6.780750751495361,19.5855655670166,10.273839950561523,
2001-04-20,,14.412763595581055,,,365.5142822265625,22.014671325683594,8.236902236938477,13.603605270385742,18.72011947631836,11.175848007202148,13.281497955322266,6.70037841796875,19.639781951904297,10.165095329284668,
2001-04-23,,14.294601440429688,,,377.27252197265625,20.74091911315918,8.455281257629395,13.435041427612305,18.43338394165039,10.557448387145996,13.346867561340332,6.715188026428223,19.18571662902832,10.097606658935547,
2001-04-24,,14.36701774597168,,,376.9203796386719,20.210195541381836,8.470694541931152,13.365633964538574,18.248605728149414,10.393537521362305,13.101724624633789,6.746914863586426,19.239925384521484,9.921378135681152,
2001-04-25,,14.378457069396973,,,384.71484375,20.592315673828125,8.591448783874512,13.509400367736816,18.67551612854004,10.576077461242676,13.450373649597168,6.865353107452393,19.463579177856445,9.928877830505371,
2001-04-26,,14.584294319152832,,,404.4878234863281,20.019126892089844,8.761015892028809,13.563944816589355,18.936756134033203,10.427068710327148,13.57567310333252,6.926692008972168,19.707548141479492,10.176346778869629,
2001-04-27,,14.784415245056152,,,400.6737365722656,21.01690101623535,8.701926231384277,13.856433868408203,19.076940536499023,10.56862735748291,13.651946067810059,6.930922031402588,19.517797470092773,10.420072555541992,
2001-04-30,,14.744386672973633,,,408.60150146484375,21.781150817871094,8.701926231384277,13.633347511291504,18.87941551208496,10.73253345489502,13.72821044921875,6.937264442443848,19.517797470092773,10.236343383789062,
2001-05-01,,14.763452529907227,,,400.8056945800781,22.05712890625,8.645407676696777,13.747364044189453,19.05145263671875,10.989585876464844,13.880741119384766,7.002830505371094,19.82276725769043,10.348828315734863,
2001-05-02,,14.732969284057617,,,375.4803161621094,22.41802406311035,8.308836936950684,13.856433868408203,19.05782127380371,11.20937728881836,13.799031257629395,6.913999557495117,19.883745193481445,10.431321144104004,
2001-05-03,,14.742488861083984,,,374.9688720703125,21.42874526977539,8.267727851867676,13.861394882202148,18.777467727661133,10.851747512817383,13.72821044921875,6.825169086456299,19.49745750427246,10.311331748962402,
2001-05-04,,14.673876762390137,,,383.0752868652344,21.46271514892578,8.398756980895996,14.029952049255371,19.06418800354004,11.008207321166992,13.848052978515625,6.894968032836914,19.558454513549805,10.405071258544922,
2001-05-07,,14.647196769714355,,,376.5552978515625,21.3565673828125,8.421880722045898,13.940720558166504,19.13428497314453,10.997031211853027,13.842611312866211,6.930922031402588,19.60589027404785,10.326329231262207,
2001-05-08,,14.54237174987793,,,375.76190185546875,21.658023834228516,8.414173126220703,13.796950340270996,19.166135787963867,11.045459747314453,13.79358959197998,6.831517696380615,19.280597686767578,10.318835258483887,
2001-05-09,,14.601449012756348,,,384.2652282714844,20.847063064575195,8.563191413879395,13.782079696655273,19.05782127380371,10.892723083496094,13.864400863647461,6.84208869934082,19.4025821685791,10.161351203918457,
2001-05-10,,14.626228332519531,,,381.22509765625,20.76215171813965,8.50152587890625,13.787030220031738,19.268085479736328,10.73253345489502,13.79358959197998,6.846319675445557,19.53134536743164,10.453817367553711,
2001-05-11,,14.61479377746582,,,376.1147155761719,20.44371223449707,8.419310569763184,13.658140182495117,19.172508239746094,10.617051124572754,13.717307090759277,6.850549221038818,19.626230239868164,10.49881649017334,
2001-05-14,,14.609073638916016,,,386.820556640625,19.976669311523438,8.55034065246582,13.772151947021484,19.261722564697266,10.468042373657227,13.83715534210205,6.941494464874268,19.538124084472656,10.472564697265625,
2001-05-15,,14.727246284484863,,,397.2179870605469,20.082815170288086,8.627420425415039,13.856433868408203,19.33817481994629,10.449413299560547,13.755448341369629,6.894968032836914,19.626230239868164,10.43507194519043,
2001-05-16,,14.761547088623047,,,400.5220947265625,21.186731338500977,8.699356079101562,14.228253364562988,19.962600708007812,10.874099731445312,14.174917221069336,7.043015480041504,20.16838264465332,10.562551498413086,
2001-05-17,,14.866378784179688,,,413.82757568359375,21.52640151977539,8.727622032165527,14.153895378112793,20.29393196105957,10.937423706054688,14.245742797851562,7.000716209411621,20.344579696655273,10.723790168762207,
2001-05-18,,14.961681365966797,,,417.21966552734375,21.632543563842773,8.910030364990234,14.074565887451172,20.357654571533203,10.985860824584961,14.169468879699707,7.043015480041504,20.398813247680664,10.716288566589355,
2001-05-21,,15.005514144897461,,,420.9642028808594,23.09735679626465,8.889477729797363,14.272862434387207,20.555171966552734,11.473869323730469,14.158575057983398,7.068396091461182,20.710548400878906,10.836272239685059,
2001-05-22,,15.076034545898438,,,414.5760803222656,22.630319595336914,8.799553871154785,14.416647911071777,20.491456985473633,11.451517105102539,14.016936302185059,7.043015480041504,20.737655639648438,10.873770713806152,
2001-05-23,,15.161799430847168,,,399.0242004394531,21.611318588256836,8.6659574508667,14.357154846191406,20.179243087768555,11.17212200164795,13.891645431518555,7.040901184082031,20.392019271850586,10.678792953491211,
2001-05-24,,15.2132568359375,,,390.5212707519531,21.590087890625,8.650542259216309,14.4116849899292,20.15374755859375,11.25779914855957,13.95156478881836,7.02186393737793,20.642778396606445,10.641292572021484,
2001-05-25,,15.171329498291016,,,396.51300048828125,21.42025375366211,8.57603645324707,14.218343734741211,19.854290008544922,11.045459747314453,13.83715534210205,6.911883354187012,20.493671417236328,10.588800430297852,
2001-05-29,,15.123679161071777,,,392.9882507324219,20.45220184326172,8.563191413879395,14.228253364562988,19.803316116333008,10.631954193115234,13.95156478881836,6.907652378082275,20.337814331054688,10.506307601928711,
2001-05-30,,15.018851280212402,,,384.46270751953125,19.127500534057617,8.529789924621582,14.109272956848145,19.40189552307129,10.199823379516602,14.027835845947266,6.878042697906494,20.270048141479492,10.315084457397461,
2001-05-31,,15.08175277709961,,,390.4991149902344,19.53085708618164,8.619711875915527,14.233211517333984,19.66950225830078,10.292956352233887,13.929777145385742,6.985912799835205,20.263261795043945,10.480066299438477,
2001-06-01,,15.09508991241455,,,387.7366638183594,20.210195541381836,8.581174850463867,14.208422660827637,19.612157821655273,10.468042373657227,14.114997863769531,6.926692008972168,20.202272415161133,10.4425687789917,
2001-06-04,,15.138930320739746,,,396.6816711425781,19.938457489013672,8.696782112121582,14.32244873046875,19.739601135253906,10.445690155029297,14.13679027557373,6.930922031402588,20.2293701171875,10.408822059631348,
2001-06-05,,15.22851276397705,,,396.9899597167969,21.186731338500977,8.722480773925781,14.386899948120117,19.949865341186523,10.85919189453125,14.283878326416016,6.829400539398193,20.41913414001465,10.532557487487793,
2001-06-06,,15.285675048828125,,,377.1513977050781,21.038127899169922,8.50152587890625,14.277833938598633,19.720476150512695,10.754892349243164,14.055070877075195,6.774408340454102,20.256486892700195,10.42381477355957,
2001-06-07,,15.306654930114746,,,367.97210693359375,22.647302627563477,8.401330947875977,14.183638572692871,19.80967903137207,11.0603666305542,14.153133392333984,6.71730375289917,20.3716983795166,10.502561569213867,
2001-06-08,,15.280471801757812,,,370.220458984375,21.91701889038086,8.42445182800293,14.099357604980469,19.56756591796875,10.814494132995605,14.07141399383545,6.742683410644531,20.263261795043945,10.540054321289062,
2001-06-11,,15.41135311126709,,,367.0460205078125,21.199466705322266,8.447572708129883,13.965503692626953,19.2298583984375,10.6356840133667,13.875293731689453,6.80613374710083,20.161609649658203,10.382575035095215,
2001-06-12,,15.542241096496582,,,372.55718994140625,21.161256790161133,8.51180362701416,14.010119438171387,19.3572940826416,10.553726196289062,14.038736343383789,6.865353107452393,20.114173889160156,10.46131706237793,
2001-06-13,,15.580738067626953,,,371.9839782714844,20.54136085510254,8.470694541931152,13.896100997924805,19.28720474243164,10.31531047821045,13.929777145385742,6.7236504554748535,20.01929473876953,10.348828315734863,
2001-06-14,,15.534543991088867,,,364.4449157714844,19.382251739501953,8.298558235168457,13.653175354003906,19.159767150878906,9.946499824523926,13.918879508972168,6.524835586547852,19.64655303955078,10.240086555480957,
2001-06-15,,15.482568740844727,,,365.062255859375,19.382251739501953,8.360766410827637,13.723337173461914,19.06080436706543,9.853375434875488,13.837454795837402,6.565094470977783,19.593677520751953,10.138254165649414,
2001-06-18,,15.567267417907715,,,359.6833190917969,19.140239715576172,8.267843246459961,13.758162498474121,19.03524398803711,9.607498168945312,13.881162643432617,6.573615550994873,19.295358657836914,10.247228622436523,
2001-06-19,,15.551860809326172,,,355.935546875,18.68169403076172,8.260099411010742,13.882556915283203,18.837303161621094,9.644753456115723,13.924888610839844,6.599180221557617,19.34959602355957,10.281052589416504,
2001-06-20,,15.698144912719727,,,349.19000244140625,18.745378494262695,8.105220794677734,13.957200050354004,18.92030906677246,9.745340347290039,14.001404762268066,6.616220474243164,19.76995086669922,10.431357383728027,
2001-06-21,,15.757810592651367,,,334.9927978515625,18.70291519165039,7.98390007019043,14.519469261169434,19.003320693969727,9.927876472473145,14.121634483337402,6.44367790222168,19.993680953979492,10.619239807128906,
2001-06-22,,15.68659496307373,,,333.97900390625,18.664703369140625,8.138776779174805,14.330378532409668,18.837303161621094,9.834744453430176,13.728156089782715,6.516101837158203,19.73604393005371,10.514022827148438,
2001-06-25,,15.59420394897461,,,333.5379638671875,19.1954345703125,8.0432710647583,14.215944290161133,18.5882625579834,9.976306915283203,13.657109260559082,6.43941593170166,19.783512115478516,10.378744125366211,
2001-06-26,,15.773198127746582,,,342.5761413574219,19.32280731201172,8.092313766479492,14.036811828613281,18.639352798461914,10.032187461853027,13.657109260559082,6.535277366638184,19.478418350219727,10.239717483520508,
2001-06-27,,15.69621467590332,,,325.39422607421875,19.085039138793945,7.898719787597656,14.041783332824707,18.601036071777344,10.054535865783691,13.553274154663086,6.550185680389404,19.797077178955078,10.19086742401123,
2001-06-28,,15.830952644348145,,,309.5211181640625,19.87052345275879,7.730933666229248,14.225884437561035,18.664901733398438,10.251974105834961,13.64070987701416,6.565094470977783,19.94623374938965,10.352447509765625,
2001-06-29,,15.846346855163574,,,309.7415466308594,20.464941024780273,7.8341851234436035,14.131353378295898,18.45416259765625,10.494119644165039,13.285483360290527,6.635388374328613,20.034360885620117,10.397534370422363,
2001-07-02,,15.965690612792969,,,298.27789306640625,20.33331871032715,7.813533306121826,14.30551528930664,18.722349166870117,10.486666679382324,13.591524124145508,6.6545610427856445,20.176734924316406,10.498993873596191,
2001-07-03,,15.9849214553833,,,301.5846252441406,20.397008895874023,7.803208827972412,14.295555114746094,18.837303161621094,10.449413299560547,13.482224464416504,6.671600818634033,20.176734924316406,10.480210304260254,
2001-07-05,,15.927184104919434,,,303.56866455078125,19.785608291625977,7.8729071617126465,14.205988883972168,18.690433502197266,10.114140510559082,13.400249481201172,6.726985931396484,19.939443588256836,10.266019821166992,
2001-07-06,,15.90408992767334,,,304.2302551269531,18.2613525390625,7.844505310058594,13.917390823364258,18.34561538696289,9.648481369018555,13.24176025390625,6.720594882965088,19.566553115844727,10.021771430969238,
2001-07-09,,15.619226455688477,,,293.6482849121094,18.397218704223633,7.733514308929443,13.962177276611328,18.40309715270996,9.771413803100586,13.443970680236816,6.782371997833252,19.45807647705078,10.09316635131836,
2001-07-10,,15.640399932861328,,,291.0028381347656,17.66693115234375,7.743839740753174,13.62381649017334,18.12212371826172,9.473389625549316,13.334665298461914,6.793018341064453,19.45807647705078,10.04806900024414,
2001-07-11,,15.513370513916016,,,287.4754638671875,18.21464729309082,7.640589237213135,13.598936080932617,17.936946868896484,9.521821022033691,13.263628959655762,6.824974536895752,19.44450569152832,10.157047271728516,
2001-07-12,,15.665422439575195,,,271.60260009765625,19.649738311767578,7.6302642822265625,13.837775230407715,18.371150970458984,10.155119895935059,13.181648254394531,6.7546772956848145,19.634355545043945,10.596697807312012,
2001-07-13,,15.728943824768066,,,276.6729431152344,19.382251739501953,7.658661842346191,14.00197982788086,18.518024444580078,10.184922218322754,13.280012130737305,6.737634658813477,19.76995086669922,10.769550323486328,
2001-07-16,,15.711612701416016,,,256.8760986328125,18.325037002563477,7.532174587249756,13.802945137023926,18.205127716064453,9.939051628112793,13.181648254394531,6.784502983093262,19.675033569335938,10.799612045288086,
2001-07-17,,15.719319343566895,,,262.6080627441406,19.063812255859375,7.498623847961426,14.086568832397461,18.575490951538086,10.058265686035156,13.378393173217773,6.79515266418457,19.81062126159668,10.859735488891602,
2001-07-18,,15.81940746307373,,,262.7842102050781,18.316543579101562,7.418601989746094,14.00696086883545,18.632959365844727,9.67455768585205,13.760931015014648,6.724857807159424,19.614009857177734,10.867249488830566,
2001-07-19,,15.746260643005371,,,267.63421630859375,19.24638557434082,7.496038436889648,13.912422180175781,18.581884384155273,9.853375434875488,13.629778861999512,6.767458915710449,19.498756408691406,10.942405700683594,
2001-07-20,,15.705839157104492,,,282.62542724609375,18.936439514160156,7.656077861785889,13.847728729248047,18.677663803100586,9.797492027282715,13.815592765808105,6.6247406005859375,19.54621696472168,10.953680038452148,
2001-07-23,,15.68659496307373,,,285.2268981933594,18.34202003479004,7.56831693649292,13.773099899291992,18.473318099975586,9.559076309204102,13.493152618408203,6.44367790222168,19.166549682617188,10.750761985778809,
2001-07-24,,15.561487197875977,,,275.6149597167969,18.053300857543945,7.2972798347473145,13.593966484069824,17.98163414001465,9.432414054870605,13.389314651489258,6.258356094360352,19.078407287597656,10.596697807312012,
2001-07-25,,15.542241096496582,,,289.1065673828125,18.354761123657227,7.635427474975586,13.69845199584961,18.10295867919922,9.633576393127441,13.487688064575195,6.535277366638184,19.1868839263916,10.803372383117676,
2001-07-26,,15.646172523498535,,,291.0028381347656,19.43320083618164,7.790306568145752,13.80792236328125,18.281755447387695,9.816120147705078,13.493152618408203,6.558703899383545,19.74961280822754,10.814643859863281,
2001-07-27,,15.665422439575195,,,294.08905029296875,19.658231735229492,7.826440334320068,13.88753604888916,18.45416259765625,9.801212310791016,13.493152618408203,6.554444313049316,19.776729583740234,10.784581184387207,
2001-07-30,,15.532624244689941,,,294.52996826171875,19.687952041625977,7.8341851234436035,13.842759132385254,18.415855407714844,9.771413803100586,13.662567138671875,6.629000663757324,19.776729583740234,10.855978965759277,
2001-07-31,,15.573038101196289,,,282.62542724609375,19.789852142333984,7.743839740753174,13.997010231018066,18.415855407714844,9.767688751220703,13.68989086151123,6.575746536254883,19.634355545043945,10.859735488891602,
2001-08-01,,15.638473510742188,,,274.4684143066406,20.889522552490234,7.715447902679443,14.05671215057373,18.518024444580078,10.028462409973145,13.68989086151123,6.652431011199951,19.614009857177734,10.848462104797363,
2001-08-02,,15.732787132263184,,,277.9179992675781,21.590087890625,7.710289001464844,14.036811828613281,18.543561935424805,10.166293144226074,13.607916831970215,6.641780853271484,19.817398071289062,10.916097640991211,
2001-08-03,,15.811701774597168,,,274.168701171875,21.135780334472656,7.594128608703613,14.096518516540527,18.632959365844727,10.021008491516113,13.70628547668457,6.6226091384887695,19.654687881469727,10.844707489013672,
2001-08-06,,15.850189208984375,,,273.0654602050781,20.728181838989258,7.583802223205566,13.892508506774902,18.230676651000977,9.898075103759766,13.635238647460938,6.494802951812744,19.525880813598633,10.649304389953613,
2001-08-07,,15.861747741699219,,,266.8896789550781,20.286611557006836,7.583802223205566,14.041783332824707,18.364778518676758,9.84219741821289,13.662567138671875,6.545923709869385,19.58011245727539,10.769550323486328,
2001-08-08,,15.90408992767334,,,253.8318328857422,19.339792251586914,7.42892599105835,13.758162498474121,18.198741912841797,9.525547981262207,13.607916831970215,6.415984630584717,19.44450569152832,10.634273529052734,
2001-08-09,,15.975298881530762,,,254.89088439941406,19.42470932006836,7.472809791564941,13.822854042053223,18.205127716064453,9.529274940490723,13.651641845703125,6.426636695861816,19.356382369995117,10.596697807312012,
2001-08-10,,16.071544647216797,,,258.1994323730469,19.61152458190918,7.48055362701416,13.832805633544922,18.543561935424805,9.514371871948242,13.700824737548828,6.552314758300781,19.390275955200195,10.589179039001465,
2001-08-13,,16.077314376831055,,,255.6847686767578,19.989408493041992,7.516691207885742,13.81788444519043,18.371150970458984,9.551621437072754,13.821060180664062,6.479890823364258,19.539432525634766,10.4689359664917,
2001-08-14,,16.1543025970459,,,258.94921875,19.683704376220703,7.557990074157715,13.822854042053223,18.383935928344727,9.42868709564209,13.799196243286133,6.479890823364258,19.2885799407959,10.498993873596191,
2001-08-15,,16.231300354003906,,,277.8743896484375,19.08928680419922,7.671564102172852,13.768118858337402,18.34561538696289,9.216343879699707,13.77187442779541,6.398941516876221,19.0241641998291,10.4088134765625,
2001-08-16,,16.325605392456055,,,272.5805969238281,19.42470932006836,7.627683639526367,13.728311538696289,18.339231491088867,9.264776229858398,13.908492088317871,6.469237804412842,19.11908721923828,10.487724304199219,
2001-08-17,,16.35062599182129,,,269.9776611328125,18.494871139526367,7.570896148681641,13.524300575256348,18.115734100341797,8.989106178283691,13.913959503173828,6.3904242515563965,18.908920288085938,10.213408470153809,
2001-08-20,,16.398740768432617,,,263.7576904296875,18.732637405395508,7.516691207885742,13.658646583557129,18.10295867919922,9.048709869384766,13.897565841674805,6.44154691696167,19.05127716064453,10.341174125671387,
2001-08-21,,16.558494567871094,,,266.0075988769531,17.832523345947266,7.511526107788086,13.489468574523926,18.077423095703125,8.78421688079834,14.023258209228516,6.44367790222168,19.159765243530273,10.085648536682129,
2001-08-22,,16.533479690551758,,,264.02197265625,18.660459518432617,7.516691207885742,13.549181938171387,18.045495986938477,8.873618125915527,14.083381652832031,6.433026313781738,19.08517837524414,10.111955642700195,
2001-08-23,,16.485355377197266,,,259.5226745605469,18.61375617980957,7.583802223205566,13.554155349731445,18.10295867919922,8.866171836853027,14.039649963378906,6.418117046356201,19.1868839263916,10.059349060058594,
2001-08-24,,16.331384658813477,,,258.8610534667969,19.62002182006836,7.645755290985107,13.58898639678955,18.43501091003418,9.298303604125977,14.209073066711426,6.462847709655762,19.53265953063965,10.250992774963379,
2001-08-27,,16.4199161529541,,,259.8311767578125,19.921472549438477,7.635427474975586,13.454647064208984,18.42862319946289,9.275948524475098,14.181748390197754,6.479890823364258,19.2885799407959,10.239717483520508,
2001-08-28,,16.341012954711914,,,254.31692504882812,19.38649559020996,7.555408477783203,13.240684509277344,18.077423095703125,9.018909454345703,14.012330055236816,6.450066566467285,19.017393112182617,10.153288841247559,
2001-08-29,,16.14468765258789,,,252.3540496826172,18.78783416748047,7.524432182312012,13.121264457702637,17.956104278564453,8.84754467010498,13.799196243286133,6.411726474761963,18.847890853881836,9.96540641784668,
2001-08-30,,16.03496742248535,,,241.24893188476562,18.316543579101562,7.416019916534424,13.031696319580078,17.624053955078125,8.504820823669434,13.859306335449219,6.337169170379639,18.46143913269043,9.762489318847656,
2001-08-31,,15.994544982910156,,,246.0643768310547,18.596771240234375,7.416019916534424,13.071503639221191,17.783687591552734,8.575596809387207,13.755467414855957,6.341429710388184,18.637712478637695,9.909042358398438,
2001-09-04,,16.004179000854492,,,248.39576721191406,17.900453567504883,7.459899425506592,13.016775131225586,17.617650985717773,8.389333724975586,13.77187442779541,6.407467842102051,18.55636215209961,9.961644172668457,
2001-09-05,,15.873289108276367,,,245.96725463867188,17.828277587890625,7.485714435577393,12.937153816223145,17.66236114501953,8.31855583190918,14.26371955871582,6.369123458862305,18.56992530822754,9.96540641784668,
2001-09-06,,15.730867385864258,,,250.91281127929688,16.94514274597168,7.434085369110107,12.6386079788208,17.355865478515625,7.923677444458008,13.826520919799805,6.320127487182617,18.027528762817383,9.60466480255127,
2001-09-07,,15.628849983215332,,,247.7334747314453,16.885698318481445,7.42892599105835,12.389811515808105,16.92164421081543,7.830545425415039,13.607916831970215,6.311611175537109,17.67498207092285,9.25519847869873,
2001-09-10,,15.557631492614746,,,249.9416046142578,16.800783157348633,7.452155590057373,12.414692878723145,16.88971519470215,7.9981794357299805,13.908492088317871,6.415984630584717,17.444473266601562,9.176291465759277,
2001-09-17,,14.95518970489502,,,237.5768585205078,15.242559432983398,7.299861907958984,11.867353439331055,15.3252534866333,7.487818241119385,13.897565841674805,6.358473300933838,15.986815452575684,8.323294639587402,
2001-09-18,,15.170760154724121,,,223.22515869140625,14.236295700073242,6.946225166320801,11.7180757522583,15.108160018920898,7.420760154724121,13.728156089782715,6.403206825256348,15.695277214050293,8.372142791748047,
2001-09-19,,14.993688583374023,,,207.6368865966797,13.671599388122559,6.695845127105713,11.633484840393066,14.73141098022461,7.35370397567749,13.553274154663086,6.354213237762451,15.437644958496094,8.180498123168945,
2001-09-20,,14.651082992553711,,,202.337646484375,12.76298999786377,6.507407188415527,11.120972633361816,13.888519287109375,7.033331871032715,13.280012130737305,6.435154914855957,14.847798347473145,7.898675441741943,
2001-09-21,,14.25266170501709,,,213.28919982910156,12.448797225952148,6.510264873504639,10.945549011230469,13.901984214782715,6.832167148590088,12.889119148254395,6.252910614013672,14.894601821899414,7.93372106552124,
2001-09-24,,14.493252754211426,,,201.2337646484375,13.225784301757812,6.3389410972595215,11.515318870544434,14.831772804260254,7.215869426727295,13.064558982849121,6.274379730224609,15.355820655822754,8.37092399597168,
2001-09-25,,14.6607084274292,,,194.30075073242188,13.39561939239502,6.268855571746826,11.700241088867188,14.927964210510254,7.282926082611084,13.130354881286621,6.368829250335693,15.247296333312988,8.393540382385254,
2001-09-26,,14.974440574645996,,,189.10292053222656,12.516730308532715,6.224724769592285,11.815192222595215,14.66505241394043,7.037058353424072,13.355124473571777,6.216424942016602,15.389737129211426,8.419928550720215,
2001-09-27,,15.01294231414795,,,195.197265625,12.244997024536133,6.471327781677246,12.010112762451172,14.825360298156738,6.981177806854248,13.618279457092285,6.139148712158203,15.627119064331055,8.442540168762207,
2001-09-28,,15.255451202392578,,,207.916015625,12.550697326660156,6.702353477478027,12.334983825683594,15.178040504455566,7.171165943145752,13.738900184631348,6.280819892883301,15.939120292663574,8.657368659973145,
2001-10-01,,14.923480033874512,,,202.5282745361328,12.295947074890137,6.608902931213379,12.299992561340332,15.043375968933105,7.078036785125732,13.854022026062012,6.3344855308532715,15.640685081481934,8.6498384475708,
2001-10-02,,14.823113441467285,,,203.58811950683594,11.96477222442627,6.75426721572876,12.469925880432129,15.33834457397461,7.070583343505859,13.952702522277832,6.403174877166748,15.844161987304688,8.8910493850708,
2001-10-03,,14.539386749267578,,,207.78353881835938,13.119640350341797,6.847716808319092,12.669849395751953,15.710267066955566,7.543696403503418,13.837578773498535,6.471864223480225,16.43425178527832,9.203873634338379,
2001-10-04,,14.728533744812012,,,220.14892578125,13.735286712646484,7.008658409118652,12.569890022277832,15.729501724243164,7.703881740570068,13.788235664367676,6.407467842102051,16.38677978515625,9.007884979248047,
2001-10-05,,14.630105018615723,,,220.767333984375,13.858415603637695,7.060576915740967,12.225029945373535,15.716675758361816,7.700156211853027,13.936254501342773,6.420347213745117,16.210416793823242,9.083266258239746,
2001-10-08,,14.630105018615723,,,220.2373046875,14.42735767364502,7.073553085327148,11.950140953063965,15.530720710754395,7.7523112297058105,13.908844947814941,6.480449676513672,16.088335037231445,8.898582458496094,
2001-10-09,,14.664841651916504,,,224.03541564941406,13.714057922363281,7.086530685424805,12.050104141235352,15.473014831542969,7.573495864868164,13.837578773498535,6.448252201080322,15.939120292663574,8.906126022338867,
2001-10-10,,14.863648414611816,,,235.34080505371094,14.605685234069824,7.400623798370361,12.240023612976074,15.755154609680176,7.808189868927002,14.00753116607666,6.461132049560547,16.2850399017334,9.275483131408691,
2001-10-11,,14.97752571105957,,,234.4134979248047,15.989828109741211,7.398027420043945,12.434940338134766,16.223255157470703,8.184441566467285,13.908844947814941,6.366681098937988,16.671640396118164,9.573237419128418,
2001-10-12,,14.996822357177734,,,235.38510131835938,16.02379608154297,7.3487043380737305,12.240023612976074,16.06935691833496,8.16581916809082,13.897887229919434,6.323748588562012,16.522424697875977,9.36594295501709,
2001-10-15,,15.016120910644531,,,226.1108856201172,15.323233604431152,7.213728904724121,12.295003890991211,16.178369522094727,8.109942436218262,13.958189010620117,6.313017845153809,16.583473205566406,9.339553833007812,
2001-10-16,,14.88101577758789,,,235.78256225585938,15.692617416381836,7.299386024475098,12.494915962219238,16.139890670776367,8.1956205368042,13.881441116333008,6.360240936279297,16.74625015258789,9.433784484863281,
2001-10-17,,14.786449432373047,,,234.94338989257812,14.771272659301758,7.263044834136963,12.369967460632324,15.76156234741211,7.823095321655273,13.76630687713623,6.353801250457764,16.244340896606445,9.196337699890137,
2001-10-18,,14.668706893920898,,,226.72926330566406,14.2405424118042,6.9697184562683105,12.354971885681152,15.69743537902832,7.8044657707214355,13.870471954345703,6.23145055770874,15.986601829528809,9.196337699890137,
2001-10-19,,14.54132080078125,,,233.6184539794922,14.435850143432617,6.99567985534668,12.155048370361328,15.607671737670898,7.908773899078369,14.034942626953125,6.338777542114258,15.932343482971191,9.068188667297363,
2001-10-22,,14.415863037109375,,,240.86117553710938,15.242559432983398,7.081339359283447,12.449936866760254,15.934696197509766,8.095038414001465,14.172008514404297,6.218569755554199,16.379989624023438,9.271717071533203,
2001-10-23,,14.423583030700684,,,244.87966918945312,15.10669231414795,7.05538272857666,12.479926109313965,15.851340293884277,8.102489471435547,13.991085052490234,6.059724807739258,16.481727600097656,9.29056453704834,
2001-10-24,,14.215133666992188,,,242.45091247558594,15.667141914367676,6.95673942565918,12.434940338134766,15.9282865524292,8.203073501586914,13.963667869567871,6.0060601234436035,16.217222213745117,9.252870559692383,
2001-10-25,,14.321288108825684,,,260.5574951171875,16.456871032714844,7.1332573890686035,12.59987735748291,16.178369522094727,8.400514602661133,14.09525203704834,6.046844005584717,16.31215476989746,9.339553833007812,
2001-10-26,,14.273032188415527,,,272.9228210449219,16.37195587158203,7.2708353996276855,12.744815826416016,16.47974967956543,8.4116849899292,14.045910835266113,6.066164016723633,16.454607009887695,9.437551498413086,
2001-10-29,,14.350237846374512,,,272.03936767578125,15.157641410827637,7.203342437744141,12.295003890991211,15.870576858520508,8.009355545043945,13.958189010620117,6.055430889129639,16.034074783325195,9.109649658203125,
2001-10-30,,14.28654956817627,,,257.082763671875,14.529257774353027,6.961933612823486,12.270013809204102,15.52430534362793,7.8454437255859375,13.810169219970703,5.96527624130249,15.810245513916016,8.936275482177734,
2001-10-31,,14.363753318786621,,,253.46087646484375,15.166133880615234,6.972317218780518,12.160054206848145,15.44736099243164,7.953476428985596,13.651174545288086,5.950250148773193,16.020511627197266,9.113419532775879,
2001-11-01,,14.643617630004883,,,254.58326721191406,16.134183883666992,7.0787434577941895,12.359971046447754,15.767982482910156,8.229144096374512,13.96915340423584,5.9996209144592285,16.244340896606445,9.283020973205566,
2001-11-02,,14.51429271697998,,,247.38040161132812,16.473852157592773,6.886654853820801,12.42494010925293,16.011640548706055,8.240325927734375,13.947227478027344,6.023231506347656,16.3325138092041,9.42247486114502,
2001-11-05,,14.523944854736328,,,240.70738220214844,16.911178588867188,6.845123291015625,12.694835662841797,16.248905181884766,8.49364948272705,13.974637031555176,6.081192493438721,16.583473205566406,9.644843101501465,
2001-11-06,,14.753628730773926,,,239.86769104003906,17.59475326538086,6.803589344024658,12.849778175354004,16.47974967956543,8.791662216186523,14.002050399780273,6.106951713562012,16.78694725036621,9.761679649353027,
2001-11-07,,14.749771118164062,,,249.0151824951172,17.620227813720703,6.8321452140808105,12.899755477905273,16.44127655029297,8.754411697387695,14.01849365234375,6.027525901794434,16.69198226928711,9.693839073181152,
2001-11-08,,14.747836112976074,,,252.55050659179688,17.301788330078125,6.964529991149902,12.939732551574707,16.614412307739258,8.79911994934082,13.886919975280762,6.109095573425293,16.83442497253418,9.776762008666992,
2001-11-09,,14.695723533630371,,,261.3885498046875,17.229612350463867,7.0995097160339355,12.854769706726074,16.556697845458984,8.765592575073242,13.919811248779297,6.147733211517334,16.732683181762695,9.723994255065918,
2001-11-12,,14.765203475952148,,,263.37738037109375,17.662687301635742,7.081339359283447,12.794791221618652,16.364328384399414,8.83263874053955,13.941742897033691,6.126267433166504,16.773387908935547,9.757916450500488,
2001-11-13,,14.853995323181152,,,266.4705505371094,18.70291519165039,7.138445854187012,13.139657020568848,16.768308639526367,9.14556884765625,13.941742897033691,6.121975898742676,17.261728286743164,10.006667137145996,
2001-11-14,,15.023831367492676,,,244.1542510986328,18.558557510375977,6.790610313415527,13.114669799804688,16.851661682128906,9.193999290466309,13.870471954345703,6.057581424713135,17.465208053588867,10.232809066772461,
2001-11-15,,15.064372062683105,,,217.6396026611328,18.295318603515625,6.447966575622559,13.034695625305176,16.935029983520508,9.138116836547852,13.952702522277832,6.046844005584717,17.668685913085938,10.232809066772461,
2001-11-16,,15.17053508758545,,,229.79197692871094,18.11274528503418,6.567370891571045,12.96972370147705,17.069692611694336,9.108315467834473,14.078803062438965,6.111242294311523,17.668685913085938,10.119736671447754,
2001-11-19,,15.133858680725098,,,226.5660858154297,18.150959014892578,6.551795959472656,13.234617233276367,17.22357940673828,9.298303604125977,14.11717700958252,6.096216201782227,17.973901748657227,10.455181121826172,
2001-11-20,,15.122279167175293,,,239.86769104003906,17.123464584350586,6.7932047843933105,13.159645080566406,16.99273681640625,9.037534713745117,14.100730895996094,6.109095573425293,17.973901748657227,10.327033042907715,
2001-11-21,,15.122279167175293,,,237.87930297851562,17.41642951965332,6.704946994781494,13.044692993164062,17.024797439575195,8.948126792907715,14.281651496887207,6.064018249511719,17.797555923461914,10.229037284851074,
2001-11-23,,15.20913314819336,,,241.28175354003906,17.683917999267578,6.76724910736084,13.244609832763672,17.229997634887695,9.085959434509277,14.325508117675781,6.057581424713135,17.872163772583008,10.345877647399902,
2001-11-26,,15.216848373413086,,,236.59744262695312,18.359006881713867,6.655631065368652,13.314583778381348,17.3133544921875,9.242424964904785,14.336472511291504,6.064018249511719,18.102767944335938,10.428794860839844,
2001-11-27,,15.160879135131836,,,240.8775634765625,18.537328720092773,6.660818099975586,13.344572067260742,17.197935104370117,9.212625503540039,14.177482604980469,5.982448101043701,18.04172706604004,10.240346908569336,
2001-11-28,,15.218780517578125,,,238.06959533691406,17.713638305664062,6.505069732666016,12.944737434387207,16.92861557006836,8.922052383422852,14.00753116607666,5.903027057647705,17.763641357421875,10.176276206970215,
2001-11-29,,15.238086700439453,,,244.7025604248047,18.39297103881836,6.616694450378418,13.084673881530762,17.024797439575195,9.160466194152832,14.276174545288086,5.900881290435791,17.80433464050293,10.247883796691895,
2001-11-30,,15.305630683898926,,,245.02511596679688,18.100011825561523,6.582943916320801,12.949732780456543,16.99273681640625,9.14184284210205,14.254240989685059,5.875121593475342,17.878936767578125,10.327033042907715,
2001-12-03,,15.280543327331543,,,248.51864624023438,17.790061950683594,6.671206474304199,12.769807815551758,16.845251083374023,9.011460304260254,14.248753547668457,5.885854721069336,17.892513275146484,10.176276206970215,
2001-12-04,,15.4214448928833,,,255.3727264404297,18.711410522460938,6.764651298522949,12.944737434387207,17.050445556640625,9.294581413269043,14.254240989685059,5.952395915985107,18.12312126159668,10.402420043945312,
2001-12-05,,15.490925788879395,,,264.9167785644531,20.057342529296875,6.904824733734131,13.124662399291992,17.41594696044922,9.741607666015625,14.122657775878906,5.995324611663818,18.753902435302734,10.711469650268555,
2001-12-06,,15.523735046386719,,,254.47927856445312,19.989408493041992,6.699758529663086,13.294593811035156,17.62755012512207,9.715534210205078,14.089765548706055,5.939518928527832,18.821725845336914,10.590859413146973,
2001-12-07,,15.602864265441895,,,246.82797241210938,19.505380630493164,6.74388313293457,13.204629898071289,17.435192108154297,9.536725044250488,14.155555725097656,5.945956707000732,18.713207244873047,10.594627380371094,
2001-12-10,,15.458113670349121,,,245.4569091796875,19.025598526000977,6.650437355041504,12.994715690612793,17.165870666503906,9.328108787536621,13.881441116333008,5.905169486999512,18.28590965270996,10.455181121826172,
2001-12-11,,15.527603149414062,,,247.00514221191406,19.127500534057617,6.541412353515625,13.069685935974121,17.088926315307617,9.395160675048828,13.733407020568848,5.810723304748535,18.414775848388672,10.383564949035645,
2001-12-12,,15.411794662475586,,,244.35147094726562,19.564823150634766,6.556988716125488,13.019706726074219,17.17228126525879,9.432414054870605,13.760821342468262,5.875121593475342,18.3333797454834,10.402420043945312,
2001-12-13,,15.268963813781738,,,246.12066650390625,18.30380630493164,6.450563430786133,12.81478500366211,17.050445556640625,9.09714126586914,13.623760223388672,5.86868143081665,17.93999481201172,10.285575866699219,
2001-12-14,,15.342253684997559,,,252.1351776123047,18.72414779663086,6.51545524597168,12.744815826416016,16.877317428588867,9.134394645690918,13.568933486938477,5.827895164489746,17.906084060668945,10.368492126464844,
2001-12-17,,15.555817604064941,,,246.5629119873047,19.059566497802734,6.499882221221924,12.919747352600098,17.133813858032227,9.309478759765625,13.914329528808594,5.853657245635986,18.075641632080078,10.481562614440918,
2001-12-18,,15.5283842086792,,,249.3932342529297,19.161470413208008,6.585543632507324,13.039697647094727,17.544198989868164,9.346735000610352,13.837578773498535,5.907317638397217,18.340164184570312,10.590859413146973,
2001-12-19,,15.522509574890137,,,260.93646240234375,18.252857208251953,6.7360992431640625,13.294593811035156,17.710920333862305,9.212625503540039,14.00753116607666,6.033965587615967,18.245214462280273,10.643630981445312,
2001-12-20,,15.395148277282715,,,256.0713806152344,17.33576011657715,6.704946994781494,13.239622116088867,17.608322143554688,8.895973205566406,14.029458045959473,6.003913879394531,18.02138328552246,10.57955551147461,
2001-12-21,,15.469610214233398,,,260.588623046875,17.790061950683594,6.75082540512085,13.146753311157227,17.807113647460938,9.015181541442871,14.172502517700195,5.96173095703125,17.992162704467773,10.732056617736816,
2001-12-24,,15.577380180358887,,,266.561279296875,17.63721466064453,6.86290168762207,13.136713027954102,17.826345443725586,8.981654167175293,14.167001724243164,6.0093231201171875,18.073699951171875,10.76980972290039,
2001-12-26,,15.596978187561035,,,275.675537109375,17.794307708740234,6.982804775238037,13.196946144104004,17.89046859741211,9.052435874938965,14.205513954162598,6.002831935882568,18.209585189819336,10.871732711791992,
2001-12-27,,15.63615894317627,,,271.2772216796875,18.10425567626953,7.006259441375732,13.186912536621094,17.884050369262695,9.130666732788086,14.117487907409668,6.082870960235596,18.41343116760254,10.88305950164795,
2001-12-28,,15.724329948425293,,,272.2062072753906,18.329282760620117,7.037539005279541,13.327462196350098,17.986652374267578,9.1492919921875,14.05696964263916,6.0612382888793945,18.596891403198242,10.962328910827637,
2001-12-31,,15.63615894317627,,,269.90557861328125,17.76883316040039,6.9593424797058105,13.201967239379883,17.76222038269043,8.940677642822266,13.97443962097168,6.063401222229004,18.31151008605957,10.796236991882324,
2002-01-02,,15.724329948425293,,,257.73773193359375,18.51185417175293,6.907216548919678,13.186912536621094,17.76222038269043,9.16419792175293,13.924924850463867,6.149925708770752,18.467788696289062,10.830204963684082,
2002-01-03,,15.773314476013184,,,253.62265014648438,20.02337074279785,6.865509033203125,13.277259826660156,17.755809783935547,9.566523551940918,13.88090991973877,6.182376861572266,18.549325942993164,10.796236991882324,
2002-01-04,,15.77135944366455,,,258.5782165527344,20.010635375976562,6.896783351898193,13.45295238494873,17.76222038269043,9.626128196716309,13.8424072265625,6.154256820678711,18.76675033569336,10.97365665435791,
2002-01-07,,15.730210304260254,,,260.61376953125,19.64124870300293,6.894179821014404,13.417818069458008,17.640382766723633,9.521821022033691,13.737865447998047,6.160745620727539,18.787134170532227,10.909479141235352,
2002-01-08,,15.704742431640625,,,255.3041229248047,19.75164031982422,6.834231376647949,13.232087135314941,17.589080810546875,9.592601776123047,13.66634464263916,6.0850324630737305,18.889055252075195,10.94723129272461,
2002-01-09,,15.692980766296387,,,254.02093505859375,19.7601318359375,6.842052459716797,13.302360534667969,17.492904663085938,9.518095970153809,13.715853691101074,6.030953407287598,18.787134170532227,10.796236991882324,
2002-01-10,,15.653793334960938,,,248.71144104003906,19.382251739501953,6.789920806884766,13.252165794372559,17.3133544921875,9.439865112304688,13.737865447998047,6.078545570373535,18.841487884521484,10.871732711791992,
2002-01-11,,15.653793334960938,,,238.26922607421875,19.233652114868164,6.659598350524902,13.176868438720703,17.031213760375977,9.350460052490234,13.770883560180664,6.020138263702393,18.71918296813965,10.667890548706055,
2002-01-14,,15.706703186035156,,,232.2515411376953,19.106271743774414,6.578795433044434,13.07647705078125,16.838844299316406,9.205169677734375,13.88090991973877,6.076378345489502,18.583295822143555,10.588611602783203,
2002-01-15,,15.704742431640625,,,238.09197998046875,19.042583465576172,6.685659885406494,13.362604141235352,16.858078002929688,9.264776229858398,13.897418975830078,6.078545570373535,18.814306259155273,10.656566619873047,
2002-01-16,,15.675346374511719,,,229.64105224609375,18.401460647583008,6.547515392303467,13.196946144104004,16.287378311157227,9.037534713745117,13.765381813049316,6.052585601806641,18.352270126342773,10.475374221801758,
2002-01-17,,15.71453857421875,,,229.2870330810547,18.660459518432617,6.544909954071045,13.32243824005127,16.351497650146484,9.261052131652832,13.891918182373047,5.992016315460205,18.467788696289062,10.599936485290527,
2002-01-18,,15.655744552612305,,,230.26031494140625,18.180679321289062,6.490172386169434,13.272244453430176,16.466922760009766,8.95185375213623,13.836897850036621,5.981197834014893,18.325096130371094,10.569741249084473,
2002-01-22,,15.683182716369629,,,226.76486206054688,17.289052963256836,6.4432549476623535,13.227071762084961,16.563114166259766,8.63147258758545,13.990946769714355,5.85141134262085,18.277542114257812,10.637689590454102,
2002-01-23,,15.655744552612305,,,238.49026489257812,17.841012954711914,6.6257100105285645,13.287300109863281,16.47974967956543,8.761863708496094,14.040462493896484,5.937938213348389,18.209585189819336,10.867959976196289,
2002-01-24,,15.587169647216797,,,250.1715850830078,18.108501434326172,6.716939926147461,13.302360534667969,16.627233505249023,8.89224624633789,13.836897850036621,5.924956798553467,18.35907554626465,10.871732711791992,
2002-01-25,,15.610685348510742,,,255.3041229248047,18.42694091796875,6.789920806884766,13.387701034545898,16.858078002929688,8.85871696472168,13.809389114379883,5.88818359375,18.37946319580078,10.758482933044434,
2002-01-28,,15.616561889648438,,,248.4456024169922,18.70291519165039,6.685659885406494,13.252165794372559,16.845251083374023,8.922052383422852,13.809389114379883,5.88818359375,18.41343116760254,10.943452835083008,
2002-01-29,,15.510753631591797,,,244.8618927001953,18.32079315185547,6.503209114074707,12.674898147583008,16.20401954650879,8.605400085449219,13.638833999633789,5.812475204467773,18.066909790039062,10.71318531036377,
2002-01-30,,15.66358757019043,,,250.54452514648438,19.042583465576172,6.55533504486084,12.835524559020996,16.383563995361328,8.717161178588867,13.803889274597168,5.805984973907471,17.992162704467773,10.984981536865234,
2002-01-31,,15.653793334960938,,,259.4405822753906,19.233652114868164,6.711724758148193,13.051374435424805,16.640060424804688,8.843820571899414,13.88090991973877,5.8449201583862305,18.175613403320312,11.151079177856445,
2002-02-01,,15.71453857421875,,,258.7764587402344,19.021352767944336,6.748218059539795,12.890738487243652,16.511810302734375,8.67990779876709,13.891918182373047,5.857900142669678,18.141643524169922,11.037830352783203,
2002-02-04,,15.712575912475586,,,250.9868621826172,18.745378494262695,6.568367958068848,12.423904418945312,15.780793190002441,8.434037208557129,13.743371963500977,5.7973313331604,17.795124053955078,10.852856636047363,
2002-02-05,,15.675346374511719,,,246.51718139648438,18.68169403076172,6.524061679840088,12.423904418945312,15.562779426574707,8.303653717041016,13.902921676635742,5.71945333480835,17.890239715576172,10.841535568237305,
2002-02-06,,15.577380180358887,,,250.7215576171875,18.592527389526367,6.568367958068848,12.24821662902832,15.678203582763672,8.255223274230957,13.836897850036621,5.604806423187256,17.795124053955078,10.75471019744873,
2002-02-07,,15.587169647216797,,,242.2723846435547,17.85375213623047,6.492781162261963,12.363669395446777,15.864160537719727,8.132290840148926,13.688353538513184,5.684844970703125,18.141643524169922,10.626365661621094,
2002-02-08,,15.577380180358887,,,247.54205322265625,18.22313690185547,6.565761566162109,12.689955711364746,15.960347175598145,8.288749694824219,13.721363067626953,5.715126991271973,18.515352249145508,10.72074031829834,
2002-02-11,,15.724329948425293,,,257.06292724609375,18.970407485961914,6.651777744293213,12.800385475158691,16.306610107421875,8.475017547607422,13.941435813903809,5.754066467285156,18.68522071838379,11.041603088378906,
2002-02-12,,15.675346374511719,,,253.5203094482422,18.800569534301758,6.620499610900879,12.654812812805176,16.16553497314453,8.337180137634277,13.935924530029297,5.754066467285156,18.515352249145508,10.94723129272461,
2002-02-13,,15.722376823425293,,,255.5130157470703,19.41621971130371,6.659598350524902,12.910821914672852,16.33867835998535,8.471294403076172,14.02396297454834,5.788677215576172,18.82111167907715,11.109554290771484,
2002-02-14,,15.792915344238281,,,258.16998291015625,19.233652114868164,6.714330196380615,12.885720252990723,16.396385192871094,8.381885528564453,14.02396297454834,5.801655292510986,18.875469207763672,11.151079177856445,
2002-02-15,,15.881081581115723,,,259.7196044921875,18.89398193359375,6.719545364379883,12.68493366241455,16.280969619750977,8.13974380493164,14.029459953308105,5.790842056274414,18.583295822143555,11.022729873657227,
2002-02-19,,15.818387985229492,,,257.9525451660156,18.15520477294922,6.659598350524902,12.338565826416016,16.2360782623291,7.852898597717285,13.853400230407715,5.6913323402404785,18.277542114257812,10.89438533782959,
2002-02-20,,15.881081581115723,,,255.07334899902344,18.367496490478516,6.638740062713623,12.569476127624512,16.47333526611328,7.949750900268555,14.133991241455078,5.762720108032227,18.71918296813965,11.109554290771484,
2002-02-21,,15.773314476013184,,,264.19854736328125,17.18290901184082,6.716939926147461,12.423904418945312,16.40921974182129,7.5809478759765625,13.957934379577637,5.648072242736816,18.583295822143555,11.003852844238281,
2002-02-22,,15.959456443786621,,,268.9077453613281,17.23810386657715,6.90199613571167,12.348610877990723,16.569522857666016,7.629377841949463,14.189006805419922,5.725943088531494,18.753162384033203,11.018953323364258,
2002-02-25,,15.986897468566895,,,278.7423095703125,18.189170837402344,7.001044750213623,12.6648530960083,17.005563735961914,7.88641881942749,14.211021423339844,5.790842056274414,19.07931137084961,11.203923225402832,
2002-02-26,,16.002580642700195,,,277.7586364746094,17.951400756835938,6.964554786682129,12.654812812805176,17.069692611694336,7.83799409866333,14.205513954162598,5.784352779388428,19.024948120117188,11.324721336364746,
2002-02-27,,15.96926498413086,,,273.5257873535156,17.717884063720703,6.9593424797058105,12.785333633422852,17.27488136291504,7.78210973739624,14.222025871276855,5.823287010192871,18.956995010375977,11.305849075317383,
2002-02-28,,15.963387489318848,,,275.2547302246094,17.136205673217773,6.941098690032959,12.825488090515137,17.05685806274414,7.692706108093262,14.172502517700195,5.834100246429443,19.01136016845703,11.211474418640137,
2002-03-01,,16.126007080078125,,,278.0467529296875,18.800569534301758,7.04014253616333,13.001179695129395,17.454418182373047,8.080135345458984,14.442092895507812,5.959568977355957,19.371469497680664,11.317170143127441,
2002-03-04,,16.300405502319336,,,290.3246154785156,19.929964065551758,7.19392728805542,13.442914009094238,18.05078125,8.374431610107422,14.447590827941895,6.030953407287598,19.568527221679688,11.487045288085938,
2002-03-05,,16.51201057434082,,,288.50732421875,20.303598403930664,7.196534633636475,13.45295238494873,17.826345443725586,8.400514602661133,14.194515228271484,6.035279750823975,19.541330337524414,11.151079177856445,
2002-03-06,,16.627628326416016,,,293.3828125,20.210195541381836,7.334677696228027,13.678838729858398,18.364974975585938,8.482471466064453,14.310043334960938,6.154256820678711,19.813125610351562,11.305849075317383,
2002-03-07,,16.63546371459961,,,295.6436462402344,20.337568283081055,7.389416217803955,13.558379173278809,18.14695930480957,8.452670097351074,14.304550170898438,6.1174798011779785,19.66364288330078,11.392670631408691,
2002-03-08,,16.642017364501953,,,289.88153076171875,21.144275665283203,7.355526924133301,13.618603706359863,18.2687931060791,8.676180839538574,14.255030632019043,6.100175857543945,19.86748504638672,11.456842422485352,
2002-03-11,,16.5108642578125,,,294.4470520019531,20.6347713470459,7.4337239265441895,13.69892406463623,18.307266235351562,8.70225715637207,14.255030632019043,6.119645595550537,19.77235984802246,11.403995513916016,
2002-03-12,,16.44927215576172,,,300.4305419921875,19.99365234375,7.498889923095703,13.703943252563477,18.2687931060791,8.51599407196045,14.249527931213379,6.056911945343018,19.704410552978516,11.426648139953613,
2002-03-13,,16.528757095336914,,,292.80682373046875,19.33555030822754,7.449362277984619,13.578447341918945,18.018707275390625,8.292479515075684,14.359567642211914,6.056911945343018,19.63646125793457,11.400222778320312,
2002-03-14,,16.622140884399414,,,288.1084899902344,19.24638557434082,7.4467549324035645,13.613585472106934,18.03795051574707,8.1956205368042,14.321059226989746,6.035279750823975,19.77235984802246,11.400222778320312,
2002-03-15,,16.711563110351562,,,296.9733581542969,19.802589416503906,7.500629425048828,13.900662422180176,18.05210304260254,8.255223274230957,14.58314323425293,6.086307048797607,20.134668350219727,11.546868324279785,
2002-03-18,,16.70163917541504,,,304.95196533203125,19.929964065551758,7.558168888092041,13.870448112487793,17.98135757446289,8.281303405761719,14.538995742797852,6.114659309387207,20.3114070892334,11.550647735595703,
2002-03-19,,16.781118392944336,,,309.1624755859375,20.138011932373047,7.64970588684082,13.865411758422852,18.174287796020508,8.314828872680664,14.594182968139648,6.143006801605225,20.291019439697266,11.599785804748535,
2002-03-20,,16.751310348510742,,,303.1786804199219,19.428955078125,7.568631649017334,13.648842811584473,17.97492790222168,8.061508178710938,14.307255744934082,6.1059346199035645,20.297809600830078,11.554430961608887,
2002-03-21,,16.8109188079834,,,306.8135070800781,19.972427368164062,7.61047887802124,13.653875350952148,17.614778518676758,8.221700668334961,14.417612075805664,6.171353816986084,20.168657302856445,11.410798072814941,
2002-03-22,,16.888416290283203,,,291.0339050292969,19.637001037597656,7.43263578414917,13.648842811584473,17.511882781982422,8.102489471435547,14.434162139892578,6.099392414093018,20.059894561767578,11.357892990112305,
2002-03-25,,16.711563110351562,,,292.5411376953125,19.127500534057617,7.364634037017822,13.43227767944336,17.235347747802734,7.919950485229492,14.290706634521484,6.108116626739502,19.76079750061035,11.150005340576172,
2002-03-26,,16.85265350341797,,,291.72540283203125,19.594547271728516,7.424788475036621,13.598475456237793,17.344680786132812,7.979557037353516,14.401058197021484,6.075403690338135,19.645238876342773,11.301191329956055,
2002-03-27,,16.977840423583984,,,304.66912841796875,19.42470932006836,7.5973992347717285,13.774754524230957,17.460426330566406,7.975830554962158,14.356915473937988,6.090667724609375,19.93754005432129,11.376787185668945,
2002-03-28,,16.930150985717773,,,305.4228515625,19.75588607788086,7.555553913116455,13.674022674560547,17.51832389831543,8.072686195373535,14.401058197021484,6.145188808441162,20.11427116394043,11.354111671447754,
2002-04-01,,16.950016021728516,,,306.08770751953125,20.273874282836914,7.6078619956970215,13.648842811584473,17.511882781982422,8.162093162536621,14.3734712600708,6.081949710845947,19.930740356445312,11.142449378967285,
2002-04-02,,16.979822158813477,,,308.8359375,19.628509521484375,7.702011585235596,13.699209213256836,17.344680786132812,7.923677444458008,14.274148941040039,6.116838455200195,19.815183639526367,10.942126274108887,
2002-04-03,,16.973861694335938,,,300.10345458984375,19.233652114868164,7.534631729125977,13.4977445602417,17.106718063354492,7.8007402420043945,14.285192489624023,6.116838455200195,19.556865692138672,10.858972549438477,
2002-04-04,,17.0096378326416,,,294.2961120605469,19.492645263671875,7.398634433746338,13.618619918823242,17.241785049438477,7.8342671394348145,14.119658470153809,6.125559329986572,19.8355712890625,11.006376266479492,
2002-04-05,,17.166608810424805,,,291.45916748046875,19.212417602539062,7.314948558807373,13.684103012084961,17.318958282470703,7.71133279800415,14.00378704071045,6.092851638793945,20.073488235473633,11.074411392211914,
2002-04-08,,17.321609497070312,,,293.8084716796875,19.27610206604004,7.427404880523682,13.724382400512695,17.454010009765625,7.674083232879639,14.047929763793945,6.04923677444458,20.155061721801758,11.240718841552734,
2002-04-09,,17.456727981567383,,,288.5777282714844,18.605260848999023,7.32017707824707,13.810012817382812,17.44114112854004,7.4803667068481445,14.036893844604492,5.920577526092529,20.18226432800293,11.32009220123291,
2002-04-10,,17.65542984008789,,,293.232421875,18.843029022216797,7.403866291046143,13.860371589660645,17.84630012512207,7.502718448638916,14.268636703491211,6.044877052307129,20.365787506103516,11.452377319335938,
2002-04-11,,17.5739688873291,,,291.2378845214844,18.418447494506836,7.328023433685303,13.517897605895996,17.27393341064453,7.253124713897705,14.075515747070312,5.863877296447754,20.02591323852539,11.27851390838623,
2002-04-12,,17.762744903564453,,,279.2691345214844,18.5543155670166,7.087417125701904,13.689129829406738,17.248207092285156,7.376054763793945,14.152765274047852,5.903129577636719,20.093894958496094,11.509072303771973,
2002-04-15,,17.673330307006836,,,290.2182922363281,18.830289840698242,7.226029396057129,13.51285457611084,17.06814193725586,7.3946852684021,14.141724586486816,5.811542510986328,20.080289840698242,11.335212707519531,
2002-04-16,,17.387187957763672,,,299.4383850097656,19.777114868164062,7.362023830413818,13.789865493774414,17.370399475097656,7.729955196380615,14.290706634521484,5.953285217285156,20.21624755859375,11.501516342163086,
2002-04-17,,17.16264533996582,,,307.8607177734375,20.121028900146484,7.453558444976807,13.825121879577637,17.248207092285156,7.759760856628418,14.081040382385254,5.983813762664795,20.263822555541992,11.384340286254883,
2002-04-18,,17.2381534576416,,,311.3184509277344,19.61152458190918,7.490170478820801,13.825121879577637,17.11959457397461,7.677807331085205,14.224498748779297,5.968552589416504,20.474550247192383,11.308751106262207,
2002-04-19,,17.146747589111328,,,311.05230712890625,19.271862030029297,7.524168014526367,13.79993724822998,17.02312469482422,7.655454158782959,14.252080917358398,5.9162139892578125,20.637693405151367,11.357892990112305,
2002-04-22,,16.946048736572266,,,308.3484191894531,19.076547622680664,7.450940132141113,13.613584518432617,16.753015518188477,7.46546745300293,14.16932201385498,5.826807498931885,20.542531967163086,11.248275756835938,
2002-04-23,,16.691694259643555,,,314.4657287597656,18.68169403076172,7.43263578414917,13.548112869262695,16.720861434936523,7.312727928161621,14.053445816040039,5.855156421661377,20.392982482910156,11.267175674438477,
2002-04-24,,16.79900550842285,,,311.1854248046875,18.095762252807617,7.299256324768066,13.462491989135742,16.579376220703125,7.200970649719238,13.992745399475098,5.870420455932617,20.528934478759766,11.168902397155762,
2002-04-25,,16.876495361328125,,,319.38592529296875,18.121240615844727,7.351560115814209,13.336580276489258,16.3800106048584,7.249399185180664,14.036893844604492,5.8311686515808105,20.590118408203125,11.199142456054688,
2002-04-26,,16.818870544433594,,,322.04595947265625,17.38671112060547,7.270488262176514,13.28621768951416,16.212797164916992,7.0035271644592285,13.948607444763184,5.737396717071533,20.25702667236328,11.131108283996582,
2002-04-29,,16.721508026123047,,,318.96014404296875,17.36123275756836,7.223409652709961,13.170376777648926,15.859087944030762,6.958826541900635,13.805158615112305,5.652349472045898,19.79479217529297,11.010162353515625,
2002-04-30,,16.979822158813477,,,317.3638916015625,17.60749053955078,7.283565521240234,13.326507568359375,16.30927276611328,7.096663475036621,13.865850448608398,5.772289276123047,19.99192237854004,11.036616325378418,
2002-05-01,,17.122905731201172,,,324.3248291015625,17.683917999267578,7.328023433685303,13.417166709899902,16.360727310180664,7.037058353424072,14.064486503601074,5.826807498931885,20.352195739746094,11.097087860107422,
2002-05-02,,17.335521697998047,,,329.9752502441406,16.940893173217773,7.3829450607299805,13.548112869262695,16.41860008239746,6.8582444190979,14.064486503601074,5.789738178253174,20.28421974182129,11.199142456054688,
2002-05-03,,17.335521697998047,,,330.9951171875,16.17664337158203,7.409099102020264,13.482641220092773,16.425025939941406,6.694329261779785,13.932061195373535,5.75702428817749,20.155061721801758,11.047957420349121,
2002-05-06,,17.192445755004883,,,315.117431640625,15.828479766845703,7.155409812927246,13.170376777648926,15.961986541748047,6.5043416023254395,13.832745552062988,5.726494312286377,19.774389266967773,10.847633361816406,
2002-05-07,,17.099058151245117,,,310.682373046875,15.866697311401367,7.121415615081787,13.109942436218262,15.974857330322266,6.5043416023254395,13.639623641967773,5.669796466827393,19.815183639526367,11.006376266479492,
2002-05-08,,17.03943634033203,,,323.6330261230469,17.70514678955078,7.270488262176514,13.4977445602417,16.63726043701172,7.178618907928467,13.88791561126709,5.750482082366943,20.25702667236328,11.168902397155762,
2002-05-09,,16.840740203857422,,,314.8958435058594,17.170169830322266,7.205108165740967,13.336580276489258,16.354276657104492,6.943923473358154,13.744458198547363,5.702508926391602,20.02591323852539,10.998820304870605,
2002-05-10,,16.691694259643555,,,321.99188232421875,16.46535873413086,7.1998748779296875,13.165346145629883,16.109907150268555,6.705509662628174,13.716873168945312,5.571667194366455,19.76079750061035,10.81739616394043,
2002-05-13,,16.79503059387207,,,328.8219299316406,17.395200729370117,7.338486194610596,13.402056694030762,16.212797164916992,6.9700026512146,13.854814529418945,5.639267444610596,19.99192237854004,10.934565544128418,
2002-05-14,,16.880474090576172,,,327.57989501953125,18.448171615600586,7.359409332275391,13.608543395996094,16.572940826416016,7.305279731750488,13.909987449645996,5.724313735961914,20.352195739746094,11.323864936828613,
2002-05-15,,16.977840423583984,,,314.18243408203125,18.34202003479004,7.236485481262207,13.543070793151855,16.63726043701172,7.282926082611084,13.705838203430176,5.693785190582275,20.528934478759766,11.255834579467773,
2002-05-16,,16.906301498413086,,,318.1305847167969,18.630739212036133,7.32017707824707,13.704242706298828,16.74014663696289,7.390957832336426,13.722390174865723,5.715590000152588,20.583328247070312,11.338987350463867,
2002-05-17,,16.993730545043945,,,310.8551330566406,18.72414779663086,7.260027885437012,13.76468276977539,16.88806915283203,7.428211688995361,13.88240909576416,5.661073684692383,20.576509475708008,11.433478355407715,
2002-05-20,,16.87053680419922,,,312.6292419433594,18.32079315185547,7.21033239364624,13.527962684631348,16.753015518188477,7.234498023986816,13.816184043884277,5.691603183746338,20.392982482910156,11.395681381225586,
2002-05-21,,16.8109188079834,,,308.28167724609375,17.87497901916504,7.215563774108887,13.402056694030762,16.495777130126953,7.055685520172119,13.700318336486816,5.733038902282715,20.21624755859375,11.112207412719727,
2002-05-22,,16.731430053710938,,,316.44439697265625,17.896209716796875,7.335871696472168,13.42723560333252,16.566518783569336,7.1413655281066895,13.821706771850586,5.835526943206787,20.093894958496094,11.063072204589844,
2002-05-23,,17.107004165649414,,,320.6590576171875,17.74760627746582,7.398634433746338,13.573296546936035,16.87520408630371,7.197244167327881,13.865850448608398,5.940201759338379,20.277420043945312,11.168902397155762,
2002-05-24,,17.118927001953125,,,315.64605712890625,17.14044952392578,7.317563056945801,13.482641220092773,16.688697814941406,7.040783882141113,13.705838203430176,5.879143238067627,20.195852279663086,11.0819730758667,
2002-05-28,,17.18846893310547,,,317.70904541015625,17.064023971557617,7.260027885437012,13.341620445251465,16.502206802368164,6.977451801300049,13.65617561340332,5.920577526092529,20.175453186035156,10.908108711242676,
2002-05-29,,17.33751106262207,,,318.50787353515625,16.495079040527344,7.192030429840088,13.336580276489258,16.315690994262695,6.8470659255981445,13.700318336486816,5.82244348526001,20.161861419677734,10.885432243347168,
2002-05-30,,17.24809455871582,,,313.0063171386719,16.45262336730957,7.053416728973389,13.281180381774902,16.24495506286621,6.880597114562988,13.639623641967773,5.767929553985596,20.121084213256836,10.790938377380371,
2002-05-31,,17.307695388793945,,,315.8901062011719,16.32524871826172,7.155409812927246,13.28621768951416,16.3800106048584,6.802361965179443,13.711346626281738,5.724313735961914,20.270631790161133,10.979920387268066,
2002-06-03,,17.28782844543457,,,302.3587341308594,15.60345458984375,6.9305009841918945,13.024319648742676,15.762619972229004,6.601199626922607,13.396848678588867,5.593474864959717,19.92394256591797,10.688888549804688,
2002-06-04,,17.307695388793945,,,297.8211669921875,16.049266815185547,6.9305009841918945,12.938695907592773,15.634002685546875,6.694329261779785,13.38029670715332,5.613098621368408,19.876365661621094,10.628416061401367,
2002-06-05,,17.317638397216797,,,292.4048156738281,16.168153762817383,6.904348373413086,13.064611434936523,15.897680282592773,6.776289939880371,13.53479290008545,5.591293811798096,20.046295166015625,10.847633361816406,
2002-06-06,,17.24809455871582,,,290.4512023925781,15.624683380126953,6.831120491027832,12.78256893157959,15.518245697021484,6.612374305725098,13.231316566467285,5.4277424812316895,19.774389266967773,10.677547454833984,
2002-06-07,,17.198408126831055,,,296.8888244628906,14.73305892944336,6.901730537414551,12.822861671447754,15.518245697021484,6.467091083526611,13.231316566467285,5.4909796714782715,19.917139053344727,10.688888549804688,
2002-06-10,,17.28782844543457,,,288.8085021972656,14.478307723999023,6.773584365844727,12.8933687210083,15.640439987182617,6.407485008239746,13.38029670715332,5.510608196258545,19.957929611206055,10.866531372070312,
2002-06-11,,17.32756233215332,,,278.46405029296875,13.930597305297852,6.671587944030762,12.66673469543457,15.453948020935059,6.265923500061035,13.021649360656738,5.419018268585205,19.808385848999023,10.80983829498291,
2002-06-12,,17.28982162475586,,,285.7449035644531,14.478307723999023,6.765737056732178,12.737239837646484,15.447504997253418,6.392582416534424,13.010611534118652,5.5302324295043945,19.40053367614746,10.90054988861084,
2002-06-13,,17.297775268554688,,,289.5104064941406,14.189592361450195,6.757891654968262,12.440085411071777,15.408926963806152,6.284548759460449,12.971983909606934,5.523688793182373,19.04704475402832,10.651091575622559,
2002-06-14,,17.226581573486328,,,293.06268310546875,14.19808292388916,6.750046253204346,12.555927276611328,15.331743240356445,6.273374080657959,13.0271635055542,5.4539103507995605,18.904293060302734,10.583057403564453,
2002-06-17,,17.311275482177734,,,300.1671142578125,14.941106796264648,6.925269603729248,13.120016098022461,15.762619972229004,6.485718727111816,13.275458335876465,5.576025009155273,19.43450927734375,10.862751960754395,
2002-06-18,,17.2648983001709,,,297.19244384765625,14.669368743896484,6.8912739753723145,13.145193099975586,15.910545349121094,6.4149370193481445,13.242345809936523,5.617458343505859,19.522886276245117,10.828736305236816,
2002-06-19,,17.291114807128906,,,295.2830810546875,13.692828178405762,6.823269367218018,13.019286155700684,15.788354873657227,6.16161584854126,13.192689895629883,5.462629795074463,19.454910278320312,10.783378601074219,
2002-06-20,,17.355636596679688,,,293.9063415527344,13.094164848327637,6.810199737548828,12.757387161254883,15.666160583496094,6.020056247711182,13.076818466186523,5.397209644317627,18.93828010559082,10.624632835388184,
2002-06-21,,17.510908126831055,,,289.0217590332031,12.631368637084961,6.767045497894287,12.61674690246582,15.272263526916504,5.848691940307617,12.723722457885742,5.416363716125488,18.541881561279297,10.458403587341309,
2002-06-24,,17.446374893188477,,,291.2864685058594,13.1705904006958,6.82756233215332,12.65216064453125,15.48500919342041,5.949275970458984,12.596430778503418,5.326094627380371,18.684667587280273,10.57199764251709,
2002-06-25,,17.543169021606445,,,288.044921875,12.631368637084961,6.798620700836182,12.530747413635254,15.156229019165039,5.744385242462158,12.336308479309082,5.290865421295166,18.39229965209961,10.394035339355469,
2002-06-26,,17.4826717376709,,,284.1639709472656,12.741761207580566,6.801253318786621,12.292989730834961,15.14978313446045,5.748109817504883,12.314169883728027,5.235818386077881,18.698261260986328,10.299368858337402,
2002-06-27,,17.55122947692871,,,279.32354736328125,13.132377624511719,6.835454940795898,12.55604362487793,15.388298034667969,5.9008469581604,12.40826416015625,5.231416702270508,19.174224853515625,10.359950065612793,
2002-06-28,,17.583499908447266,,,272.972900390625,12.88611888885498,6.893338203430176,12.717927932739258,15.37541389465332,5.89339542388916,12.314169883728027,5.339303016662598,18.820650100708008,10.401612281799316,
2002-07-01,,17.470577239990234,,,268.4435729980469,12.304438591003418,6.82756233215332,12.454863548278809,15.033738136291504,5.643803596496582,12.435930252075195,5.2292160987854,18.031936645507812,10.087326049804688,
2002-07-02,,17.291114807128906,,,260.4057922363281,11.676054000854492,6.693380355834961,12.282867431640625,14.801655769348145,5.476163864135742,12.352913856506348,5.119126796722412,17.623964309692383,9.947225570678711,
2002-07-03,,17.059215545654297,,,267.4668884277344,12.266227722167969,6.735476016998291,12.146279335021973,14.820993423461914,5.677330493927002,12.26990795135498,5.088301181793213,17.651166915893555,10.075966835021973,
2002-07-05,,17.129798889160156,,,273.9945983886719,13.412603378295898,6.893338203430176,12.611690521240234,15.433433532714844,5.9828057289123535,12.430398941040039,5.1477484703063965,18.242708206176758,10.473549842834473,
2002-07-08,,17.02897071838379,,,264.9797668457031,12.758745193481445,6.809145927429199,12.545928001403809,15.175572395324707,5.803989410400391,12.40826416015625,5.081695556640625,18.018329620361328,10.329663276672363,
2002-07-09,,16.85959815979004,,,265.15728759765625,12.29170036315918,6.724952220916748,12.2170991897583,14.795205116271973,5.7183098793029785,12.203484535217285,4.9473876953125,17.19561004638672,10.094898223876953,
2002-07-10,,16.645837783813477,,,257.1640319824219,11.714269638061523,6.438165664672852,11.827569007873535,14.434186935424805,5.565572261810303,11.954436302185059,4.667764663696289,16.40007781982422,9.76546573638916,
2002-07-11,,16.34337043762207,,,248.7711181640625,12.495503425598145,6.314509868621826,11.989449501037598,14.453536033630371,5.770459175109863,11.755197525024414,4.83069372177124,16.712846755981445,9.75789737701416,
2002-07-12,,16.282880783081055,,,245.57345581054688,12.614384651184082,6.20137357711792,11.812399864196777,14.408409118652344,5.744385242462158,11.506146430969238,4.650148868560791,16.930435180664062,9.632941246032715,
2002-07-15,,16.159875869750977,,,238.646240234375,13.234277725219727,6.064557075500488,11.812399864196777,14.29881477355957,5.856142520904541,11.340115547180176,4.722806930541992,16.624460220336914,9.485265731811523,
2002-07-16,,16.17197608947754,,,241.5770263671875,12.894612312316895,5.972473621368408,11.574628829956055,14.002262115478516,5.789088726043701,11.163008689880371,4.584095478057861,16.508869171142578,9.22778034210205,
2002-07-17,,16.192138671875,,,242.2433624267578,12.983772277832031,6.03825044631958,11.503802299499512,14.169873237609863,5.830068111419678,11.212813377380371,4.498225688934326,16.869237899780273,9.178552627563477,
2002-07-18,,15.770711898803711,,,244.01951599121094,12.588911056518555,5.998784065246582,11.104156494140625,13.75728988647461,5.707129955291748,10.958232879638672,4.39254093170166,16.073705673217773,9.027091026306152,
2002-07-19,,15.484362602233887,,,229.54269409179688,12.317176818847656,5.630436897277832,10.866388320922852,13.331803321838379,5.528318881988525,10.44906234741211,4.145938396453857,15.414173126220703,8.58785629272461,
2002-07-22,,15.24441146850586,,,214.44398498535156,11.986002922058105,5.285770893096924,10.49709701538086,12.906316757202148,5.2377471923828125,10.537612915039062,4.044660568237305,15.284982681274414,8.447752952575684,
2002-07-23,,14.710049629211426,,,205.02957153320312,11.548678398132324,5.209469795227051,9.900153160095215,12.616217613220215,4.9769744873046875,10.587422370910645,3.729806900024414,14.999411582946777,8.31143856048584,
2002-07-24,,14.80079174041748,,,223.14794921875,12.058181762695312,5.554135322570801,10.49709701538086,13.29312515258789,5.234021186828613,11.129800796508789,4.062273979187012,15.971717834472656,8.799901962280273,
2002-07-25,,15.193992614746094,,,219.81741333007812,10.911805152893066,5.530457496643066,10.421215057373047,13.30601978302002,4.921098709106445,11.26816177368164,4.183372974395752,16.515676498413086,8.656017303466797,
2002-07-26,,15.728358268737793,,,219.90615844726562,10.903310775756836,5.604126930236816,10.7399263381958,13.518759727478027,4.988153457641602,11.317974090576172,4.128328800201416,16.882843017578125,8.758254051208496,
2002-07-29,,16.42403793334961,,,236.60348510742188,11.569910049438477,5.927744388580322,11.45827579498291,14.363288879394531,5.282448768615723,11.644501686096191,4.1943793296813965,17.637569427490234,9.239140510559082,
2002-07-30,,16.676088333129883,,,238.95706176757812,11.8458890914917,5.835659503936768,11.483566284179688,14.530889511108398,5.364406585693359,11.528277397155762,4.535656452178955,17.766756057739258,9.205063819885254,
2002-07-31,,16.754730224609375,,,235.13795471191406,11.378849029541016,5.938267707824707,11.66062068939209,14.50510311126709,5.334603786468506,11.788403511047363,4.5532708168029785,18.276697158813477,9.159625053405762,
2002-08-01,,16.522830963134766,,,220.70578002929688,10.65280818939209,5.5883378982543945,11.372271537780762,14.182768821716309,5.099911689758301,11.677713394165039,4.4872145652771,17.766756057739258,8.87941837310791,
2002-08-02,,16.159875869750977,,,210.61912536621094,10.253698348999023,5.525195121765137,11.083922386169434,13.667033195495605,4.99187707901001,11.655577659606934,4.3991475105285645,17.623964309692383,8.48561954498291,
2002-08-05,,15.881606101989746,,,203.64295959472656,9.63805103302002,5.319973468780518,10.648859024047852,13.215763092041016,4.775810718536377,11.495074272155762,4.322083950042725,16.869237899780273,8.288724899291992,
2002-08-06,,15.921934127807617,,,211.77430725097656,10.190011978149414,5.512038707733154,10.997922897338867,13.667033195495605,4.9769744873046875,11.506146430969238,4.500428676605225,17.283994674682617,8.534845352172852,
2002-08-07,,16.252628326416016,,,209.24151611328125,10.402304649353027,5.590971946716309,11.139568328857422,14.008709907531738,5.066384315490723,11.771797180175781,4.533453941345215,17.8619441986084,8.656017303466797,
2002-08-08,,16.256668090820312,,,222.83847045898438,10.869345664978027,5.82776403427124,11.721332550048828,14.414855003356934,5.252649307250977,12.042990684509277,4.617123603820801,18.528278350830078,8.769608497619629,
2002-08-09,,16.053001403808594,,,231.36985778808594,10.741971969604492,5.9330034255981445,11.822510719299316,14.524444580078125,5.234021186828613,12.098335266113281,4.628129959106445,18.501089096069336,8.803689002990723,
2002-08-12,,16.24053382873535,,,236.21336364746094,10.572137832641602,5.9198527336120605,11.690987586975098,14.356834411621094,5.185593128204346,12.059587478637695,4.707392692565918,18.528278350830078,8.678732872009277,
2002-08-13,,16.059064865112305,,,233.28057861328125,10.168784141540527,5.830399036407471,11.412748336791992,14.021607398986816,5.066384315490723,11.943367958068848,4.577489852905273,18.08632469177246,8.580283164978027,
2002-08-14,,16.176006317138672,,,241.23446655273438,10.88632869720459,6.059298515319824,11.868041038513184,14.324590682983398,5.383031368255615,12.336308479309082,4.716202259063721,18.541881561279297,9.049812316894531,
2002-08-15,,16.27280044555664,,,255.36460876464844,11.060408592224121,6.230316162109375,12.014741897583008,14.440642356872559,5.45753812789917,12.225625038146973,4.725008010864258,18.671066284179688,9.420888900756836,
2002-08-16,,16.45427894592285,,,249.72125244140625,11.616612434387207,6.130336761474609,11.928750991821289,14.42774772644043,5.587924003601074,12.170279502868652,4.650148868560791,18.521480560302734,9.409537315368652,
2002-08-19,,16.43008804321289,,,251.4989471435547,12.06242561340332,6.180324077606201,12.232279777526855,14.769426345825195,5.792813777923584,12.264360427856445,4.722806930541992,18.779857635498047,9.629151344299316,
2002-08-20,,16.363548278808594,,,240.7455291748047,11.676054000854492,6.025096893310547,12.065338134765625,14.698507308959961,5.628899574279785,12.209025382995605,4.709596157073975,18.541881561279297,9.560995101928711,
2002-08-21,,16.444202423095703,,,241.67872619628906,12.160080909729004,6.03825044631958,12.090636253356934,14.743638038635254,5.803989410400391,12.192420959472656,4.854912281036377,18.854644775390625,9.720033645629883,
2002-08-22,,16.492597579956055,,,252.60952758789062,12.113378524780273,6.209268093109131,12.232279777526855,14.956376075744629,5.871044158935547,12.253294944763184,4.9539947509765625,19.446195602416992,9.867704391479492,
2002-08-23,,16.48453140258789,,,246.433349609375,11.36186408996582,6.109288215637207,11.974276542663574,14.608254432678223,5.658700942993164,12.059587478637695,4.876928806304932,18.943037033081055,9.595073699951172,
2002-08-26,,16.599468231201172,,,252.16531372070312,11.412813186645508,6.190851211547852,12.151339530944824,14.788771629333496,5.695957183837891,12.087262153625488,4.9539947509765625,19.153823852539062,9.651872634887695,
2002-08-27,,16.676088333129883,,,245.9442596435547,10.76744556427002,6.18821907043457,12.04003620147705,14.65982723236084,5.505967617034912,12.054057121276855,4.905554294586182,18.60987091064453,9.454971313476562,
2002-08-28,,16.815227508544922,,,239.90139770507812,10.381075859069824,6.040877819061279,11.842747688293457,14.37617301940918,5.3532280921936035,11.926758766174316,4.874727725982666,18.460285186767578,9.345162391662598,
2002-08-29,,16.736583709716797,,,235.28021240234375,10.372584342956543,5.988257884979248,11.852862358093262,14.266576766967773,5.427735805511475,11.793936729431152,4.806474208831787,18.50787925720215,9.432256698608398,
2002-08-30,,16.815227508544922,,,238.26263427734375,10.232470512390137,6.027724266052246,11.878161430358887,14.2794771194458,5.289899826049805,11.882484436035156,4.733814716339111,18.453489303588867,9.436036109924316,
2002-09-03,,16.639793395996094,,,222.64305114746094,9.786656379699707,5.788299083709717,11.29640007019043,13.783075332641602,5.029132843017578,11.622369766235352,4.603912830352783,17.685157775878906,9.099039077758789,
2002-09-04,,16.6821346282959,,,221.48695373535156,9.867327690124512,5.775142669677734,11.508862495422363,13.91845989227295,5.185593128204346,11.716452598571777,4.57528829574585,18.229110717773438,9.269437789916992,
2002-09-05,,16.625680923461914,,,220.3750762939453,9.459728240966797,5.785667419433594,11.336862564086914,13.673477172851562,5.010504245758057,11.710916519165039,4.562074661254883,18.018329620361328,9.099039077758789,
2002-09-06,,16.629714965820312,,,227.49095153808594,9.931015014648438,5.880383491516113,11.508862495422363,13.84754467010498,5.178142547607422,11.710916519165039,4.562074661254883,18.018329620361328,9.383030891418457,
2002-09-09,,16.657941818237305,,,229.04754638671875,9.901294708251953,5.87249231338501,11.690987586975098,13.963581085205078,5.234021186828613,11.943367958068848,4.5532708168029785,18.222307205200195,9.507983207702637,
2002-09-10,,16.629714965820312,,,235.49655151367188,10.262191772460938,5.998784065246582,11.620157241821289,14.118305206298828,5.323428630828857,11.937835693359375,4.4497857093811035,18.290306091308594,9.62536907196045,
2002-09-11,,16.65593147277832,,,234.38458251953125,10.406548500061035,5.967210292816162,11.55439567565918,14.118305206298828,5.3532280921936035,11.915693283081055,4.454191207885742,18.324296951293945,9.629151344299316,
2002-09-12,,16.534942626953125,,,228.1581573486328,9.722970008850098,5.819872856140137,11.230629920959473,13.924908638000488,5.155789852142334,11.760729789733887,4.33969783782959,17.97752571105957,9.390600204467773,
2002-09-13,,16.599170684814453,,,229.93701171875,9.672019958496094,5.883017063140869,11.31662654876709,13.589679718017578,5.178142547607422,11.827143669128418,4.403548717498779,18.11351776123047,9.485265731811523,
2002-09-16,,16.578712463378906,,,232.78369140625,9.36207389831543,5.925113677978516,11.291336059570312,13.725054740905762,5.092461109161377,11.9987154006958,4.35291051864624,18.11351776123047,9.511774063110352,
2002-09-17,,16.417118072509766,,,224.1554412841797,9.17101001739502,5.733048915863037,11.04850959777832,13.441398620605469,5.029132843017578,11.694317817687988,4.1943793296813965,17.84154510498047,9.405747413635254,
2002-09-18,,16.415063858032227,,,224.5999298095703,9.047881126403809,5.748836040496826,10.957452774047852,13.42205810546875,4.9769744873046875,11.699851036071777,4.333093166351318,17.943531036376953,9.417110443115234,
2002-09-19,,16.29234504699707,,,217.21725463867188,8.767655372619629,5.585710048675537,10.57804012298584,13.157745361328125,4.7534589767456055,11.362244606018066,4.242819786071777,17.338397979736328,9.087677001953125,
2002-09-20,,16.363935470581055,,,213.5256805419922,8.572347640991211,5.626713275909424,10.528192520141602,13.207572937011719,4.779538154602051,11.363360404968262,4.142977714538574,17.474117279052734,9.224163055419922,
2002-09-23,,16.316892623901367,,,215.03781127929688,8.130779266357422,5.594968318939209,10.533282279968262,13.03931999206543,4.630526065826416,11.318801879882812,4.033778667449951,17.26949691772461,8.936030387878418,
2002-09-24,,16.136886596679688,,,207.52171325683594,8.228435516357422,5.433601379394531,10.329839706420898,12.761065483093262,4.556020259857178,11.134979248046875,3.902290105819702,17.255863189697266,8.795750617980957,
2002-09-25,,16.09597396850586,,,217.70640563964844,8.805869102478027,5.581742286682129,10.533282279968262,13.006972312927246,4.731107234954834,11.224103927612305,4.018176555633545,17.74694061279297,8.970146179199219,
2002-09-26,,16.28415870666504,,,229.9652099609375,8.648772239685059,5.817177772521973,10.838446617126465,13.259342193603516,4.675230026245117,11.480340003967285,4.176407337188721,18.06068229675293,9.186247825622559,
2002-09-27,,16.16960906982422,,,224.84994506835938,8.491677284240723,5.708718776702881,10.502761840820312,12.754594802856445,4.559743881225586,11.14055347442627,4.105092525482178,17.392271041870117,8.917073249816895,
2002-09-30,,15.985520362854004,,,222.62582397460938,8.168993949890137,5.59761381149292,10.512934684753418,12.631635665893555,4.407007694244385,11.023579597473145,4.160807132720947,17.310428619384766,8.594817161560059,
2002-10-01,,15.940522193908691,,,229.78724670410156,8.610563278198242,5.774855613708496,10.96051025390625,13.18168830871582,4.645427227020264,11.352219581604004,4.227665424346924,17.84925079345703,8.833664894104004,
2002-10-02,,15.760522842407227,,,228.18600463867188,8.623296737670898,5.711366176605225,10.523107528686523,12.728711128234863,4.541119575500488,11.290947914123535,4.100635528564453,17.862886428833008,8.636519432067871,
2002-10-03,,15.83210563659668,,,227.474365234375,8.147764205932617,5.74839973449707,10.100963592529297,12.625170707702637,4.529942035675049,11.263093948364258,4.078349590301514,17.794679641723633,8.594817161560059,
2002-10-04,,15.492555618286133,,,223.7379150390625,7.943963050842285,5.650517463684082,9.821229934692383,12.295145034790039,4.433085918426514,11.14055347442627,3.891145944595337,17.23539924621582,8.484869003295898,
2002-10-07,,15.0343599319458,,,219.15663146972656,7.748654842376709,5.57909631729126,9.510974884033203,11.965118408203125,4.354853630065918,11.118268013000488,3.8554883003234863,17.194482803344727,8.155028343200684,
2002-10-08,,14.85027027130127,,,216.17628479003906,7.536362648010254,5.518254280090332,9.877177238464355,12.055706977844238,4.354853630065918,11.352219581604004,3.710627555847168,17.69919204711914,8.39766788482666,
2002-10-09,,14.49844741821289,,,209.90457153320312,7.502396583557129,5.409792900085449,9.46011734008789,11.648032188415527,4.313877582550049,11.20739459991455,3.3941662311553955,17.51504135131836,8.094367980957031,
2002-10-10,,14.85027027130127,,,215.37554931640625,7.952455043792725,5.53676700592041,9.9585542678833,12.049240112304688,4.541119575500488,11.257522583007812,3.623713970184326,17.733301162719727,8.238431930541992,
2002-10-11,,15.177549362182617,,,222.09217834472656,8.644526481628418,5.629358768463135,10.482423782348633,12.605753898620605,4.827966213226318,11.385643005371094,3.672743797302246,17.944730758666992,8.636519432067871,
2002-10-14,,14.987318992614746,,,231.83360290527344,8.661510467529297,5.785437107086182,10.558709144592285,12.534574508666992,4.835414886474609,11.575032234191895,3.6660563945770264,18.415348052978516,8.704764366149902,
2002-10-15,,15.279824256896973,,,241.97515869140625,9.485203742980957,5.960029602050781,11.31653881072998,13.142857551574707,5.140890121459961,11.675293922424316,3.6772005558013916,18.74272918701172,9.136964797973633,
2002-10-16,,15.198009490966797,,,235.302978515625,8.576593399047852,5.867442607879639,11.113093376159668,12.819305419921875,4.861491680145264,11.430203437805176,3.55016827583313,18.797300338745117,8.9739408493042,
2002-10-17,,15.341197967529297,,,243.57618713378906,9.158271789550781,5.991772174835205,11.443692207336426,13.220516204833984,5.066384315490723,11.480340003967285,3.610341787338257,19.02920150756836,9.072513580322266,
2002-10-18,,15.392328262329102,,,243.35398864746094,9.31961441040039,5.9864821434021,11.433516502380371,13.201094627380371,5.1334404945373535,11.614025115966797,3.641542434692383,19.0360107421875,9.197627067565918,
2002-10-21,,15.320738792419434,,,245.31117248535156,9.773919105529785,6.0155863761901855,11.6217041015625,13.602315902709961,5.2377471923828125,11.903679847717285,3.8554883003234863,19.097393035888672,9.402349472045898,
2002-10-22,,15.018001556396484,,,239.7064971923828,9.081846237182617,5.846278190612793,11.514890670776367,13.414648056030273,5.215392589569092,11.69758129119873,3.8064591884613037,18.74272918701172,9.349274635314941,
2002-10-23,,15.02413558959961,,,247.9798126220703,9.773919105529785,5.941514015197754,11.519981384277344,13.550537109375,5.356954574584961,11.69758129119873,3.8755452632904053,18.61996078491211,9.455434799194336,
2002-10-24,,15.20822525024414,,,242.86471557617188,9.502185821533203,5.84363317489624,11.311448097229004,13.265812873840332,5.271273612976074,11.524901390075684,3.8777737617492676,18.31304168701172,9.337900161743164,
2002-10-25,,15.437324523925781,,,229.9652099609375,10.054145812988281,5.75369119644165,11.596267700195312,13.434062004089355,5.412836074829102,11.602883338928223,3.933488607406616,18.647239685058594,9.527461051940918,
2002-10-28,,15.330958366394043,,,233.52365112304688,10.011685371398926,5.743106842041016,11.565751075744629,13.246397972106934,5.401657581329346,11.34665584564209,4.011490345001221,18.565393447875977,9.375814437866211,
2002-10-29,,15.238916397094727,,,229.74295043945312,9.73570728302002,5.576449871063232,11.4385986328125,13.13638973236084,5.312251567840576,11.508184432983398,3.984747886657715,18.3335018157959,9.364441871643066,
2002-10-30,,15.232786178588867,,,242.2185821533203,10.253698348999023,5.761627197265625,11.565751075744629,13.149335861206055,5.494792938232422,11.558320999145508,4.073891639709473,18.456268310546875,9.201419830322266,
2002-10-31,,15.339147567749023,,,239.69947814941406,10.1815185546875,5.700784683227539,11.474207878112793,13.25286865234375,5.498515605926514,11.452482223510742,4.064977645874023,18.319862365722656,9.174880027770996,
2002-11-01,,15.429149627685547,,,252.340576171875,10.720741271972656,5.8515706062316895,11.636960983276367,13.427597999572754,5.662429332733154,11.59731388092041,4.0850372314453125,18.504016876220703,9.311359405517578,
2002-11-04,,15.668471336364746,,,247.9784698486328,11.128342628479004,5.75369119644165,11.73359203338623,13.440531730651855,5.88222074508667,11.335512161254883,4.232123851776123,18.531293869018555,9.269657135009766,
2002-11-05,,15.676648139953613,,,252.56321716308594,10.856608390808105,5.8727312088012695,11.774288177490234,13.569961547851562,5.844967365264893,11.446911811828613,4.232123851776123,18.763195037841797,9.39477252960205,
2002-11-06,,15.842334747314453,,,263.1129150390625,11.230241775512695,5.925637722015381,11.79971694946289,13.822333335876465,5.93809700012207,11.402352333068848,4.321267127990723,19.14514923095703,9.500929832458496,
2002-11-07,,15.768698692321777,,,252.83050537109375,10.482975006103516,5.8145341873168945,11.37248420715332,13.524656295776367,5.703404903411865,11.374499320983887,4.120691776275635,19.063295364379883,9.269657135009766,
2002-11-08,,15.635743141174316,,,249.71481323242188,10.359845161437988,5.780145645141602,11.311448097229004,13.324060440063477,5.662429332733154,11.302090644836426,3.9936623573303223,18.94052505493164,9.148334503173828,
2002-11-11,,15.535514831542969,,,244.99610900878906,9.799393653869629,5.708718776702881,11.189385414123535,13.071684837341309,5.4649882316589355,11.26866626739502,3.949090003967285,18.681350708007812,9.000480651855469,
2002-11-12,,15.637785911560059,,,241.7467498779297,10.143305778503418,5.690201759338379,11.306367874145508,13.078149795532227,5.617724895477295,10.934444427490234,3.8755452632904053,18.69498634338379,9.136964797973633,
2002-11-13,,15.49051570892334,,,234.8030548095703,10.168784141540527,5.563222408294678,11.250419616699219,13.052266120910645,5.643803596496582,11.095990180969238,3.900061845779419,18.476730346679688,9.163505554199219,
2002-11-14,,15.807561874389648,,,246.46536254882812,10.869345664978027,5.743106842041016,11.591181755065918,13.233455657958984,5.871044158935547,11.246384620666504,3.9869766235351562,18.770015716552734,9.421313285827637,
2002-11-15,,15.819835662841797,,,246.15354919433594,10.877838134765625,5.788078308105469,11.697993278503418,13.233455657958984,5.88222074508667,11.324370384216309,4.044917583465576,18.947341918945312,9.497138977050781,
2002-11-18,,15.690972328186035,,,246.15354919433594,10.805659294128418,5.793369770050049,11.494550704956055,13.13638973236084,5.815165042877197,11.27424144744873,4.033778667449951,18.84503936767578,9.341691970825195,
2002-11-19,,15.750288963317871,,,244.3730010986328,10.635826110839844,5.793369770050049,11.49963092803955,13.155800819396973,5.722032070159912,11.341079711914062,4.056064605712891,18.82457733154297,9.148334503173828,
2002-11-20,,15.7993803024292,,,256.3914794921875,11.336387634277344,5.9071221351623535,11.789538383483887,13.349932670593262,5.960450172424316,11.329940795898438,4.053834438323975,18.99509048461914,9.235539436340332,
2002-11-21,,15.86279582977295,,,261.06524658203125,12.058181762695312,5.952094554901123,12.0692777633667,13.899984359741211,6.26964807510376,11.190683364868164,4.122920513153076,19.097393035888672,9.478178977966309,
2002-11-22,,15.93847370147705,,,255.59027099609375,12.058181762695312,5.825116157531738,11.987895011901855,13.835275650024414,6.247298717498779,11.190683364868164,4.238809108734131,18.960979461669922,9.504719734191895,
2002-11-25,,15.956883430480957,,,256.07098388671875,12.444552421569824,5.8727312088012695,11.967554092407227,13.8093843460083,6.340429306030273,11.118268013000488,4.247722148895264,18.90641975402832,9.565380096435547,
2002-11-26,,15.93233585357666,,,248.58953857421875,11.994495391845703,5.761627197265625,11.642048835754395,13.615254402160645,6.157891750335693,11.045858383178711,4.140750885009766,18.606321334838867,9.303781509399414,
2002-11-27,,16.05711555480957,,,255.43975830078125,12.652597427368164,5.864795684814453,12.003157615661621,13.977633476257324,6.407485008239746,11.201824188232422,4.16526460647583,18.960979461669922,9.690492630004883,
2002-11-29,,16.0816650390625,,,261.46661376953125,12.440306663513184,5.936219215393066,11.901437759399414,13.945274353027344,6.370233058929443,11.134979248046875,4.183093070983887,18.885961532592773,9.599503517150879,
2002-12-02,,16.11846923828125,,,271.35498046875,12.436059951782227,5.954738616943359,11.901437759399414,14.03588581085205,6.388858318328857,11.045858383178711,4.120691776275635,18.71544647216797,9.667746543884277,
2002-12-03,,16.159385681152344,,,269.8847961425781,11.884101867675781,6.012935638427734,11.728508949279785,13.802921295166016,6.165340900421143,11.112698554992676,4.16526460647583,18.59268569946289,9.364441871643066,
2002-12-04,,16.01620864868164,,,261.68914794921875,11.293931007385254,5.960029602050781,11.728508949279785,13.757617950439453,6.072208881378174,11.27980899810791,4.071661949157715,18.763195037841797,9.364441871643066,
2002-12-05,,16.02642822265625,,,261.110107421875,11.124096870422363,5.9997100830078125,11.525071144104004,13.615254402160645,5.93809700012207,11.1683988571167,4.058289527893066,18.654062271118164,9.299991607666016,
2002-12-06,,16.04484748840332,,,263.0252685546875,11.077392578125,6.057910442352295,11.616615295410156,13.608782768249512,5.993978500366211,11.257522583007812,4.053834438323975,18.73591423034668,9.288614273071289,
2002-12-09,,16.08574676513672,,,258.9720458984375,10.35135269165039,5.952094554901123,11.39282512664795,13.395233154296875,5.710855007171631,11.224103927612305,4.109550476074219,18.654062271118164,8.98531723022461,
2002-12-10,,16.02642822265625,,,261.0209655761719,10.7759370803833,6.044681072235107,11.565751075744629,13.505245208740234,5.803989410400391,11.374499320983887,4.140750885009766,18.722274780273438,9.148334503173828,
2002-12-11,,16.01416015625,,,259.0165100097656,10.784427642822266,6.012935638427734,11.57592487335205,13.576428413391113,5.848691940307617,11.307663917541504,4.178636074066162,18.69498634338379,9.136964797973633,
2002-12-12,,16.034610748291016,,,268.23699951171875,10.737725257873535,6.065845489501953,11.525071144104004,13.524656295776367,5.822615623474121,11.23524284362793,4.192007064819336,18.504016876220703,9.080096244812012,
2002-12-13,,15.993181228637695,,,264.8992919921875,10.3088960647583,6.049972057342529,11.39282512664795,13.291692733764648,5.692231178283691,11.240822792053223,4.234349727630615,18.401704788208008,8.917073249816895,
2002-12-16,,16.04340362548828,,,272.4744873046875,10.733479499816895,6.153141498565674,11.718337059020996,13.621720314025879,5.885946750640869,11.29651927947998,4.301208972930908,18.58585548400879,9.136964797973633,
2002-12-17,,15.986902236938477,,,267.5730895996094,10.644316673278809,6.0896525382995605,11.662386894226074,13.453471183776855,5.856142520904541,11.179547309875488,4.305665493011475,18.340320587158203,9.0042724609375,
2002-12-18,,15.922039031982422,,,261.7804260253906,9.931015014648438,6.039388179779053,11.443692207336426,13.434062004089355,5.695957183837891,11.162834167480469,4.292294502258301,18.28575325012207,8.890531539916992,
2002-12-19,,15.838332176208496,,,262.0033264160156,9.871573448181152,5.978547096252441,11.341965675354004,13.336994171142578,5.673604965209961,11.018003463745117,4.296751976013184,18.108423233032227,8.810914993286133,
2002-12-20,,15.945058822631836,,,268.9095458984375,9.892804145812988,6.099799633026123,11.589099884033203,13.547165870666504,5.733745098114014,11.205604553222656,4.341179847717285,18.26520347595215,8.922252655029297,
2002-12-23,,15.93458366394043,,,270.91497802734375,10.075374603271484,6.126389503479004,11.563515663146973,13.482094764709473,5.804714202880859,11.239209175109863,4.323139190673828,18.38157844543457,8.796852111816406,
2002-12-24,,16.070608139038086,,,266.9048767089844,9.973475456237793,6.097140312194824,11.461181640625,13.417028427124023,5.744948387145996,11.239209175109863,4.305098056793213,18.48426628112793,8.75125789642334,
2002-12-26,,16.028757095336914,,,263.3399353027344,9.914032936096191,6.028004169464111,11.42536735534668,13.462577819824219,5.715065956115723,11.233604431152344,4.332158088684082,18.169347763061523,8.850058555603027,
2002-12-27,,16.018295288085938,,,256.4149475097656,9.756936073303223,5.897714138031006,11.215591430664062,13.202305793762207,5.6142120361328125,11.144004821777344,4.316371917724609,17.929746627807617,8.644861221313477,
2002-12-30,,16.058046340942383,,,253.5627899169922,9.48095703125,5.926961898803711,11.297453880310059,13.273880004882812,5.558182239532471,11.211202621459961,4.327647686004639,18.094043731689453,8.728455543518066,
2002-12-31,,16.175230026245117,,,255.3452606201172,9.404531478881836,5.937600135803223,11.25652027130127,13.397513389587402,5.528301239013672,11.166404724121094,4.318626880645752,18.176191329956055,8.781657218933105,
2003-01-02,,16.175230026245117,,,264.2579345703125,10.07112979888916,6.062572479248047,11.665844917297363,13.74237060546875,5.8271284103393555,11.379207611083984,4.420108318328857,18.66910743713379,9.112249374389648,
2003-01-03,,16.380292892456055,,,261.67315673828125,10.211241722106934,6.051934719085693,11.655614852905273,13.787914276123047,5.8495402336120605,11.368010520935059,4.465210914611816,18.860807418823242,8.903253555297852,
2003-01-06,,16.510034561157227,,,256.2812194824219,10.741971969604492,6.102458477020264,12.049595832824707,13.911548614501953,6.1072773933410645,11.452005386352539,4.665920257568359,19.06618881225586,9.066651344299316,
2003-01-07,,16.32170867919922,,,243.847900390625,10.746217727661133,5.903029441833496,11.916558265686035,13.833465576171875,6.170777797698975,11.351205825805664,4.564439296722412,18.792346954345703,9.017251968383789,
2003-01-08,,16.074792861938477,,,242.86778259277344,10.376829147338867,5.847191333770752,11.793764114379883,13.664295196533203,5.969069004058838,11.284002304077148,4.596012115478516,18.648574829101562,8.933649063110352,
2003-01-09,,16.14175033569336,,,245.54153442382812,10.580628395080566,5.921644687652588,12.02912425994873,13.8399658203125,6.144629955291748,11.396007537841797,4.573458671569824,18.840267181396484,9.180645942687988,
2003-01-10,,16.04967498779297,,,245.09588623046875,10.843871116638184,5.873780727386475,12.024007797241211,13.81393814086914,6.178247928619385,11.429598808288574,4.573458671569824,18.833412170410156,9.203449249267578,
2003-01-13,,15.9471435546875,,,240.6395263671875,10.720741271972656,5.852509498596191,12.059822082519531,13.787914276123047,6.144629955291748,11.457605361938477,4.476490020751953,18.847108840942383,9.24905014038086,
2003-01-14,,15.905301094055176,,,236.49520874023438,10.805659294128418,5.876440048217773,12.151924133300781,13.81393814086914,6.230542182922363,11.491202354431152,4.485509872436523,18.833412170410156,9.260448455810547,
2003-01-15,,15.903199195861816,,,244.38308715820312,10.521186828613281,5.895053863525391,11.972845077514648,13.618736267089844,6.1072773933410645,11.379207611083984,4.4719767570495605,18.621200561523438,9.150251388549805,
2003-01-16,,15.7629976272583,,,251.86941528320312,10.215487480163574,5.953554630279541,11.855162620544434,13.540657997131348,5.976539611816406,11.54720687866211,4.465210914611816,18.566421508789062,9.116052627563477,
2003-01-17,,15.553752899169922,,,247.76976013183594,9.672019958496094,5.908349514007568,11.819344520568848,13.44305419921875,5.68518590927124,11.480002403259277,4.44491720199585,18.552734375,9.024853706359863,
2003-01-21,,15.520262718200684,,,238.63418579101562,9.570119857788086,5.770079612731934,11.624913215637207,13.11120891571045,5.647831916809082,11.396007537841797,4.352455139160156,18.415807723999023,8.770254135131836,
2003-01-22,,15.537009239196777,,,243.0460205078125,9.531906127929688,5.754124641418457,11.440718650817871,12.8639497756958,5.61047887802124,11.261603355407715,4.3141188621521,18.367897033691406,8.644861221313477,
2003-01-23,,15.576765060424805,,,248.4379425048828,9.841852188110352,5.770079612731934,11.614684104919434,13.098194122314453,5.707596302032471,11.183204650878906,4.3930463790893555,18.422653198242188,8.846259117126465,
2003-01-24,,15.434477806091309,,,242.06570434570312,9.425761222839355,5.669037818908691,11.169538497924805,12.6947660446167,5.483473300933838,10.93680191040039,4.2802886962890625,18.01875114440918,8.599257469177246,
2003-01-27,,15.296364784240723,,,231.14781188964844,9.311124801635742,5.490882396697998,11.000689506530762,12.597173690795898,5.423709392547607,10.791203498840332,4.115662574768066,17.62166976928711,8.4624605178833,
2003-01-28,,15.352872848510742,,,233.91075134277344,9.434252738952637,5.583949089050293,11.159305572509766,12.675251007080078,5.498418807983398,10.824803352355957,4.239696025848389,17.922903060913086,8.58786392211914,
2003-01-29,,15.44912052154541,,,240.14938354492188,9.727215766906738,5.764762878417969,11.179771423339844,12.688270568847656,5.5768585205078125,10.707204818725586,4.2374420166015625,18.094043731689453,8.663858413696289,
2003-01-30,,15.411460876464844,,,239.6324005126953,9.221960067749023,5.6743550300598145,10.898356437683105,12.467033386230469,5.405034065246582,10.511204719543457,4.16978645324707,17.758594512939453,8.416861534118652,
2003-01-31,,15.578855514526367,,,243.24288940429688,9.128549575805664,5.788692474365234,11.113253593444824,12.675251007080078,5.397562026977539,10.785604476928711,4.217145919799805,18.11457633972168,8.48906421661377,
2003-02-03,,15.589317321777344,,,245.47174072265625,9.08609390258789,5.833896160125732,11.138838768005371,12.785870552062988,5.44612455368042,10.824803352355957,4.23067569732666,18.03927230834961,8.519461631774902,
2003-02-04,,15.549564361572266,,,251.39996337890625,9.05637264251709,5.873780727386475,10.872775077819824,12.675251007080078,5.352737903594971,10.830408096313477,4.210379123687744,17.827056884765625,8.344663619995117,
2003-02-05,,15.624897003173828,,,251.9349822998047,9.043635368347168,5.831238746643066,10.770444869995117,12.688270568847656,5.334062576293945,10.752004623413086,4.147233009338379,17.696977615356445,8.321864128112793,
2003-02-06,,15.624897003173828,,,250.87359619140625,8.907768249511719,5.807306289672852,10.64252758026123,12.584155082702637,5.304178714752197,10.668004989624023,4.108896732330322,17.66274070739746,8.291462898254395,
2003-02-07,,15.505621910095215,,,246.45802307128906,8.763410568237305,5.754124641418457,10.57089614868164,12.460526466369629,5.244412899017334,10.595200538635254,4.036734580993652,17.628515243530273,8.226863861083984,
2003-02-10,,15.610245704650879,,,251.98829650878906,8.87380313873291,5.828579902648926,10.64252758026123,12.473536491394043,5.300443172454834,10.668004989624023,4.050263404846191,17.758594512939453,8.230663299560547,
2003-02-11,,15.482603073120117,,,251.18556213378906,8.941737174987793,5.79135274887085,10.494147300720215,12.343405723571777,5.281766414642334,10.466404914855957,3.982607841491699,17.55320930480957,8.261067390441895,
2003-02-12,,15.361236572265625,,,243.9604949951172,8.87380313873291,5.690309524536133,10.361112594604492,12.239296913146973,5.210796356201172,10.466404914855957,3.8450419902801514,17.35468292236328,8.192667007446289,
2003-02-13,,15.35495662689209,,,238.0288543701172,8.85257339477539,5.663719177246094,10.437859535217285,12.083136558532715,5.22573709487915,10.477605819702148,3.8991682529449463,17.149293899536133,8.090065956115723,
2003-02-14,,15.321479797363281,,,239.54502868652344,9.34508991241455,5.708921432495117,10.673230171203613,12.362927436828613,5.390091896057129,10.668004989624023,3.9645681381225586,17.33414077758789,8.264863967895508,
2003-02-18,,15.503533363342285,,,246.95608520507812,9.756936073303223,5.8019890785217285,10.842072486877441,12.49957275390625,5.565653324127197,10.740801811218262,4.0074143409729,17.758594512939453,8.492860794067383,
2003-02-19,,15.610245704650879,,,245.171142578125,9.663529396057129,5.796671390533447,10.816497802734375,12.55812931060791,5.528301239013672,10.656805992126465,4.009671688079834,17.676437377929688,8.375064849853516,
2003-02-20,,15.620704650878906,,,248.071533203125,9.76542854309082,5.783373832702637,10.714159965515137,12.49306583404541,5.442387104034424,10.55040168762207,4.0074143409729,17.4779052734375,8.29526424407959,
2003-02-21,,15.815313339233398,,,256.99505615234375,9.782411575317383,5.91100549697876,10.872775077819824,12.688270568847656,5.50962495803833,10.612005233764648,4.05928373336792,17.65589714050293,8.420665740966797,
2003-02-24,,15.660463333129883,,,264.5797424316406,9.663529396057129,5.96152925491333,10.5862455368042,12.265324592590332,5.416239261627197,10.466404914855957,4.032222270965576,17.423133850097656,8.18506908416748,
2003-02-25,,15.798576354980469,,,259.6719970703125,9.69324779510498,5.929620742797852,10.688575744628906,12.460526466369629,5.431182861328125,10.544807434082031,4.05928373336792,17.53952980041504,8.352263450622559,
2003-02-26,,15.72533893585205,,,263.33050537109375,9.434252738952637,5.945574760437012,10.565776824951172,12.362927436828613,5.289236545562744,10.488807678222656,3.9893741607666016,17.44367218017578,8.23826789855957,
2003-02-27,,15.850886344909668,,,256.8166809082031,9.659282684326172,5.91100549697876,10.719271659851074,12.447516441345215,5.341532230377197,10.5,3.996140718460083,17.66274070739746,8.352263450622559,
2003-02-28,,15.880182266235352,,,257.66436767578125,9.994704246520996,5.95886754989624,10.770444869995117,12.480048179626465,5.423709392547607,10.45520305633545,3.9916293621063232,17.710678100585938,8.451057434082031,
2003-03-03,,15.86343765258789,,,256.63800048828125,9.65079116821289,5.980144500732422,10.652759552001953,12.427993774414062,5.330326080322266,10.371204376220703,4.018692493438721,17.62166976928711,8.321864128112793,
2003-03-04,,15.767184257507324,,,253.7721405029297,9.54464340209961,5.950892925262451,10.499262809753418,12.200252532958984,5.270559310913086,10.28160285949707,3.9938831329345703,17.429983139038086,8.090065956115723,
2003-03-05,,15.777649879455566,,,252.87960815429688,9.689001083374023,6.0040740966796875,10.64764404296875,12.297861099243164,5.322854995727539,10.203204154968262,4.034479141235352,17.59428596496582,8.192667007446289,
2003-03-06,,15.685572624206543,,,258.90557861328125,9.63805103302002,6.009390354156494,10.499262809753418,12.20676040649414,5.255618095397949,10.136003494262695,4.034479141235352,17.628515243530273,8.09766960144043,
2003-03-07,,15.734367370605469,,,255.4237060546875,9.514924049377441,6.009390354156494,10.591361045837402,12.252307891845703,5.229470729827881,10.147201538085938,4.048007965087891,17.799671173095703,8.219266891479492,
2003-03-10,,15.504157066345215,,,249.97772216796875,9.328107833862305,5.948235988616943,10.20761489868164,11.939983367919922,5.121148586273193,9.97920036315918,3.9532899856567383,17.498441696166992,8.025470733642578,
2003-03-11,,15.485150337219238,,,242.16604614257812,9.353583335876465,5.889734745025635,10.03877067565918,11.718750953674316,5.095000743865967,10.080004692077637,3.9465272426605225,17.26567840576172,7.957069396972656,
2003-03-12,,15.41756534576416,,,238.3716278076172,9.582856178283691,5.796671390533447,10.054119110107422,11.855391502380371,5.16223669052124,10.158404350280762,3.9532899856567383,17.320444107055664,7.941871643066406,
2003-03-13,,15.656225204467773,,,240.4250030517578,10.338617324829102,5.820598602294922,10.483914375305176,12.200252532958984,5.4386515617370605,10.382405281066895,4.023200511932373,17.566904067993164,8.363665580749512,
2003-03-14,,15.582300186157227,,,239.35385131835938,10.1815185546875,5.796671390533447,10.5299654006958,12.395462989807129,5.457329273223877,10.365605354309082,4.038987636566162,17.423133850097656,8.378862380981445,
2003-03-17,,15.892762184143066,,,241.71981811523438,10.508450508117676,5.871124267578125,10.85230541229248,12.746828079223633,5.707596302032471,10.662405967712402,4.1291937828063965,17.916048049926758,8.781657218933105,
2003-03-18,,15.947670936584473,,,251.76315307617188,10.877838134765625,5.982801914215088,10.913708686828613,12.916000366210938,5.733745098114014,10.584002494812012,4.176552772521973,18.107746124267578,8.724656105041504,
2003-03-19,,16.154653549194336,,,248.9066619873047,10.848116874694824,5.990778923034668,11.072321891784668,12.994086265563965,5.722535133361816,10.763202667236328,4.154000759124756,18.31312370300293,8.89185905456543,
2003-03-20,,16.289827346801758,,,254.30770874023438,10.933032989501953,6.0492777824401855,11.08767032623291,12.98757553100586,5.715065956115723,10.740801811218262,4.201356887817383,18.292583465576172,8.960254669189453,
2003-03-21,,16.558040618896484,,,246.89755249023438,11.192028045654297,5.982186317443848,11.368813514709473,13.442185401916504,5.800978660583496,10.974486351013184,4.271332263946533,18.767597198486328,9.239571571350098,
2003-03-24,,16.154653549194336,,,240.60369873046875,10.61459732055664,5.893977165222168,10.97305679321289,12.965367317199707,5.565653324127197,10.68168830871582,4.166486740112305,18.239036560058594,8.817173957824707,
2003-03-25,,16.329946517944336,,,241.76425170898438,10.70375919342041,5.947434902191162,11.055293083190918,12.99150276184082,5.6440935134887695,10.687312126159668,4.22346830368042,18.602863311767578,8.946550369262695,
2003-03-26,,16.42710304260254,,,242.16604614257812,10.65705394744873,5.960801601409912,11.003898620605469,12.99150276184082,5.625418186187744,10.647899627685547,4.187000751495361,18.458702087402344,8.957968711853027,
2003-03-27,,16.33417510986328,,,248.31365966796875,10.567890167236328,6.008914470672607,10.937078475952148,12.958837509155273,5.56191873550415,10.67042064666748,4.207513809204102,18.5273494720459,8.923721313476562,
2003-03-28,,16.275035858154297,,,250.67965698242188,10.355599403381348,6.062376022338867,10.926801681518555,12.815142631530762,5.490945816040039,10.5577974319458,4.214350700378418,18.554811477661133,8.832391738891602,
2003-03-31,,16.18844223022461,,,245.72418212890625,9.803641319274902,5.966146469116211,10.669820785522461,12.612661361694336,5.341532230377197,10.456448554992676,4.193838119506836,18.342008590698242,8.64972972869873,
2003-04-01,,16.463001251220703,,,249.11709594726562,9.89704704284668,6.078415870666504,10.952502250671387,12.789015769958496,5.405034065246582,10.422663688659668,4.22346830368042,18.59599494934082,8.752479553222656,
2003-04-02,,16.6382999420166,,,251.12628173828125,10.576380729675293,6.06505012512207,11.240314483642578,13.076410293579102,5.636622905731201,10.642264366149902,4.225748062133789,18.870576858520508,8.980803489685059,
2003-04-03,,16.515806198120117,,,244.8757781982422,10.623087882995605,5.9527812004089355,11.188918113708496,13.063347816467285,5.6216816902160645,10.569067001342773,4.20979118347168,18.822526931762695,9.026467323303223,
2003-04-04,,16.484127044677734,,,243.67059326171875,10.355599403381348,5.984858989715576,11.301992416381836,13.095999717712402,5.558182239532471,10.614114761352539,4.262215614318848,18.89803123474121,9.09116268157959,
2003-04-07,,16.621416091918945,,,242.86705017089844,10.521186828613281,5.939416885375977,11.343111991882324,13.193978309631348,5.573123455047607,10.5577974319458,4.262215614318848,18.733295440673828,9.171075820922852,
2003-04-08,,16.57916259765625,,,241.7510528564453,10.143305778503418,5.867245197296143,11.343111991882324,13.141725540161133,5.51709508895874,10.68168830871582,4.234865188598633,18.753890991210938,9.178686141967773,
2003-04-09,,16.496797561645508,,,243.17945861816406,9.973475456237793,5.8645734786987305,11.1837797164917,12.98497200012207,5.397562026977539,10.59721851348877,4.225748062133789,18.506746292114258,9.05691146850586,
2003-04-10,,16.54747772216797,,,251.34938049316406,10.066883087158203,5.944764137268066,11.276296615600586,13.004561424255371,5.431182861328125,10.63100528717041,4.262215614318848,18.472431182861328,9.159664154052734,
2003-04-11,,16.4566707611084,,,250.94775390625,9.95649242401123,5.910012245178223,11.27115535736084,13.024160385131836,5.382622241973877,10.653520584106445,4.248541355133057,18.383197784423828,9.064529418945312,
2003-04-14,,16.674198150634766,,,249.11709594726562,10.232470512390137,5.939416885375977,11.497296333312988,13.246231079101562,5.513358116149902,10.839337348937988,4.303242206573486,18.685232162475586,9.296648979187012,
2003-04-15,,16.746007919311523,,,243.98309326171875,10.313141822814941,5.923381805419922,11.69260311126709,13.357276916503906,5.524566650390625,10.878752708435059,4.357944965362549,18.56853675842285,9.365145683288574,
2003-04-16,,16.790369033813477,,,240.05447387695312,10.831133842468262,5.843188285827637,11.533278465270996,13.174386978149414,5.565653324127197,10.569067001342773,4.353387355804443,18.12921142578125,9.235770225524902,
2003-04-17,,16.9466552734375,,,248.358154296875,11.221750259399414,5.960801601409912,11.738861083984375,13.389925956726074,5.681448936462402,10.754875183105469,4.362501621246338,18.30768394470215,9.410818099975586,
2003-04-21,,16.99945068359375,,,250.67965698242188,11.315159797668457,5.958128452301025,11.69774341583252,13.272363662719727,5.659037113189697,10.67605209350586,4.403528690338135,18.355730056762695,9.41462230682373,
2003-04-22,,17.231769561767578,,,253.8495635986328,11.676054000854492,6.040990829467773,12.057513236999512,13.67078971862793,5.782302379608154,10.867498397827148,4.465066909790039,18.66463851928711,9.60489559173584,
2003-04-23,,17.238107681274414,,,255.0102996826172,11.727005958557129,6.040990829467773,12.144888877868652,13.781835556030273,5.879420757293701,10.844975471496582,4.465066909790039,18.822526931762695,9.703834533691406,
2003-04-24,,17.096601486206055,,,254.74244689941406,11.544434547424316,6.019606113433838,11.893047332763672,13.65119743347168,5.8271284103393555,10.77177619934082,4.5060954093933105,18.93921661376953,9.551616668701172,
2003-04-25,,16.957210540771484,,,252.37625122070312,10.98823070526123,5.944764137268066,11.764558792114258,13.546687126159668,5.7188005447387695,10.608480453491211,4.494701385498047,18.678361892700195,9.407012939453125,
2003-04-28,,16.898069381713867,,,249.96519470214844,11.23873233795166,5.971494197845459,11.970141410827637,13.788360595703125,5.8383331298828125,10.76051139831543,4.556241512298584,18.829389572143555,9.623918533325195,
2003-04-29,,16.938201904296875,,,245.16058349609375,11.463763236999512,5.888629913330078,11.985562324523926,13.827554702758789,5.898098468780518,10.856237411499023,4.563077926635742,18.946088790893555,9.703834533691406,
2003-04-30,,16.77135467529297,,,246.27694702148438,11.204765319824219,5.915358543395996,12.011255264282227,13.977787017822266,5.830862045288086,10.766140937805176,4.556241512298584,18.946088790893555,9.661977767944336,
2003-05-01,,16.917083740234375,,,246.24998474121094,11.242980003356934,5.944764137268066,12.006122589111328,13.768760681152344,5.886892318725586,10.754875183105469,4.494701385498047,19.001001358032227,9.57444953918457,
2003-05-02,,17.067031860351562,,,249.64523315429688,11.569910049438477,6.038316249847412,12.19628620147705,13.958181381225586,6.010159015655518,10.839337348937988,4.531167984008789,19.28931427001953,9.665778160095215,
2003-05-05,,17.265565872192383,,,251.96826171875,11.663317680358887,6.07573938369751,12.144888877868652,13.912459373474121,5.995217323303223,10.77177619934082,4.549402713775635,19.31675910949707,9.63153076171875,
2003-05-06,,17.36271858215332,,,253.62152099609375,11.956279754638672,6.067721843719482,12.237409591674805,13.95164680480957,6.103543758392334,10.828081130981445,4.542564868927002,19.35109519958496,9.757110595703125,
2003-05-07,,17.31414222717285,,,261.439697265625,11.654827117919922,6.107815265655518,12.160310745239258,13.932059288024902,6.028834819793701,10.856237411499023,4.535726547241211,19.18634796142578,9.74949836730957,
2003-05-08,,17.379613876342773,,,263.9414978027344,11.40432071685791,6.115834712982178,12.021540641784668,13.801427841186523,5.93171501159668,10.805560111999512,4.52888822555542,19.117704391479492,9.65816879272461,
2003-05-09,,17.508441925048828,,,266.17523193359375,11.858627319335938,6.1559319496154785,12.0986328125,14.010436058044434,6.096070289611816,10.940702438354492,4.558518409729004,19.330501556396484,9.768525123596191,
2003-05-12,,17.645723342895508,,,266.2198181152344,12.121869087219238,6.18533182144165,12.237409591674805,14.114949226379395,6.189453125,11.036420822143555,4.592709064483643,19.522706985473633,9.916940689086914,
2003-05-13,,17.675291061401367,,,272.2063903808594,12.007232666015625,6.2548346519470215,12.201427459716797,14.069225311279297,6.178247928619385,10.985749244689941,4.601823806762695,19.563892364501953,9.90552043914795,
2003-05-14,,17.59926414489746,,,276.3166198730469,11.867118835449219,6.281563758850098,12.19628620147705,14.023505210876465,6.155836582183838,10.901285171508789,4.622337341308594,19.529560089111328,9.829414367675781,
2003-05-15,,17.597143173217773,,,276.9864196777344,12.01996898651123,6.284234046936035,12.319639205932617,14.173727035522461,6.219336032867432,10.985749244689941,4.692994594573975,19.714906692504883,9.852243423461914,
2003-05-16,,17.71330451965332,,,278.5505065917969,11.807676315307617,6.3056206703186035,12.350472450256348,14.108418464660645,6.1633076667785645,10.923805236816406,4.7910027503967285,19.66686248779297,9.867466926574707,
2003-05-19,,17.626707077026367,,,273.4125671386719,11.302420616149902,6.2414679527282715,12.016390800476074,13.742648124694824,5.939184665679932,10.816821098327637,4.715786457061768,19.001001358032227,9.570646286010742,
2003-05-20,,17.791446685791016,,,271.08953857421875,11.310912132263184,6.217409610748291,12.026679039001465,13.821025848388672,5.950395584106445,10.88438892364502,4.736300945281982,18.767597198486328,9.57444953918457,
2003-05-21,,17.83580207824707,,,283.419677734375,11.336387634277344,6.401844501495361,12.052375793457031,13.742648124694824,5.957863807678223,10.968852043151855,4.724906921386719,18.90489959716797,9.616310119628906,
2003-05-22,,18.01532554626465,,,282.12451171875,11.442536354064941,6.388482570648193,12.08835506439209,13.847153663635254,6.021363258361816,11.115254402160645,4.809237957000732,19.117704391479492,9.779945373535156,
2003-05-23,,18.09768295288086,,,283.3304138183594,11.514714241027832,6.447288990020752,12.13460922241211,13.899396896362305,6.028834819793701,11.058945655822754,4.991578578948975,19.042186737060547,9.745694160461426,
2003-05-27,,18.074451446533203,,,288.5129089355469,12.121869087219238,6.57559061050415,12.355615615844727,14.239046096801758,6.185717582702637,11.165931701660156,5.064514636993408,19.31675910949707,9.970219612121582,
2003-05-28,,17.793554306030273,,,283.46453857421875,12.206786155700684,6.498075008392334,12.504661560058594,14.186796188354492,6.226809501647949,11.233500480651855,5.041721820831299,19.28244400024414,9.974019050598145,
2003-05-29,,17.45353126525879,,,278.7641296386719,12.53796100616455,6.436594009399414,12.371030807495117,14.030033111572266,6.241748332977295,11.177190780639648,4.9665069580078125,19.124557495117188,9.962604522705078,
2003-05-30,,17.814687728881836,,,286.9406433105469,12.716286659240723,6.543515205383301,12.622873306274414,14.356616973876953,6.33139705657959,11.295440673828125,5.016651153564453,19.337360382080078,10.175704956054688,
2003-06-02,,17.90549659729004,,,284.9918212890625,12.389355659484863,6.578266620635986,12.735947608947754,14.500312805175781,6.297780513763428,11.272913932800293,5.059955596923828,19.18634796142578,10.270843505859375,
2003-06-03,,17.897048950195312,,,282.7919921875,12.716286659240723,6.62637996673584,12.807897567749023,14.519909858703613,6.353806018829346,11.38553237915039,5.08046817779541,19.337360382080078,10.255617141723633,
2003-06-04,,18.19695281982422,,,284.49114990234375,13.162099838256836,6.669146537780762,12.992925643920898,14.709325790405273,6.488283634185791,11.470001220703125,5.151127338409424,19.67371940612793,10.415449142456055,
2003-06-05,,18.194839477539062,,,284.5359191894531,13.140870094299316,6.634398937225342,13.075159072875977,14.748522758483887,6.488283634185791,11.481263160705566,5.091865539550781,19.859066009521484,10.472533226013184,
2003-06-06,,18.374361038208008,,,281.852783203125,12.94980525970459,6.621034145355225,13.0648775100708,14.872618675231934,6.424781322479248,11.44184398651123,5.037164688110352,20.03754425048828,10.419256210327148,
2003-06-09,,18.253969192504883,,,283.5074768066406,12.686564445495605,6.610343933105469,12.792478561401367,14.67667293548584,6.33139705657959,11.419320106506348,5.0326056480407715,19.83160972595215,10.270843505859375,
2003-06-10,,18.427160263061523,,,285.96673583984375,12.809694290161133,6.650437831878662,12.900411605834961,14.755045890808105,6.421043872833252,11.453104019165039,5.05539608001709,19.982633590698242,10.385002136230469,
2003-06-11,,18.60457420349121,,,298.62164306640625,12.648351669311523,6.842894554138184,13.095719337463379,15.04897689819336,6.462134838104248,11.537569999694824,5.094143390655518,20.209163665771484,10.499170303344727,
2003-06-12,,18.427160263061523,,,292.62957763671875,12.520977020263672,6.781412124633789,13.070021629333496,15.088163375854492,6.492016315460205,11.576980590820312,5.15568733215332,20.250341415405273,10.563860893249512,
2003-06-13,,18.143051147460938,,,283.28387451171875,12.100638389587402,6.669146537780762,13.023760795593262,14.924874305725098,6.350076198577881,11.464362144470215,5.087307929992676,20.126785278320312,10.449698448181152,
2003-06-16,,18.3337459564209,,,278.14129638671875,12.397848129272461,6.661128520965576,13.34242057800293,15.284112930297852,6.506957054138184,11.695235252380371,5.1853156089782715,20.737722396850586,10.693243980407715,
2003-06-17,,18.205198287963867,,,273.44580078125,12.317176818847656,6.596975326538086,13.3372802734375,15.29064655303955,6.536839962005615,11.622031211853027,5.160242557525635,21.14959144592285,10.693243980407715,
2003-06-18,,17.975940704345703,,,274.3402404785156,12.57617473602295,6.556882858276367,13.20879077911377,15.212267875671387,6.600340366363525,11.605138778686523,5.1853156089782715,21.094676971435547,10.594305038452148,
2003-06-19,,18.001646041870117,,,278.2754821777344,12.436059951782227,6.591629505157471,12.895272254943848,14.931401252746582,6.551782131195068,11.475626945495605,5.2012715339660645,20.641624450683594,10.419256210327148,
2003-06-20,,17.997364044189453,,,275.9945983886719,12.27047348022461,6.566919326782227,12.934514999389648,15.003413200378418,6.544310092926025,11.476762771606445,5.176675319671631,20.790319442749023,10.433734893798828,
2003-06-23,,17.755260467529297,,,274.1167297363281,11.986002922058105,6.548116683959961,12.733132362365723,14.8201265335083,6.413574695587158,11.414544105529785,5.121505260467529,20.446117401123047,10.30417251586914,
2003-06-24,,17.885950088500977,,,274.3402404785156,11.82465934753418,6.542749404907227,12.805431365966797,14.826665878295898,6.387428283691406,11.53897762298584,5.0893235206604,20.459882736206055,10.30417251586914,
2003-06-25,,17.984516143798828,,,277.0232238769531,11.731249809265137,6.553490161895752,12.722805976867676,14.597555160522461,6.323924541473389,11.374944686889648,5.080128192901611,20.349735260009766,10.24319839477539,
2003-06-26,,18.203048706054688,,,271.01702880859375,12.100638389587402,6.52394437789917,12.831245422363281,14.774304389953613,6.443456649780273,11.448484420776367,5.128399848937988,20.638866424560547,10.319416046142578,
2003-06-27,,18.194477081298828,,,271.68804931640625,12.03695297241211,6.499777317047119,12.722805976867676,14.630292892456055,6.3948974609375,11.386258125305176,5.061738967895508,20.32219886779785,10.258443832397461,
2003-06-30,,18.12592124938965,,,269.0045166015625,11.986002922058105,6.459488868713379,12.676342964172363,14.656468391418457,6.376220226287842,11.403225898742676,5.084724426269531,20.19139289855957,10.323222160339355,
2003-07-01,,18.340160369873047,,,266.18719482421875,12.287454605102539,6.454113006591797,12.826080322265625,14.689202308654785,6.465868949890137,11.49938678741455,5.050246715545654,20.30154037475586,10.300360679626465,
2003-07-02,,18.586566925048828,,,266.3657531738281,12.584663391113281,6.4460577964782715,12.986156463623047,14.728479385375977,6.600340366363525,11.572916030883789,5.08702278137207,20.49429702758789,10.395626068115234,
2003-07-03,,18.6829776763916,,,269.0045166015625,12.414831161499023,6.435311317443848,12.924187660217285,14.715394973754883,6.5218987464904785,11.50504207611084,5.057142734527588,20.370384216308594,10.384194374084473,
2003-07-07,,18.832958221435547,,,261.3574523925781,13.187573432922363,6.392336845397949,13.14621353149414,14.911768913269043,6.746016502380371,11.589887619018555,5.066335678100586,20.514949798583984,10.593783378601074,
2003-07-08,,18.90580177307129,,,263.8615417480469,13.39561939239502,6.381596565246582,13.23399829864502,15.023052215576172,6.798316478729248,11.601197242736816,5.027258396148682,20.521833419799805,10.742402076721191,
2003-07-09,,18.79011344909668,,,269.13909912109375,13.501766204833984,6.4460577964782715,13.213337898254395,14.859395980834961,6.790844917297363,11.448484420776367,4.990480422973633,20.397924423217773,10.609028816223145,
2003-07-10,,18.537281036376953,,,260.9547119140625,13.162099838256836,6.349364280700684,13.022296905517578,14.6630220413208,6.633960723876953,11.403225898742676,4.900829792022705,20.177621841430664,10.471840858459473,
2003-07-11,,18.697980880737305,,,261.6255798339844,13.238524436950684,6.368166446685791,13.20301628112793,14.813572883605957,6.727341651916504,11.482417106628418,4.930710315704346,20.411697387695312,10.628080368041992,
2003-07-14,,18.873666763305664,,,257.01904296875,13.590927124023438,6.311764240264893,13.450865745544434,14.761210441589355,6.757225513458252,11.454132080078125,4.9238176345825195,20.39103889465332,10.685239791870117,
2003-07-15,,18.837244033813477,,,255.45370483398438,13.692828178405762,6.258045673370361,13.378572463989258,14.66956615447998,6.768431186676025,11.516350746154785,4.827270984649658,20.31531524658203,10.620461463928223,
2003-07-16,,18.85223960876465,,,252.0102081298828,13.803218841552734,6.1989545822143555,13.311443328857422,14.636833190917969,6.746016502380371,11.397568702697754,4.7468180656433105,20.198278427124023,10.589971542358398,
2003-07-17,,18.616558074951172,,,254.73812866210938,13.314948081970215,6.239245414733887,13.08941650390625,14.597555160522461,6.54057502746582,11.3579740524292,4.735324382781982,20.06747817993164,10.46803092956543,
2003-07-18,,18.670120239257812,,,265.8739929199219,13.353161811828613,6.381596565246582,13.249489784240723,14.793939590454102,6.555516242980957,11.459789276123047,4.808883190155029,20.25335121154785,10.536624908447266,
2003-07-21,,18.66155242919922,,,261.44647216796875,13.077179908752441,6.346681118011475,13.094585418701172,14.728479385375977,6.4098381996154785,11.363633155822754,4.739919185638428,19.936670303344727,10.418490409851074,
2003-07-22,,18.73226547241211,,,256.3482360839844,13.501766204833984,6.330565452575684,13.223671913146973,14.911768913269043,6.5480451583862305,11.482417106628418,4.820374965667725,19.902257919311523,10.494702339172363,
2003-07-23,,18.702260971069336,,,253.26239013671875,13.777746200561523,6.295648574829102,13.182356834411621,14.86594295501709,6.585399627685547,11.431503295898438,4.790493965148926,20.046825408935547,10.448982238769531,
2003-07-24,,18.751550674438477,,,249.64010620117188,13.476290702819824,6.236558437347412,13.125565528869629,14.86594295501709,6.492016315460205,11.352322578430176,4.78819465637207,19.88848876953125,10.437543869018555,
2003-07-25,,18.897235870361328,,,250.26585388183594,13.731040954589844,6.292961120605469,13.435372352600098,15.199785232543945,6.630222797393799,11.442821502685547,4.827270984649658,20.046825408935547,10.574732780456543,
2003-07-28,,18.811532974243164,,,249.99766540527344,13.862663269042969,6.266106605529785,13.38373851776123,15.212882995605469,6.6414289474487305,11.374944686889648,4.792788505554199,19.99863624572754,10.628080368041992,
2003-07-29,,18.935792922973633,,,242.842041015625,13.671599388122559,6.177469253540039,13.239156723022461,15.003413200378418,6.577929496765137,11.312725067138672,4.772103309631348,19.90914535522461,10.559489250183105,
2003-07-30,,19.173627853393555,,,245.90196228027344,13.501766204833984,6.185528755187988,13.244329452514648,15.003413200378418,6.52937126159668,11.386258125305176,4.737622261047363,19.991756439208984,10.490897178649902,
2003-07-31,,19.122201919555664,,,249.27622985839844,13.79897403717041,6.231186389923096,13.228832244873047,15.140878677368164,6.574194431304932,11.386258125305176,4.744518756866455,19.88848876953125,10.513760566711426,
2003-08-01,,19.047212600708008,,,251.33485412597656,13.905119895935059,6.2150750160217285,12.970660209655762,15.023052215576172,6.54057502746582,11.27313232421875,4.723830223083496,19.585575103759766,10.502326011657715,
2003-08-04,,18.910085678100586,,,245.33799743652344,13.947577476501465,6.150611877441406,12.986156463623047,15.05577278137207,6.596606731414795,11.318378448486328,4.723830223083496,19.620004653930664,10.422303199768066,
2003-08-05,,18.85223960876465,,,243.45834350585938,13.501766204833984,6.123753070831299,12.774447441101074,14.80048942565918,6.432252407073975,11.182625770568848,4.650270462036133,19.296451568603516,10.25082015991211,
2003-08-06,,18.897235870361328,,,249.09727478027344,13.3743896484375,6.231186389923096,12.95000171661377,14.774304389953613,6.37248420715332,11.250500679016113,4.677854537963867,19.282686233520508,10.285117149353027,
2003-08-07,,18.95293617248535,,,259.78594970703125,13.32343864440918,6.38696813583374,13.011964797973633,14.86594295501709,6.353806018829346,11.346664428710938,4.721531391143799,19.592470169067383,10.372761726379395,
2003-08-08,,19.012937545776367,,,259.6067199707031,12.94980525970459,6.405767440795898,13.073925018310547,14.885581970214844,6.346339702606201,11.414544105529785,4.744518756866455,19.668193817138672,10.471840858459473,
2003-08-11,,18.985082626342773,,,261.12872314453125,13.204557418823242,6.435311317443848,13.048105239868164,15.003413200378418,6.376220226287842,11.397568702697754,4.744518756866455,19.626890182495117,10.517572402954102,
2003-08-12,,18.97865104675293,,,261.8450012207031,13.412603378295898,6.480970859527588,13.20301628112793,15.147419929504395,6.473341464996338,11.488072395324707,4.808883190155029,19.681961059570312,10.658568382263184,
2003-08-13,,18.865097045898438,,,261.8450012207031,13.671599388122559,6.475600719451904,13.104907035827637,15.095046997070312,6.462134838104248,11.448484420776367,4.762909889221191,19.39970588684082,10.620461463928223,
2003-08-14,,18.97865104675293,,,259.6067199707031,13.858415603637695,6.499777317047119,13.228832244873047,15.271794319152832,6.518166542053223,11.510697364807129,4.781296253204346,19.38594627380371,10.669998168945312,
2003-08-15,,18.910085678100586,,,259.8305969238281,13.79897403717041,6.5212626457214355,13.218503952026367,15.415820121765137,6.488283634185791,11.550291061401367,4.772103309631348,19.344640731811523,10.746211051940918,
2003-08-18,,19.01506996154785,,,262.6056823730469,14.49953842163086,6.5212626457214355,13.23399829864502,15.644926071166992,6.678782939910889,11.572916030883789,4.760611057281494,19.475433349609375,10.807185173034668,
2003-08-19,,19.079347610473633,,,263.859130859375,14.762779235839844,6.4917168617248535,13.218503952026367,15.736571311950684,6.768431186676025,11.510697364807129,4.7652082443237305,19.372167587280273,10.818617820739746,
2003-08-20,,19.132919311523438,,,268.3798522949219,14.682108879089355,6.5212626457214355,13.187522888183594,15.644926071166992,6.731078624725342,11.47110366821289,4.8111796379089355,19.317100524902344,10.88339900970459,
2003-08-21,,19.167198181152344,,,271.9157409667969,15.093955993652344,6.583032608032227,13.187522888183594,15.828205108642578,6.794581413269043,11.510697364807129,4.829570293426514,19.20695686340332,10.967236518859863,
2003-08-22,,19.023649215698242,,,265.7837829589844,15.386919975280762,6.480970859527588,12.934514999389648,15.67764949798584,6.78337287902832,11.408878326416016,4.762909889221191,18.917818069458008,10.818617820739746,
2003-08-25,,18.820106506347656,,,264.48590087890625,15.302000999450684,6.480970859527588,12.980981826782227,15.533638954162598,6.74228572845459,11.476762771606445,4.785892963409424,19.055500030517578,10.784320831298828,
2003-08-26,,19.01506996154785,,,264.5750427246094,15.297755241394043,6.48634147644043,13.006797790527344,15.62527847290039,6.779639720916748,11.493730545043945,4.799685478210449,19.06926918029785,10.856720924377441,
2003-08-27,,19.182193756103516,,,263.7247009277344,15.688373565673828,6.5132036209106445,12.955164909362793,15.61219596862793,6.824462413787842,11.53897762298584,4.8157806396484375,19.083032608032227,10.871967315673828,
2003-08-28,,19.173627853393555,,,272.04998779296875,15.794517517089844,6.620635986328125,13.011964797973633,15.736571311950684,6.865548133850098,11.572916030883789,4.827270984649658,19.096803665161133,10.948182106018066,
2003-08-29,,19.282888412475586,,,271.338134765625,15.875189781188965,6.628696441650391,13.073925018310547,15.730021476745605,6.887962341308594,11.578574180603027,4.83876371383667,19.151872634887695,11.051070213317871,
2003-09-02,,19.514291763305664,,,270.3438415527344,15.921892166137695,6.6716718673706055,13.306288719177246,15.959122657775879,7.0373759269714355,11.708670616149902,4.928412914276123,19.44101333618164,11.203495979309082,
2003-09-03,,19.65998649597168,,,269.98529052734375,15.582225799560547,6.674353122711182,13.33210563659668,16.090049743652344,7.112081050872803,11.736949920654297,4.9445037841796875,19.36528968811035,11.199688911437988,
2003-09-04,,19.749967575073242,,,267.29736328125,15.875189781188965,6.663609504699707,13.275308609008789,16.076955795288086,7.179318428039551,11.793516159057617,4.946803092956543,19.413490295410156,11.233983039855957,
2003-09-05,,19.66425895690918,,,267.5213317871094,16.05351448059082,6.634067058563232,13.213337898254395,15.900213241577148,7.14196252822876,11.669076919555664,4.937610626220703,19.36528968811035,11.12347412109375,
2003-09-08,,19.71782875061035,,,271.73248291015625,16.473852157592773,6.7253828048706055,13.342430114746094,15.978760719299316,7.272703647613525,11.703011512756348,4.974388122558594,19.709501266479492,11.12728214263916,
2003-09-09,,19.64711570739746,,,265.05767822265625,16.236083984375,6.652868270874023,13.275308609008789,15.808568000793457,7.194259166717529,11.572916030883789,4.962896347045898,19.77145004272461,10.910074234008789,
2003-09-10,,19.304319381713867,,,258.92083740234375,15.357197761535645,6.583032608032227,13.05843734741211,15.62527847290039,6.981344699859619,11.567264556884766,4.956000328063965,19.798995971679688,10.772887229919434,
2003-09-11,,19.473583221435547,,,258.69677734375,15.590714454650879,6.56960391998291,13.115234375,15.756204605102539,7.06352424621582,11.629478454589844,4.94220495223999,19.90914535522461,10.860533714294434,
2003-09-12,,19.540908813476562,,,259.054931640625,15.692617416381836,6.577666759490967,13.135889053344727,15.749641418457031,7.0709943771362305,11.65776252746582,4.9789862632751465,19.950450897216797,10.822429656982422,
2003-09-15,,19.499643325805664,,,257.4873046875,15.484573364257812,6.534689903259277,13.135889053344727,15.769286155700684,7.029903411865234,11.646450996398926,4.951401233673096,19.89537811279297,10.860533714294434,
2003-09-16,,19.493118286132812,,,257.93499755859375,16.019546508789062,6.545431137084961,13.290790557861328,15.972220420837402,7.209198951721191,11.652107238769531,4.995076656341553,20.019290924072266,11.020586013793945,
2003-09-17,,19.421459197998047,,,253.4108123779297,15.900665283203125,6.459488868713379,13.311443328857422,15.906759262084961,7.197996616363525,11.708670616149902,4.981283664703369,19.971099853515625,11.01677417755127,
2003-09-18,,19.53003692626953,,,256.9499206542969,16.006813049316406,6.48634147644043,13.631580352783203,16.09659194946289,7.2988505363464355,11.782203674316406,5.0364532470703125,20.039945602416992,11.08918285369873,
2003-09-19,,19.679887771606445,,,260.9363708496094,15.947369575500488,6.546000957489014,13.610300064086914,16.028932571411133,7.3063201904296875,11.754388809204102,5.044571876525879,19.87837791442871,11.023545265197754,
2003-09-22,,19.61039924621582,,,259.5926818847656,15.497309684753418,6.508207321166992,13.413046836853027,15.818708419799805,7.168112754821777,11.657901763916016,5.016737461090088,19.60909652709961,10.855659484863281,
2003-09-23,,19.74286651611328,,,259.368408203125,15.747812271118164,6.546000957489014,13.506486892700195,15.877838134765625,7.209198951721191,11.7260103225708,5.039930820465088,19.774810791015625,10.954863548278809,
2003-09-24,,19.634294509887695,,,264.2962646484375,15.004793167114258,6.578392505645752,13.272897720336914,15.569084167480469,6.962668418884277,11.62385082244873,4.979626178741455,19.422666549682617,10.74118709564209,
2003-09-25,,19.614742279052734,,,260.84698486328125,14.864678382873535,6.5190043449401855,13.210607528686523,15.450833320617676,6.910375595092773,11.612500190734863,4.988905906677246,19.29149055480957,10.699211120605469,
2003-09-26,,19.634294509887695,,,255.38084411621094,14.69059944152832,6.459621906280518,13.137934684753418,15.286602973937988,6.873019218444824,11.584118843078613,5.035295009613037,19.201725006103516,10.580923080444336,
2003-09-29,,19.72983741760254,,,257.84490966796875,15.030267715454102,6.492015361785889,13.27808952331543,15.444271087646484,6.985083103179932,11.584118843078613,5.0886406898498535,19.29149055480957,10.565662384033203,
2003-09-30,,19.851451873779297,,,258.06878662109375,14.605685234069824,6.492015361785889,13.189847946166992,15.2997407913208,6.828197002410889,11.533041954040527,5.079359531402588,19.201725006103516,10.523693084716797,
2003-10-01,,19.990447998046875,,,262.72869873046875,14.902894020080566,6.586490631103516,13.522058486938477,15.60193157196045,6.977611064910889,11.743038177490234,5.086320877075195,19.546953201293945,10.813685417175293,
2003-10-02,,20.142459869384766,,,263.3558349609375,15.009037017822266,6.629680156707764,13.548009872436523,15.67419147491455,6.962668418884277,11.743038177490234,5.135025978088379,19.678142547607422,10.870917320251465,
2003-10-03,,20.357452392578125,,,267.0746154785156,15.67563533782959,6.667473316192627,13.651829719543457,15.8318510055542,7.175580978393555,11.833854675292969,5.146622180938721,19.588376998901367,10.993023872375488,
2003-10-06,,20.598520278930664,,,267.477783203125,15.67563533782959,6.707962512969971,13.714122772216797,15.838421821594238,7.212935924530029,11.873581886291504,5.139665126800537,19.512418746948242,11.073153495788574,
2003-10-07,,20.50078773498535,,,267.477783203125,15.985581398010254,6.740354537963867,13.797167778015137,15.917254447937012,7.261495590209961,11.93602180480957,5.123426914215088,19.498624801635742,11.118940353393555,
2003-10-08,,20.513816833496094,,,266.67144775390625,15.866697311401367,6.694464206695557,13.77640438079834,15.844988822937012,7.209198951721191,11.901961326599121,5.104876518249512,19.39505386352539,11.038808822631836,
2003-10-09,,20.54204750061035,,,263.580078125,16.002561569213867,6.6728715896606445,13.812746047973633,15.950103759765625,7.239085674285889,11.918992042541504,5.114150047302246,19.422666549682617,11.1799898147583,
2003-10-10,,20.576799392700195,,,265.01373291015625,16.28278923034668,6.721461772918701,13.812746047973633,15.858126640319824,7.2988505363464355,11.913310050964355,5.097915172576904,19.37433624267578,11.202887535095215,
2003-10-13,,20.652807235717773,,,262.32525634765625,16.363466262817383,6.748453617095947,14.030754089355469,15.923819541931152,7.321260929107666,11.958715438842773,5.130385875701904,19.4295711517334,11.317354202270508,
2003-10-14,,20.66800880432129,,,258.830810546875,16.5078182220459,6.721461772918701,14.113812446594238,16.00265884399414,7.302584648132324,12.021147727966309,5.144302845001221,19.457189559936523,11.378403663635254,
2003-10-15,,20.6202335357666,,,252.2444610595703,16.626699447631836,6.624282360076904,14.077473640441895,16.028932571411133,7.347410202026367,12.004122734069824,5.079359531402588,19.415767669677734,11.332619667053223,
2003-10-16,,20.646289825439453,,,254.52943420410156,16.80502700805664,6.694464206695557,14.093045234680176,16.03550148010254,7.373554229736328,12.021147727966309,5.102556228637695,19.519332885742188,11.382221221923828,
2003-10-17,,20.461692810058594,,,252.06541442871094,16.363466262817383,6.6485748291015625,13.968467712402344,15.923819541931152,7.254025936126709,11.947362899780273,5.070085525512695,19.298385620117188,11.221963882446289,
2003-10-20,,20.416093826293945,,,252.2444610595703,16.664918899536133,6.645876884460449,13.97365665435791,15.963237762451172,7.339941501617432,11.953045845031738,5.095596790313721,19.39505386352539,11.210515022277832,
2003-10-21,,20.43564224243164,,,257.62115478515625,17.008825302124023,6.667473316192627,13.968467712402344,15.936962127685547,7.3810272216796875,11.93602180480957,5.0886406898498535,19.574569702148438,11.244856834411621,
2003-10-22,,20.29230499267578,,,252.06541442871094,16.613969802856445,6.578392505645752,13.771219253540039,15.753023147583008,7.272703647613525,11.87925910949707,5.086320877075195,19.049816131591797,11.088414192199707,
2003-10-23,,20.088171005249023,,,251.2139434814453,16.337987899780273,6.567594528198242,13.864648818969727,15.792441368103027,7.216671943664551,11.87925910949707,5.095596790313721,19.243154525756836,11.088414192199707,
2003-10-24,,19.925294876098633,,,248.1675262451172,16.367706298828125,6.564898490905762,13.849079132080078,15.799004554748535,7.1083478927612305,11.867905616760254,5.079359531402588,19.298385620117188,11.099860191345215,
2003-10-27,,20.159841537475586,,,247.09242248535156,16.554523468017578,6.537903785705566,13.849079132080078,15.80557918548584,7.145702838897705,11.862224578857422,5.100236892700195,19.250049591064453,11.221963882446289,
2003-10-28,,20.02301788330078,,,248.66038513183594,17.458890914916992,6.556797027587891,14.025558471679688,15.989514350891113,7.317528247833252,11.992774963378906,5.086320877075195,19.401954650878906,11.473798751831055,
2003-10-29,,20.22281837463379,,,244.85202026367188,17.615982055664062,6.543301105499268,14.046326637268066,16.094623565673828,7.32873010635376,12.049530029296875,5.081681251525879,19.34671974182129,11.450902938842773,
2003-10-30,,20.272768020629883,,,246.0669403076172,17.76883316040039,6.454223155975342,14.067091941833496,16.219430923461914,7.321260929107666,12.032501220703125,5.123426914215088,19.16720199584961,11.48906421661377,
2003-10-31,,20.196748733520508,,,251.8500213623047,17.683917999267578,6.554102897644043,14.103431701660156,16.245710372924805,7.32873010635376,12.055208206176758,5.114150047302246,19.332910537719727,11.481425285339355,
2003-11-03,,20.47472381591797,,,246.69447326660156,18.312301635742188,6.513606548309326,14.253962516784668,16.324548721313477,7.500557899475098,12.163040161132812,5.139665126800537,19.27767562866211,11.569191932678223,
2003-11-04,,20.533369064331055,,,247.6807861328125,18.329282760620117,6.492015361785889,14.181286811828613,16.37053108215332,7.437058925628662,12.089256286621094,5.114150047302246,19.153390884399414,11.500508308410645,
2003-11-05,,20.50078773498535,,,249.78781127929688,18.660459518432617,6.510910511016846,14.150142669677734,16.357391357421875,7.459468841552734,12.072230339050293,5.111830711364746,19.132671356201172,11.48906421661377,
2003-11-06,,20.652807235717773,,,250.14610290527344,18.77084732055664,6.5190043449401855,14.21762752532959,16.442792892456055,7.519235134124756,12.146013259887695,5.090958118438721,19.229339599609375,11.573006629943848,
2003-11-07,,20.74618911743164,,,251.04281616210938,18.677444458007812,6.535202503204346,14.067091941833496,16.383670806884766,7.489353179931641,12.146013259887695,5.058487415313721,19.05672836303711,11.603534698486328,
2003-11-10,,20.702756881713867,,,247.9048614501953,18.443920135498047,6.524406433105469,14.082663536071777,16.232574462890625,7.39223575592041,12.111964225769043,5.046889305114746,18.91172981262207,11.466169357299805,
2003-11-11,,20.576799392700195,,,247.7703857421875,18.299562454223633,6.5217084884643555,14.03594970703125,16.173460006713867,7.373554229736328,12.123311996459961,5.051529884338379,18.953157424926758,11.447088241577148,
2003-11-12,,20.887353897094727,,,249.24972534179688,18.95766830444336,6.5594964027404785,14.144956588745117,16.43621826171875,7.53043794631958,12.214126586914062,5.063126087188721,19.305288314819336,11.561558723449707,
2003-11-13,,20.93296241760254,,,254.36009216308594,18.592527389526367,6.6188836097717285,14.098231315612793,16.429651260375977,7.466943740844727,12.072230339050293,5.070085525512695,19.754104614257812,11.519590377807617,
2003-11-14,,21.043712615966797,,,255.83975219726562,17.964139938354492,6.632379055023193,13.916555404663086,16.304838180541992,7.366083145141602,12.004122734069824,5.063126087188721,20.044086456298828,11.393671035766602,
2003-11-17,,20.891693115234375,,,250.8636474609375,17.790061950683594,6.564898490905762,13.88022232055664,16.258852005004883,7.265231132507324,12.01547622680664,5.021376609802246,19.981945037841797,11.290647506713867,
2003-11-18,,20.92209815979004,,,249.24972534179688,17.492856979370117,6.5190043449401855,13.7193021774292,16.180021286010742,7.175580978393555,11.970067024230957,4.930922508239746,19.86456298828125,11.145650863647461,
2003-11-19,,20.88083839416504,,,247.14266967773438,17.815536499023438,6.535202503204346,13.823126792907715,16.324548721313477,7.254025936126709,12.032501220703125,4.993546009063721,20.071706771850586,11.218145370483398,
2003-11-20,,20.613719940185547,,,246.11181640625,17.45039939880371,6.5190043449401855,13.703733444213867,16.206300735473633,7.14196252822876,11.947362899780273,4.9819488525390625,19.809328079223633,11.20669937133789,
2003-11-21,,20.457359313964844,,,242.5254669189453,17.713638305664062,6.470417022705078,13.781596183776855,16.219430923461914,7.201733589172363,11.97574520111084,4.97266960144043,19.567672729492188,11.256305694580078,
2003-11-24,,20.700584411621094,,,242.74937438964844,18.30380630493164,6.505509376525879,13.911375045776367,16.41651725769043,7.384765148162842,12.140337944030762,5.0492095947265625,19.885282516479492,11.481425285339355,
2003-11-25,,20.935131072998047,,,245.4393310546875,18.363250732421875,6.543301105499268,13.989226341247559,16.547895431518555,7.377293109893799,12.168720245361328,5.0770416259765625,19.788616180419922,11.592085838317871,
2003-11-26,,21.01331901550293,,,247.94110107421875,18.401460647583008,6.605389595031738,14.07227897644043,16.547895431518555,7.407174110412598,12.151687622070312,5.114150047302246,19.788616180419922,11.588271141052246,
2003-11-28,,21.07412338256836,,,247.9770050048828,18.596771240234375,6.605389595031738,14.051518440246582,16.56759262084961,7.433319091796875,12.197097778320312,5.125748157501221,19.747188568115234,11.584454536437988,
2003-12-01,,21.347745895385742,,,249.60545349121094,18.711410522460938,6.6728715896606445,14.212441444396973,16.810665130615234,7.508030414581299,12.174391746520996,5.139665126800537,20.064802169799805,11.695110321044922,
2003-12-02,,21.336896896362305,,,252.56634521484375,18.57554054260254,6.7187604904174805,14.170907974243164,16.777822494506836,7.474415302276611,12.066554069519043,5.148940563201904,20.078609466552734,11.60734748840332,
2003-12-03,,21.284774780273438,,,249.2017364501953,18.235876083374023,6.680971145629883,14.144956588745117,16.790956497192383,7.448262691497803,12.072230339050293,5.139665126800537,20.126935958862305,11.561558723449707,
2003-12-04,,21.195728302001953,,,257.68035888671875,18.129732131958008,6.842932224273682,14.181286811828613,16.843517303466797,7.541646957397461,12.123311996459961,5.1512603759765625,20.161468505859375,11.534852981567383,
2003-12-05,,21.197904586791992,,,263.4674377441406,17.471628189086914,6.89152193069458,14.067091941833496,16.71870231628418,7.407174110412598,12.083588600158691,5.179091930389404,20.009567260742188,11.416563034057617,
2003-12-08,,21.36295509338379,,,266.42822265625,17.463134765625,6.967101573944092,14.196860313415527,16.869792938232422,7.425849914550781,12.111964225769043,5.1930108070373535,20.161468505859375,11.466169357299805,
2003-12-09,,21.347745895385742,,,265.1273498535156,16.728605270385742,6.972503662109375,14.07227897644043,16.869792938232422,7.265231132507324,12.066554069519043,5.148940563201904,20.078609466552734,11.408933639526367,
2003-12-10,,21.263050079345703,,,265.8899841308594,16.940893173217773,6.977898597717285,13.994427680969238,16.836938858032227,7.3063201904296875,12.077908515930176,5.1721343994140625,19.940515518188477,11.355517387390137,
2003-12-11,,21.46503257751465,,,264.9925842285156,17.38671112060547,7.012993335723877,14.1553316116333,17.099716186523438,7.444530010223389,12.072230339050293,5.195328712463379,20.189088821411133,11.531033515930176,
2003-12-12,,21.491703033447266,,,272.0806579589844,17.369722366333008,7.091279983520508,14.196860313415527,17.12599754333496,7.452000617980957,12.151687622070312,5.206923484802246,20.2512264251709,11.592085838317871,
2003-12-15,,21.392471313476562,,,266.7447509765625,16.826257705688477,7.002198696136475,14.160526275634766,17.145702362060547,7.358617782592773,12.072230339050293,5.1883697509765625,20.216705322265625,11.542482376098633,
2003-12-16,,21.535812377929688,,,269.1684265136719,16.698884963989258,7.107470989227295,14.28510856628418,17.250804901123047,7.395965099334717,12.191423416137695,5.220839977264404,20.292654037475586,11.515776634216309,
2003-12-17,,21.549043655395508,,,268.4053039550781,16.57575225830078,7.174958229064941,14.233200073242188,17.270517349243164,7.384765148162842,12.180068969726562,5.2440338134765625,20.334070205688477,11.622612953186035,
2003-12-18,,21.60639762878418,,,280.6116943359375,17.195648193359375,7.366612911224365,14.357778549194336,17.467586517333984,7.508030414581299,12.242504119873047,5.311295509338379,20.485977172851562,11.771424293518066,
2003-12-19,,21.672544479370117,,,278.4576721191406,17.0725154876709,7.353597164154053,14.40164566040039,17.480791091918945,7.482069969177246,12.197471618652344,5.3234710693359375,20.45341682434082,11.807389259338379,
2003-12-22,,21.76518440246582,,,281.10546875,17.08525276184082,7.361729621887207,14.479966163635254,17.586414337158203,7.493358612060547,12.265873908996582,5.372629642486572,20.44649314880371,11.845651626586914,
2003-12-23,,21.707841873168945,,,275.9895324707031,17.41642951965332,7.310215950012207,14.500860214233398,17.626026153564453,7.55354642868042,12.271573066711426,5.400720596313477,20.460346221923828,11.8839111328125,
2003-12-24,,21.815898895263672,,,279.9384765625,17.373966217041016,7.388848304748535,14.500860214233398,17.560009002685547,7.538498878479004,12.231674194335938,5.410085678100586,20.522701263427734,11.838001251220703,
2003-12-26,,21.84898567199707,,,280.11798095703125,17.373966217041016,7.418672561645508,14.495628356933594,17.527002334594727,7.55354642868042,12.243070602416992,5.417107582092285,20.5781307220459,11.891561508178711,
2003-12-29,,21.957048416137695,,,282.0929260253906,17.74760627746582,7.505444049835205,14.694067001342773,17.751455307006836,7.688968181610107,12.322867393493652,5.456908702850342,20.744417190551758,11.99869441986084,
2003-12-30,,22.045259475708008,,,282.0929260253906,17.717884063720703,7.521707534790039,14.725391387939453,17.64583396911621,7.677682876586914,12.339966773986816,5.470953941345215,20.79985809326172,11.960433959960938,
2003-12-31,,21.893085479736328,,,278.27801513671875,17.615982055664062,7.470193386077881,14.688837051391602,17.665637969970703,7.666393280029297,12.414063453674316,5.461587905883789,20.889923095703125,12.048440933227539,
2004-01-02,,21.82913589477539,10.639288902282715,,277.38006591796875,17.577768325805664,7.4674787521362305,14.667945861816406,17.652433395385742,7.704014778137207,12.265873908996582,5.447542190551758,20.93842124938965,11.945128440856934,
2004-01-05,,21.837963104248047,10.609886169433594,,280.7464904785156,18.21464729309082,7.6111884117126465,14.788050651550293,17.824068069458008,7.8921027183532715,12.34566879272461,5.456908702850342,21.03542137145996,12.048440933227539,
2004-01-06,,21.877656936645508,10.643210411071777,,280.1628723144531,18.32079315185547,7.603055000305176,14.78282356262207,17.797670364379883,7.96356725692749,12.374165534973145,5.445202350616455,21.097780227661133,12.094346046447754,
2004-01-07,,21.780614852905273,10.607927322387695,,275.58477783203125,18.537328720092773,7.524421691894531,14.793266296386719,17.824068069458008,8.001184463500977,12.322867393493652,5.473293781280518,21.22943687438965,12.14791488647461,
2004-01-08,,21.824724197387695,10.582449913024902,,281.6443176269531,19.029848098754883,7.546115398406982,14.845494270324707,17.93630027770996,8.159183502197266,12.30577278137207,5.470953941345215,21.13935089111328,12.109652519226074,
2004-01-09,,21.844573974609375,10.504048347473145,,292.5957336425781,19.000125885009766,7.584077835083008,14.793266296386719,17.758058547973633,8.05009937286377,12.214570045471191,5.452225685119629,21.007709503173828,12.059913635253906,
2004-01-12,,21.866626739501953,10.572653770446777,,290.53106689453125,19.420469284057617,7.605768203735352,14.855936050415039,17.817462921142578,8.174230575561523,12.271573066711426,5.449887275695801,20.973060607910156,12.03312873840332,
2004-01-13,,21.88868522644043,10.560890197753906,,289.2742614746094,18.936439514160156,7.608482837677002,14.78282356262207,17.744850158691406,8.057618141174316,12.254467964172363,5.424131870269775,20.882991790771484,12.013995170593262,
2004-01-14,,22.054073333740234,10.625571250915527,,284.7410888671875,18.89398193359375,7.589497089385986,14.897709846496582,17.989112854003906,8.155424118041992,12.30007266998291,5.489680767059326,21.000778198242188,12.109652519226074,
2004-01-15,,22.027616500854492,10.574612617492676,,279.9383850097656,19.1572208404541,7.462059497833252,15.02302360534668,18.015514373779297,8.189277648925781,12.311470031738281,5.470953941345215,21.05620574951172,12.14409065246582,
2004-01-16,,21.866626739501953,10.63340950012207,,285.9978332519531,19.24213981628418,7.532557487487793,15.070026397705078,18.352195739746094,8.29460620880127,12.30577278137207,5.461587905883789,21.10470199584961,12.14409065246582,
2004-01-20,,21.877656936645508,10.53345012664795,,298.29583740234375,19.1954345703125,7.722361087799072,15.049138069152832,18.12773895263672,8.313414573669434,12.265873908996582,5.501384735107422,21.03542137145996,12.056084632873535,
2004-01-21,,21.91734504699707,10.684370040893555,,299.4627380371094,18.745378494262695,7.768457889556885,15.273676872253418,18.2531681060791,8.249464988708496,12.317169189453125,5.597366809844971,21.38878631591797,12.205305099487305,
2004-01-22,,22.018802642822266,10.801976203918457,,295.2792663574219,18.4566593170166,7.730498790740967,15.273676872253418,18.167346954345703,8.170465469360352,12.277274131774902,5.618436336517334,21.430355072021484,12.300959587097168,
2004-01-23,,22.16435432434082,10.7568998336792,,305.91802978515625,18.23162841796875,7.798284530639648,15.20057487487793,18.101335525512695,8.144133567810059,12.379863739013672,5.569274425506592,21.326425552368164,12.262701988220215,
2004-01-26,,22.455469131469727,10.702013969421387,,309.5987548828125,18.57554054260254,7.844381809234619,15.409428596496582,18.33238983154297,8.29460620880127,12.499558448791504,5.536501884460449,21.596641540527344,12.285651206970215,
2004-01-27,,22.673803329467773,10.63733196258545,,309.5086669921875,17.981122970581055,7.828110218048096,15.30500602722168,18.154151916503906,8.166701316833496,12.43686294555664,5.5177717208862305,21.458072662353516,12.201478958129883,
2004-01-28,,22.589998245239258,10.413887023925781,,307.8478088378906,17.832523345947266,7.716933250427246,15.03348159790039,17.87027931213379,8.031282424926758,12.311470031738281,5.53884220123291,21.270998001098633,11.91069507598877,
2004-01-29,,22.638525009155273,10.423687934875488,,307.02655029296875,17.751848220825195,7.711514949798584,15.15878963470459,17.87688446044922,7.989904403686523,12.482460021972656,5.5833210945129395,21.582782745361328,11.98721981048584,
2004-01-30,,22.784072875976562,10.117913246154785,,304.1535339355469,17.815536499023438,7.638306140899658,15.169244766235352,17.843875885009766,7.993666172027588,12.414063453674316,5.573957920074463,21.465003967285156,11.979565620422363,
2004-02-02,,23.06857681274414,10.05910873413086,,307.8796081542969,17.582015991210938,7.681690216064453,15.258009910583496,17.810867309570312,7.993666172027588,12.465362548828125,5.541184425354004,21.74214744567871,11.945128440856934,
2004-02-03,,23.031078338623047,10.000306129455566,,306.3530578613281,17.734867095947266,7.651862144470215,15.273676872253418,17.744850158691406,8.00495433807373,12.528060913085938,5.590344429016113,21.88071632385254,11.880084037780762,
2004-02-04,,22.6451358795166,9.86506175994873,,305.0960693359375,17.229612350463867,7.59763240814209,15.148347854614258,17.659038543701172,7.80934476852417,12.602154731750488,5.4990434646606445,21.95000457763672,11.864788055419922,
2004-02-05,,22.673803329467773,9.923866271972656,,299.72930908203125,17.280563354492188,7.529845714569092,15.1431303024292,17.824068069458008,7.820627212524414,12.681951522827148,5.4662699699401855,21.839149475097656,11.9566068649292,
2004-02-06,,23.178844451904297,10.113988876342773,,301.7503356933594,18.044811248779297,7.581364631652832,15.398991584777832,17.903287887573242,7.98614501953125,12.778851509094238,5.513090133666992,22.005435943603516,12.08287239074707,
2004-02-09,,23.152381896972656,10.141434669494629,,308.7562255859375,17.870731353759766,7.673553466796875,15.336328506469727,17.857078552246094,7.925956726074219,12.79594898223877,5.54586935043335,21.790647506713867,12.098174095153809,
2004-02-10,,23.31117820739746,10.213960647583008,,315.4029235839844,17.93017578125,7.776590347290039,15.38332748413086,17.843875885009766,7.989904403686523,12.847244262695312,5.592687606811523,21.887651443481445,12.201478958129883,
2004-02-11,,23.465553283691406,10.272756576538086,,318.6365051269531,18.235876083374023,7.882341384887695,15.618307113647461,18.041919708251953,8.053855895996094,12.83015251159668,5.588003158569336,22.08857536315918,12.323914527893066,
2004-02-12,,23.174434661865234,10.30999755859375,,323.1723937988281,18.006601333618164,7.906742095947266,15.592199325561523,18.028718948364258,7.978618144989014,12.852952003479004,5.571615695953369,21.95000457763672,12.262701988220215,
2004-02-13,,23.035490036010742,10.231595993041992,,321.3309631347656,17.764585494995117,7.887765407562256,15.560866355895996,17.94290542602539,7.929718017578125,12.773154258728027,5.5645928382873535,21.853002548217773,12.140265464782715,
2004-02-17,,23.06857681274414,10.231595993041992,,324.9688415527344,18.053300857543945,7.955549716949463,15.675747871398926,18.081531524658203,8.046329498291016,12.887142181396484,5.606729984283447,21.9915714263916,12.29713249206543,
2004-02-18,,23.079608917236328,10.16299819946289,,319.1307373046875,18.138219833374023,7.871493816375732,15.592199325561523,17.989112854003906,8.008713722229004,12.870046615600586,5.625458717346191,21.894582748413086,12.224432945251465,
2004-02-19,,23.035490036010742,10.166911125183105,,318.8609619140625,17.781572341918945,7.86336088180542,15.58698844909668,17.85049057006836,7.888341426849365,12.932746887207031,5.588003158569336,21.818368911743164,12.235918045043945,
2004-02-20,,23.039913177490234,10.119872093200684,,318.7711486816406,17.641454696655273,7.860647678375244,15.545207977294922,17.817462921142578,7.8507232666015625,13.0353364944458,5.534160614013672,21.700580596923828,12.14409065246582,
2004-02-23,,23.04872703552246,9.99246883392334,,317.83233642578125,17.174415588378906,7.9230146408081055,15.545207977294922,17.751455307006836,7.745393753051758,13.109432220458984,5.5552287101745605,21.65900993347168,12.056084632873535,
2004-02-24,,23.095041275024414,10.008148193359375,,322.7740173339844,17.267824172973633,7.9365739822387695,15.482547760009766,17.751455307006836,7.752917766571045,13.029641151428223,5.524794578552246,21.75600242614746,12.079041481018066,
2004-02-25,,23.238384246826172,10.031665802001953,,323.68603515625,17.560791015625,7.974532604217529,15.550426483154297,17.705242156982422,7.813103199005127,13.069540977478027,5.580979824066162,21.783716201782227,12.14409065246582,
2004-02-26,,23.181053161621094,10.125751495361328,,326.8305358886719,17.63721466064453,8.001646041870117,15.566097259521484,17.718442916870117,7.831912994384766,13.069540977478027,5.618436336517334,21.75600242614746,12.220609664916992,
2004-02-27,,23.19428253173828,10.219836235046387,,326.92071533203125,17.365478515625,8.039608001708984,15.60264778137207,17.711841583251953,7.790533542633057,13.120831489562988,5.679305076599121,21.69365119934082,12.239738464355469,
2004-03-01,,23.597875595092773,10.211997032165527,,335.7260437011719,17.76883316040039,8.194165229797363,15.712302207946777,17.804262161254883,7.884577751159668,13.269027709960938,5.707393646240234,21.75600242614746,12.316266059875488,
2004-03-02,,23.747846603393555,10.168876647949219,,336.9753112792969,17.72637176513672,8.123664855957031,15.633983612060547,17.744850158691406,7.854480266571045,13.137940406799316,5.681643486022949,21.617433547973633,12.281824111938477,
2004-03-03,,23.862518310546875,10.13751220703125,,334.7281494140625,17.399446487426758,8.112818717956543,15.727964401245117,17.73826026916504,7.816868782043457,13.206334114074707,5.679305076599121,21.707502365112305,12.29330825805664,
2004-03-04,,23.928682327270508,10.07479190826416,,333.96417236328125,17.68816375732422,8.08841609954834,15.769744873046875,17.804262161254883,7.884577751159668,13.177834510803223,5.719101905822754,21.80449867248535,12.343046188354492,
2004-03-05,,24.07204246520996,10.131631851196289,,331.98651123046875,17.514083862304688,8.158914566040039,15.905513763427734,17.843875885009766,7.8243865966796875,13.183536529541016,5.763577938079834,21.915367126464844,12.431044578552246,
2004-03-08,,24.076444625854492,10.055191040039062,,332.34637451171875,16.800783157348633,8.194165229797363,15.821956634521484,17.54020118713379,7.655108451843262,13.177834510803223,5.747193813323975,21.894582748413086,12.258870124816895,
2004-03-09,,24.038951873779297,9.947385787963867,,326.50360107421875,16.91541862487793,8.139937400817871,15.71752643585205,17.421375274658203,7.655108451843262,13.177834510803223,5.714417457580566,21.645145416259766,12.178525924682617,
2004-03-10,,23.730199813842773,9.949344635009766,,315.49298095703125,16.571508407592773,7.998937606811523,15.466877937316895,17.097911834716797,7.519695281982422,13.143631935119629,5.648868560791016,21.31256866455078,12.029303550720215,
2004-03-11,,23.45452308654785,9.970906257629395,,309.65045166015625,16.456871032714844,7.819978713989258,15.216235160827637,16.8404541015625,7.436931133270264,12.892844200134277,5.566934585571289,20.903783798217773,11.807389259338379,
2004-03-12,,23.697120666503906,9.959146499633789,,315.71783447265625,16.82200813293457,7.933860778808594,15.440771102905273,17.13091278076172,7.5836381912231445,12.892844200134277,5.620779991149902,20.959199905395508,11.99487018585205,
2004-03-15,,23.544940948486328,9.849381446838379,,317.9648132324219,16.376197814941406,7.950126647949219,15.216235160827637,16.91967010498047,7.440695285797119,12.767446517944336,5.604389667510986,20.772136688232422,11.757651329040527,
2004-03-16,,23.608901977539062,9.810181617736816,,314.8186340332031,16.55876922607422,7.947416305541992,15.357236862182617,17.11110496520996,7.485835552215576,12.79024600982666,5.658233642578125,20.917638778686523,11.860955238342285,
2004-03-17,,23.950746536254883,10.008148193359375,,324.75103759765625,16.82200813293457,8.058587074279785,15.534767150878906,17.32236099243164,7.579874515533447,12.944138526916504,5.747193813323975,20.8968505859375,12.029303550720215,
2004-03-18,,24.076444625854492,9.904263496398926,,327.49237060546875,16.57575225830078,8.139937400817871,15.539982795715332,17.342161178588867,7.530974388122559,12.938446998596191,5.721442699432373,20.876068115234375,11.99869441986084,
2004-03-19,,24.173486709594727,9.786659240722656,,319.44781494140625,15.977093696594238,7.973014831542969,15.368982315063477,17.124221801757812,7.429414749145508,12.910979270935059,5.687927722930908,20.546133041381836,11.930500030517578,
2004-03-22,,24.016904830932617,9.669053077697754,,314.3242492675781,15.866697311401367,7.896767616271973,15.169655799865723,16.892358779907227,7.309035778045654,12.739373207092285,5.621844291687012,20.28912925720215,11.746597290039062,
2004-03-23,,24.049978256225586,9.721981048583984,,310.0998229980469,15.81574821472168,7.842307090759277,15.16441535949707,16.845983505249023,7.297750949859619,12.716484069824219,5.619482040405273,20.358577728271484,11.72360897064209,
2004-03-24,,23.922067642211914,9.702377319335938,,300.6622619628906,16.117202758789062,7.676205158233643,15.049012184143066,16.845983505249023,7.335363864898682,12.750804901123047,5.631285190582275,20.247455596923828,11.781081199645996,
2004-03-25,,24.138193130493164,9.951305389404297,,303.1338806152344,16.78380012512207,7.646251201629639,15.20638370513916,17.124221801757812,7.568591117858887,12.928146362304688,5.640722751617432,20.358577728271484,11.987967491149902,
2004-03-26,,23.955490112304688,9.979757308959961,,306.7293701171875,16.635196685791016,7.733382701873779,15.195887565612793,17.216968536376953,7.523453712463379,12.853775978088379,5.65960693359375,20.441938400268555,11.976476669311523,
2004-03-29,,24.011337280273438,10.105340957641602,,305.8752746582031,16.775306701660156,7.774231433868408,15.389967918395996,17.422317504882812,7.621257305145264,13.0082368850708,5.695006370544434,20.71977996826172,12.087581634521484,
2004-03-30,,24.321800231933594,10.097491264343262,,313.96612548828125,16.792287826538086,7.915828704833984,15.494871139526367,17.528305053710938,7.632542133331299,13.088314056396484,5.716249465942383,20.67115592956543,12.179527282714844,
2004-03-31,,24.446876525878906,10.164205551147461,,315.6739807128906,16.771060943603516,7.9893479347229,15.421442985534668,17.495182037353516,7.5836381912231445,13.088314056396484,5.739850997924805,20.789234161376953,12.164205551147461,
2004-04-01,,24.728330612182617,10.244650840759277,,307.2236633300781,17.038551330566406,7.896767616271973,15.584050178527832,17.59455680847168,7.662637710571289,13.036828994750977,5.756372451782227,20.93509864807129,12.217841148376465,
2004-04-02,,24.440189361572266,10.427139282226562,,309.6958923339844,17.582015991210938,7.932168483734131,15.526351928710938,17.793285369873047,7.854480266571045,13.053994178771973,5.728046894073486,21.185161590576172,12.328947067260742,
2004-04-05,,23.47972869873047,10.344725608825684,,308.5721740722656,17.798553466796875,7.973014831542969,15.568309783935547,18.005264282226562,7.922194480895996,13.09975814819336,5.744571685791016,21.42827033996582,12.45538330078125,
2004-04-06,,22.581817626953125,10.486004829406738,,306.1898498535156,17.399446487426758,7.973014831542969,15.557826042175293,17.992027282714844,7.8394389152526855,13.162684440612793,5.746928691864014,21.35881233215332,12.428559303283691,
2004-04-07,,22.89451789855957,10.397706985473633,,308.5721740722656,17.35698699951172,7.973014831542969,15.515859603881836,17.9522762298584,7.790533542633057,13.128365516662598,5.687927722930908,21.261568069458008,12.336614608764648,
2004-04-08,,22.447797775268555,10.274089813232422,,311.8085632324219,17.429166793823242,8.043808937072754,15.489630699157715,17.852914810180664,7.805581092834473,13.059721946716309,5.683209419250488,21.11569595336914,12.259982109069824,
2004-04-12,,21.353334426879883,10.279975891113281,,319.13531494140625,17.552295684814453,8.196298599243164,15.584050178527832,18.031770706176758,7.8243865966796875,13.111199378967285,5.593523025512695,21.289350509643555,12.363430976867676,
2004-04-13,,21.174638748168945,10.177939414978027,,313.5613098144531,17.33576011657715,8.125502586364746,15.253583908081055,17.7535457611084,7.726585865020752,12.979631423950195,5.492035388946533,21.101804733276367,12.13355541229248,
2004-04-14,,20.991483688354492,10.158316612243652,,312.3478698730469,17.195648193359375,8.141839027404785,15.069989204406738,17.74028778076172,7.719064712524414,13.071152687072754,5.49911642074585,21.317136764526367,12.114398956298828,
2004-04-15,,21.442668914794922,10.254465103149414,,318.50567626953125,16.630950927734375,8.25075626373291,14.980826377868652,17.793285369873047,7.628777503967285,13.111199378967285,5.529799461364746,21.706098556518555,12.102900505065918,
2004-04-16,,21.666038513183594,10.32117748260498,,323.2704162597656,16.414409637451172,8.316113471984863,15.14343547821045,17.9522762298584,7.55730676651001,13.202727317810059,5.548679828643799,21.865863800048828,12.217841148376465,
2004-04-19,,21.744203567504883,10.350613594055176,,320.8880615234375,16.67340850830078,8.297051429748535,15.117206573486328,17.852914810180664,7.643826484680176,13.242774963378906,5.513278007507324,21.775569915771484,12.22550106048584,
2004-04-20,,20.928939819335938,10.293712615966797,,313.5166320800781,16.0620059967041,8.128226280212402,14.83919906616211,17.67404556274414,7.4783101081848145,13.13979434967041,5.451913356781006,21.41437339782715,12.148880958557129,
2004-04-21,,21.029455184936523,10.330991744995117,,311.763671875,16.21061134338379,8.100991249084473,14.833950996398926,17.78666877746582,7.591164588928223,13.168401718139648,5.494399070739746,21.664424896240234,12.164205551147461,
2004-04-22,,21.31982421875,10.546833038330078,,321.68914794921875,16.231842041015625,8.261653900146484,15.090974807739258,18.177501678466797,7.7077741622924805,13.299970626831055,5.555759906768799,21.838083267211914,12.409405708312988,
2004-04-23,,21.107627868652344,10.58411693572998,,318.4974060058594,16.47810173034668,8.196298599243164,15.01230239868164,18.098003387451172,7.80934476852417,13.311412811279297,5.5581207275390625,21.775569915771484,12.359596252441406,
2004-04-26,,21.272916793823242,10.53702163696289,,319.6211242675781,16.1002197265625,8.24259090423584,14.980826377868652,18.005264282226562,7.715297698974609,13.282811164855957,5.574643135070801,21.657480239868164,12.259982109069824,
2004-04-27,,21.442668914794922,10.478157997131348,,330.63519287109375,15.90491008758545,8.414142608642578,15.01754093170166,18.018516540527344,7.692728519439697,13.317137718200684,5.584080696105957,21.740835189819336,12.344270706176758,
2004-04-28,,21.174638748168945,10.421252250671387,,323.8021240234375,15.658653259277344,8.294328689575195,14.802488327026367,17.78003692626953,7.561069011688232,13.162684440612793,5.588802814483643,21.54634666442871,12.198683738708496,
2004-04-29,,20.86193084716797,10.221109390258789,,312.9088439941406,15.251049995422363,8.095549583435059,14.755274772644043,17.621049880981445,7.448217868804932,13.231334686279297,5.501476764678955,21.41437339782715,12.118227005004883,
2004-04-30,,20.794923782348633,10.226995468139648,,312.50408935546875,14.987812042236328,8.125502586364746,14.750024795532227,17.488557815551758,7.293987274169922,13.259930610656738,5.494399070739746,21.435218811035156,12.026276588439941,
2004-05-03,,21.107627868652344,10.29763412475586,,319.65228271484375,14.928365707397461,8.313394546508789,14.849687576293945,17.687292098999023,7.335363864898682,13.34001350402832,5.53216028213501,21.71304702758789,12.087581634521484,
2004-05-04,,21.14112663269043,10.2780122756958,,317.4944152832031,15.191608428955078,8.318836212158203,14.89690113067627,17.760160446166992,7.406842231750488,13.282811164855957,5.553398609161377,21.67831802368164,12.064586639404297,
2004-05-05,,21.042858123779297,10.352571487426758,,312.95361328125,15.242559432983398,8.346065521240234,14.8811616897583,17.773412704467773,7.444456577301025,13.305694580078125,5.515638828277588,21.803348541259766,12.091409683227539,
2004-05-06,,21.040618896484375,10.262312889099121,,307.1700134277344,15.285017967224121,8.305222511291504,14.718551635742188,17.680673599243164,7.410599708557129,13.24848747253418,5.534518241882324,21.719999313354492,11.911336898803711,
2004-05-07,,20.33704948425293,10.048436164855957,,298.3553161621094,15.476081848144531,8.103718757629395,14.403837203979492,17.36932373046875,7.3729777336120605,13.122633934020996,5.3669514656066895,21.574134826660156,11.623997688293457,
2004-05-10,,20.068998336791992,9.928739547729492,,289.6753234863281,15.628931999206543,7.86953592300415,14.283194541931152,17.117586135864258,7.342889785766602,13.059721946716309,5.291424751281738,21.296293258666992,11.478411674499512,
2004-05-11,,20.25886344909668,10.011152267456055,,293.22833251953125,16.049266815185547,8.005688667297363,14.356621742248535,17.22358512878418,7.440695285797119,13.036828994750977,5.277262210845947,21.317136764526367,11.646987915039062,
2004-05-12,,20.214187622070312,9.889495849609375,,294.4875183105469,15.832730293273926,8.054698944091797,14.519233703613281,17.36932373046875,7.418123245239258,12.968182563781738,5.272543907165527,21.39353370666504,11.685301780700684,
2004-05-13,,20.234285354614258,10.050403594970703,,297.1409912109375,15.658653259277344,8.032920837402344,14.545459747314453,17.36932373046875,7.418123245239258,12.945311546325684,5.293784141540527,21.365758895874023,11.646987915039062,
2004-05-14,,20.50457000732422,10.064127922058105,,297.7256164550781,15.450608253479004,8.128226280212402,14.555954933166504,17.33620262145996,7.316556930541992,12.996786117553711,5.322103500366211,21.324079513549805,11.650814056396484,
2004-05-17,,20.602842330932617,9.934625625610352,,298.44525146484375,15.276528358459473,8.128226280212402,14.367115020751953,17.144092559814453,7.2375593185424805,12.910979270935059,5.2654643058776855,21.261568069458008,11.466920852661133,
2004-05-18,,20.995952606201172,10.068056106567383,,293.63299560546875,15.544013977050781,8.008411407470703,14.482516288757324,17.31633186340332,7.309035778045654,12.985350608825684,5.310304164886475,21.254621505737305,11.646987915039062,
2004-05-19,,20.50457000732422,10.160276412963867,,293.00341796875,15.60345458984375,7.973014831542969,14.49300479888916,17.289833068847656,7.342889785766602,12.916704177856445,5.272543907165527,21.046241760253906,11.59718132019043,
2004-05-20,,20.984779357910156,10.022928237915039,,291.5643005371094,15.522785186767578,7.964841842651367,14.545459747314453,17.250078201293945,7.339127063751221,12.962471008300781,5.326828956604004,20.90732192993164,11.623997688293457,
2004-05-21,,20.951284408569336,10.089646339416504,,289.5854797363281,15.577981948852539,7.926723003387451,14.634625434875488,17.36932373046875,7.361696720123291,12.968182563781738,5.319746017456055,20.948986053466797,11.681468963623047,
2004-05-24,,21.089771270751953,10.164205551147461,,301.86334228515625,15.667141914367676,8.106443405151367,14.655606269836426,17.501819610595703,7.3729777336120605,12.916704177856445,5.392911911010742,20.844802856445312,11.804067611694336,
2004-05-25,,21.57669448852539,10.301558494567871,,306.0008850097656,16.083236694335938,8.24259090423584,14.86542797088623,17.7535457611084,7.512165546417236,13.071152687072754,5.4896769523620605,21.046241760253906,12.041605949401855,
2004-05-26,,21.898332595825195,10.409478187561035,,300.6621398925781,16.155412673950195,8.174518585205078,14.954594612121582,17.793285369873047,7.497122764587402,13.082594871520996,5.492035388946533,21.15737533569336,12.049263954162598,
2004-05-27,,21.965343475341797,10.419294357299805,,293.91607666015625,16.240325927734375,8.060149192810059,14.991315841674805,17.91914939880371,7.542258262634277,13.237052917480469,5.548679828643799,21.37269401550293,12.102900505065918,
2004-05-28,,22.211034774780273,10.442835807800293,,297.8344421386719,16.52480125427246,8.100991249084473,15.001811981201172,17.91914939880371,7.579874515533447,13.185571670532227,5.560481548309326,21.365758895874023,12.102900505065918,
2004-06-01,,21.95641326904297,10.438913345336914,,300.39093017578125,16.32524871826172,8.212635040283203,14.944111824035645,17.91914939880371,7.527215480804443,13.185571670532227,5.553398609161377,21.476892471313477,12.091409683227539,
2004-06-02,,22.26910972595215,10.605697631835938,,298.2308349609375,16.002561569213867,8.196298599243164,15.01754093170166,18.084766387939453,7.527215480804443,13.294255256652832,5.562839508056641,21.608858108520508,12.137386322021484,
2004-06-03,,22.202104568481445,10.5409517288208,,293.68438720703125,15.60345458984375,8.12277889251709,14.89690113067627,17.9522762298584,7.429414749145508,13.265656471252441,5.5038371086120605,21.553300857543945,12.06076431274414,
2004-06-04,,22.224435806274414,10.595888137817383,,294.359619140625,15.921892166137695,8.081933975219727,15.02278995513916,18.05164337158203,7.500879764556885,13.288529396057129,5.522718906402588,21.594959259033203,12.110565185546875,
2004-06-07,,22.425466537475586,10.750903129577637,,298.81573486328125,16.418657302856445,8.231698989868164,15.237855911254883,18.36298942565918,7.673918724060059,13.402938842773438,5.569919586181641,21.81028938293457,12.279143333435059,
2004-06-08,,22.403125762939453,10.860784530639648,,298.14044189453125,16.435640335083008,8.196298599243164,15.216865539550781,18.402742385864258,7.715297698974609,13.465862274169922,5.517998218536377,21.838083267211914,12.321280479431152,
2004-06-09,,22.280284881591797,10.737164497375488,,297.4651794433594,15.951616287231445,8.130949020385742,15.059511184692383,18.24375343322754,7.628777503967285,13.414388656616211,5.482594966888428,21.58107566833496,12.229336738586426,
2004-06-10,,22.179765701293945,10.701851844787598,,300.75091552734375,16.01105499267578,8.234421730041504,15.132942199707031,18.369617462158203,7.670158863067627,13.414388656616211,5.520360469818115,21.588016510009766,12.279143333435059,
2004-06-14,,21.73304557800293,10.60766315460205,,299.53582763671875,15.709603309631348,8.171795845031738,14.92313003540039,18.27025604248047,7.564831256866455,13.345735549926758,5.482594966888428,21.435218811035156,12.122061729431152,
2004-06-15,,22.168607711791992,10.76463508605957,,307.86248779296875,15.921892166137695,8.2888822555542,14.980826377868652,18.435855865478516,7.677682876586914,13.408661842346191,5.506195068359375,21.462995529174805,12.194852828979492,
2004-06-16,,22.280284881591797,10.823504447937012,,316.27935791015625,15.72658634185791,8.449542045593262,15.007060050964355,18.48223304748535,7.643826484680176,13.391496658325195,5.536879062652588,21.469940185546875,12.206347465515137,
2004-06-17,,22.470129013061523,10.790146827697754,,318.8897705078125,15.259544372558594,8.512173652648926,15.01754093170166,18.495485305786133,7.55730676651001,13.34001350402832,5.574643135070801,21.504674911499023,12.236997604370117,
2004-06-18,,22.503652572631836,10.872559547424316,,318.6196594238281,15.234070777893066,8.535136222839355,15.036520957946777,18.60036277770996,7.572354316711426,13.338293075561523,5.6044020652771,21.494922637939453,12.233926773071289,
2004-06-21,,22.77166175842285,10.872559547424316,,315.28900146484375,15.166133880615234,8.515997886657715,14.989070892333984,18.52734375,7.538498878479004,13.32106876373291,5.642494201660156,21.348651885986328,12.191732406616211,
2004-06-22,,22.738176345825195,10.894144058227539,,318.30450439453125,15.624683380126953,8.573407173156738,15.062885284423828,18.699932098388672,7.617495059967041,13.32680606842041,5.621065139770508,21.258098602294922,12.138020515441895,
2004-06-23,,22.849853515625,11.125686645507812,,324.2009582519531,15.964354515075684,8.718300819396973,15.09979248046875,18.965476989746094,7.722822189331055,13.344038963317871,5.663919448852539,21.383480072021484,12.233926773071289,
2004-06-24,,22.892290115356445,11.09428882598877,,320.19500732421875,15.739322662353516,8.666358947753906,15.131423950195312,18.925640106201172,7.68520450592041,13.292364120483398,5.682966709136963,21.390439987182617,12.23776626586914,
2004-06-25,,22.940025329589844,11.197314262390137,,322.98541259765625,15.81574821472168,8.617148399353027,15.078710556030273,18.899084091186523,7.715297698974609,13.166041374206543,5.649634838104248,21.202381134033203,12.226253509521484,
2004-06-28,,23.098390579223633,11.264163970947266,,316.90850830078125,15.654401779174805,8.494129180908203,15.068153381347656,18.759687423706055,7.655108451843262,13.166041374206543,5.67582368850708,21.097900390625,12.203239440917969,
2004-06-29,,22.623291015625,11.28579330444336,,319.74456787109375,15.938879013061523,8.540604591369629,15.004890441894531,18.905725479125977,7.734109878540039,13.177525520324707,5.632970333099365,21.209339141845703,12.111167907714844,
2004-06-30,,22.85631561279297,11.334945678710938,,325.1462097167969,16.0620059967041,8.606213569641113,15.068153381347656,19.025196075439453,7.786769866943359,13.257905960083008,5.656778812408447,21.28596305847168,12.134181022644043,
2004-07-01,,22.901565551757812,11.218944549560547,,325.8667297363281,15.459099769592285,8.617148399353027,14.962705612182617,18.73977279663086,7.643826484680176,13.125845909118652,5.590115547180176,20.9864501953125,12.061295509338379,
2004-07-02,,23.358551025390625,11.152092933654785,,325.8215026855469,15.132170677185059,8.649957656860352,15.004890441894531,18.580446243286133,7.561069011688232,13.125845909118652,5.647254943847656,20.972530364990234,11.996078491210938,
2004-07-06,,23.211511611938477,11.018396377563477,,324.7861022949219,14.682108879089355,8.671831130981445,14.899446487426758,18.540620803833008,7.3993144035339355,13.131586074829102,5.63773250579834,20.819292068481445,11.919354438781738,
2004-07-07,,23.505611419677734,11.152092933654785,,325.5064392089844,14.80523681640625,8.723775863647461,14.867815971374512,18.573806762695312,7.448217868804932,13.143073081970215,5.649634838104248,20.770530700683594,11.884827613830566,
2004-07-08,,23.166261672973633,10.855202674865723,,322.71551513671875,14.74155044555664,8.680027961730957,14.757091522216797,18.46759796142578,7.32407808303833,13.125845909118652,5.628207683563232,20.721773147583008,11.723699569702148,
2004-07-09,,23.154935836791992,10.939746856689453,,326.54193115234375,15.017528533935547,8.729241371154785,14.757091522216797,18.620277404785156,7.384267807006836,13.160296440124512,5.616304397583008,20.673009872436523,11.78891658782959,
2004-07-12,,23.335935592651367,10.953506469726562,,323.48065185546875,14.720320701599121,8.680027961730957,14.825638771057129,18.646833419799805,7.3729777336120605,13.177525520324707,5.628207683563232,20.58246421813965,11.819609642028809,
2004-07-13,,23.10065460205078,10.920084953308105,,321.4098815917969,14.724568367004395,8.658158302307129,14.841448783874512,18.686662673950195,7.339127063751221,13.194751739501953,5.616304397583008,20.7496337890625,11.865645408630371,
2004-07-14,,23.256759643554688,10.929916381835938,,328.5224304199219,13.94333267211914,8.762046813964844,14.772910118103027,18.653472900390625,7.222513675689697,13.189001083374023,5.66630220413208,20.826251983642578,11.815775871276855,
2004-07-15,,23.505611419677734,11.03215503692627,,337.2554931640625,13.87540054321289,8.819459915161133,14.63583755493164,18.74640464782715,7.184895038604736,13.102876663208008,5.6924896240234375,20.596391677856445,11.758228302001953,
2004-07-16,,23.460363388061523,10.931883811950684,,340.271484375,13.586681365966797,8.926076889038086,14.641104698181152,18.673383712768555,7.109663486480713,13.09713363647461,5.732964515686035,20.41529655456543,11.627792358398438,
2004-07-19,,23.66171646118164,10.99676513671875,,338.9210510253906,13.663107872009277,8.896008491516113,14.66219425201416,18.59372329711914,7.132230281829834,13.102876663208008,5.759151458740234,20.31778907775879,11.58176040649414,
2004-07-20,,23.663970947265625,11.169794082641602,,337.300537109375,13.968809127807617,8.868667602539062,14.73600959777832,18.706571578979492,7.248847007751465,13.108627319335938,5.771055698394775,20.401371002197266,11.71219253540039,
2004-07-21,,23.392494201660156,10.922051429748535,,331.9886169433594,13.489029884338379,8.710104942321777,14.588382720947266,18.460952758789062,7.13975715637207,12.930624961853027,5.680586814880371,20.171506881713867,11.60861587524414,
2004-07-22,,22.967172622680664,10.813911437988281,,332.79010009765625,13.909366607666016,8.73744010925293,14.60420036315918,18.348112106323242,7.214990615844727,12.890429496765137,5.642494201660156,20.269031524658203,11.627792358398438,
2004-07-23,,22.73867416381836,10.79818344116211,,329.8636779785156,13.489029884338379,8.704633712768555,14.530389785766602,18.261812210083008,7.090856552124023,12.700946807861328,5.609164237976074,20.143653869628906,11.558743476867676,
2004-07-26,,22.566743850708008,10.762798309326172,,324.5513000488281,13.39561939239502,8.628087043762207,14.535662651062012,18.20206642150879,7.132230281829834,12.655010223388672,5.594878196716309,19.94165802001953,11.458999633789062,
2004-07-27,,22.598421096801758,10.861098289489746,,329.99896240234375,13.446568489074707,8.715572357177734,14.6569242477417,18.387948989868164,7.199945449829102,12.787077903747559,5.587733268737793,20.02524185180664,11.654644012451172,
2004-07-28,,22.759033203125,10.924013137817383,,332.9248962402344,13.331933975219727,8.775717735290527,14.704371452331543,18.500789642333984,7.196178913116455,12.752630233764648,5.661538600921631,19.976484298706055,11.604776382446289,
2004-07-29,,22.777141571044922,11.05968189239502,,335.3427734375,13.781989097595215,8.838595390319824,14.767638206481934,18.520706176757812,7.297750949859619,12.603336334228516,5.7020134925842285,20.06702995300293,11.662322998046875,
2004-07-30,,22.917404174804688,11.012495994567871,,336.693603515625,13.968809127807617,8.871397018432617,14.746549606323242,18.494150161743164,7.3127970695495605,12.603336334228516,5.742485046386719,20.143653869628906,11.67383098602295,
2004-08-02,,23.268075942993164,11.085247039794922,,334.757568359375,14.07495403289795,8.860465049743652,14.836172103881836,18.580446243286133,7.331602573394775,12.72966480255127,5.785342216491699,20.12274742126465,11.74288272857666,
2004-08-03,,23.36759376525879,11.043956756591797,,337.2337646484375,13.531485557556152,8.967082023620605,14.746549606323242,18.480873107910156,7.211228370666504,12.677983283996582,5.7734375,20.10186195373535,11.623955726623535,
2004-08-04,,23.553129196166992,11.061654090881348,,328.09393310546875,13.624897956848145,8.75931167602539,14.783459663391113,18.480873107910156,7.222513675689697,12.706690788269043,5.823431968688965,20.060068130493164,11.562579154968262,
2004-08-05,,23.2001953125,10.823744773864746,,323.4728088378906,13.467798233032227,8.628087043762207,14.540936470031738,18.102495193481445,7.113424301147461,12.557403564453125,5.75438928604126,19.69091796875,11.359253883361816,
2004-08-06,,23.166261672973633,10.49932861328125,,316.3567199707031,13.013493537902832,8.455854415893555,14.41439437866211,17.730756759643555,6.899007797241211,12.402375221252441,5.797243595123291,19.41925811767578,11.194292068481445,
2004-08-09,,23.109708786010742,10.528820991516113,,321.40118408203125,12.966788291931152,8.592548370361328,14.39858341217041,17.770580291748047,6.9441423416137695,12.448307991027832,5.782959461212158,19.32870864868164,11.178949356079102,
2004-08-10,,23.277109146118164,10.776558876037598,,319.7796936035156,13.102655410766602,8.559737205505371,14.598930358886719,18.069293975830078,7.06451940536499,12.54592227935791,5.8258137702941895,19.614290237426758,11.34390640258789,
2004-08-11,,23.245431900024414,10.77458667755127,,317.3477478027344,12.563434600830078,8.515997886657715,14.641104698181152,18.049388885498047,6.88771915435791,12.643526077270508,5.849621772766113,19.94165802001953,11.263349533081055,
2004-08-12,,23.012418746948242,10.629094123840332,,310.6368103027344,12.219522476196289,8.406643867492676,14.488204002380371,17.78386116027832,6.752301216125488,12.614819526672363,5.8472442626953125,19.83021354675293,11.109895706176758,
2004-08-13,,23.019210815429688,10.483595848083496,,313.0238037109375,12.29170036315918,8.510530471801758,14.504023551940918,17.750669479370117,6.789916038513184,12.672237396240234,5.8258137702941895,19.676979064941406,11.136752128601074,
2004-08-16,,23.32688331604004,10.819809913635254,,314.5552673339844,12.359635353088379,8.562477111816406,14.72546100616455,18.08257484436035,6.850103378295898,12.752630233764648,5.852004051208496,19.94165802001953,11.401453018188477,
2004-08-17,,23.57347297668457,10.778523445129395,,306.8083801269531,12.516730308532715,8.36563491821289,14.80981731414795,18.069293975830078,6.89524507522583,12.764103889465332,5.849621772766113,19.969514846801758,11.547231674194336,
2004-08-18,,23.91282844543457,10.971203804016113,,312.12286376953125,12.890365600585938,8.474992752075195,14.989070892333984,18.354755401611328,7.0080952644348145,12.850236892700195,5.88771390914917,20.234201431274414,11.64697551727295,
2004-08-19,,23.56217384338379,10.833572387695312,,315.4107971191406,12.839415550231934,8.502328872680664,14.925809860229492,18.135684967041016,6.9855241775512695,12.787077903747559,5.859144687652588,20.1645450592041,11.593269348144531,
2004-08-20,,24.184310913085938,10.945642471313477,,323.1576232910156,12.860644340515137,8.589812278747559,15.078710556030273,18.314924240112305,7.019380569458008,12.84449291229248,5.882956504821777,20.33171272277832,11.696849822998047,
2004-08-23,,24.20693588256836,10.874865531921387,,318.0683898925781,12.992265701293945,8.483190536499023,15.02597713470459,18.30828094482422,7.0532355308532715,12.79855728149414,5.871051788330078,20.289920806884766,11.635469436645508,
2004-08-24,,24.46709442138672,11.010526657104492,,317.0321350097656,12.686564445495605,8.461321830749512,15.052339553833008,18.32155418395996,7.015621662139893,12.804295539855957,5.882956504821777,20.303857803344727,11.666153907775879,
2004-08-25,,24.34266471862793,11.053786277770996,,320.7707214355469,12.835169792175293,8.515997886657715,15.184146881103516,18.520706176757812,7.094618320465088,12.878950119018555,5.906760215759277,20.498891830444336,11.754392623901367,
2004-08-26,,24.43315315246582,11.0518217086792,,326.35565185546875,12.695056915283203,8.576144218444824,15.221057891845703,18.52734375,7.056995868682861,12.901910781860352,5.906760215759277,20.471025466918945,11.7505521774292,
2004-08-27,,24.46483612060547,11.022329330444336,,328.11199951171875,12.805447578430176,8.630820274353027,15.2368745803833,18.520706176757812,7.087091445922852,12.878950119018555,5.904378890991211,20.617294311523438,11.7505521774292,
2004-08-30,,24.61867332458496,10.981036186218262,,324.4220275878906,12.559187889099121,8.592548370361328,15.147245407104492,18.421138763427734,7.015621662139893,12.815784454345703,5.918665885925293,20.359580993652344,11.658487319946289,
2004-08-31,,24.806438446044922,10.998729705810547,,330.72314453125,12.453042984008789,8.73470687866211,15.22632884979248,18.507421493530273,6.989283084869385,12.827272415161133,5.975804805755615,20.471025466918945,11.650810241699219,
2004-09-01,,24.722736358642578,11.03215503692627,,338.7003173828125,12.546452522277832,8.88780403137207,15.168336868286133,18.514070510864258,7.041952133178711,12.827272415161133,5.956760883331299,20.554607391357422,11.689175605773926,
2004-09-02,,24.863012313842773,11.224842071533203,,338.9256896972656,12.737516403198242,8.958885192871094,15.337042808532715,18.766319274902344,7.12470817565918,12.976558685302734,6.011514186859131,20.76357078552246,11.87331771850586,
2004-09-03,,24.998748779296875,11.152092933654785,,344.78460693359375,12.015722274780273,8.978021621704102,15.331778526306152,18.713214874267578,6.970477104187012,13.033979415893555,5.990092754364014,20.721773147583008,11.861808776855469,
2004-09-07,,25.258920669555664,11.273996353149414,,340.81842041015625,11.884101867675781,8.967082023620605,15.516303062438965,18.85260772705078,7.000574588775635,13.033979415893555,6.032944202423096,20.861080169677734,11.942368507385254,
2004-09-08,,25.218189239501953,11.31921672821045,,342.3057861328125,11.905329704284668,8.975286483764648,15.400313377380371,18.81942367553711,7.0080952644348145,12.896171569824219,5.975804805755615,20.812314987182617,11.904007911682129,
2004-09-09,,24.808719635009766,11.321184158325195,,347.7142333984375,12.465781211853027,9.103782653808594,15.384495735168457,18.77296257019043,7.113424301147461,12.84449291229248,6.0019941329956055,20.728740692138672,11.842630386352539,
2004-09-10,,24.829078674316406,11.437188148498535,,344.87493896484375,12.890365600585938,9.054571151733398,15.458304405212402,18.826066970825195,7.233800888061523,12.855978012084961,6.013896942138672,20.70088005065918,11.950044631958008,
2004-09-13,,24.623205184936523,11.415562629699707,,347.6741943359375,13.123885154724121,9.117448806762695,15.416130065917969,18.845983505249023,7.267653465270996,12.867465019226074,5.966282844543457,20.721773147583008,11.988410949707031,
2004-09-14,,24.320045471191406,11.435218811035156,,347.9444580078125,13.191819190979004,9.15845775604248,15.437215805053711,18.892446517944336,7.297750949859619,12.873208045959473,5.956760883331299,20.881973266601562,12.042115211486816,
2004-09-15,,24.45351219177246,11.413599014282227,,349.5672912597656,12.796954154968262,9.128385543823242,15.379220962524414,18.719860076904297,7.18113374710083,12.746888160705566,5.968661785125732,20.79839324951172,11.973060607910156,
2004-09-16,,24.88336753845215,11.466680526733398,,350.2433166503906,12.77148151397705,9.15572452545166,15.458304405212402,18.839338302612305,7.196178913116455,12.677983283996582,6.004373550415039,20.79142189025879,12.045944213867188,
2004-09-17,,24.76119041442871,11.564990043640137,,356.1934509277344,13.04746150970459,9.310254096984863,15.494340896606445,19.045183181762695,7.245086669921875,12.7373685836792,6.040146350860596,20.853599548339844,12.071306228637695,
2004-09-20,,24.62999725341797,11.513869285583496,,354.6610107421875,13.450815200805664,9.312997817993164,15.33532428741455,18.945255279541016,7.2714152336120605,12.524024963378906,6.018538951873779,20.623058319091797,11.97910213470459,
2004-09-21,,24.641300201416016,11.580718994140625,,360.61090087890625,13.484784126281738,9.543559074401855,15.46255111694336,19.01852798461914,7.297750949859619,12.477897644042969,6.052146911621094,20.727848052978516,12.071306228637695,
2004-09-22,,24.557592391967773,11.323147773742676,,360.4307861328125,13.183327674865723,9.483175277709961,15.181602478027344,18.7520694732666,7.177374362945557,12.379868507385254,6.025742053985596,20.469364166259766,11.909945487976074,
2004-09-23,,24.42637825012207,11.28579330444336,,359.3488464355469,13.204557418823242,9.395343780517578,15.027876853942871,18.572214126586914,7.196178913116455,12.426002502441406,5.965725898742676,20.322654724121094,11.952205657958984,
2004-09-24,,24.501888275146484,11.366867065429688,,367.1019287109375,12.809694290161133,9.502389907836914,15.086183547973633,18.638830184936523,7.135992050170898,12.414472579956055,5.9681243896484375,20.378549575805664,11.986784934997559,
2004-09-27,,24.440105438232422,11.296026229858398,,365.4791259765625,12.652597427368164,9.496898651123047,15.01197624206543,18.492277145385742,7.072044849395752,12.362576484680176,5.975326061248779,20.259782791137695,11.902263641357422,
2004-09-28,,24.55910301208496,11.394421577453613,,372.6022033691406,12.52522087097168,9.658841133117676,15.070286750793457,18.67879867553711,7.090856552124023,12.426002502441406,6.013733863830566,20.413482666015625,11.894583702087402,
2004-09-29,,24.552236557006836,11.482983589172363,,366.5162353515625,12.779972076416016,9.529837608337402,15.123289108276367,18.74541473388672,7.1660871505737305,12.46059799194336,6.001731872558594,20.50430679321289,11.936841011047363,
2004-09-30,,24.705554962158203,11.4987211227417,,368.3194580078125,12.839415550231934,9.587477684020996,15.086183547973633,18.90528678894043,7.192419528961182,12.489429473876953,6.013733863830566,20.113073348999023,11.986784934997559,
2004-10-01,,25.26164436340332,11.69551944732666,,376.43438720703125,13.455063819885254,9.724710464477539,15.340631484985352,19.171751022338867,7.3729777336120605,12.616287231445312,6.061748504638672,20.301698684692383,12.136619567871094,
2004-10-04,,25.241060256958008,11.780138969421387,,373.90960693359375,13.54422378540039,9.71373176574707,15.361839294433594,19.151762008666992,7.43317174911499,12.587447166442871,6.085757255554199,20.392515182495117,12.251875877380371,
2004-10-05,,25.318866729736328,11.825399398803711,,373.278564453125,13.548470497131348,9.818039894104004,15.27701187133789,19.07183074951172,7.485835552215576,12.587447166442871,6.1121649742126465,20.329647064208984,12.23651123046875,
2004-10-06,,25.362340927124023,12.018260955810547,,381.1678771972656,13.586681365966797,9.999189376831055,15.388330459594727,19.271677017211914,7.5347371101379395,12.64511489868164,6.136172771453857,20.308687210083008,12.301822662353516,
2004-10-07,,25.069425582885742,11.85098648071289,,378.3277282714844,13.531485557556152,9.922333717346191,15.345927238464355,19.051843643188477,7.455741882324219,12.547097206115723,6.102560520172119,19.84760284423828,12.213455200195312,
2004-10-08,,25.28909683227539,11.835243225097656,,379.9507141113281,12.988019943237305,9.933319091796875,15.292923927307129,18.89862632751465,7.350411891937256,12.46059799194336,6.128970623016357,19.57513999938965,12.117411613464355,
2004-10-11,,25.172401428222656,11.841146469116211,,369.5817565917969,13.026233673095703,9.84823226928711,15.33532428741455,18.918607711791992,7.3729777336120605,12.454833030700684,6.1121649742126465,19.707881927490234,12.163511276245117,
2004-10-12,,25.426395416259766,11.841146469116211,,363.9463806152344,12.822432518005371,9.735695838928223,15.324727058410645,18.911954879760742,7.354173183441162,12.420238494873047,6.162580966949463,19.67294692993164,12.132777214050293,
2004-10-13,,25.30970001220703,11.638449668884277,,359.6186828613281,13.05170726776123,9.532578468322754,15.224007606506348,18.692119598388672,7.327846050262451,12.368338584899902,6.080958366394043,19.463361740112305,12.094358444213867,
2004-10-14,,25.469894409179688,11.73881721496582,,365.34405517578125,12.631368637084961,9.609435081481934,14.85295581817627,18.612184524536133,7.2714152336120605,12.322208404541016,6.09296178817749,19.330625534057617,11.990626335144043,
2004-10-15,,25.687284469604492,11.86279582977295,,365.749755859375,12.635614395141602,9.650607109069824,14.874155044555664,18.74541473388672,7.316556930541992,12.402935028076172,6.140974998474121,19.35856819152832,12.075148582458496,
2004-10-18,,25.847469329833984,12.002518653869629,,359.25811767578125,12.703546524047852,9.521601676940918,14.937765121459961,18.7987060546875,7.391791343688965,12.449067115783691,6.0977606773376465,19.540210723876953,12.159673690795898,
2004-10-19,,25.609479904174805,11.866730690002441,,359.3481140136719,12.9073486328125,9.494153022766113,14.688632011413574,18.63216781616211,7.391791343688965,12.37410831451416,6.088156700134277,19.218849182128906,12.082831382751465,
2004-10-20,,25.469894409179688,11.965134620666504,,372.5569152832031,13.183327674865723,9.702754020690918,14.614411354064941,18.57887840270996,7.403075218200684,12.408709526062012,6.095360279083252,19.21186065673828,12.01751708984375,
2004-10-21,,25.790273666381836,12.175691604614258,,377.4259948730469,13.548470497131348,9.757650375366211,14.603816986083984,18.672143936157227,7.46702766418457,12.408709526062012,6.121768474578857,19.030216217041016,12.125091552734375,
2004-10-22,,25.538541793823242,11.965134620666504,,373.9547424316406,13.145115852355957,9.738439559936523,14.524299621582031,18.505598068237305,7.305272579193115,12.32797908782959,6.160177707672119,18.890501022338867,12.021363258361816,
2004-10-25,,25.479036331176758,11.98283863067627,,372.42205810546875,13.21729564666748,9.746670722961426,14.519001960754395,18.505598068237305,7.293987274169922,12.258780479431152,6.2538065910339355,18.785709381103516,12.009841918945312,
2004-10-26,,25.767385482788086,12.175691604614258,,378.4629211425781,13.179080963134766,9.853718757629395,14.8423490524292,18.78538703918457,7.309035778045654,12.391406059265137,6.316224575042725,19.14200782775879,12.20961856842041,
2004-10-27,,25.987062454223633,12.299678802490234,,367.41796875,13.675844192504883,9.683539390563965,15.064987182617188,19.051843643188477,7.485835552215576,12.524024963378906,6.309020519256592,19.645002365112305,12.417078018188477,
2004-10-28,,26.041988372802734,12.327231407165527,,358.4322814941406,13.756516456604004,9.513364791870117,15.144498825073242,19.01186752319336,7.504643440246582,12.58168888092041,6.273013591766357,19.610071182250977,12.486230850219727,
2004-10-29,,25.975616455078125,12.396111488342285,,365.4654846191406,13.735286712646484,9.645111083984375,15.165702819824219,19.098474502563477,7.508404731750488,12.570155143737793,6.306622505187988,19.66595458984375,12.470864295959473,
2004-11-01,,26.225053787231445,12.437437057495117,,360.68646240234375,13.828695297241211,9.587477684020996,15.21340560913086,19.15842056274414,7.568591117858887,12.541322708129883,6.3570380210876465,19.484317779541016,12.5208101272583,
2004-11-02,,26.041988372802734,12.220956802368164,,351.17333984375,13.790482521057129,9.444745063781738,15.27701187133789,19.178403854370117,7.579874515533447,12.622050285339355,6.232201099395752,19.337615966796875,12.566915512084961,
2004-11-03,,26.29370880126953,12.390205383300781,,361.58819580078125,13.650372505187988,9.634136199951172,15.367133140563965,19.391584396362305,7.621257305145264,12.720078468322754,6.364241123199463,19.91047477722168,12.597652435302734,
2004-11-04,,26.771976470947266,12.640132904052734,,359.5318298339844,13.75226879119873,9.749419212341309,15.626873970031738,19.711332321166992,7.7077741622924805,13.06027603149414,6.491477012634277,19.9523868560791,12.874268531799316,
2004-11-05,,25.9962215423584,12.65588092803955,,359.5318298339844,13.96031665802002,9.807060241699219,15.595069885253906,19.864545822143555,7.77548885345459,13.117939949035645,6.467467308044434,20.071155548095703,12.920373916625977,
2004-11-08,,26.14496421813965,12.709012985229492,,349.38427734375,13.977298736572266,9.645111083984375,15.573874473571777,19.91783905029297,7.786769866943359,13.094874382019043,6.529886722564697,20.06417465209961,12.928057670593262,
2004-11-09,,26.220487594604492,12.73459243774414,,350.7372741699219,13.90087604522705,9.557282447814941,15.557962417602539,19.991111755371094,7.78300666809082,13.089111328125,6.532288551330566,20.071155548095703,12.939579010009766,
2004-11-10,,26.37837791442871,12.681467056274414,,360.52392578125,13.531485557556152,9.669816970825195,15.600374221801758,20.051063537597656,7.715297698974609,13.106407165527344,6.529886722564697,20.0152645111084,12.939579010009766,
2004-11-11,,26.58662986755371,12.8507080078125,,358.629638671875,13.781989097595215,9.650607109069824,15.748788833618164,20.284212112426758,7.813103199005127,13.20443058013916,6.5995049476623535,20.120058059692383,13.058680534362793,
2004-11-12,,27.197620391845703,12.864480972290039,,367.243896484375,14.028250694274902,9.853718757629395,15.812397956848145,20.357494354248047,7.922194480895996,13.244786262512207,6.678730010986328,20.14800262451172,13.143204689025879,
2004-11-15,,27.488250732421875,12.78773307800293,,354.9314880371094,14.278754234313965,9.639625549316406,15.860113143920898,20.344173431396484,7.9673333168029785,13.285155296325684,6.645123481750488,20.252792358398438,13.181618690490723,
2004-11-16,,27.231958389282227,12.681467056274414,,357.2317199707031,14.236295700073242,9.639625549316406,15.727582931518555,20.210941314697266,7.9071478843688965,13.1986665725708,6.633115768432617,20.154993057250977,13.058680534362793,
2004-11-17,,26.671295166015625,12.78182601928711,,363.1847839355469,14.56322193145752,9.790587425231934,15.76469612121582,20.357494354248047,7.9974284172058105,13.210196495056152,6.57789945602417,20.14800262451172,13.070210456848145,
2004-11-18,,26.70561981201172,12.813315391540527,,373.4223327636719,14.775518417358398,9.86744213104248,15.727582931518555,20.470741271972656,8.027524948120117,13.20443058013916,6.57789945602417,20.09210968017578,13.131678581237793,
2004-11-19,,26.339481353759766,12.66178035736084,,380.8635559082031,14.33819580078125,9.985467910766602,15.526167869567871,20.224275588989258,7.903387546539307,13.06027603149414,6.553892612457275,19.84760284423828,12.966474533081055,
2004-11-22,,26.536287307739258,12.793632507324219,,382.62249755859375,14.329704284667969,10.144668579101562,15.616272926330566,20.27089500427246,7.914671421051025,13.14676284790039,6.657124996185303,19.882532119750977,13.047158241271973,
2004-11-23,,26.82003402709961,12.83102798461914,,386.72674560546875,14.125906944274902,10.207791328430176,15.65338134765625,20.237586975097656,7.880814075469971,13.117939949035645,6.697936534881592,19.819658279418945,13.120147705078125,
2004-11-24,,27.186182022094727,12.95107364654541,,392.4007873535156,14.227804183959961,10.29288387298584,15.716989517211914,20.330846786499023,7.944766521453857,13.112174987792969,6.721945285797119,19.868558883666992,13.208513259887695,
2004-11-26,,27.025991439819336,12.956975936889648,,392.4143371582031,14.117410659790039,10.336796760559082,15.727582931518555,20.330846786499023,7.9334797859191895,13.112174987792969,6.748349666595459,19.987323760986328,13.223884582519531,
2004-11-29,,26.957340240478516,12.964845657348633,,389.1111755371094,14.024003982543945,10.281903266906738,15.65338134765625,20.250911712646484,7.937242031097412,12.979554176330566,6.6595258712768555,19.980327606201172,13.135520935058594,
2004-11-30,,27.078632354736328,12.990435600280762,,388.56988525390625,13.79472827911377,10.295624732971191,15.637475967407227,20.297536849975586,7.8921027183532715,12.881528854370117,6.5875043869018555,20.05019760131836,12.993371963500977,
2004-12-01,,27.63471031188965,13.262005805969238,,373.13897705078125,14.321211814880371,10.048600196838379,15.944921493530273,20.63727378845215,8.053855895996094,13.054503440856934,6.529886722564697,20.385530471801758,13.19698715209961,
2004-12-02,,27.382980346679688,13.254133224487305,,364.2054443359375,14.22355842590332,9.782354354858398,15.918429374694824,20.57065773010254,8.076425552368164,13.17559814453125,6.448264122009277,20.581144332885742,13.212356567382812,
2004-12-03,,27.858978271484375,13.240363121032715,,370.20623779296875,14.550488471984863,9.878422737121582,15.91311264038086,20.577322006225586,8.132852554321289,13.152534484863281,6.496277332305908,20.441421508789062,13.170095443725586,
2004-12-06,,27.987131118774414,13.175416946411133,,369.3941650390625,14.626914024353027,9.883907318115234,15.902512550354004,20.464080810546875,8.166701316833496,13.066040992736816,6.556293487548828,20.39950180053711,13.14704704284668,
2004-12-07,,27.602680206298828,13.063241958618164,,359.82891845703125,14.321211814880371,9.67805290222168,15.769999504089355,20.297536849975586,8.057618141174316,13.031447410583496,6.505877494812012,20.18991470336914,13.054840087890625,
2004-12-08,,27.657602310180664,13.232491493225098,,361.2275085449219,14.024003982543945,9.743925094604492,15.812397956848145,20.350831985473633,8.05009937286377,13.037211418151855,6.472267150878906,20.48333168029785,13.131678581237793,
2004-12-09,,27.84981918334961,13.19509506225586,,368.58203125,13.832941055297852,9.826273918151855,15.897223472595215,20.477397918701172,8.046329498291016,13.18713092803955,6.474668502807617,20.61607551574707,13.231565475463867,
2004-12-10,,28.145017623901367,13.088826179504395,,365.82965087890625,13.75226879119873,9.757650375366211,15.923717498779297,20.550678253173828,8.00495433807373,13.210196495056152,6.49867582321167,20.602100372314453,13.216197967529297,
2004-12-13,,28.078649520874023,13.248233795166016,,370.8830261230469,13.832941055297852,9.930572509765625,16.02973175048828,20.77716827392578,8.098995208740234,13.239028930664062,6.594707012176514,20.69990348815918,13.26230239868164,
2004-12-14,,28.0100154876709,13.356470108032227,,377.7864074707031,14.159871101379395,9.960763931274414,16.08274269104004,20.817136764526367,8.114039421081543,13.360118865966797,6.618712425231934,20.88155174255371,13.33145523071289,
2004-12-15,,28.158763885498047,13.332850456237793,,383.2908935546875,14.15562629699707,10.034872055053711,16.167558670043945,20.843780517578125,8.114039421081543,13.35434627532959,6.649923324584961,20.944421768188477,13.38908576965332,
2004-12-16,,27.918472290039062,13.285623550415039,,380.8587951660156,13.91785717010498,9.933319091796875,16.056238174438477,20.723873138427734,8.08018684387207,13.319754600524902,6.6523213386535645,21.237834930419922,13.366037368774414,
2004-12-17,,28.133577346801758,13.328919410705566,,382.6640625,13.781989097595215,9.930839538574219,16.006635665893555,20.70110321044922,8.041058540344238,13.218435287475586,6.669774532318115,20.812480926513672,13.307450294494629,
2004-12-20,,28.112991333007812,13.246259689331055,,384.3837890625,13.675844192504883,10.052046775817871,15.979968070983887,20.714506149291992,7.995022773742676,13.22421932220459,6.7061285972595215,20.560209274291992,13.292041778564453,
2004-12-21,,28.341833114624023,13.450929641723633,,391.1991271972656,13.905119895935059,10.137444496154785,16.187992095947266,20.828323364257812,8.083252906799316,13.316851615905762,6.776411056518555,20.756423950195312,13.365262985229492,
2004-12-22,,28.529483795166016,13.4587984085083,,385.0154724121094,13.951822280883789,9.999706268310547,16.27865982055664,20.895261764526367,8.098602294921875,13.368967056274414,6.790953636169434,20.910585403442383,13.45775318145752,
2004-12-23,,28.118799209594727,13.45190715789795,,387.58807373046875,14.002774238586426,10.05755615234375,16.310667037963867,20.92205047607422,8.117783546447754,13.34001636505127,6.7885284423828125,20.994680404663086,13.434639930725098,
2004-12-27,,28.185850143432617,13.329778671264648,,378.0189514160156,13.87540054321289,9.88124942779541,16.225326538085938,20.801528930664062,8.06790828704834,13.328437805175781,6.744904518127441,20.966650009155273,13.442341804504395,
2004-12-28,,28.282976150512695,13.48736572265625,,380.9980163574219,13.926348686218262,9.950119972229004,16.29998779296875,20.91534996032715,8.110109329223633,13.409493446350098,6.761870861053467,21.18387794494629,13.60035228729248,
2004-12-29,,28.419395446777344,13.516914367675781,,386.8896179199219,14.07495403289795,10.024499893188477,16.26265525817871,20.861793518066406,8.110109329223633,13.380544662475586,6.781260013580322,21.225923538208008,13.61191463470459,
2004-12-30,,28.565095901489258,13.516914367675781,,384.1806640625,14.108920097351074,9.980424880981445,16.283987045288086,20.87518310546875,8.113945007324219,13.409493446350098,6.783684253692627,21.239946365356445,13.6504487991333,
2004-12-31,,28.48876190185547,13.48736572265625,,384.04559326171875,14.168359756469727,10.005215644836426,16.283987045288086,20.801528930664062,8.098602294921875,13.363176345825195,6.749750137329102,21.15584373474121,13.60035228729248,
2005-01-03,,28.134977340698242,13.321895599365234,,370.95367431640625,13.88813591003418,9.636077880859375,16.225326538085938,20.620769500732422,8.029545783996582,13.363176345825195,6.6721954345703125,20.910585403442383,13.511710166931152,
2005-01-04,,27.748807907104492,13.063854217529297,,368.7414855957031,13.54422378540039,9.586496353149414,16.07064437866211,20.366365432739258,7.8799309730529785,13.316851615905762,6.626145362854004,20.74240493774414,13.353702545166016,
2005-01-05,,26.71054458618164,12.979148864746094,,366.7100524902344,13.31070327758789,9.545171737670898,16.043968200683594,20.22576141357422,7.853072643280029,13.2473726272583,6.521931171417236,20.70737648010254,13.303601264953613,
2005-01-06,,26.93947410583496,13.00082015991211,,374.8358154296875,13.247014999389648,9.71045970916748,16.123985290527344,20.292720794677734,7.830052375793457,13.31105899810791,6.555861949920654,20.861536026000977,13.234230041503906,
2005-01-07,,26.93716049194336,12.912177085876465,,368.6961975097656,13.365900039672852,9.633329391479492,16.038646697998047,20.198978424072266,7.845400810241699,13.37475872039795,6.555861949920654,20.847522735595703,13.230378150939941,
2005-01-10,,26.920976638793945,12.988997459411621,,371.0439758300781,13.340423583984375,9.704947471618652,16.05463409423828,20.272621154785156,7.845400810241699,13.455818176269531,6.5897932052612305,21.029714584350586,13.280475616455078,
2005-01-11,,26.590301513671875,12.914145469665527,,371.3145751953125,13.060198783874512,9.718719482421875,15.985301971435547,20.178895950317383,7.768671989440918,13.397918701171875,6.570404529571533,20.882558822631836,13.19569206237793,
2005-01-12,,26.488548278808594,12.711256980895996,,381.065673828125,13.344670295715332,9.88951587677002,15.963972091674805,20.2056827545166,7.810867786407471,13.438443183898926,6.5897932052612305,21.0227108001709,13.272770881652832,
2005-01-13,,26.61573028564453,12.526094436645508,,387.56671142578125,13.128132820129395,9.955634117126465,15.809285163879395,20.011512756347656,7.7341461181640625,13.351593017578125,6.6212968826293945,20.70737648010254,13.17642593383789,
2005-01-14,,26.925596237182617,12.665950775146484,,390.59130859375,13.31070327758789,10.043780326843262,15.862627983093262,20.145427703857422,7.757163047790527,13.426872253417969,6.67704439163208,20.791465759277344,13.299745559692383,
2005-01-18,,27.221567153930664,12.734893798828125,,392.5328674316406,13.3743896484375,10.142952919006348,16.113309860229492,20.22576141357422,7.841563701629639,13.565823554992676,6.7352094650268555,20.959644317626953,13.41150951385498,
2005-01-19,,27.26551628112793,12.597007751464844,,393.52581787109375,13.060198783874512,10.107144355773926,15.953292846679688,20.065080642700195,7.676601409912109,13.542665481567383,6.7061285972595215,20.82649803161621,13.276625633239746,
2005-01-20,,27.094388961791992,12.43744945526123,,391.4940185546875,13.013493537902832,10.005215644836426,15.835963249206543,19.884315490722656,7.622890949249268,13.531084060668945,6.684314250946045,20.72138214111328,13.03768253326416,
2005-01-21,,27.159151077270508,12.28774642944336,,392.08099365234375,12.830923080444336,10.02725601196289,15.75594425201416,19.757104873657227,7.569179534912109,13.415289878845215,6.657655715942383,20.581226348876953,12.991436004638672,
2005-01-24,,26.893226623535156,12.256223678588867,,395.1513671875,12.60589599609375,10.11540412902832,15.76128101348877,19.696863174438477,7.5077996253967285,13.363176345825195,6.7158203125,20.406038284301758,12.864253997802734,
2005-01-25,,26.342863082885742,12.526094436645508,,395.1055603027344,12.835169792175293,10.156725883483887,15.77194595336914,19.884315490722656,7.519306182861328,13.415289878845215,6.67704439163208,20.54619598388672,12.898941040039062,
2005-01-26,,26.384490966796875,12.5516996383667,,399.7557373046875,13.145115852355957,10.255900382995605,15.846623420715332,19.92449188232422,7.596035480499268,13.403712272644043,6.773985385894775,20.672321319580078,12.968317985534668,
2005-01-27,,26.10700798034668,12.606856346130371,,404.2250061035156,13.230030059814453,10.3468017578125,15.766617774963379,19.97804832458496,7.5883660316467285,13.478974342346191,6.807918548583984,20.63028907775879,12.941335678100586,
2005-01-28,,26.227251052856445,12.541850090026855,,395.9043273925781,13.196063995361328,10.222843170166016,15.745285034179688,19.95795249938965,7.5883660316467285,13.484766960144043,6.815188407897949,20.46210479736328,12.879676818847656,
2005-01-31,,26.060752868652344,12.746711730957031,,401.7282409667969,13.251261711120605,10.344050407409668,15.93196964263916,20.219070434570312,7.6420722007751465,13.51950454711914,6.892741680145264,20.49713897705078,13.018414497375488,
2005-02-01,,26.451547622680664,12.782167434692383,,401.5026550292969,13.459307670593262,10.520350456237793,16.10264778137207,20.279319763183594,7.6881103515625,13.525293350219727,6.9387922286987305,20.6933536529541,13.029974937438965,
2005-02-02,,26.75446319580078,12.776259422302246,,408.364990234375,13.37863826751709,10.666356086730957,16.10264778137207,20.279319763183594,7.691943168640137,13.635307312011719,6.965450763702393,20.777441024780273,13.068512916564941,
2005-02-03,,26.673540115356445,12.685648918151855,,410.3616943359375,13.268244743347168,10.718692779541016,16.027971267700195,20.219070434570312,7.6420722007751465,13.612142562866211,6.984840393066406,20.714384078979492,13.04153823852539,
2005-02-04,,27.055082321166992,12.752617835998535,,412.16796875,13.892382621765137,10.757251739501953,16.219987869262695,20.38644027709961,7.772510051727295,13.687414169311523,7.052704334259033,20.90357780456543,13.161001205444336,
2005-02-07,,26.994970321655273,12.774284362792969,,404.7592468261719,13.862663269042969,10.685637474060059,16.235984802246094,20.373056411743164,7.7494916915893555,13.658468246459961,7.038160800933838,20.91759490966797,13.19569206237793,
2005-02-08,,27.057403564453125,12.813685417175293,,407.1085205078125,14.091937065124512,10.762767791748047,16.171981811523438,20.48686981201172,7.787852764129639,13.675822257995605,7.079360485076904,20.966650009155273,13.164864540100098,
2005-02-09,,27.216960906982422,12.642311096191406,,406.8376770019531,13.811712265014648,10.743489265441895,16.129310607910156,20.272621154785156,7.6535844802856445,13.554239273071289,7.038160800933838,20.74240493774414,13.018414497375488,
2005-02-10,,27.314058303833008,12.665950775146484,,419.983154296875,13.91785717010498,11.03824234008789,16.177318572998047,20.366365432739258,7.668929576873779,13.548457145690918,7.045431137084961,20.777441024780273,13.072364807128906,
2005-02-11,,27.42506980895996,12.811716079711914,,426.6690673828125,14.406129837036133,11.134650230407715,16.305322647094727,20.500263214111328,7.74181604385376,13.629511833190918,7.050278186798096,20.987667083740234,13.137885093688965,
2005-02-14,,27.47826385498047,12.707311630249023,,421.0309753417969,14.401883125305176,11.148429870605469,16.27865982055664,20.480175018310547,7.757163047790527,13.635307312011719,7.113292217254639,21.001678466796875,13.118610382080078,
2005-02-15,,27.561513900756836,12.79595947265625,,421.0309753417969,14.478307723999023,11.173225402832031,16.315988540649414,20.547121047973633,7.795525074005127,13.658468246459961,7.101175308227539,20.994680404663086,13.222668647766113,
2005-02-16,,27.70256996154785,12.829445838928223,,432.5057067871094,14.333949089050293,11.487262725830078,16.20399284362793,20.607383728027344,7.768671989440918,13.693205833435059,7.120562553405762,20.966650009155273,13.199548721313477,
2005-02-17,,27.686365127563477,12.75459098815918,,426.0453796386719,14.117410659790039,11.333001136779785,16.059972763061523,20.419921875,7.6420722007751465,13.606354713439941,7.106025218963623,20.938617706298828,13.13403034210205,
2005-02-18,,27.401948928833008,12.833385467529297,,435.03564453125,14.159871101379395,11.583683013916016,15.889300346374512,20.419921875,7.6267242431640625,13.588983535766602,7.030887126922607,21.253965377807617,13.107046127319336,
2005-02-22,,26.664291381835938,12.545788764953613,,428.0333251953125,14.138640403747559,11.501036643981934,15.654608726501465,20.091869354248047,7.584524631500244,13.386336326599121,6.863659858703613,21.001678466796875,12.84883975982666,
2005-02-23,,26.680479049682617,12.784138679504395,,434.3578796386719,14.0367431640625,11.647043228149414,15.798616409301758,20.118640899658203,7.561507225036621,13.421074867248535,6.9000115394592285,21.09979248046875,12.929773330688477,
2005-02-24,,26.592615127563477,13.004759788513184,,439.7786560058594,14.333949089050293,11.875687599182129,15.819952964782715,20.406526565551758,7.6267242431640625,13.484766960144043,6.953333377838135,21.260967254638672,12.941335678100586,
2005-02-25,,27.112905502319336,13.138703346252441,,444.65771484375,14.622663497924805,12.167683601379395,15.979968070983887,20.57390785217285,7.676601409912109,13.531084060668945,7.089059352874756,21.43614959716797,13.002992630004883,
2005-02-28,,26.930225372314453,13.172195434570312,,439.9718933105469,14.431602478027344,12.079534530639648,15.825285911560059,20.453392028808594,7.6535844802856445,13.502131462097168,7.040584087371826,21.113800048828125,12.949039459228516,
2005-03-01,,27.161457061767578,13.292353630065918,,428.9342346191406,14.771272659301758,11.845380783081055,15.979968070983887,20.520349502563477,7.745655059814453,13.612142562866211,7.059973239898682,21.281984329223633,13.095488548278809,
2005-03-02,,27.055082321166992,13.272651672363281,,434.13214111328125,14.56322193145752,12.018932342529297,15.93196964263916,20.580596923828125,7.726472854614258,13.577409744262695,7.052704334259033,21.30300521850586,13.103201866149902,
2005-03-03,,27.103649139404297,13.278564453125,,443.8497619628906,14.406129837036133,12.217264175415039,15.905296325683594,20.627460479736328,7.668929576873779,13.670044898986816,7.089059352874756,21.281984329223633,13.087785720825195,
2005-03-04,,27.667875289916992,13.538578033447266,,451.5790100097656,14.440095901489258,12.374290466308594,16.10797691345215,20.91534996032715,7.718796253204346,13.739522933959961,7.200544357299805,21.47820472717285,13.199548721313477,
2005-03-07,,27.933809280395508,13.704042434692383,,448.7762451171875,14.703337669372559,12.288894653320312,16.10797691345215,21.015785217285156,7.776346683502197,13.698990821838379,7.251440525054932,21.52724266052246,13.211103439331055,
2005-03-08,,27.65631866455078,13.67844009399414,,445.3866882324219,14.42735767364502,12.275117874145508,16.081308364868164,21.002389907836914,7.711130142211914,13.635307312011719,7.202967643737793,21.38709831237793,13.141737937927246,
2005-03-09,,26.846969604492188,13.566155433654785,,434.3583068847656,14.461326599121094,11.936288833618164,15.883956909179688,20.774757385253906,7.695784091949463,13.536870956420898,7.074511528015137,21.253965377807617,12.995291709899902,
2005-03-10,,27.055082321166992,13.483423233032227,,425.99652099609375,14.626914024353027,11.693869590759277,15.974628448486328,20.82161521911621,7.730307579040527,13.565823554992676,7.120562553405762,21.331039428710938,13.018414497375488,
2005-03-11,,26.664291381835938,13.542522430419922,,428.1846923828125,14.244787216186523,11.790287971496582,15.835963249206543,20.76806640625,7.6305623054504395,13.461600303649902,7.089059352874756,21.16284942626953,13.002992630004883,
2005-03-14,,27.08513832092285,13.593734741210938,,433.0220947265625,14.278754234313965,11.875687599182129,15.921302795410156,20.881879806518555,7.661255359649658,13.502131462097168,7.198117733001709,21.197900772094727,13.022273063659668,
2005-03-15,,27.025035858154297,13.505093574523926,,427.0089416503906,14.040987014770508,11.710397720336914,15.814626693725586,20.76806640625,7.584524631500244,13.421074867248535,7.16661262512207,20.95263671875,13.03768253326416,
2005-03-16,,26.689733505249023,13.264774322509766,,426.1050109863281,13.879644393920898,11.74896240234375,15.654608726501465,20.52703857421875,7.5077996253967285,13.386336326599121,7.101175308227539,20.749408721923828,12.96060562133789,
2005-03-17,,26.974151611328125,13.347509384155273,,428.5463562011719,13.892382621765137,11.952817916870117,15.611943244934082,20.520349502563477,7.503962516784668,13.432661056518555,7.142378330230713,20.81948471069336,12.972172737121582,
2005-03-18,,26.79378318786621,13.217499732971191,,431.3040466308594,13.773500442504883,12.100406646728516,15.534187316894531,20.54520606994629,7.461761951446533,13.389628410339355,7.120883464813232,20.799100875854492,12.898069381713867,
2005-03-21,,26.592615127563477,13.237199783325195,,430.7613830566406,13.790482521057129,11.995381355285645,15.394770622253418,20.612394332885742,7.461761951446533,13.314051628112793,7.118441581726074,20.714725494384766,12.836318969726562,
2005-03-22,,26.130128860473633,13.256895065307617,,434.06182861328125,13.603667259216309,11.851655006408691,15.110576629638672,20.498180389404297,7.396543502807617,13.238471031188965,6.974365234375,20.72175407409668,12.728251457214355,
2005-03-23,,25.99138069152832,13.189920425415039,,419.549560546875,13.803218841552734,11.625019073486328,15.14275074005127,20.37051773071289,7.427238941192627,13.325677871704102,6.940178394317627,20.946758270263672,12.685802459716797,
2005-03-24,,26.061561584472656,13.253473281860352,,422.307373046875,13.862663269042969,11.61672592163086,15.067678451538086,20.471303939819336,7.4310712814331055,13.319865226745605,7.013437271118164,20.953792572021484,12.705096244812012,
2005-03-28,,26.047529220581055,13.231760025024414,,428.1390686035156,13.82444953918457,11.630544662475586,15.174928665161133,20.45114517211914,7.438746452331543,13.33149242401123,7.025650501251221,20.939729690551758,12.793864250183105,
2005-03-29,,26.010086059570312,12.96926212310791,,415.9983825683594,13.65886116027832,11.442597389221191,15.12130069732666,20.115215301513672,7.381198406219482,13.302416801452637,6.937735557556152,20.869407653808594,12.631768226623535,
2005-03-30,,26.344623565673828,13.212026596069336,,421.46990966796875,13.964561462402344,11.613962173461914,15.308978080749512,20.498180389404297,7.492454528808594,13.47684097290039,7.050065517425537,21.19988441467285,12.836318969726562,
2005-03-31,,26.24636459350586,13.123210906982422,,434.7635803222656,13.811712265014648,11.848893165588379,15.223180770874023,20.44443130493164,7.503962516784668,13.383818626403809,7.118441581726074,20.995975494384766,12.797720909118652,
2005-04-01,,26.3165340423584,13.036367416381836,,446.29400634765625,13.620649337768555,12.141866683959961,15.014056205749512,20.24958610534668,7.438746452331543,13.255905151367188,7.14285945892334,20.813167572021484,12.697383880615234,
2005-04-04,,26.187881469726562,13.121240615844727,,442.45068359375,13.612156867980957,12.036844253540039,15.12130069732666,20.229434967041016,7.465602874755859,13.33149242401123,7.162399768829346,20.918630599975586,12.7321138381958,
2005-04-05,,26.1995849609375,13.190312385559082,,439.0591125488281,13.624897956848145,11.8848237991333,15.164196014404297,20.33021354675293,7.480942726135254,13.430333137512207,7.203916072845459,21.34052085876465,12.809297561645508,
2005-04-06,,26.428823471069336,13.160712242126465,,448.5550537109375,13.633386611938477,12.07276725769043,15.26607608795166,20.336931228637695,7.469433307647705,13.395445823669434,7.181936264038086,21.354595184326172,12.755269050598145,
2005-04-07,,26.527080535888672,13.168601989746094,,442.9932556152344,13.8711519241333,12.025789260864258,15.325051307678223,20.504892349243164,7.569179534912109,13.48847484588623,7.247868061065674,21.572561264038086,12.813161849975586,
2005-04-08,,26.09432029724121,12.7738618850708,,434.0853271484375,13.79472827911377,11.807435035705566,15.18564510345459,20.296619415283203,7.515470027923584,13.424515724182129,7.191705703735352,21.41786003112793,12.712812423706055,
2005-04-11,,26.41010284423828,12.805441856384277,,437.9289245605469,13.675844192504883,11.895881652832031,15.217820167541504,20.336931228637695,7.473274230957031,13.459405899047852,7.262521266937256,21.396770477294922,12.643345832824707,
2005-04-12,,26.906023025512695,12.963342666625977,,429.11151123046875,13.620649337768555,11.707934379577637,15.426949501037598,20.498180389404297,7.519306182861328,13.51172924041748,7.330898761749268,21.537397384643555,12.762985229492188,
2005-04-13,,26.85222816467285,12.590307235717773,,418.5306396484375,13.331933975219727,11.420485496520996,15.201738357543945,20.14208984375,7.411888599395752,13.447776794433594,7.279616832733154,21.635839462280273,12.570016860961914,
2005-04-14,,26.690814971923828,12.219247817993164,,414.41607666015625,13.119640350341797,11.414959907531738,15.03014850616455,19.839757919311523,7.3083086013793945,13.418702125549316,7.211240291595459,21.551464080810547,12.39634895324707,
2005-04-15,,26.564498901367188,12.000168800354004,,404.51348876953125,12.699302673339844,10.981024742126465,14.869279861450195,19.450092315673828,7.085794925689697,13.290794372558594,7.084255695343018,21.656936645507812,12.14548397064209,
2005-04-18,,26.66743278503418,12.102803230285645,,410.0301513671875,12.860644340515137,11.18002986907959,14.992608070373535,19.510557174682617,7.09346866607666,13.203584671020508,7.111118316650391,21.509273529052734,12.168645858764648,
2005-04-19,,26.901351928710938,12.24490737915039,,420.65594482421875,13.140870094299316,11.442597389221191,15.014056205749512,19.59788703918457,7.181707382202148,13.238471031188965,7.211240291595459,21.495214462280273,12.18407917022705,
2005-04-20,,26.760997772216797,12.081089973449707,,414.370849609375,12.915840148925781,11.207667350769043,14.826380729675293,19.396333694458008,7.116487979888916,13.069857597351074,7.147749423980713,21.22801971435547,11.983393669128418,
2005-04-21,,26.889652252197266,12.465968132019043,,426.6244812011719,13.28522777557373,11.594612121582031,14.912177085876465,19.913658142089844,7.3083086013793945,13.290794372558594,7.211240291595459,21.516307830810547,12.280562400817871,
2005-04-22,,26.88498306274414,12.152141571044922,,429.5639953613281,13.013493537902832,11.619488716125488,14.874638557434082,19.678512573242188,7.220069408416748,13.151256561279297,7.257638931274414,21.438961029052734,12.09531307220459,
2005-04-25,,27.322410583496094,12.304121017456055,,434.17596435546875,13.089919090270996,11.782562255859375,15.062313079833984,19.913658142089844,7.269941806793213,13.290794372558594,7.306477069854736,21.48817253112793,12.20337963104248,
2005-04-26,,27.303707122802734,12.108720779418945,,424.4538879394531,13.064444541931152,11.58908748626709,14.976522445678711,19.658357620239258,7.220069408416748,13.191956520080566,7.21368408203125,21.354595184326172,12.11846923828125,
2005-04-27,,27.523588180541992,12.12451171875,,410.7987365722656,13.136622428894043,11.290583610534668,15.18564510345459,19.68523597717285,7.246926307678223,13.238471031188965,7.267406940460205,21.516307830810547,12.133906364440918,
2005-04-28,,27.390254974365234,12.047537803649902,,403.9115905761719,13.068690299987793,11.063943862915039,15.019417762756348,19.470243453979492,7.174032211303711,13.209391593933105,7.23566198348999,21.41083526611328,11.956380844116211,
2005-04-29,,27.722434997558594,12.160040855407715,,402.60003662109375,13.085673332214355,11.207667350769043,15.249994277954102,19.698671340942383,7.239253044128418,13.244277000427246,7.338222503662109,21.727251052856445,11.983393669128418,
2005-05-02,,27.689672470092773,12.337672233581543,,413.76971435546875,13.140870094299316,11.409428596496582,15.287532806396484,19.806163787841797,7.2315802574157715,13.343122482299805,7.357763767242432,21.81865882873535,12.045141220092773,
2005-05-03,,27.825363159179688,12.266617774963379,,402.6903076171875,13.174836158752441,11.141326904296875,15.303609848022461,19.665077209472656,7.281454086303711,13.401265144348145,7.321127891540527,21.804601669311523,12.091458320617676,
2005-05-04,,27.907217025756836,12.499513626098633,,409.9256591796875,13.433831214904785,11.271231651306152,15.598533630371094,19.89349937438965,7.331326961517334,13.48847484588623,7.328456401824951,22.022571563720703,12.350031852722168,
2005-05-05,,28.075645446777344,12.52122688293457,,413.3001708984375,13.501766204833984,11.39284896850586,15.52883243560791,19.792728424072266,7.319818019866943,13.465210914611816,7.299150466918945,22.015539169311523,12.276704788208008,
2005-05-06,,27.890867233276367,12.519250869750977,,414.3405456542969,13.595174789428711,11.359682083129883,15.416227340698242,19.87334632873535,7.338997840881348,13.41288948059082,7.2820587158203125,21.917102813720703,12.276704788208008,
2005-05-09,,28.354021072387695,12.568599700927734,,421.21612548828125,13.692828178405762,11.511696815490723,15.550276756286621,20.00772476196289,7.36968994140625,13.494281768798828,7.343106746673584,22.078819274902344,12.346175193786621,
2005-05-10,,28.304903030395508,12.381095886230469,,411.21978759765625,13.539977073669434,11.318224906921387,15.346513748168945,19.772573471069336,7.292959690093994,13.418702125549316,7.289384365081787,21.938196182250977,12.195655822753906,
2005-05-11,,28.389108657836914,12.537015914916992,,411.2648010253906,13.582437515258789,11.387323379516602,15.416227340698242,19.913658142089844,7.327487945556641,13.465210914611816,7.323573112487793,22.029603958129883,12.191797256469727,
2005-05-12,,28.14116096496582,12.179774284362793,,392.62884521484375,13.603667259216309,10.889815330505371,15.271440505981445,19.698671340942383,7.335160732269287,13.401265144348145,7.240543842315674,22.001482009887695,12.130050659179688,
2005-05-13,,27.860443115234375,12.087008476257324,,388.60272216796875,13.939088821411133,10.723978996276855,15.137382507324219,19.59788703918457,7.427238941192627,13.284978866577148,7.12332820892334,21.85381317138672,12.122332572937012,
2005-05-16,,28.197296142578125,12.337672233581543,,390.1859436035156,13.994283676147461,10.676993370056152,15.405499458312988,19.87334632873535,7.4962921142578125,13.41288948059082,7.1697258949279785,22.113977432250977,12.272845268249512,
2005-05-17,,28.365726470947266,12.4935941696167,,395.1163330078125,14.117410659790039,10.867704391479492,15.502008438110352,20.00772476196289,7.52314567565918,13.48266315460205,7.252756118774414,22.099912643432617,12.37704849243164,
2005-05-18,,28.69322967529297,12.805441856384277,,391.49798583984375,14.219314575195312,10.845592498779297,15.684335708618164,20.31005859375,7.6305623054504395,13.61055850982666,7.255196571350098,22.149147033691406,12.620192527770996,
2005-05-19,,29.168081283569336,12.864652633666992,,399.7301330566406,14.22355842590332,11.04183292388916,15.700413703918457,20.336931228637695,7.672760009765625,13.691963195800781,7.296712875366211,22.142108917236328,12.720537185668945,
2005-05-20,,29.15871810913086,12.852807998657227,,398.0566711425781,14.367916107177734,10.958918571472168,15.684335708618164,20.33021354675293,7.684275150299072,13.67452335357666,7.294268608093262,22.128053665161133,12.685802459716797,
2005-05-23,,29.168081283569336,12.858733177185059,,404.2985534667969,14.33819580078125,11.141326904296875,15.705785751342773,20.471303939819336,7.711130142211914,13.697771072387695,7.267406940460205,22.170230865478516,12.766846656799316,
2005-05-24,,28.842926025390625,12.896232604980469,,406.379638671875,14.56322193145752,11.188319206237793,15.652155876159668,20.41755485534668,7.7494916915893555,13.67452335357666,7.267406940460205,22.1983585357666,12.743691444396973,
2005-05-25,,28.50139808654785,12.769913673400879,,414.3405456542969,14.491049766540527,11.359682083129883,15.598533630371094,20.242870330810547,7.714966297149658,13.628005981445312,7.286940097808838,22.05772590637207,12.705096244812012,
2005-05-26,,28.393779754638672,12.92386531829834,,417.19024658203125,14.745798110961914,11.417724609375,15.700413703918457,20.390674591064453,7.803201675415039,13.63963794708252,7.306477069854736,22.142108917236328,12.770707130432129,
2005-05-27,,28.538820266723633,12.864652633666992,,422.21124267578125,14.660880088806152,11.608426094055176,15.72722053527832,20.377241134643555,7.791694164276123,13.598937034606934,7.335781574249268,22.07179069519043,12.770707130432129,
2005-05-31,,28.76106071472168,12.803471565246582,,421.70458984375,14.605685234069824,11.519983291625977,15.700413703918457,20.3234920501709,7.74181604385376,13.5524263381958,7.333340644836426,22.001482009887695,12.724395751953125,
2005-06-01,,29.15871810913086,12.886363983154297,,426.7270202636719,14.694846153259277,11.738334655761719,15.823742866516113,20.39739990234375,7.818545341491699,13.645447731018066,7.428580284118652,22.05772590637207,12.778424263000488,
2005-06-02,,29.076866149902344,12.975179672241211,,428.0845031738281,14.907140731811523,11.716222763061523,15.78084659576416,20.39739990234375,7.853072643280029,13.680330276489258,7.4188103675842285,22.05772590637207,12.844033241271973,
2005-06-03,,28.978599548339844,12.904126167297363,,431.4779968261719,14.784008979797363,11.782562255859375,15.700413703918457,20.30333137512207,7.768671989440918,13.569866180419922,7.443232536315918,21.980390548706055,12.751411437988281,
2005-06-06,,29.263986587524414,12.90610408782959,,433.97198486328125,14.724568367004395,11.81848430633545,15.737946510314941,20.316776275634766,7.757163047790527,13.575679779052734,7.4359002113342285,21.98741912841797,12.770707130432129,
2005-06-07,,29.474533081054688,12.876494407653809,,427.9521789550781,14.5335054397583,11.705170631408691,15.72722053527832,20.404117584228516,7.726472854614258,13.628005981445312,7.45299768447876,21.994449615478516,12.79000186920166,
2005-06-08,,29.62890625,12.602149963378906,,431.57281494140625,14.677863121032715,11.738334655761719,15.737946510314941,20.276458740234375,7.74181604385376,13.593118667602539,7.467651844024658,21.83976173400879,12.735971450805664,
2005-06-09,,29.661663055419922,12.574515342712402,,446.6451416015625,14.987812042236328,12.078299522399902,15.786213874816895,20.283184051513672,7.78018045425415,13.598937034606934,7.474977016448975,21.93115997314453,12.786148071289062,
2005-06-10,,29.633596420288086,12.540962219238281,,449.1800537109375,14.69059944152832,12.064484596252441,15.737946510314941,20.256317138671875,7.737979888916016,13.58730697631836,7.501836776733398,21.881948471069336,12.786148071289062,
2005-06-13,,29.802017211914062,12.560698509216309,,451.37139892578125,14.665125846862793,12.111469268798828,15.737946510314941,20.289901733398438,7.768671989440918,13.633825302124023,7.533586502075195,21.973358154296875,12.80544376373291,
2005-06-14,,30.026580810546875,12.511357307434082,,454.1778869628906,14.512274742126465,12.186089515686035,15.78084659576416,20.242870330810547,7.722635269165039,13.61055850982666,7.553120136260986,22.1632022857666,12.94051742553711,
2005-06-15,,29.94704246520996,12.58044147491455,,460.6976013183594,14.54199504852295,12.332579612731934,15.818379402160645,20.263025283813477,7.768671989440918,13.616373062133789,7.516493320465088,22.078819274902344,12.94051742553711,
2005-06-16,,30.073375701904297,12.671229362487793,,465.76806640625,14.626914024353027,12.506699562072754,15.89881706237793,20.283184051513672,7.7840189933776855,13.575679779052734,7.504281520843506,22.219459533691406,12.967535018920898,
2005-06-17,,30.42894172668457,12.775835990905762,,470.4313659667969,14.622663497924805,12.709373474121094,15.98242473602295,20.44820213317871,7.787852764129639,13.611898422241211,7.600049018859863,22.3294734954834,13.021261215209961,
2005-06-20,,30.373653411865234,12.701472282409668,,468.122314453125,14.558977127075195,12.723240852355957,15.944668769836426,20.374107360839844,7.776346683502197,13.606056213378906,7.6148223876953125,22.30126190185547,13.028986930847168,
2005-06-21,,30.033435821533203,12.707406997680664,,458.1166076660156,14.648143768310547,12.454300880432129,16.003999710083008,20.367372512817383,7.810867786407471,13.576850891113281,7.624669551849365,22.266008377075195,13.036722183227539,
2005-06-22,,30.052335739135742,12.703451156616211,,464.0475158691406,14.750041961669922,12.526390075683594,15.98242473602295,20.266345977783203,7.82621955871582,13.588533401489258,7.693603992462158,22.188417434692383,13.032858848571777,
2005-06-23,,29.9342041015625,12.2762451171875,,467.8957824707031,14.699091911315918,12.537479400634766,15.836791038513184,19.855491638183594,7.76483678817749,13.419106483459473,7.715762615203857,22.04030990600586,12.80482292175293,
2005-06-24,,29.68376350402832,12.131864547729492,,465.8586730957031,14.478307723999023,12.459848403930664,15.809808731079102,19.72752571105957,7.668929576873779,13.284740447998047,7.661598205566406,21.934518814086914,12.69273567199707,
2005-06-27,,29.811344146728516,12.046817779541016,,471.74371337890625,14.274508476257324,12.651153564453125,15.804420471191406,19.70058822631836,7.607542991638184,13.273066520690918,7.708373546600342,21.84282684326172,12.634757995605469,
2005-06-28,,29.957836151123047,12.375133514404297,,461.464111328125,14.465570449829102,12.415488243103027,15.923089027404785,20.044084548950195,7.703455924987793,13.442483901977539,7.784698486328125,22.061464309692383,12.812551498413086,
2005-06-29,,30.042892456054688,12.497754096984863,,462.36956787109375,14.372161865234375,12.404397964477539,15.998604774475098,19.916107177734375,7.714966297149658,13.407431602478027,7.762539863586426,22.033254623413086,12.735249519348145,
2005-06-30,,30.052335739135742,12.375133514404297,,461.5091857910156,14.295736312866211,12.323995590209961,15.8961181640625,19.788143157958984,7.6420722007751465,13.290592193603516,7.769925117492676,21.885149002075195,12.669539451599121,
2005-07-01,,30.312231063842773,12.452269554138184,,465.9474182128906,14.346689224243164,12.598474502563477,15.912302017211914,19.855491638183594,7.661255359649658,13.337319374084473,7.84132194519043,21.856929779052734,12.700459480285645,
2005-07-05,,30.638263702392578,12.543244361877441,,482.6578063964844,14.584454536437988,12.975545883178711,16.041748046875,19.916107177734375,7.711130142211914,13.413275718688965,7.856094837188721,21.934518814086914,12.82027530670166,
2005-07-06,,30.524871826171875,12.485888481140137,,477.2234191894531,14.660880088806152,12.742650985717773,15.923089027404785,19.6938533782959,7.691943168640137,13.284740447998047,7.723148345947266,21.79346466064453,12.704328536987305,
2005-07-07,,30.64299201965332,12.48391056060791,,476.408203125,14.839207649230957,12.906227111816406,15.955450057983398,19.740997314453125,7.70728874206543,13.26137924194336,7.784698486328125,21.786405563354492,12.742975234985352,
2005-07-08,,31.068267822265625,12.7212495803833,,471.42730712890625,15.085464477539062,12.820281028747559,16.117273330688477,20.084484100341797,7.845400810241699,13.436639785766602,7.875790119171143,22.047365188598633,12.940091133117676,
2005-07-11,,31.455724716186523,12.857710838317871,,477.5857849121094,15.454851150512695,12.91455078125,16.187395095825195,20.11817741394043,7.925963878631592,13.512585639953613,7.920104503631592,22.117889404296875,13.00966739654541,
2005-07-12,,31.50771141052246,12.77267074584961,,485.69183349609375,15.484573364257812,13.030994415283203,16.187395095825195,20.010406494140625,7.968167781829834,13.524270057678223,7.942262649536133,22.10378646850586,13.094694137573242,
2005-07-13,,31.233631134033203,12.820138931274414,,478.8990783691406,15.505799293518066,12.956131935119629,16.257516860961914,20.071020126342773,8.002691268920898,13.576850891113281,7.964419841766357,21.983896255493164,13.05991268157959,
2005-07-14,,30.713857650756836,13.045611381530762,,467.35113525390625,15.662898063659668,12.645599365234375,16.33841896057129,20.25287628173828,8.071744918823242,13.652789115905762,7.885636806488037,22.117889404296875,13.129478454589844,
2005-07-15,,30.855628967285156,12.968474388122559,,463.501953125,15.701108932495117,12.579071998596191,16.381576538085938,20.225934982299805,8.06790828704834,13.646950721740723,7.883174896240234,22.22368812561035,13.18359088897705,
2005-07-18,,30.983198165893555,12.924959182739258,,463.0492248535156,15.667141914367676,12.526390075683594,16.20897102355957,20.185522079467773,8.02187442779541,13.582688331604004,7.878250598907471,22.089679718017578,13.195184707641602,
2005-07-19,,31.191120147705078,12.948698997497559,,481.6163330078125,15.921892166137695,12.795328140258789,16.203571319580078,20.353897094726562,8.140799522399902,13.559326171875,7.885636806488037,22.096731185913086,13.276351928710938,
2005-07-20,,31.49353790283203,13.407550811767578,,479.3522033691406,16.01105499267578,12.809189796447754,16.26291275024414,20.589632034301758,8.113945007324219,13.611898422241211,7.927493095397949,22.41411590576172,13.326595306396484,
2005-07-21,,30.97848892211914,13.411504745483398,,477.9029846191406,15.756306648254395,12.684426307678223,16.176610946655273,20.48186492919922,8.060236930847168,13.559326171875,7.784698486328125,22.17432403564453,13.295679092407227,
2005-07-22,,31.276168823242188,13.40359115600586,,504.44049072265625,15.803011894226074,13.139124870300293,16.26291275024414,20.5424861907959,8.041058540344238,13.600220680236816,7.829013347625732,22.146102905273438,13.361379623413086,
2005-07-25,,31.351778030395508,13.249324798583984,,510.2821350097656,15.701108932495117,13.261116027832031,16.198183059692383,20.394306182861328,7.998852729797363,13.553481101989746,7.831474781036377,22.01209259033203,13.257031440734863,
2005-07-26,,31.635282516479492,13.261189460754395,,509.7841796875,16.019546508789062,13.23061466217041,16.219758987426758,20.495344161987305,8.060236930847168,13.623581886291504,7.858556270599365,22.117889404296875,13.365245819091797,
2005-07-27,,31.677810668945312,13.354142189025879,,513.9954833984375,15.832730293273926,13.297158241271973,16.241331100463867,20.5761661529541,8.113945007324219,13.658638000488281,7.893026828765869,22.322420120239258,13.400029182434082,
2005-07-28,,32.10780715942383,13.540060043334961,,515.81689453125,15.866697311401367,13.33597183227539,16.28986930847168,20.6906681060791,8.117783546447754,13.77547550201416,7.942262649536133,22.534011840820312,13.535307884216309,
2005-07-29,,32.03693389892578,13.468859672546387,,512.3286743164062,15.862452507019043,13.197345733642578,16.144245147705078,20.5424861907959,8.075582504272461,13.717058181762695,7.94472599029541,22.378849029541016,13.38844108581543,
2005-08-01,,31.975507736206055,13.516327857971191,,518.4524536132812,15.81574821472168,13.33597183227539,16.144245147705078,20.529020309448242,8.07942008972168,13.646950721740723,7.84132194519043,22.49169921875,13.392304420471191,
2005-08-02,,32.30626678466797,13.494576454162598,,530.3201904296875,16.261558532714844,13.557778358459473,16.26291275024414,20.502079010009766,8.159984588623047,13.693689346313477,8.023507118225098,22.57633399963379,13.45801067352295,
2005-08-03,,32.202301025390625,13.449079513549805,,526.96826171875,16.10870933532715,13.49123477935791,16.28447914123535,20.461666107177734,8.213695526123047,13.722899436950684,8.045662879943848,22.632755279541016,13.400029182434082,
2005-08-04,,31.7534122467041,13.318544387817383,,530.2489013671875,15.777538299560547,13.518959045410156,16.171205520629883,20.326961517333984,8.136961936950684,13.606056213378906,7.993964672088623,22.407062530517578,13.28408145904541,
2005-08-05,,30.524871826171875,13.223611831665039,,524.4044189453125,15.667141914367676,13.416386604309082,15.987823486328125,20.219200134277344,8.117783546447754,13.518425941467285,7.856094837188721,22.25189971923828,13.18359088897705,
2005-08-08,,29.508930206298828,13.197901725769043,,530.610595703125,15.577981948852539,13.610451698303223,15.923089027404785,20.17205047607422,8.05256462097168,13.495054244995117,7.6960673332214355,22.16726303100586,13.15267562866211,
2005-08-09,,29.957836151123047,13.229541778564453,,525.5368041992188,15.72658634185791,13.57995891571045,16.025577545166016,20.32022476196289,8.113945007324219,13.518425941467285,7.777310848236084,22.421175003051758,13.299539566040039,
2005-08-10,,29.891677856445312,13.245367050170898,,534.9599609375,15.624683380126953,13.801764488220215,16.009389877319336,20.3067569732666,8.02187442779541,13.495054244995117,7.774848937988281,22.38590431213379,13.291810035705566,
2005-08-11,,30.312231063842773,13.292841911315918,,537.8145751953125,15.718092918395996,13.934844970703125,16.068721771240234,20.475135803222656,8.083252906799316,13.530113220214844,7.821625232696533,22.51990509033203,13.349787712097168,
2005-08-12,,30.2602481842041,13.290857315063477,,530.520263671875,15.429375648498535,13.909890174865723,16.025577545166016,20.3875789642334,7.975839138031006,13.483378410339355,7.814239501953125,22.3929500579834,13.315000534057617,
2005-08-15,,30.572111129760742,13.31261157989502,,524.8563232421875,15.582225799560547,13.77403736114502,16.10108757019043,20.4279842376709,8.018040657043457,13.547642707824707,7.843786716461182,22.407062530517578,13.411625862121582,
2005-08-16,,30.647724151611328,13.138568878173828,,515.2047729492188,15.357197761535645,13.471827507019043,15.993208885192871,20.19225311279297,7.941310405731201,13.413275718688965,7.720689296722412,22.25189971923828,13.133346557617188,
2005-08-17,,30.359481811523438,13.22756290435791,,504.46551513671875,15.531274795532227,13.16130542755127,16.030967712402344,20.24613380432129,8.01036262512207,13.407431602478027,7.713303565979004,22.29421043395996,13.210644721984863,
2005-08-18,,30.146848678588867,13.174169540405273,,504.32952880859375,15.395410537719727,13.133578300476074,16.020179748535156,20.158586502075195,7.956655502319336,13.559326171875,7.742844581604004,22.30126190185547,13.15652847290039,
2005-08-19,,30.01453971862793,13.1761474609375,,512.0325927734375,15.386919975280762,13.35815143585205,16.047143936157227,20.239402770996094,7.964329242706299,13.541789054870605,7.789623260498047,22.146102905273438,13.090836524963379,
2005-08-22,,30.156299591064453,13.225591659545898,,508.8606872558594,15.61195182800293,13.391423225402832,16.09029197692871,20.279821395874023,7.979673862457275,13.582688331604004,7.84132194519043,22.146102905273438,13.083105087280273,
2005-08-23,,30.194089889526367,13.017921447753906,,511.3531188964844,15.535520553588867,13.366466522216797,15.987823486328125,20.185522079467773,7.975839138031006,13.547642707824707,7.905332565307617,22.005041122436523,13.040582656860352,
2005-08-24,,30.274417877197266,13.025826454162598,,520.4155883789062,15.442112922668457,13.49400806427002,15.804420471191406,20.023876190185547,7.925963878631592,13.424960136413574,7.868405342102051,21.934518814086914,12.947820663452148,
2005-08-25,,30.44453239440918,13.110880851745605,,517.92333984375,15.510047912597656,13.457975387573242,15.885332107543945,20.057554244995117,7.929800033569336,13.442483901977539,7.927493095397949,21.96272850036621,12.982604026794434,
2005-08-26,,30.132673263549805,13.035723686218262,,511.3985290527344,15.408146858215332,13.3054780960083,15.718117713928223,19.949796676635742,7.902949333190918,13.407431602478027,7.915181636810303,21.885149002075195,12.928498268127441,
2005-08-29,,29.94365882873535,13.075271606445312,,513.7546997070312,15.620439529418945,13.413609504699707,15.842180252075195,20.071020126342773,7.956655502319336,13.500899314880371,7.947187423706055,22.10378646850586,12.96715259552002,
2005-08-30,,30.11376953125,12.94671630859375,,523.4063110351562,15.560997009277344,13.66313648223877,15.701934814453125,19.909372329711914,7.956655502319336,13.430795669555664,7.934874534606934,22.07557487487793,12.83574104309082,
2005-08-31,,30.661888122558594,13.061430931091309,,541.2546997070312,15.701108932495117,14.040210723876953,15.879937171936035,20.057554244995117,7.998852729797363,13.477532386779785,7.996427059173584,22.30126190185547,12.947820663452148,
2005-09-01,,30.90287971496582,12.988249778747559,,548.3251342773438,15.527029991149902,14.406177520751953,15.91768741607666,19.976722717285156,7.979673862457275,13.46000862121582,8.121986389160156,22.308320999145508,12.82027530670166,
2005-09-02,,30.80838394165039,12.942763328552246,,535.464111328125,15.480324745178223,14.126151084899902,15.906908988952637,20.044084548950195,7.956655502319336,13.483378410339355,8.1244478225708,22.29421043395996,12.77389907836914,
2005-09-06,,31.49825096130371,13.043628692626953,,540.8132934570312,15.709603309631348,14.225960731506348,16.10108757019043,20.279821395874023,8.048726081848145,13.629425048828125,8.20076847076416,22.646862030029297,12.994200706481934,
2005-09-07,,31.309247970581055,13.055502891540527,,540.1337890625,15.696866035461426,14.248138427734375,16.06333351135254,20.360639572143555,8.048726081848145,13.641115188598633,8.205690383911133,22.79497528076172,13.086965560913086,
2005-09-08,,31.13914680480957,12.885407447814941,,536.9600219726562,15.951616287231445,14.267556190490723,15.971637725830078,20.24613380432129,8.06790828704834,13.588533401489258,8.134295463562012,22.780866622924805,12.963284492492676,
2005-09-09,,31.233631134033203,12.82409381866455,,549.7440185546875,15.85820198059082,14.639077186584473,16.11187171936035,20.360639572143555,8.075582504272461,13.646950721740723,8.23031234741211,22.858448028564453,13.07150936126709,
2005-09-12,,31.205293655395508,12.956607818603516,,535.14697265625,15.79027271270752,14.339635848999023,16.16042709350586,20.488603591918945,8.094764709472656,13.676165580749512,8.22292709350586,22.780866622924805,13.106290817260742,
2005-09-13,,31.00210952758789,12.754871368408203,,529.5797729492188,15.879436492919922,14.217642784118652,16.025577545166016,20.401046752929688,8.102435111999512,13.547642707824707,8.151528358459473,22.54106330871582,12.916909217834473,
2005-09-14,,30.983198165893555,12.7212495803833,,537.423095703125,15.77328872680664,14.39509105682373,16.009389877319336,20.24613380432129,8.018040657043457,13.46000862121582,8.181071281433105,22.477596282958984,12.79708480834961,
2005-09-15,,31.115514755249023,12.754871368408203,,539.962158203125,15.667141914367676,14.39509105682373,16.020179748535156,20.219200134277344,7.998852729797363,13.512585639953613,8.257392883300781,22.463483810424805,12.82027530670166,
2005-09-16,,30.926494598388672,12.889360427856445,,541.821533203125,15.662898063659668,14.536344528198242,16.249128341674805,20.359846115112305,8.048726081848145,13.550751686096191,8.332056045532227,22.637502670288086,12.831503868103027,
2005-09-19,,30.699697494506836,12.709380149841309,,560.8641357421875,15.51429271697998,14.920042991638184,16.102643966674805,20.08936882019043,7.9835100173950195,13.468548774719238,8.307254791259766,22.474807739257812,12.676633834838867,
2005-09-20,,30.487056732177734,12.683669090270996,,558.370849609375,15.399657249450684,14.778238296508789,16.015836715698242,19.954130172729492,7.952816486358643,13.386353492736816,8.275001525878906,22.305023193359375,12.455931663513184,
2005-09-21,,29.778282165527344,12.72916316986084,,559.5040893554688,15.183115005493164,14.98677921295166,15.749993324279785,19.88651466369629,7.856907844543457,13.221957206726074,8.131134986877441,22.198902130126953,12.258465766906738,
2005-09-22,,29.990909576416016,12.806295394897461,,554.470947265625,15.25529956817627,14.87554931640625,15.86935043334961,19.967655181884766,7.887598991394043,13.32177448272705,8.08648681640625,22.24843406677246,12.455931663513184,
2005-09-23,,29.9393367767334,12.842934608459473,,544.0883178710938,15.369935035705566,14.614189147949219,15.923606872558594,20.116413116455078,7.8914384841918945,13.345255851745605,8.106325149536133,22.262575149536133,12.502392768859863,
2005-09-26,,30.130348205566406,12.840959548950195,,559.186279296875,15.36143970489502,14.881121635437012,15.83680248260498,20.08936882019043,7.8799309730529785,13.298284530639648,8.173299789428711,22.227201461791992,12.486910820007324,
2005-09-27,,29.98710060119629,12.836994171142578,,559.5497436523438,15.115184783935547,14.892239570617676,15.8910493850708,20.19756317138672,7.853072643280029,13.43919849395752,8.175780296325684,22.099868774414062,12.48303508758545,
2005-09-28,,29.824737548828125,12.981588363647461,,562.5427856445312,15.153398513793945,15.014582633972168,15.760838508605957,20.204320907592773,7.902949333190918,13.456811904907227,8.260123252868652,22.1140193939209,12.370748519897461,
2005-09-29,,30.302236557006836,13.179657936096191,,570.5242919921875,15.420884132385254,15.159165382385254,16.053821563720703,20.298988342285156,7.964329242706299,13.574231147766113,8.341979026794434,22.163545608520508,12.494650840759277,
2005-09-30,,30.689016342163086,13.241060256958008,,562.3611450195312,15.684128761291504,14.92282772064209,16.015836715698242,20.393651962280273,8.018040657043457,13.668173789978027,8.334535598754883,22.17768669128418,12.579833030700684,
2005-10-03,,30.741525650024414,13.248981475830078,,560.0933227539062,15.752060890197754,14.883895874023438,15.977864265441895,20.271936416625977,8.006528854370117,13.650556564331055,8.428797721862793,22.198902130126953,12.544984817504883,
2005-10-04,,30.21629524230957,13.11231517791748,,542.4063110351562,15.501551628112793,14.347265243530273,15.777125358581543,20.08936882019043,7.933635711669922,13.591852188110352,8.282445907592773,22.29086685180664,12.45980167388916,
2005-10-05,,29.652835845947266,12.866703987121582,,519.7307739257812,15.251049995422363,13.796730041503906,15.712023735046387,19.83917999267578,7.82238245010376,13.497905731201172,8.041837692260742,21.923011779785156,12.250718116760254,
2005-10-06,,29.43796730041504,12.9934720993042,,506.1250305175781,14.979314804077148,13.468635559082031,15.755420684814453,19.974424362182617,7.7341461181640625,13.42158031463623,7.9351725578308105,21.774459838867188,12.262335777282715,
2005-10-07,,29.323352813720703,13.046953201293945,,517.5537109375,15.051497459411621,13.771705627441406,15.809673309326172,20.150232315063477,7.753327369689941,13.409841537475586,8.004629135131836,21.75323486328125,12.273954391479492,
2005-10-10,,29.027326583862305,13.033087730407715,,510.4786682128906,14.665125846862793,13.563169479370117,15.641483306884766,19.994699478149414,7.69962215423584,13.362873077392578,7.86323881149292,21.724939346313477,12.181024551391602,
2005-10-11,,28.821983337402344,13.12024211883545,,517.5993041992188,14.482553482055664,13.8884859085083,15.592663764953613,19.88651466369629,7.6420722007751465,13.362873077392578,7.880599498748779,21.541006088256836,12.134560585021973,
2005-10-12,,28.268083572387695,12.874629974365234,,509.75335693359375,14.486802101135254,13.621559143066406,15.52212142944336,19.88651466369629,7.592199325561523,13.315899848937988,7.73176908493042,21.590526580810547,11.99905014038086,
2005-10-13,,28.41133689880371,12.757769584655762,,495.9663391113281,14.74155044555664,13.251754760742188,15.598084449768066,19.85947608947754,7.645909786224365,13.280678749084473,7.568058013916016,21.69664192199707,12.033891677856445,
2005-10-14,,28.931821823120117,12.947915077209473,,508.0302429199219,14.631155967712402,13.440829277038574,15.771697044372559,20.035276412963867,7.676601409912109,13.35700511932373,7.654874324798584,21.795679092407227,12.153923034667969,
2005-10-17,,29.175342559814453,12.947915077209473,,513.2000122070312,14.63965129852295,13.607653617858887,15.787970542907715,20.075851440429688,7.668929576873779,13.503780364990234,7.739212512969971,21.78860092163086,12.177154541015625,
2005-10-18,,28.774229049682617,12.81124496459961,,490.16131591796875,14.59719181060791,12.976489067077637,15.663189888000488,19.93384552001953,7.6535844802856445,13.403963088989258,7.610224723815918,21.760311126708984,12.049382209777832,
2005-10-19,,29.127588272094727,12.890472412109375,,503.4493408203125,14.558977127075195,13.268442153930664,15.977864265441895,20.19756317138672,7.7494916915893555,13.54487419128418,7.630068778991699,21.972537994384766,12.27782917022705,
2005-10-20,,28.697837829589844,12.908300399780273,,488.8911437988281,14.588700294494629,12.665077209472656,15.83680248260498,19.940610885620117,7.691943168640137,13.43919849395752,7.429149627685547,21.5197811126709,12.126818656921387,
2005-10-21,,28.90317153930664,12.904339790344238,,495.2857666015625,14.745798110961914,12.795753479003906,15.929036140441895,19.805374145507812,7.737979888916016,13.427453994750977,7.528369426727295,21.3853759765625,12.111328125,
2005-10-24,,29.356788635253906,13.25096607208252,,512.2025146484375,14.839207649230957,13.251754760742188,16.24370574951172,20.10965347290039,7.837733268737793,13.54487419128418,7.721848964691162,21.562231063842773,12.320412635803223,
2005-10-25,,29.380674362182617,13.280675888061523,,527.9848022460938,14.512274742126465,13.52702522277832,16.151479721069336,20.082609176635742,7.7840189933776855,13.497905731201172,7.73176908493042,21.427825927734375,12.231359481811523,
2005-10-26,,29.108491897583008,13.3004789352417,,528.8461303710938,14.42735767364502,13.446393966674805,16.259981155395508,19.90679931640625,7.76483678817749,13.456811904907227,7.637513637542725,21.15899085998535,12.157794952392578,
2005-10-27,,28.81243133544922,13.078640937805176,,512.4744262695312,14.172609329223633,13.065468788146973,16.167749404907227,19.731002807617188,7.680437088012695,13.32763957977295,7.550695419311523,21.08118438720703,11.913860321044922,
2005-10-28,,29.628948211669922,13.296518325805664,,527.4603881835938,14.1428861618042,13.421361923217773,16.4444522857666,20.04879379272461,7.753327369689941,13.550751686096191,7.702006816864014,21.39952850341797,12.122944831848145,
2005-10-31,,29.748327255249023,13.550050735473633,,531.3609008789062,14.244787216186523,13.574291229248047,16.504131317138672,20.102895736694336,7.833890914916992,13.603590965270996,7.801225185394287,21.498559951782227,12.324286460876465,
2005-11-01,,29.246967315673828,13.658994674682617,,539.7523803710938,14.1428861618042,13.657707214355469,16.4444522857666,20.042036056518555,7.818545341491699,13.527268409729004,7.647430419921875,21.434900283813477,12.332033157348633,
2005-11-02,,29.5239200592041,14.011556625366211,,553.8134155273438,14.56747055053711,13.924633026123047,16.580081939697266,20.244888305664062,7.9067840576171875,13.562490463256836,7.677199363708496,21.434900283813477,12.54885482788086,
2005-11-03,,29.313819885253906,14.15615177154541,,562.9638061523438,14.907140731811523,14.188786506652832,16.5909366607666,20.33279800415039,7.979673862457275,13.615335464477539,7.672237396240234,21.569307327270508,12.552726745605469,
2005-11-04,,29.2851619720459,14.013540267944336,,544.4085083007812,14.983562469482422,13.7633638381958,16.61806297302246,20.346323013305664,8.014203071594238,13.60946273803711,7.6623148918151855,21.682498931884766,12.599191665649414,
2005-11-07,,29.452295303344727,14.173969268798828,,538.7554931640625,15.047248840332031,13.524246215820312,16.759126663208008,20.420698165893555,8.029545783996582,13.638815879821777,7.6424713134765625,21.724939346313477,12.699857711791992,
2005-11-08,,29.28038787841797,14.112576484680176,,541.4778442382812,15.051497459411621,13.638239860534668,16.71027946472168,20.292226791381836,8.033385276794434,13.597721099853516,7.639991760253906,21.67542266845703,12.556599617004395,
2005-11-09,,29.5334529876709,14.245282173156738,,539.934814453125,15.161890029907227,13.51312255859375,16.753692626953125,20.339567184448242,8.025711059570312,13.621200561523438,7.706966876983643,21.69664192199707,12.552726745605469,
2005-11-10,,30.292695999145508,14.435430526733398,,517.2052001953125,15.352952003479004,13.093270301818848,17.090072631835938,20.603269577026367,8.094764709472656,13.779727935791016,7.669755935668945,21.9796085357666,12.742450714111328,
2005-11-11,,30.569625854492188,14.548325538635254,,519.1109619140625,15.276528358459473,13.19892692565918,17.14975357055664,20.64383888244629,8.113945007324219,13.797333717346191,7.600302696228027,21.9866886138916,12.781166076660156,
2005-11-14,,30.34520149230957,14.490888595581055,,526.7326049804688,15.42513370513916,13.268442153930664,17.160600662231445,20.684417724609375,8.12161922454834,13.744500160217285,7.550695419311523,21.83812713623047,12.788917541503906,
2005-11-15,,30.34044647216797,14.300736427307129,,524.4642333984375,15.29350757598877,13.290680885314941,17.003265380859375,20.67764663696289,8.094764709472656,13.674049377441406,7.565574645996094,21.951309204101562,12.599191665649414,
2005-11-16,,30.225849151611328,14.257169723510742,,541.5684204101562,15.263792037963867,13.63546371459961,16.91103172302246,20.752031326293945,8.125455856323242,13.70927906036377,7.63503360748291,21.908864974975586,12.591450691223145,
2005-11-17,,30.69379234313965,14.544374465942383,,545.4244995117188,15.331721305847168,13.629901885986328,17.111780166625977,20.948118209838867,8.221366882324219,13.703399658203125,7.746654510498047,22.022062301635742,12.757939338684082,
2005-11-18,,30.93732452392578,14.795918464660645,,544.6078491210938,15.48881721496582,13.63546371459961,17.198589324951172,21.164499282836914,8.267406463623047,13.738629341125488,7.73176908493042,22.1140193939209,12.843125343322754,
2005-11-21,,31.05191993713379,14.84345531463623,,562.3469848632812,15.420884132385254,13.974687576293945,17.279964447021484,21.286205291748047,8.263568878173828,13.756243705749512,7.749133586883545,22.156469345092773,12.889586448669434,
2005-11-22,,31.45778465270996,14.89495849609375,,574.823974609375,15.709603309631348,14.197114944458008,17.431869506835938,21.340314865112305,8.317276000976562,13.850176811218262,7.749133586883545,22.029123306274414,12.947667121887207,
2005-11-23,,31.615360260009766,14.930607795715332,,578.8072509765625,15.777538299560547,14.144283294677734,17.5675106048584,21.367351531982422,8.363314628601074,13.903016090393066,7.845871448516846,22.08572769165039,13.040587425231934,
2005-11-25,,31.72518539428711,14.910796165466309,,577.1737060546875,15.90491008758545,14.180436134338379,17.605484008789062,21.37411117553711,8.386333465576172,13.914767265319824,7.875643730163574,22.1140193939209,13.040587425231934,
2005-11-28,,31.38138771057129,14.726593971252441,,555.0326538085938,15.807254791259766,13.70219898223877,17.52410316467285,21.2591609954834,8.35564136505127,13.850176811218262,7.845871448516846,21.880563735961914,12.920561790466309,
2005-11-29,,31.438690185546875,14.746397972106934,,556.8389892578125,15.752060890197754,13.724440574645996,17.51325225830078,21.306495666503906,8.35564136505127,13.838434219360352,7.865720272064209,21.901792526245117,12.901204109191895,
2005-11-30,,31.156972885131836,14.657268524169922,,567.0494995117188,15.875189781188965,13.77727222442627,17.290815353393555,21.272687911987305,8.328782081604004,13.726888656616211,7.788824558258057,21.760311126708984,12.816018104553223,
2005-12-01,,31.586732864379883,14.851388931274414,,585.3842163085938,16.46535873413086,14.213802337646484,17.3830509185791,21.509353637695312,8.4553861618042,13.820826530456543,7.8185906410217285,21.9796085357666,12.963154792785645,
2005-12-02,,31.562833786010742,14.784032821655273,,586.29150390625,16.52904510498047,14.227704048156738,17.421022415161133,21.428211212158203,8.447711944580078,13.814953804016113,7.830992221832275,22.057415008544922,13.005738258361816,
2005-12-05,,31.276350021362305,14.595871925354004,,585.9878540039062,16.248823165893555,14.327804565429688,17.38846778869629,21.313264846801758,8.405513763427734,13.76211166381836,7.826029300689697,22.099868774414062,12.928303718566895,
2005-12-06,,31.252464294433594,14.73056697845459,,587.667236328125,16.320999145507812,14.388978004455566,17.334217071533203,21.401166915893555,8.417021751403809,13.750368118286133,7.803704261779785,22.057415008544922,12.967024803161621,
2005-12-07,,31.008935928344727,14.675092697143555,,590.8443603515625,16.236083984375,14.336145401000977,17.193153381347656,21.245641708374023,8.4016752243042,13.715142250061035,7.766495704650879,21.9654598236084,12.955408096313477,
2005-12-08,,31.276350021362305,14.56417179107666,,609.3638305664062,15.88792610168457,14.589171409606934,17.182300567626953,21.150972366333008,8.34029483795166,13.691658973693848,7.8483567237854,22.04328155517578,12.901204109191895,
2005-12-09,,31.34796714782715,14.6493501663208,,605.5052490234375,16.10870933532715,14.408442497253418,17.307092666625977,21.26592254638672,8.370985984802246,13.715142250061035,7.937652111053467,22.071575164794922,12.920561790466309,
2005-12-12,,31.3240966796875,14.597846984863281,,612.0415649414062,16.304019927978516,14.5947265625,17.231128692626953,21.272687911987305,8.394004821777344,13.744500160217285,7.86323881149292,22.078645706176758,12.936044692993164,
2005-12-13,,31.53896141052246,14.587945938110352,,601.478271484375,16.367706298828125,14.533557891845703,17.453577041625977,21.29297637939453,8.367143630981445,13.914767265319824,7.979822158813477,22.319171905517578,12.994128227233887,
2005-12-14,,31.682222366333008,14.698863983154297,,611.6918334960938,16.28278923034668,14.70872688293457,17.518678665161133,21.47553825378418,8.378658294677734,14.03219223022461,8.069119453430176,22.38284683227539,13.05994701385498,
2005-12-15,,31.395721435546875,14.801856994628906,,605.8360595703125,16.270050048828125,14.591948509216309,17.421022415161133,21.509353637695312,8.344134330749512,14.05567455291748,8.08648681640625,22.44650650024414,13.032852172851562,
2005-12-16,,31.534202575683594,14.79393482208252,,591.8714599609375,16.15117073059082,14.237062454223633,17.46361541748047,21.543367385864258,8.331771850585938,14.043877601623535,8.08598518371582,22.4990291595459,13.00210189819336,
2005-12-19,,31.147417068481445,14.671133041381836,,584.2894897460938,15.760551452636719,14.119986534118652,17.310718536376953,21.33248519897461,8.231339454650879,14.020270347595215,7.978368759155273,22.69775390625,12.862000465393066,
2005-12-20,,31.06147003173828,14.633503913879395,,596.1843872070312,15.828479766845703,14.312334060668945,17.387165069580078,21.346088409423828,8.200441360473633,13.93765640258789,7.990882873535156,22.669361114501953,12.834756851196289,
2005-12-21,,31.266801834106445,14.962306022644043,,600.1343383789062,15.807254791259766,14.342995643615723,17.43631362915039,21.454936981201172,8.208161354064941,13.978962898254395,7.918311595916748,22.740345001220703,12.84643268585205,
2005-12-22,,31.513084411621094,15.138763427734375,,600.179443359375,16.006813049316406,14.326272010803223,17.55645179748535,21.618192672729492,8.246789932250977,13.990756034851074,7.953342914581299,22.889387130737305,12.850325584411621,
2005-12-23,,31.595346450805664,15.208160400390625,,599.9071655273438,16.057762145996094,14.287252426147461,17.578296661376953,21.659011840820312,8.262243270874023,13.967162132263184,7.968362808227539,22.917781829833984,12.873677253723145,
2005-12-27,,31.517911911010742,15.029714584350586,,581.8837280273438,15.832730293273926,13.86629867553711,17.441770553588867,21.46854591369629,8.192709922790527,13.872746467590332,7.953342914581299,22.733245849609375,12.764711380004883,
2005-12-28,,31.450164794921875,15.055500984191895,,591.4437255859375,15.892170906066895,14.0753755569458,17.403549194335938,21.502546310424805,8.173398971557617,13.890453338623047,7.913304805755615,22.733245849609375,12.788057327270508,
2005-12-29,,31.27598762512207,15.140759468078613,,581.9973754882812,15.67563533782959,13.96664810180664,17.387165069580078,21.495744705200195,8.127046585083008,13.855045318603516,7.898287773132324,22.65517234802246,12.784167289733887,
2005-12-30,,31.03890609741211,14.954368591308594,,584.9490966796875,15.55675220489502,14.02519702911377,17.294334411621094,21.373306274414062,8.072973251342773,13.742935180664062,7.855742931365967,22.51322364807129,12.706332206726074,
2006-01-03,,31.885652542114258,14.958334922790527,,617.0119018554688,16.1002197265625,14.691473960876465,17.58375358581543,21.516151428222656,8.231339454650879,13.831443786621094,8.008403778076172,22.7900333404541,12.842541694641113,
2006-01-04,,32.03078079223633,15.128853797912598,,628.0933837890625,16.219104766845703,14.733285903930664,17.56736946105957,21.570571899414062,8.327906608581543,13.878649711608887,8.020915985107422,23.01715087890625,12.854220390319824,
2006-01-05,,32.25821304321289,15.069375038146973,,615.3777465820312,16.541784286499023,14.54650592803955,17.627439498901367,21.536558151245117,8.366530418395996,13.807843208312988,7.968362808227539,22.96036720275879,12.865894317626953,
2006-01-06,,32.53883743286133,14.990060806274414,,635.8142700195312,16.83475112915039,14.903339385986328,17.731189727783203,21.618192672729492,8.49786376953125,13.866840362548828,8.053450584411621,23.109416961669922,12.970970153808594,
2006-01-09,,32.853336334228516,15.10110092163086,,634.5424194335938,16.923912048339844,14.886611938476562,17.780338287353516,21.795053482055664,8.524901390075684,13.931757926940918,8.003398895263672,23.21587371826172,13.103285789489746,
2006-01-10,,33.07107925415039,15.01385498046875,,647.0773315429688,16.8984375,15.048308372497559,17.796728134155273,21.733837127685547,8.517178535461426,13.896350860595703,8.015912055969238,23.13069725036621,13.107173919677734,
2006-01-11,,33.109779357910156,14.920658111572266,,653.9804077148438,17.068267822265625,15.112422943115234,17.895017623901367,21.747432708740234,8.598294258117676,13.908151626586914,8.003398895263672,23.07392120361328,13.173338890075684,
2006-01-12,,33.022682189941406,14.746184349060059,,640.2192993164062,17.000335693359375,15.003694534301758,17.769418716430664,21.584182739257812,8.551939964294434,13.872746467590332,8.003398895263672,23.052640914916992,13.056588172912598,
2006-01-13,,32.49044418334961,14.72832202911377,,646.8047485351562,16.75832176208496,15.182110786437988,17.75850486755371,21.50935173034668,8.548074722290039,13.855045318603516,8.058455467224121,23.038434982299805,13.060477256774902,
2006-01-17,,32.480770111083984,14.498323440551758,,657.931396484375,16.486591339111328,15.516646385192871,17.572830200195312,21.400514602661133,8.463101387023926,13.8019380569458,8.143547058105469,22.97455596923828,12.990426063537598,
2006-01-18,,32.422698974609375,14.702548027038574,,650.8013305664062,16.117202758789062,15.388416290283203,17.523683547973633,21.427717208862305,8.362669944763184,13.860942840576172,8.161062240600586,23.010053634643555,12.947620391845703,
2006-01-19,,32.804954528808594,15.021785736083984,,675.7267456054688,16.456871032714844,15.656027793884277,17.469078063964844,21.52976417541504,8.436062812805176,13.872746467590332,8.233637809753418,23.13069725036621,13.044906616210938,
2006-01-20,,32.37917709350586,14.72634220123291,,689.21533203125,15.879436492919922,15.725730895996094,17.10320281982422,21.060392379760742,8.215890884399414,13.672122955322266,8.186090469360352,22.690664291381836,12.823087692260742,
2006-01-23,,32.56301498413086,14.811605453491211,,705.474609375,15.853955268859863,15.898575782775879,17.146883010864258,21.07399559020996,8.184992790222168,13.68392562866211,8.173576354980469,22.676464080810547,12.815300941467285,
2006-01-24,,32.87751388549805,15.182390213012695,,697.9356689453125,15.853955268859863,15.80378246307373,17.223342895507812,21.230457305908203,8.212024688720703,13.731138229370117,8.24615478515625,22.570003509521484,12.9437255859375,
2006-01-25,,32.756561279296875,15.039631843566895,,676.7254638671875,15.807254791259766,15.472038269042969,17.256114959716797,21.223648071289062,8.23906421661377,13.742935180664062,8.133536338806152,22.541614532470703,12.897027015686035,
2006-01-26,,32.853336334228516,15.275578498840332,,682.1304931640625,16.17664337158203,15.522218704223633,17.550989151000977,21.461729049682617,8.29314136505127,13.772432327270508,8.060958862304688,22.65517234802246,12.951509475708008,
2006-01-27,,33.34686279296875,15.283507347106934,,694.3931884765625,16.231842041015625,15.79263687133789,17.56736946105957,21.50935173034668,8.385846138000488,13.884549140930176,8.106008529663086,22.917781829833984,13.009889602661133,
2006-01-30,,33.22590255737305,15.434208869934082,,713.7412719726562,16.27854347229004,16.155040740966797,17.51276969909668,21.556970596313477,8.412887573242188,13.831443786621094,8.050947189331055,22.811315536499023,12.978751182556152,
2006-01-31,,33.303314208984375,15.491717338562012,,707.1555786132812,15.836977005004883,16.074190139770508,17.447233200073242,21.434520721435547,8.343360900878906,13.766533851623535,8.045942306518555,22.80422019958496,12.932056427001953,
2006-02-01,,33.47750473022461,15.34300422668457,,679.3235473632812,16.219104766845703,15.69227123260498,17.43631362915039,21.618192672729492,8.393571853637695,13.8019380569458,8.068465232849121,22.9461727142334,12.974860191345215,
2006-02-02,,33.32750701904297,15.212140083312988,,674.2161254882812,15.95586109161377,15.536161422729492,17.316171646118164,21.434520721435547,8.277694702148438,13.796040534973145,7.963356018066406,22.76164436340332,12.9592924118042,
2006-02-03,,32.90171813964844,15.128853797912598,,680.3102416992188,15.752060890197754,15.393989562988281,17.245193481445312,21.386905670166016,8.219754219055176,13.707523345947266,7.923311710357666,22.719051361083984,12.897027015686035,
2006-02-06,,32.98398208618164,15.233949661254883,,699.0501098632812,16.0407772064209,15.695060729980469,17.294334411621094,21.461729049682617,8.196575164794922,13.678023338317871,7.970862865447998,22.51322364807129,12.893132209777832,
2006-02-07,,32.72752380371094,15.01980209350586,,659.069091796875,16.155412673950195,15.03994083404541,17.179649353027344,21.30527687072754,8.173398971557617,13.613110542297363,7.923311710357666,22.477737426757812,12.815300941467285,
2006-02-08,,32.65494918823242,15.182390213012695,,661.70751953125,16.38893699645996,15.042725563049316,17.288875579833984,21.40731430053711,8.331771850585938,13.672122955322266,7.92081356048584,22.76873779296875,12.90480899810791,
2006-02-09,,32.780757904052734,15.261703491210938,,643.3765869140625,16.34223175048828,14.699827194213867,17.332561492919922,21.52976417541504,8.29314136505127,13.713427543640137,7.948338985443115,22.7900333404541,12.900918006896973,
2006-02-10,,32.7662353515625,15.337053298950195,,649.1530151367188,16.180889129638672,14.646864891052246,17.430849075317383,21.6726131439209,8.358811378479004,13.695723533630371,7.953342914581299,22.740345001220703,12.947620391845703,
2006-02-13,,32.804954528808594,15.277563095092773,,643.3765869140625,16.028038024902344,14.588319778442383,17.365325927734375,21.69982147216797,8.28155517578125,13.678023338317871,7.943335056304932,22.71194839477539,12.916483879089355,
2006-02-14,,33.046871185302734,15.662236213684082,,623.7730102539062,16.240325927734375,14.423847198486328,17.572830200195312,21.958314895629883,8.393571853637695,13.849145889282227,7.935826778411865,22.931968688964844,13.060477256774902,
2006-02-15,,33.30814743041992,15.81887149810791,,607.444091796875,16.219104766845703,14.345791816711426,17.676584243774414,22.01953887939453,8.439927101135254,13.93765640258789,7.948338985443115,23.06683349609375,13.118846893310547,
2006-02-16,,33.59361267089844,15.697921752929688,,622.499755859375,16.431394577026367,14.674738883972168,17.780338287353516,22.080759048461914,8.517178535461426,14.00256633758545,8.010902404785156,23.21587371826172,13.161663055419922,
2006-02-17,,33.835548400878906,15.664214134216309,,620.9076538085938,16.087480545043945,14.777887344360352,17.709352493286133,22.135175704956055,8.470830917358398,13.943557739257812,8.083481788635254,23.201683044433594,13.08382511138916,
2006-02-21,,33.87424087524414,15.578956604003906,,647.425048828125,15.811503410339355,15.067819595336914,17.654747009277344,22.046749114990234,8.378122329711914,13.925860404968262,8.095993995666504,23.081018447875977,13.013778686523438,
2006-02-22,,34.32421875,15.830766677856445,,630.1863403320312,15.943123817443848,14.786251068115234,17.98785400390625,22.278032302856445,8.420613288879395,14.037969589233398,8.126029014587402,23.279756546020508,13.11107063293457,
2006-02-23,,34.23231506347656,15.755426406860352,,630.6868896484375,15.709603309631348,14.76952838897705,17.922325134277344,22.203201293945312,8.378122329711914,14.043877601623535,8.116012573242188,23.194581985473633,13.04101848602295,
2006-02-24,,34.03391647338867,15.80301284790039,,636.736328125,15.688373565673828,14.950727462768555,17.960554122924805,22.216806411743164,8.38198471069336,13.973054885864258,8.141039848327637,23.194581985473633,13.017669677734375,
2006-02-27,,34.05327606201172,15.973540306091309,,620.03076171875,15.811503410339355,14.691473960876465,17.993316650390625,22.35966682434082,8.459238052368164,14.073375701904297,8.206111907958984,23.372024536132812,13.134417533874512,
2006-02-28,,33.893611907958984,15.767324447631836,,620.0444946289062,15.718092918395996,14.591114044189453,17.818571090698242,22.101171493530273,8.362669944763184,13.884549140930176,8.151053428649902,23.06683349609375,13.025455474853516,
2006-03-01,,34.058128356933594,16.064739227294922,,632.512939453125,16.359216690063477,14.839221954345703,17.91140365600586,22.278032302856445,8.528764724731445,13.93765640258789,8.12852954864502,23.088125228881836,13.122745513916016,
2006-03-02,,33.97585678100586,15.933877944946289,,650.7146606445312,16.346479415893555,15.087325096130371,17.802183151245117,22.216806411743164,8.548074722290039,13.860942840576172,8.123519897460938,23.045536041259766,13.037125587463379,
2006-03-03,,33.835548400878906,16.040952682495117,,650.8967895507812,16.10870933532715,15.090115547180176,17.75850486755371,22.271230697631836,8.49786376953125,13.896350860595703,8.083481788635254,22.967464447021484,13.02934455871582,
2006-03-06,,34.45488357543945,15.902149200439453,,623.4576416015625,15.900665283203125,14.566017150878906,17.703901290893555,22.155580520629883,8.463101387023926,13.849145889282227,7.953342914581299,22.8468017578125,12.947620391845703,
2006-03-07,,33.956512451171875,15.783184051513672,,609.1235961914062,15.590714454650879,14.35136604309082,17.763959884643555,22.169193267822266,8.409024238586426,13.943557739257812,7.9158034324646,22.85390281677246,12.88924503326416,
2006-03-08,,34.0194206237793,15.711807250976562,,610.1250610351562,15.493064880371094,14.35136604309082,17.774879455566406,22.141969680786133,8.401302337646484,14.096979141235352,7.908298015594482,23.010053634643555,12.912590980529785,
2006-03-09,,34.36293029785156,15.688015937805176,,607.0758666992188,15.251049995422363,14.248210906982422,17.665674209594727,22.114765167236328,8.351082801818848,14.120582580566406,7.885772228240967,22.931968688964844,12.862000465393066,
2006-03-10,,34.74034118652344,15.856542587280273,,611.3984985351562,15.25529956817627,14.326272010803223,17.82402801513672,22.346052169799805,8.389713287353516,14.250395774841309,7.935826778411865,23.01715087890625,12.982645988464355,
2006-03-13,,34.609703063964844,15.82482624053955,,624.7801513671875,15.242559432983398,14.607836723327637,17.829490661621094,22.332456588745117,8.420613288879395,14.262203216552734,7.945838928222656,23.00295066833496,12.978751182556152,
2006-03-14,,34.880672454833984,15.991384506225586,,639.936279296875,15.505799293518066,14.878256797790527,18.036998748779297,22.5433292388916,8.517178535461426,14.226805686950684,8.030924797058105,23.166187286376953,13.118846893310547,
2006-03-15,,35.49031066894531,16.322519302368164,,640.3914794921875,15.641668319702148,14.956307411193848,18.058835983276367,22.88344955444336,8.567391395568848,14.173689842224121,8.083481788635254,23.244266510009766,13.192798614501953,
2006-03-16,,35.8725700378418,16.201560974121094,,649.7677001953125,15.123677253723145,15.19326400756836,18.118913650512695,22.89705467224121,8.513314247131348,14.220892906188965,8.126029014587402,23.244266510009766,13.22003173828125,
2006-03-17,,36.27898025512695,16.24319076538086,,642.5760498046875,15.093955993652344,15.000618934631348,18.172164916992188,23.071849822998047,8.540355682373047,14.212594032287598,8.106362342834473,23.299091339111328,13.242222785949707,
2006-03-20,,35.70804977416992,16.374061584472656,,621.73046875,15.10669231414795,14.66789722442627,18.183147430419922,23.030885696411133,8.555807113647461,14.295636177062988,7.987853050231934,23.341819763183594,13.21108341217041,
2006-03-21,,35.185482025146484,16.286815643310547,,621.5027465820312,15.161890029907227,14.642721176147461,18.001981735229492,22.942129135131836,8.521037101745605,14.200727462768555,7.927340507507324,23.199403762817383,13.137125968933105,
2006-03-22,,35.287086486816406,16.35820960998535,,627.4652709960938,15.217083930969238,14.740594863891602,18.14471435546875,23.112823486328125,8.524901390075684,14.331220626831055,7.965160846710205,23.43439483642578,13.179943084716797,
2006-03-23,,35.49514389038086,16.12819480895996,,641.666259765625,15.212841987609863,14.95867919921875,18.056867599487305,23.01722526550293,8.505589485168457,14.224458694458008,7.955072402954102,23.30621910095215,13.172163963317871,
2006-03-24,,35.392921447753906,16.1468448638916,,649.2671508789062,15.369935035705566,15.059338569641113,18.051387786865234,22.99673843383789,8.532629013061523,14.224458694458008,7.939944267272949,23.270612716674805,13.152703285217285,
2006-03-27,,35.04240036010742,16.263919830322266,,649.4944458007812,15.420884132385254,15.137629508972168,18.04039764404297,23.01722526550293,8.544220924377441,14.177001953125,7.886996746063232,23.09259605407715,13.14880657196045,
2006-03-28,,35.436737060546875,16.138914108276367,,666.335205078125,15.119430541992188,15.255062103271484,17.89217185974121,22.853361129760742,8.447648048400879,14.06429672241211,7.854217052459717,22.878965377807617,13.078740119934082,
2006-03-29,,36.22053527832031,16.291711807250977,,676.1007080078125,15.573737144470215,15.434006690979004,17.97452735900879,23.085506439208984,8.575119018554688,14.165135383605957,7.902122974395752,22.94305419921875,13.195510864257812,
2006-03-30,,35.660675048828125,16.240110397338867,,682.9306030273438,15.599207878112793,15.425616264343262,17.86472511291504,23.085506439208984,8.602153778076172,14.052434921264648,7.83152437210083,22.900333404541016,13.141016960144043,
2006-03-31,,35.78239059448242,16.31353759765625,,668.4067993164062,15.420884132385254,15.210317611694336,17.870208740234375,23.07868194580078,8.551939964294434,13.999049186706543,7.773531913757324,22.772159576416016,13.102095603942871,
2006-04-03,,35.003440856933594,16.480224609375,,669.6815185546875,15.510047912597656,15.294201850891113,17.897663116455078,23.16060447692871,8.602153778076172,14.046494483947754,7.783617973327637,22.75791358947754,13.05538272857666,
2006-04-04,,34.88661575317383,16.67072296142578,,683.4761962890625,15.44636058807373,15.49552059173584,18.089815139770508,23.31765365600586,8.63305950164795,14.03464412689209,7.866825103759766,22.786405563354492,13.129342079162598,
2006-04-05,,35.22251892089844,16.843358993530273,,695.3591918945312,15.862452507019043,15.749959945678711,18.12276268005371,23.331308364868164,8.706449508666992,14.06429672241211,7.942468643188477,22.715198516845703,13.214975357055664,
2006-04-06,,35.018043518066406,16.855266571044922,,698.956298828125,16.002561569213867,15.7835054397583,18.056867599487305,23.297164916992188,8.698723793029785,14.010909080505371,7.844132423400879,22.544286727905273,13.242222785949707,
2006-04-07,,34.49715042114258,16.70842742919922,,686.527099609375,15.662898063659668,15.475940704345703,17.88667869567871,23.181102752685547,8.598294258117676,13.88634204864502,7.733190536499023,22.27370834350586,13.18384075164795,
2006-04-10,,34.08331298828125,16.63897132873535,,701.4603271484375,15.539767265319824,15.769529342651367,17.91962242126465,23.099163055419922,8.586706161499023,13.904133796691895,7.7306694984436035,22.230985641479492,13.164373397827148,
2006-04-11,,34.005428314208984,16.450464248657227,,686.7999267578125,15.48881721496582,15.657684326171875,17.765901565551758,23.058195114135742,8.50944995880127,13.773635864257812,7.642417907714844,21.98888397216797,13.059279441833496,
2006-04-12,,33.96647644042969,16.49411392211914,,680.8817749023438,15.548258781433105,15.55422592163086,17.804332733154297,23.215238571166992,8.524901390075684,13.821089744567871,7.660066604614258,22.138408660888672,13.047595977783203,
2006-04-13,,33.58188247680664,16.559589385986328,,689.5772705078125,15.624683380126953,15.604560852050781,17.831775665283203,23.11964225769043,8.536490440368652,13.797367095947266,7.62476921081543,22.08856773376465,13.078740119934082,
2006-04-17,,33.430973052978516,16.33734703063965,,700.4129028320312,15.34870719909668,15.892549514770508,17.8153076171875,23.003572463989258,8.443787574768066,13.720255851745605,7.6172027587890625,21.960391998291016,13.012567520141602,
2006-04-18,,34.23424530029297,16.724302291870117,,713.2066040039062,15.870945930480957,16.281192779541016,18.14471435546875,23.556638717651367,8.61374568939209,13.850752830505371,7.763446807861328,22.166902542114258,13.203295707702637,
2006-04-19,,34.71134948730469,16.801694869995117,,733.0121459960938,16.078989028930664,16.532835006713867,18.16667366027832,23.706857681274414,8.606022834777832,13.868548393249512,7.788662433624268,22.038721084594727,13.156591415405273,
2006-04-20,,34.74542999267578,16.75406265258789,,725.0897827148438,16.240325927734375,16.362276077270508,18.205102920532227,23.795612335205078,8.61374568939209,13.892271995544434,7.844132423400879,22.23809814453125,13.207189559936523,
2006-04-21,,34.75029373168945,16.760005950927734,,740.2053833007812,15.88792610168457,16.703392028808594,18.183147430419922,23.82292366027832,8.521037101745605,13.892271995544434,7.8794331550598145,22.188261032104492,13.105987548828125,
2006-04-24,,34.57501983642578,16.89297103881836,,728.1854858398438,15.777538299560547,16.448955535888672,18.188634872436523,23.904865264892578,8.50944995880127,13.951591491699219,7.952550411224365,22.102813720703125,13.102095603942871,
2006-04-25,,34.33161163330078,16.793750762939453,,722.8038330078125,15.913399696350098,16.236459732055664,18.078834533691406,23.62491798400879,8.505589485168457,13.951591491699219,7.83909273147583,21.967512130737305,13.082626342773438,
2006-04-26,,34.17582702636719,16.74811553955078,,720.755126953125,15.849716186523438,15.979222297668457,18.183147430419922,23.754653930664062,8.536490440368652,14.082093238830566,7.760926723480225,21.967512130737305,13.172163963317871,
2006-04-27,,34.51661682128906,16.664772033691406,,705.72998046875,16.134183883666992,15.797480583190918,18.468624114990234,23.62491798400879,8.621472358703613,14.099884986877441,7.864304065704346,21.84646224975586,13.277253150939941,
2006-04-28,,34.61398696899414,16.597293853759766,,717.2947387695312,15.985581398010254,15.97642707824707,18.644306182861328,23.57712745666504,8.439927101135254,14.135478973388672,7.897080421447754,22.06720733642578,13.26947021484375,
2006-05-01,,34.078460693359375,16.61119270324707,,734.6423950195312,15.777538299560547,16.23925018310547,18.35333824157715,23.638586044311523,8.370396614074707,14.129544258117676,7.823960304260254,21.874937057495117,13.195510864257812,
2006-05-02,,33.80583190917969,16.85327911376953,,758.9755249023438,15.819994926452637,16.599939346313477,18.468624114990234,23.829763412475586,8.409024238586426,14.212594032287598,7.950033664703369,21.874937057495117,13.207189559936523,
2006-05-03,,33.83991622924805,16.932661056518555,,745.8619384765625,15.926140785217285,16.34269905090332,18.45216178894043,23.836589813232422,8.389713287353516,14.11768627166748,7.92481803894043,21.632843017578125,13.242222785949707,
2006-05-04,,34.24397277832031,17.484315872192383,,748.0526123046875,16.028038024902344,16.2672176361084,18.490596771240234,24.123363494873047,8.420613288879395,14.141407012939453,7.934904098510742,21.70404815673828,13.316183090209961,
2006-05-05,,34.857398986816406,17.666872024536133,,752.06005859375,16.15966033935547,16.457345962524414,18.754117965698242,24.362342834472656,8.466962814331055,14.271909713745117,8.113924026489258,21.917667388916016,13.471880912780762,
2006-05-08,,34.96937942504883,17.65100860595703,,751.4683227539062,16.14691925048828,16.384647369384766,18.677255630493164,24.341856002807617,8.478550910949707,14.349021911621094,8.050888061523438,21.910545349121094,13.491338729858398,
2006-05-09,,34.9791145324707,17.811742782592773,,757.3888549804688,15.989828109741211,16.482507705688477,18.710201263427734,24.341856002807617,8.443787574768066,14.390545845031738,7.982807636260986,21.753889083862305,13.530268669128418,
2006-05-10,,35.008323669433594,17.77602195739746,,762.6633911132812,15.624683380126953,16.636287689208984,18.721176147460938,24.355514526367188,8.35494613647461,14.331220626831055,8.045845031738281,21.73253059387207,13.538046836853027,
2006-05-11,,34.24397277832031,17.617263793945312,,746.58544921875,15.369935035705566,16.42099380493164,18.413726806640625,24.23260498046875,8.181124687194824,14.153267860412598,7.9702019691467285,21.68981170654297,13.401819229125977,
2006-05-12,,33.727928161621094,17.234275817871094,,717.43603515625,15.259544372558594,15.86458683013916,18.227066040039062,23.85023307800293,8.103870391845703,14.040568351745605,7.881954669952393,21.63996696472168,13.26947021484375,
2006-05-15,,34.17582702636719,17.295801162719727,,698.2157592773438,15.157641410827637,15.531861305236816,18.35333824157715,23.85706329345703,8.111595153808594,14.194794654846191,7.932379245758057,21.946147918701172,13.304500579833984,
2006-05-16,,34.10768127441406,17.089420318603516,,694.6178588867188,15.144905090332031,15.587778091430664,18.33138084411621,23.85023307800293,8.034343719482422,14.248183250427246,7.897080421447754,22.003108978271484,13.21108341217041,
2006-05-17,,33.39686965942383,16.67072296142578,,678.6310424804688,14.864678382873535,15.190750122070312,17.963546752929688,23.358619689941406,7.92618989944458,14.07022762298584,7.776051998138428,21.775253295898438,13.028139114379883,
2006-05-18,,33.30440139770508,16.519908905029297,,660.0481567382812,14.728812217712402,15.006214141845703,17.804332733154297,23.167442321777344,7.8991522789001465,13.999049186706543,7.773531913757324,21.682682037353516,13.020347595214844,
2006-05-19,,33.23623275756836,16.513959884643555,,664.1475830078125,14.936859130859375,15.104071617126465,17.897663116455078,23.242549896240234,7.957091808319092,14.010909080505371,7.83909273147583,21.561630249023438,13.109875679016113,
2006-05-22,,33.017154693603516,16.609203338623047,,660.5044555664062,14.5335054397583,15.0173978805542,17.853742599487305,23.194759368896484,7.887561798095703,14.052434921264648,7.899603366851807,21.46906280517578,13.016457557678223,
2006-05-23,,32.793209075927734,16.49609375,,663.3736572265625,14.266016960144043,15.020190238952637,17.765901565551758,23.085506439208984,7.829624176025391,14.046494483947754,7.788662433624268,21.369367599487305,12.919145584106445,
2006-05-24,,32.84675598144531,16.426647186279297,,654.947265625,14.435850143432617,14.83565616607666,17.77688217163086,23.024057388305664,7.9068756103515625,14.153267860412598,7.816397666931152,21.433452606201172,12.938613891601562,
2006-05-25,,33.46991729736328,16.57944679260254,,682.13818359375,14.435850143432617,15.355708122253418,17.936092376708984,23.181102752685547,7.980265140533447,14.289702415466309,7.8895158767700195,21.632843017578125,13.06317138671875,
2006-05-26,,33.786354064941406,16.698503494262695,,683.641357421875,14.520769119262695,15.406044006347656,18.08432388305664,23.310834884643555,8.018895149230957,14.289702415466309,7.975244045257568,21.753889083862305,13.105987548828125,
2006-05-30,,33.51860046386719,16.357189178466797,,671.480712890625,14.278754234313965,15.1627836227417,17.8153076171875,23.010395050048828,7.860525131225586,14.111748695373535,7.894561767578125,21.46906280517578,12.907471656799316,
2006-05-31,,33.46991729736328,16.6588134765625,,693.1602783203125,14.448586463928223,15.531861305236816,17.94158172607422,23.17426872253418,7.891429901123047,14.165135383605957,8.025673866271973,21.604352951049805,13.047595977783203,
2006-06-01,,34.170963287353516,16.960433959960938,,694.7998657226562,14.699091911315918,15.57380485534668,18.150211334228516,23.413244247436523,8.026620864868164,14.242243766784668,8.106362342834473,21.910545349121094,13.250005722045898,
2006-06-02,,34.54094314575195,16.996156692504883,,707.5526733398438,14.69059944152832,15.805872917175293,18.254514694213867,23.447389602661133,7.999579906463623,14.212594032287598,8.204695701599121,21.996000289916992,13.222753524780273,
2006-06-05,,34.58964538574219,16.49609375,,683.3543701171875,14.278754234313965,15.30817985534668,17.95805549621582,22.942129135131836,7.879838466644287,14.010909080505371,8.106362342834473,21.654197692871094,13.012567520141602,
2006-06-06,,34.24397277832031,16.46633529663086,,680.393310546875,14.282999992370605,15.294201850891113,17.91413688659668,22.853361129760742,7.879838466644287,14.052434921264648,8.121488571166992,21.68981170654297,12.946393013000488,
2006-06-07,,34.38031005859375,16.30360984802246,,646.86572265625,13.973052978515625,14.707039833068848,17.97452735900879,22.600709915161133,7.771678924560547,14.046494483947754,8.091227531433105,21.789493560791016,12.950291633605957,
2006-06-08,,34.22450637817383,16.291711807250977,,654.3821411132812,13.905119895935059,14.913945198059082,18.007469177246094,22.61437225341797,7.733057975769043,14.093951225280762,8.118968963623047,21.82509994506836,12.930826187133789,
2006-06-09,,34.54094314575195,16.248044967651367,,648.2319946289062,13.828695297241211,14.762957572937012,17.947078704833984,22.423185348510742,7.702157020568848,14.105817794799805,8.187045097351074,21.668441772460938,12.899681091308594,
2006-06-12,,34.03463363647461,15.956343650817871,,619.8522338867188,13.539977073669434,14.460989952087402,17.749431610107422,22.143234252929688,7.559236526489258,14.022772789001465,8.204695701599121,21.44770050048828,12.728416442871094,
2006-06-13,,33.59163284301758,15.857125282287598,,601.8867797851562,13.514504432678223,14.033201217651367,17.40355682373047,22.07495880126953,7.566959381103516,13.975322723388672,8.106362342834473,21.390735626220703,12.627208709716797,
2006-06-14,,33.53805160522461,15.990091323852539,,618.152587890625,13.697072982788086,14.393885612487793,17.299243927001953,22.26615333557129,7.617173671722412,14.03464412689209,8.045845031738281,21.426332473754883,12.68559741973877,
2006-06-15,,34.122276306152344,16.559589385986328,,652.4616088867188,14.138640403747559,14.941898345947266,17.683551788330078,22.77141571044922,7.810308933258057,14.147335052490234,8.169397354125977,21.68981170654297,12.961959838867188,
2006-06-16,,34.21477508544922,16.58738136291504,,646.9943237304688,14.011265754699707,14.901772499084473,17.571449279785156,22.767993927001953,7.7987213134765625,14.16344165802002,8.164053916931152,21.66193199157715,12.931147575378418,
2006-06-19,,33.90806198120117,16.488162994384766,,623.0731811523438,13.934840202331543,14.340497016906738,17.44997215270996,22.590009689331055,7.763960361480713,14.109772682189941,8.052183151245117,21.497547149658203,12.860931396484375,
2006-06-20,,33.698734283447266,16.57944679260254,,608.0833129882812,13.896629333496094,14.27315616607666,17.499664306640625,22.562633514404297,7.752373218536377,14.211155891418457,8.072526931762695,21.4189395904541,12.814123153686523,
2006-06-21,,34.12714385986328,17.03783416748047,,626.4911499023438,14.130149841308594,14.593072891235352,17.643239974975586,22.829599380493164,7.852804183959961,14.26481819152832,8.064894676208496,21.526138305664062,12.938948631286621,
2006-06-22,,33.883453369140625,16.9907283782959,29.771656036376953,630.22705078125,13.951822280883789,14.654810905456543,17.576974868774414,22.69269371032715,7.760092735290527,14.240964889526367,8.036931037902832,21.4046573638916,12.837530136108398,14.350921630859375
2006-06-23,20.4317684173584,33.75568389892578,17.08016014099121,29.38604164123535,641.3900756835938,13.777746200561523,14.980358123779297,17.461008071899414,22.754308700561523,7.736921310424805,14.193263053894043,8.049640655517578,21.426090240478516,12.82582950592041,14.416643142700195
2006-06-26,20.730478286743164,34.09470748901367,17.052337646484375,29.703216552734375,648.0875854492188,13.892382621765137,15.14592456817627,17.615633010864258,22.81591796875,7.752373218536377,14.27078628540039,8.082696914672852,21.347482681274414,12.892142295837402,14.416643142700195
2006-06-27,20.7802677154541,34.02592849731445,16.823810577392578,29.51043128967285,639.2031860351562,13.624897956848145,15.173994064331055,17.44443702697754,22.603702545166016,7.648077487945557,14.205184936523438,8.052183151245117,21.12592315673828,12.72830867767334,14.146018028259277
2006-06-28,20.7802677154541,34.14384841918945,16.889389038085938,29.460681915283203,646.79150390625,13.663107872009277,15.434980392456055,17.538318634033203,22.672155380249023,7.698294162750244,14.27078628540039,8.075067520141602,21.12592315673828,12.740010261535645,14.142154693603516
2006-06-29,20.8001766204834,34.84157180786133,17.471633911132812,30.113698959350586,675.6876831054688,14.040987014770508,15.872774124145508,17.908300399780273,23.151336669921875,7.895288944244385,14.497397422790527,8.179308891296387,21.49040985107422,13.016962051391602,14.501702308654785
2006-06-30,21.15863037109375,35.008628845214844,17.590871810913086,29.970651626586914,681.0205078125,13.973052978515625,15.926097869873047,17.85860252380371,23.144493103027344,7.852804183959961,14.425837516784668,8.209821701049805,21.611906051635742,13.02476692199707,14.544220924377441
2006-07-03,21.208415985107422,35.64246368408203,17.78960418701172,30.182106018066406,691.4117431640625,14.15562629699707,16.09728240966797,18.068443298339844,23.226633071899414,7.910737037658691,14.509331703186035,8.30135440826416,21.654787063598633,13.044271469116211,14.544220924377441
2006-07-05,20.810136795043945,35.61297607421875,17.578948974609375,29.821380615234375,689.361328125,13.765007972717285,16.17024803161621,17.897262573242188,23.055505752563477,7.787134647369385,14.390053749084473,8.245414733886719,21.633350372314453,12.923346519470215,14.358650207519531
2006-07-06,20.670738220214844,35.72108840942383,17.45375633239746,29.883577346801758,676.5079345703125,13.72254753112793,16.12816047668457,17.952484130859375,23.117115020751953,7.794857501983643,14.557036399841309,8.202193260192871,21.71196174621582,12.931147575378418,14.439838409423828
2006-07-07,20.292367935180664,35.57366180419922,17.298751831054688,29.678359985351562,659.8269653320312,13.501766204833984,15.909257888793945,17.864120483398438,22.77484130859375,7.717605113983154,14.527220726013184,8.265752792358398,21.733394622802734,12.833630561828613,14.327718734741211
2006-07-10,20.45168685913086,35.94218444824219,17.376245498657227,29.765422821044922,660.8750610351562,13.200310707092285,15.9569673538208,17.98560905456543,22.83645248413086,7.628763675689697,14.616677284240723,8.311519622802734,21.812013626098633,12.849231719970703,14.420504570007324
2006-07-11,20.003618240356445,35.93234634399414,17.358369827270508,29.84004783630371,679.78955078125,13.590927124023438,16.248823165893555,17.99113655090332,22.89805030822754,7.659663677215576,14.694199562072754,8.375083923339844,21.86204719543457,12.837530136108398,14.420504570007324
2006-07-12,20.003618240356445,36.089595794677734,17.129840850830078,29.454456329345703,680.0631103515625,13.225784301757812,16.19270133972168,17.814428329467773,22.665313720703125,7.520606994628906,14.574922561645508,8.334403991699219,21.783432006835938,12.634685516357422,14.0841646194458
2006-07-13,19.71486473083496,35.52946853637695,16.585342407226562,29.118614196777344,665.4326171875,13.02198600769043,16.038345336914062,17.532793045043945,22.220352172851562,7.397002696990967,14.455650329589844,8.303893089294434,21.554731369018555,12.404541015625,13.879257202148438
2006-07-14,19.306629180908203,35.05284118652344,16.327001571655273,29.106185913085938,669.0789184570312,13.043214797973633,16.226377487182617,17.461008071899414,21.905458450317383,7.37769079208374,14.312533378601074,8.303893089294434,21.4189395904541,12.244607925415039,13.682085990905762
2006-07-17,19.306629180908203,35.02826690673828,16.233600616455078,29.230560302734375,638.2229614257812,12.97952651977539,15.701592445373535,17.494140625,21.830167770385742,7.400867938995361,14.34831428527832,8.326777458190918,21.504701614379883,12.330425262451172,13.732343673706055
2006-07-18,19.286712646484375,35.44591522216797,16.38463020324707,29.4420223236084,629.700439453125,13.04746150970459,15.72124195098877,17.532793045043945,21.932849884033203,7.41631555557251,14.413904190063477,8.33948802947998,21.504701614379883,12.25631046295166,13.535170555114746
2006-07-19,19.38628387451172,36.29104995727539,16.76617431640625,30.188325881958008,641.7324829101562,13.162099838256836,15.884001731872559,17.99664878845215,22.3778018951416,7.524476051330566,14.592814445495605,8.466618537902832,22.012123107910156,12.502063751220703,13.859929084777832
2006-07-20,19.187145233154297,35.84391784667969,15.997126579284668,29.97686004638672,612.1066284179688,12.77148151397705,15.499528884887695,17.92487144470215,21.919151306152344,7.41631555557251,14.604745864868164,8.486958503723145,22.033565521240234,12.338226318359375,13.685958862304688
2006-07-21,19.187145233154297,35.175682067871094,15.873915672302246,29.71566390991211,592.5087890625,12.389355659484863,15.289051055908203,17.82547378540039,21.700105667114258,7.339064598083496,14.574922561645508,8.507294654846191,22.133617401123047,12.225103378295898,13.511981964111328
2006-07-24,19.167232513427734,35.789859771728516,16.277320861816406,30.057729721069336,611.1954345703125,12.635614395141602,15.749292373657227,18.057392120361328,22.056060791015625,7.451082229614258,14.68227481842041,8.586115837097168,22.562427520751953,12.490360260009766,13.813533782958984
2006-07-25,19.197101593017578,36.03553771972656,15.997126579284668,30.206985473632812,635.6253662109375,12.856398582458496,16.02431297302246,18.10157585144043,21.994457244873047,7.532196521759033,14.753829956054688,8.621711730957031,22.755388259887695,12.603480339050293,13.944978713989258
2006-07-26,19.197101593017578,36.18787384033203,15.593716621398926,30.213211059570312,655.1778564453125,12.9073486328125,16.347049713134766,18.079483032226562,21.713787078857422,7.551510810852051,14.68227481842041,8.652220726013184,22.862590789794922,12.459153175354004,13.666624069213867
2006-07-27,19.197101593017578,35.917606353759766,15.369156837463379,29.908462524414062,649.7904663085938,12.975282669067383,16.206724166870117,17.974573135375977,21.67271614074707,7.528334617614746,14.58685302734375,8.583572387695312,22.748247146606445,12.431843757629395,13.484915733337402
2006-07-28,18.948179244995117,36.453189849853516,15.768583297729492,30.517948150634766,645.4149780273438,13.340423583984375,16.212345123291016,18.29485321044922,21.919151306152344,7.659663677215576,14.724020004272461,8.642048835754395,22.869733810424805,12.583976745605469,13.643428802490234
2006-07-31,18.908348083496094,36.2861328125,15.609621047973633,30.238080978393555,664.421142578125,13.38288402557373,16.45930290222168,18.267240524291992,21.830167770385742,7.648077487945557,14.652448654174805,8.603912353515625,22.791120529174805,12.591779708862305,13.771007537841797
2006-08-01,18.71916389465332,36.114158630371094,15.319476127624512,29.98931312561035,668.0409545898438,13.017742156982422,16.478946685791016,18.21202278137207,21.69325828552246,7.539923191070557,14.580892562866211,8.710700035095215,22.791120529174805,12.474757194519043,13.496517181396484
2006-08-02,18.66938018798828,36.114158630371094,15.434735298156738,30.126144409179688,670.5845336914062,13.200310707092285,16.51262092590332,18.245159149169922,21.830167770385742,7.632625102996826,14.712088584899902,8.703073501586914,22.934059143066406,12.576173782348633,13.546773910522461
2006-08-03,18.66938018798828,36.502315521240234,15.82423210144043,30.524168014526367,658.3971557617188,13.314948081970215,16.369497299194336,18.322463989257812,22.00814437866211,7.655808448791504,14.74787712097168,8.659852027893066,22.733938217163086,12.654191017150879,13.856067657470703
2006-08-04,18.66938018798828,37.0477180480957,15.62153148651123,30.517948150634766,641.0254516601562,13.28098201751709,16.23198699951172,18.361112594604492,21.94654083251953,7.632625102996826,14.753829956054688,8.662388801574707,22.741098403930664,12.65809154510498,13.87539005279541
2006-08-07,18.918304443359375,36.64480972290039,15.396979331970215,30.374919891357422,644.5540161132812,13.204557418823242,16.403167724609375,18.322463989257812,21.857547760009766,7.605592250823975,14.718053817749023,8.560688972473145,22.66963005065918,12.63078784942627,13.82513427734375
2006-08-08,19.02783203125,36.04538345336914,15.277750015258789,30.206985473632812,634.70556640625,13.174836158752441,16.307756423950195,18.189931869506836,21.665870666503906,7.578547954559326,14.78365707397461,8.642048835754395,22.66248321533203,12.502063751220703,13.604768753051758
2006-08-09,19.02783203125,35.71126174926758,14.844541549682617,29.871139526367188,635.89111328125,13.183327674865723,16.445266723632812,17.974573135375977,21.330448150634766,7.624903202056885,14.688237190246582,8.644594192504883,22.683931350708008,12.330425262451172,13.461715698242188
2006-08-10,18.948179244995117,35.78495407104492,15.0372953414917,30.051511764526367,634.0218505859375,13.476290702819824,16.310565948486328,18.06291961669922,21.50157928466797,7.655808448791504,14.843286514282227,8.631879806518555,22.66248321533203,12.498160362243652,13.771007537841797
2006-08-11,18.7291202545166,35.49013900756836,14.772993087768555,29.964420318603516,627.6380004882812,13.005002975463867,16.318984985351562,18.007701873779297,21.378368377685547,7.613312244415283,14.813461303710938,8.611539840698242,22.55528450012207,12.494255065917969,13.689821243286133
2006-08-14,18.7291202545166,35.81934356689453,14.842549324035645,29.95199203491211,615.05322265625,13.242769241333008,15.982223510742188,18.029781341552734,21.419437408447266,7.678977012634277,14.843286514282227,8.670014381408691,22.605308532714844,12.529362678527832,13.794200897216797
2006-08-15,18.7291202545166,36.23700714111328,15.281718254089355,30.418432235717773,624.218505859375,13.569700241088867,16.063608169555664,18.33350372314453,21.80963706970215,7.856662273406982,14.938703536987305,8.725954055786133,22.79827117919922,12.7048978805542,14.076431274414062
2006-08-16,19.814434051513672,36.335262298583984,15.7626371383667,30.592575073242188,631.5134887695312,13.990036964416504,15.996259689331055,18.432903289794922,22.2956600189209,7.980265140533447,14.956602096557617,8.644594192504883,22.998382568359375,12.833630561828613,14.347058296203613
2006-08-17,19.814434051513672,36.374568939208984,15.730827331542969,30.598819732666016,620.1144409179688,14.002774238586426,15.884001731872559,18.4936466217041,22.32303810119629,8.015033721923828,14.932738304138184,8.63442611694336,23.055557250976562,12.911641120910645,14.428247451782227
2006-08-18,20.252546310424805,36.384403228759766,15.639423370361328,30.598819732666016,634.70556640625,14.07495403289795,16.130952835083008,18.52125358581543,22.268274307250977,8.045929908752441,15.022191047668457,8.731038093566895,23.09128761291504,12.907746315002441,14.4359769821167
2006-08-21,19.864219665527344,36.5956916809082,15.319476127624512,30.374919891357422,639.675537109375,13.8414306640625,16.23759651184082,18.449472427368164,22.06975555419922,7.991854667663574,15.057977676391602,8.748838424682617,23.012678146362305,12.767313957214355,14.22720718383789
2006-08-22,19.943878173828125,36.92488479614258,15.341341018676758,30.443309783935547,638.809326171875,13.786237716674805,16.347049713134766,18.443946838378906,22.138216018676758,7.995718479156494,15.04604434967041,8.779348373413086,23.08414077758789,12.755614280700684,14.153753280639648
2006-08-23,19.724822998046875,36.512149810791016,15.22210693359375,30.088825225830078,625.5862426757812,13.756516456604004,16.004676818847656,18.38872718811035,21.973920822143555,7.957091808319092,14.998340606689453,8.687816619873047,23.069847106933594,12.642484664916992,13.964310646057129
2006-08-24,19.585426330566406,36.68413543701172,15.075057983398438,30.13858413696289,631.5134887695312,13.892382621765137,16.212345123291016,18.449472427368164,21.857547760009766,7.987990379333496,15.075871467590332,8.723408699035645,23.22708511352539,12.576173782348633,13.771007537841797
2006-08-25,19.555551528930664,36.64480972290039,15.086973190307617,30.007976531982422,637.897216796875,13.913612365722656,16.338623046875,18.35007095336914,21.864397048950195,8.011168479919434,15.052017211914062,8.723408699035645,23.24137306213379,12.576173782348633,13.72847843170166
2006-08-28,19.854263305664062,37.09687042236328,15.323451042175293,30.22562599182129,619.3844604492188,14.113166809082031,16.10289192199707,18.48259925842285,21.953378677368164,8.084558486938477,15.111644744873047,8.789514541625977,23.391460418701172,12.70100212097168,13.863794326782227
2006-08-29,19.854263305664062,37.09687042236328,15.33139705657959,30.126144409179688,626.9541015625,14.393394470214844,16.001867294311523,18.405290603637695,22.00814437866211,8.15794563293457,15.165314674377441,8.79714584350586,23.498655319213867,12.7946195602417,13.979776382446289
2006-08-30,20.332199096679688,37.36708068847656,15.241982460021973,30.39356231689453,614.3678588867188,14.584454536437988,15.732452392578125,18.46051025390625,22.028684616088867,8.215890884399414,15.207066535949707,8.75137996673584,23.51295280456543,12.802417755126953,14.026166915893555
2006-08-31,20.30232810974121,37.36708068847656,15.305571556091309,30.45575523376465,614.8692626953125,14.474063873291016,15.623006820678711,18.48259925842285,22.076602935791016,8.184992790222168,15.218994140625,8.840370178222656,23.441484451293945,12.84142780303955,14.049367904663086
2006-09-01,20.421812057495117,37.18037414550781,15.391018867492676,30.437101364135742,630.5053100585938,14.367916107177734,15.855929374694824,18.510217666625977,22.234041213989258,8.219754219055176,15.302481651306152,8.847996711730957,23.5629825592041,12.946748733520508,14.12282657623291
2006-09-05,20.541297912597656,37.49485397338867,15.385055541992188,30.505510330200195,642.8203125,14.495290756225586,16.063608169555664,18.576486587524414,22.28196907043457,8.262243270874023,15.248810768127441,8.753922462463379,23.455778121948242,12.985759735107422,14.2310791015625
2006-09-06,20.053401947021484,37.30321502685547,15.067103385925293,30.318923950195312,618.0527954101562,14.040987014770508,15.519166946411133,18.515735626220703,22.049217224121094,8.127046585083008,15.207066535949707,8.720867156982422,23.370010375976562,12.82582950592041,14.049367904663086
2006-09-07,19.784563064575195,37.06244659423828,15.08300495147705,30.02040672302246,616.4566040039062,13.930597305297852,15.533203125,18.372156143188477,21.994457244873047,8.08069896697998,15.153392791748047,8.733579635620117,23.198490142822266,12.868734359741211,14.076431274414062
2006-09-08,20.07331657409668,37.440818786621094,14.993577003479004,30.07015609741211,599.5797729492188,14.1428861618042,15.140314102172852,18.477075576782227,22.035526275634766,8.146361351013184,15.230920791625977,8.733579635620117,23.384313583374023,12.985759735107422,14.304533004760742
2006-09-11,20.182846069335938,37.49485397338867,15.106843948364258,30.101259231567383,573.808349609375,14.278754234313965,14.671651840209961,18.488128662109375,22.056060791015625,8.215890884399414,15.344230651855469,8.703073501586914,23.53438949584961,13.08718204498291,14.455307960510254
2006-09-12,20.491512298583984,37.98127746582031,15.623523712158203,30.49930191040039,569.4755249023438,14.677863121032715,14.579030990600586,18.7255802154541,22.261425018310547,8.358811378479004,15.350186347961426,8.657306671142578,23.805978775024414,13.391438484191895,14.834178924560547
2006-09-13,20.85991859436035,38.32522964477539,15.915648460388184,30.729402542114258,586.707275390625,14.622663497924805,14.882121086120605,18.86363410949707,22.487329483032227,8.358811378479004,15.236884117126465,8.675106048583984,23.755943298339844,13.446056365966797,14.892181396484375
2006-09-14,21.00927734375,38.32522964477539,15.79442310333252,30.71697235107422,569.1423950195312,14.609929084777832,14.550981521606445,18.90781021118164,22.384658813476562,8.378122329711914,15.314416885375977,8.639503479003906,23.72736167907715,13.410945892333984,14.903770446777344
2006-09-15,21.14867401123047,38.423492431640625,15.760638236999512,30.79343605041504,571.2865600585938,14.584454536437988,14.600821495056152,18.9655704498291,22.500150680541992,8.399022102355957,15.331192016601562,8.642587661743164,23.765365600585938,13.468006134033203,14.971455574035645
2006-09-18,20.989360809326172,38.2024040222168,15.780523300170898,30.630483627319336,589.9461059570312,14.711832046508789,14.952816009521484,18.943344116210938,22.555139541625977,8.395153045654297,15.27125072479248,8.616950988769531,23.758193969726562,13.397659301757812,14.967586517333984
2006-09-19,20.411855697631836,38.44807815551758,15.782502174377441,30.536474227905273,580.0919189453125,14.431602478027344,14.727538108825684,18.97667121887207,22.46576690673828,8.356447219848633,15.30721664428711,8.634893417358398,23.794055938720703,13.425015449523926,15.072004318237305
2006-09-20,20.720523834228516,38.32522964477539,15.814301490783691,31.019075393676758,558.9230346679688,14.571715354919434,14.333305358886719,19.104400634765625,22.58951187133789,8.491917610168457,15.397116661071777,8.622077941894531,23.887277603149414,13.522725105285645,15.31567096710205
2006-09-21,20.51142692565918,37.93214416503906,15.55595874786377,30.655546188354492,570.28271484375,14.19808292388916,14.516342163085938,18.97112274169922,22.376392364501953,8.410633087158203,15.259265899658203,8.609260559082031,23.73668098449707,13.448463439941406,15.133892059326172
2006-09-22,20.4317684173584,38.1286735534668,15.47050666809082,30.448711395263672,562.6182861328125,14.159871101379395,14.454385757446289,19.004446029663086,22.266401290893555,8.360322952270508,15.27125072479248,8.599013328552246,23.586088180541992,13.43674087524414,15.10682201385498
2006-09-25,20.70060920715332,38.10413360595703,15.542052268981934,30.856107711791992,566.1768798828125,14.529257774353027,14.474100112915039,19.19881820678711,22.534509658813477,8.511266708374023,15.175363540649414,8.71947193145752,23.679309844970703,13.643880844116211,15.365948677062988
2006-09-26,20.939577102661133,38.10807800292969,15.931735038757324,30.837318420410156,577.1268310546875,14.59719181060791,14.79231071472168,19.30432891845703,22.81635856628418,8.565449714660645,15.193345069885254,8.706659317016602,23.700830459594727,13.761130332946777,15.389147758483887
2006-09-27,20.62095069885254,38.44031524658203,16.04119873046875,31.000288009643555,586.9159545898438,14.503783226013184,15.037297248840332,19.215473175048828,22.871362686157227,8.499655723571777,15.2892427444458,8.82712459564209,23.765365600585938,13.737680435180664,15.33113956451416
2006-09-28,20.87983512878418,38.30643081665039,15.995420455932617,30.96892738342285,584.4059448242188,14.711832046508789,14.989419937133789,19.282119750976562,23.02947425842285,8.542230606079102,15.253276824951172,8.798930168151855,23.722341537475586,13.733770370483398,15.404620170593262
2006-09-29,20.88979148864746,38.25684356689453,15.939697265625,30.611675262451172,592.6207885742188,14.558977127075195,15.051371574401855,19.22658920288086,22.91948127746582,8.515137672424316,15.211322784423828,8.711786270141602,23.801227569580078,13.659515380859375,15.19577407836914
2006-10-02,20.62095069885254,38.24692916870117,15.86605167388916,30.279489517211914,575.7339477539062,14.478307723999023,14.879602432250977,19.182161331176758,22.988222122192383,8.453210830688477,15.109431266784668,8.775862693786621,23.66496467590332,13.690781593322754,15.238320350646973
2006-10-03,20.85991859436035,38.618839263916016,16.019304275512695,30.31708335876465,550.0851440429688,14.372161865234375,14.333305358886719,19.370973587036133,23.13258934020996,8.499655723571777,15.127411842346191,8.811745643615723,23.73668098449707,13.808032989501953,15.454900741577148
2006-10-04,21.407556533813477,39.05025863647461,16.391477584838867,30.599123001098633,559.5328369140625,14.626914024353027,14.544500350952148,19.604230880737305,23.4763126373291,8.63125228881836,15.2892427444458,8.847628593444824,23.944643020629883,14.00735092163086,15.737242698669434
2006-10-05,21.56686782836914,39.28828048706055,16.534772872924805,30.80597496032715,573.4524536132812,14.516519546508789,14.823280334472656,19.59311866760254,23.593177795410156,8.627379417419434,15.229300498962402,8.819433212280273,23.944643020629883,14.046432495117188,15.721772193908691
2006-10-06,21.45734214782715,39.000667572021484,16.353660583496094,30.605403900146484,570.4856567382812,14.423113822937012,14.837355613708496,19.52647590637207,23.545063018798828,8.63125228881836,15.145402908325195,8.770736694335938,23.851415634155273,14.019074440002441,15.55545711517334
2006-10-09,21.45734214782715,39.263465881347656,16.395456314086914,30.96892738342285,560.2166748046875,14.56747055053711,14.614901542663574,19.582019805908203,23.572551727294922,8.654475212097168,15.19933795928955,8.763046264648438,23.801227569580078,14.116789817810059,15.659886360168457
2006-10-10,21.258203506469727,39.278350830078125,16.59846305847168,30.943870544433594,573.2241821289062,14.512274742126465,14.888051986694336,19.582019805908203,23.606924057006836,8.662219047546387,15.145402908325195,8.82712459564209,23.700830459594727,14.20277214050293,15.644415855407715
2006-10-11,20.959491729736328,39.174224853515625,16.42131805419922,30.837318420410156,559.7606201171875,14.703337669372559,14.65149974822998,19.53203773498535,23.61380958557129,8.658346176147461,15.169371604919434,8.847628593444824,23.69365692138672,14.167596817016602,15.632813453674316
2006-10-12,21.228330612182617,39.54612731933594,16.648216247558594,31.113079071044922,574.1370239257812,14.970827102661133,14.99505615234375,19.63755226135254,23.81316375732422,8.7860746383667,15.193345069885254,8.84506607055664,23.837068557739258,14.355188369750977,15.984763145446777
2006-10-13,21.307987213134766,39.92795181274414,16.676082611083984,31.2697811126709,583.4927368164062,15.072725296020508,15.200621604919434,19.709747314453125,23.758169174194336,8.828653335571289,15.163374900817871,8.855317115783691,23.758193969726562,14.31611156463623,16.004100799560547
2006-10-16,21.28807258605957,40.09654235839844,16.926843643188477,31.194568634033203,600.6072998046875,15.166133880615234,15.558253288269043,19.604230880737305,23.916275024414062,8.824773788452148,15.187350273132324,8.898886680603027,23.794055938720703,14.304384231567383,16.03504180908203
2006-10-17,21.00927734375,39.89820861816406,16.618356704711914,31.056669235229492,593.7614135742188,14.817975044250488,15.389291763305664,19.604230880737305,23.785659790039062,8.751237869262695,15.157378196716309,8.937331199645996,23.858585357666016,14.253576278686523,15.87646484375
2006-10-18,20.899749755859375,40.14118957519531,16.47506332397461,31.0880126953125,585.9117431640625,14.461326599121094,15.290735244750977,19.659770965576172,23.723798751831055,8.728014945983887,15.21731948852539,9.03472900390625,24.116748809814453,14.265298843383789,15.880341529846191
2006-10-19,21.178544998168945,40.04201126098633,16.70990753173828,30.9626522064209,606.3123779296875,14.380654335021973,15.606123924255371,19.53203773498535,23.668798446655273,8.755111694335938,15.253276824951172,9.070610046386719,24.09524154663086,14.257486343383789,15.806855201721191
2006-10-20,21.168588638305664,39.9924201965332,16.8691349029541,30.536474227905273,593.3049926757812,14.274508476257324,15.403373718261719,19.509817123413086,23.565670013427734,8.809300422668457,15.30721664428711,9.126996994018555,24.281686782836914,14.237942695617676,15.806855201721191
2006-10-23,21.646522521972656,40.18083953857422,16.773603439331055,30.643007278442383,592.3472900390625,14.372161865234375,15.431533813476562,19.63755226135254,23.689430236816406,8.863485336303711,15.457050323486328,9.137249946594238,24.346221923828125,14.425537109375,16.089197158813477
2006-10-24,21.636566162109375,40.066795349121094,16.900970458984375,30.536474227905273,613.842529296875,14.159871101379395,15.71312427520752,19.63199806213379,23.703166961669922,8.801555633544922,15.409101486206055,9.144940376281738,24.26734733581543,14.480255126953125,16.050519943237305
2006-10-25,22.024890899658203,40.27012634277344,17.058195114135742,30.548995971679688,628.6753540039062,14.452834129333496,15.983451843261719,19.715301513671875,23.723798751831055,8.878968238830566,15.510993003845215,9.242335319519043,24.12392234802246,14.429452896118164,15.919013023376465
2006-10-26,22.393301010131836,40.66181564331055,17.096010208129883,30.812238693237305,630.455322265625,14.6014404296875,15.946849822998047,19.854141235351562,23.7169246673584,8.92541217803955,15.612881660461426,9.20132827758789,24.21714973449707,14.628772735595703,16.201343536376953
2006-10-27,22.114503860473633,40.399044036865234,16.946754455566406,30.567790985107422,615.0751953125,14.244787216186523,15.817317962646484,19.704185485839844,23.545063018798828,8.809300422668457,15.558938980102539,9.168004989624023,24.116748809814453,14.484167098999023,15.969297409057617
2006-10-30,22.134416580200195,40.78583526611328,17.08208465576172,30.61792755126953,605.6279907226562,14.33819580078125,15.532909393310547,19.709747314453125,23.620683670043945,8.840256690979004,15.49301528930664,9.162882804870605,23.980499267578125,14.57405948638916,16.131731033325195
2006-10-31,22.27381706237793,40.736244201660156,16.863162994384766,30.586606979370117,611.6250610351562,14.435850143432617,15.693415641784668,19.676427841186523,23.565670013427734,8.851874351501465,15.481030464172363,9.173135757446289,23.880096435546875,14.542792320251465,16.007976531982422
2006-11-01,21.78592300415039,40.38911819458008,16.65418243408203,30.179201126098633,601.26416015625,14.130149841308594,15.532909393310547,19.55424690246582,23.44882583618164,8.813169479370117,15.361157417297363,9.229516983032227,23.707990646362305,14.429452896118164,15.652146339416504
2006-11-02,22.09459114074707,39.61060333251953,16.586515426635742,30.085176467895508,600.474365234375,14.03249740600586,15.59486198425293,19.49870491027832,23.3663272857666,8.758978843688965,15.337182998657227,9.185948371887207,23.837068557739258,14.41381549835205,15.55159854888916
2006-11-03,21.91536521911621,39.22380065917969,16.45716094970703,30.179201126098633,620.1964721679688,13.994283676147461,15.9384126663208,19.49870491027832,23.318204879760742,8.758978843688965,15.265264511108398,9.119312286376953,23.715167999267578,14.304384231567383,15.41235637664795
2006-11-06,22.28377342224121,39.56098556518555,16.76365089416504,30.42989158630371,629.8020629882812,14.261772155761719,16.053855895996094,19.726411819458008,23.524429321289062,8.863485336303711,15.31920051574707,9.078301429748535,24.002016067504883,14.480255126953125,15.586400985717773
2006-11-07,22.42317008972168,39.189090728759766,16.845243453979492,30.48632049560547,625.3736572265625,14.414620399475098,15.929952621459961,19.770841598510742,23.79253578186035,8.909931182861328,15.34317684173584,9.047545433044434,24.188474655151367,14.51933765411377,15.706302642822266
2006-11-08,22.622310638427734,39.278350830078125,16.87111473083496,30.69314193725586,638.7505493164062,14.376410484313965,16.197473526000977,19.854141235351562,23.826923370361328,8.917671203613281,15.397116661071777,9.137249946594238,23.822734832763672,14.589694023132324,15.802990913391113
2006-11-09,22.343517303466797,39.377532958984375,16.701955795288086,30.417362213134766,638.5587768554688,14.096183776855469,16.3326473236084,19.720857620239258,23.68255043029785,8.913799285888672,15.30721664428711,9.134690284729004,23.26337242126465,14.542792320251465,15.694701194763184
2006-11-10,22.56256675720215,39.54612731933594,16.906936645507812,30.605403900146484,627.78369140625,14.261772155761719,16.177772521972656,19.88190460205078,23.7169246673584,8.937026977539062,15.313204765319824,9.20389175415039,23.29923439025879,14.589694023132324,15.969297409057617
2006-11-13,22.751750946044922,39.615543365478516,17.062183380126953,30.881183624267578,625.8663940429688,14.529257774353027,16.14961051940918,19.859697341918945,23.902538299560547,9.014433860778809,15.265264511108398,9.20132827758789,23.34225845336914,14.609230995178223,15.868738174438477
2006-11-14,23.05046272277832,40.027137756347656,17.026355743408203,31.25724983215332,630.75146484375,14.975069999694824,16.24534797668457,19.976316452026367,23.978147506713867,9.080229759216309,15.30721664428711,9.224394798278809,23.535888671875,14.76947021484375,16.197481155395508
2006-11-15,23.22968864440918,40.116390228271484,17.237327575683594,31.49542236328125,642.9415893554688,15.06423568725586,16.397411346435547,19.948556900024414,24.21188735961914,9.099588394165039,15.385133743286133,9.193639755249023,23.65061378479004,14.824186325073242,16.127866744995117
2006-11-16,23.0604190826416,40.31473159790039,17.434350967407227,31.601964950561523,619.8396606445312,15.051497459411621,15.946849822998047,20.14293098449707,24.321866989135742,9.134421348571777,15.49301528930664,9.226957321166992,23.751020431518555,14.92189884185791,16.12012481689453
2006-11-17,23.070375442504883,40.26516342163086,17.314945220947266,31.51422882080078,624.8158569335938,14.979314804077148,16.079204559326172,19.992984771728516,24.33562660217285,9.14990520477295,15.516989707946777,9.237214088439941,23.822734832763672,14.894543647766113,15.969297409057617
2006-11-20,23.01063346862793,41.53955841064453,17.26717185974121,31.601964950561523,628.51416015625,15.123677253723145,16.03696632385254,20.1207218170166,24.253129959106445,9.14990520477295,15.46904182434082,9.206450462341309,23.765365600585938,14.835914611816406,15.8958101272583
2006-11-21,23.259559631347656,42.2486572265625,17.32489013671875,31.470340728759766,640.11083984375,14.881659507751465,16.3326473236084,20.08739471435547,24.33562660217285,9.146034240722656,15.445064544677734,9.221833229064941,23.729503631591797,14.878905296325684,15.97702693939209
2006-11-22,23.657840728759766,42.36766815185547,17.4005184173584,31.3763370513916,640.0106201171875,15.06423568725586,16.236900329589844,20.1096134185791,24.431869506835938,9.215703964233398,15.481030464172363,9.242335319519043,23.779706954956055,14.910170555114746,16.08531951904297
2006-11-24,23.488571166992188,42.57097625732422,17.29901885986328,31.357524871826172,640.6039428710938,15.004793167114258,16.20310401916504,20.009645462036133,24.383745193481445,9.196344375610352,15.421087265014648,9.278216361999512,23.679309844970703,14.832011222839355,16.023441314697266
2006-11-27,22.73183822631836,41.41557693481445,17.099998474121094,30.76836395263672,631.1528930664062,14.707582473754883,16.12989616394043,19.698646545410156,23.991891860961914,8.979598045349121,15.229300498962402,9.175698280334473,23.52153778076172,14.61705207824707,15.714032173156738
2006-11-28,22.532697677612305,41.52964401245117,16.972625732421875,30.812238693237305,641.9739990234375,14.631155967712402,16.38896369934082,19.73196792602539,23.964401245117188,9.026047706604004,15.295225143432617,9.242335319519043,23.571741104125977,14.609230995178223,15.65601921081543
2006-11-29,22.831409454345703,42.14949035644531,16.97859764099121,31.182037353515625,666.3443603515625,14.546241760253906,16.90991973876953,19.854141235351562,24.156888961791992,9.08410358428955,15.427083969116211,9.357670783996582,23.73668098449707,14.710846900939941,15.930608749389648
2006-11-30,23.120159149169922,42.62057113647461,16.87708854675293,31.100547790527344,667.4404296875,14.669368743896484,17.039451599121094,19.815265655517578,24.14313316345215,9.1034574508667,15.349169731140137,9.416622161865234,23.851415634155273,14.726479530334473,15.772049903869629
2006-12-01,22.492868423461914,42.521392822265625,16.82534408569336,30.9626522064209,674.336669921875,14.444340705871582,17.098587036132812,19.698646545410156,24.005638122558594,9.026047706604004,15.301222801208496,9.411499977111816,23.82990264892578,14.706937789916992,15.675361633300781
2006-12-04,22.950889587402344,43.06684494018555,16.954721450805664,31.51422882080078,669.4856567382812,14.711832046508789,17.073240280151367,19.976316452026367,24.314998626708984,9.14216136932373,15.522979736328125,9.485823631286621,23.715167999267578,14.863271713256836,16.03504180908203
2006-12-05,23.0604190826416,42.754451751708984,17.1318416595459,31.526756286621094,668.708984375,14.775518417358398,17.140825271606445,20.07073211669922,24.37000274658203,9.146034240722656,15.606887817382812,9.508893966674805,23.808395385742188,14.988332748413086,16.08145523071289
2006-12-06,23.02058982849121,42.709815979003906,16.976598739624023,31.344993591308594,671.40380859375,14.775518417358398,17.092958450317383,20.098506927490234,24.28750991821289,9.08797550201416,15.62486743927002,9.462759971618652,23.844240188598633,14.976609230041504,16.019569396972656
2006-12-07,22.831409454345703,42.2486572265625,16.940786361694336,31.163232803344727,665.3285522460938,14.59719181060791,16.99158477783203,20.04851722717285,24.246246337890625,9.053139686584473,15.594902038574219,9.45250415802002,23.794055938720703,14.906258583068848,16.011838912963867
2006-12-08,22.921022415161133,42.26847839355469,16.831315994262695,31.0692195892334,669.8963012695312,14.516519546508789,16.971864700317383,20.1096134185791,24.273754119873047,9.053139686584473,15.62486743927002,9.424310684204102,23.837068557739258,14.937521934509277,15.969297409057617
2006-12-11,22.980762481689453,42.49660110473633,16.928836822509766,31.182037353515625,667.2470703125,14.465570449829102,16.929628372192383,20.22068214416504,24.16375732421875,9.107330322265625,15.654836654663086,9.47557258605957,23.887277603149414,14.992238998413086,16.015708923339844
2006-12-12,22.841365814208984,42.3032112121582,16.723844528198242,31.2133731842041,666.0137329101562,14.406129837036133,16.969053268432617,20.23734474182129,24.204999923706055,9.076364517211914,15.618874549865723,9.511454582214355,23.89444351196289,14.910170555114746,15.868738174438477
2006-12-13,22.940935134887695,42.07014083862305,16.638267517089844,31.2697811126709,676.5347290039062,14.28724479675293,17.140825271606445,20.259552001953125,24.12251091003418,9.091848373413086,15.612881660461426,9.54733943939209,23.844240188598633,14.988332748413086,15.930608749389648
2006-12-14,23.199817657470703,42.14949035644531,16.817378997802734,31.51422882080078,686.2199096679688,14.503783226013184,17.38863754272461,20.43172264099121,24.259998321533203,9.169255256652832,15.67281723022461,9.56271743774414,23.96615219116211,15.144668579101562,16.1588077545166
2006-12-15,23.339216232299805,41.90153884887695,16.805444717407227,31.529329299926758,683.49658203125,14.546241760253906,17.231599807739258,20.48264503479004,24.393754959106445,9.171201705932617,15.698122024536133,9.553921699523926,24.043163299560547,15.081131935119629,16.10689353942871
2006-12-18,22.91106605529785,41.777584075927734,16.6402587890625,31.31525230407715,657.6376342773438,14.525012969970703,16.7345027923584,20.583377838134766,24.42147445678711,9.13616943359375,15.686065673828125,9.486677169799805,24.09352684020996,15.069358825683594,15.85511302947998
2006-12-19,22.871234893798828,41.455257415771484,16.562639236450195,31.208194732666016,667.8714599609375,14.312721252441406,17.0197696685791,20.566585540771484,24.428403854370117,9.077774047851562,15.698122024536133,9.528058052062988,24.215877532958984,15.077208518981934,15.769885063171387
2006-12-20,22.79157829284668,41.7999153137207,16.380687713623047,31.290056228637695,655.398193359375,14.397637367248535,16.788162231445312,20.633747100830078,24.463054656982422,9.08166790008545,15.710162162780762,9.497024536132812,24.230262756347656,15.073286056518555,15.874471664428711
2006-12-21,22.63226890563965,41.39797592163086,16.22325897216797,31.378206253051758,649.6873779296875,14.227804183959961,16.70907974243164,20.544206619262695,24.41454315185547,9.038850784301758,15.716192245483398,9.491850852966309,24.165489196777344,15.006607055664062,15.762133598327637
2006-12-22,22.482913970947266,41.076454162597656,16.107683181762695,31.277467727661133,645.9411010742188,14.13439655303955,16.548097610473633,20.443470001220703,24.2620792388916,8.968780517578125,15.704146385192871,9.458230018615723,24.064741134643555,14.994841575622559,15.766006469726562
2006-12-26,22.453039169311523,41.488426208496094,16.219282150268555,31.655275344848633,639.91015625,14.227804183959961,16.56786346435547,20.62814712524414,24.379898071289062,9.019384384155273,15.764378547668457,9.504780769348145,24.07914161682129,15.041901588439941,15.72339916229248
2006-12-27,22.7816219329834,41.85013198852539,16.41657066345215,32.108665466308594,647.6107788085938,14.333949089050293,16.76275634765625,20.773656845092773,24.5046329498291,9.085558891296387,15.818591117858887,9.556513786315918,24.194284439086914,15.139960289001465,15.901590347290039
2006-12-28,22.662139892578125,41.97574996948242,16.396629333496094,32.02050018310547,644.412109375,14.333949089050293,16.726032257080078,20.67852210998535,24.42147445678711,9.08166790008545,15.812569618225098,9.499605178833008,24.165489196777344,15.124274253845215,15.839611053466797
2006-12-29,22.482913970947266,41.8752555847168,16.29700469970703,31.560821533203125,638.28759765625,14.28724479675293,16.559396743774414,20.560991287231445,24.2620792388916,9.054423332214355,15.734259605407715,9.497024536132812,24.100738525390625,15.045825958251953,15.731147766113281
2007-01-03,22.821449279785156,42.13652801513672,16.631792068481445,31.85049819946289,609.449462890625,14.25328254699707,15.980393409729004,20.661725997924805,24.41454315185547,9.08166790008545,15.836664199829102,9.522884368896484,24.10792350769043,15.1085786819458,15.773759841918945
2007-01-04,23.120159149169922,42.1264533996582,16.71149253845215,31.95752716064453,594.1845092773438,14.516519546508789,15.689481735229492,20.594568252563477,24.310596466064453,9.221807479858398,15.860762596130371,9.509955406188965,24.381399154663086,15.104659080505371,16.048795700073242
2007-01-05,22.89114761352539,41.47332763671875,16.4623966217041,31.296350479125977,597.5663452148438,14.372161865234375,15.79398250579834,20.43227767944336,24.227432250976562,9.147843360900879,15.746307373046875,9.339261054992676,24.24466323852539,15.002678871154785,15.827995300292969
2007-01-08,22.871234893798828,41.463279724121094,16.5181941986084,31.308937072753906,594.595703125,14.461326599121094,15.79398250579834,20.521821975708008,24.317520141601562,9.175092697143555,15.77039909362793,9.334090232849121,24.273448944091797,15.026213645935059,15.851240158081055
2007-01-09,22.88119125366211,41.95060348510742,16.56004524230957,31.17041015625,590.7110595703125,14.57596206665039,15.658409118652344,20.488252639770508,24.30365753173828,9.186774253845215,15.806538581848145,9.34184455871582,24.24466323852539,15.1085786819458,16.013925552368164
2007-01-10,23.02058982849121,42.618812561035156,16.59790802001953,31.183006286621094,582.6214599609375,14.754286766052246,15.356200218200684,20.555402755737305,24.38681983947754,9.233485221862793,15.872814178466797,9.344429969787598,24.287839889526367,15.187027931213379,16.060409545898438
2007-01-11,23.319299697875977,43.10612869262695,16.773273468017578,31.428585052490234,576.5430908203125,14.851940155029297,15.268641471862793,20.684118270874023,24.587797164916992,9.326910018920898,15.993284225463867,9.354777336120605,24.55409812927246,15.355684280395508,16.35093879699707
2007-01-12,23.458698272705078,43.256874084472656,17.014394760131836,31.447460174560547,592.7219848632812,14.89864730834961,15.658409118652344,20.706501007080078,24.657106399536133,9.35026741027832,15.969195365905762,9.27718448638916,24.669248580932617,15.39883041381836,16.44778060913086
2007-01-16,23.637924194335938,43.75425338745117,17.375097274780273,31.15780258178711,586.7349853515625,14.74155044555664,15.497415542602539,20.762466430664062,24.788759231567383,9.330802917480469,15.98123550415039,9.305638313293457,24.726810455322266,15.453746795654297,16.432287216186523
2007-01-17,23.418872833251953,43.88489532470703,17.193758010864258,30.937414169311523,594.595703125,14.622663497924805,15.669710159301758,20.706501007080078,24.809558868408203,9.210128784179688,16.029428482055664,9.326324462890625,24.87074851989746,15.453746795654297,16.347068786621094
2007-01-18,22.960847854614258,43.734153747558594,17.191761016845703,30.704421997070312,587.7399291992188,14.079200744628906,15.553913116455078,20.62255859375,24.698671340942383,9.105023384094238,16.005329132080078,9.32115650177002,24.94271469116211,15.54003620147705,16.347068786621094
2007-01-19,23.01063346862793,44.12101364135742,17.361146926879883,30.7296199798584,604.92431640625,14.181098937988281,15.980393409729004,20.684118270874023,24.684810638427734,9.10113525390625,16.029428482055664,9.323738098144531,24.949905395507812,15.53610897064209,16.265716552734375
2007-01-22,22.70196533203125,43.985355377197266,17.1678466796875,30.58477783203125,604.4215698242188,14.083444595336914,15.870244979858398,20.667329788208008,24.41454315185547,9.034956932067871,16.011362075805664,9.32115650177002,24.798776626586914,15.438056945800781,16.130142211914062
2007-01-23,22.65218162536621,44.110965728759766,17.231613159179688,30.635168075561523,621.3319091796875,14.0664644241333,16.28260040283203,20.65614128112793,24.698671340942383,9.034956932067871,16.041473388671875,9.375469207763672,24.669248580932617,15.49296760559082,16.126266479492188
2007-01-24,23.369083404541016,44.713829040527344,17.201725006103516,30.880739212036133,623.15966796875,14.261772155761719,16.35321044921875,20.868789672851562,24.629384994506836,9.198452949523926,16.101715087890625,9.406500816345215,24.856353759765625,15.551800727844238,16.277341842651367
2007-01-25,23.199817657470703,44.98012161254883,16.98649024963379,30.465145111083984,609.0836181640625,14.244787216186523,16.01711082458496,20.566585540771484,24.497703552246094,9.085558891296387,15.999307632446289,9.398743629455566,24.76997947692871,15.304702758789062,16.025548934936523
2007-01-26,23.189863204956055,45.11575698852539,16.81910514831543,30.65403938293457,605.5643310546875,14.35942554473877,16.056652069091797,20.605758666992188,24.40068244934082,9.089455604553223,15.957140922546387,9.375469207763672,24.633268356323242,15.230175018310547,16.03329849243164
2007-01-29,23.27947235107422,45.246376037597656,17.03830909729004,30.88703727722168,601.9539184570312,14.329704284667969,15.977568626403809,20.505029678344727,24.456127166748047,9.12838363647461,15.999307632446289,9.406500816345215,24.597278594970703,15.269393920898438,16.11464500427246
2007-01-30,23.388999938964844,45.402130126953125,17.09810447692871,31.107423782348633,618.772705078125,14.346689224243164,16.302377700805664,20.583377838134766,24.442258834838867,9.182880401611328,15.987260818481445,9.434951782226562,24.71961212158203,15.312545776367188,16.095273971557617
2007-01-31,23.5881404876709,45.919620513916016,17.560415267944336,31.082244873046875,624.98828125,14.363673210144043,16.406875610351562,20.751270294189453,24.767982482910156,9.23737907409668,16.053518295288086,9.463399887084961,24.834758758544922,15.477279663085938,16.254098892211914
2007-02-01,23.667797088623047,45.89449691772461,17.86332130432129,31.334142684936523,624.6906127929688,14.478307723999023,16.4661808013916,20.885589599609375,24.982807159423828,9.198452949523926,16.1137638092041,9.543575286865234,25.0434513092041,15.532194137573242,16.4787654876709
2007-02-02,23.74744987487793,46.221046447753906,17.88723373413086,31.51674461364746,631.7767944335938,14.571715354919434,16.559396743774414,20.924755096435547,25.0798282623291,9.245160102844238,16.143878936767578,9.595305442810059,24.993078231811523,15.57533073425293,16.50588607788086
2007-02-05,23.69766616821289,46.19089889526367,17.741769790649414,31.365615844726562,632.1881713867188,14.626914024353027,16.542449951171875,20.919158935546875,25.128339767456055,9.221807479858398,16.089664459228516,9.698758125305176,24.985889434814453,15.524353981018066,16.463275909423828
2007-02-06,23.7275390625,46.82392501831055,17.71586799621582,31.58599853515625,634.5195922851562,14.529257774353027,16.491601943969727,21.014299392700195,25.135272979736328,9.210128784179688,16.06557273864746,9.750483512878418,24.913915634155273,15.579262733459473,16.587238311767578
2007-02-07,24.076032638549805,47.51222229003906,17.7935848236084,31.749731063842773,630.1766967773438,14.648143768310547,16.39275360107422,21.092647552490234,25.114469528198242,9.252950668334961,16.029428482055664,9.78669261932373,24.949905395507812,15.653788566589355,16.641468048095703
2007-02-08,24.22538948059082,47.150474548339844,17.69593620300293,31.724550247192383,635.8821411132812,14.588700294494629,16.559396743774414,21.025493621826172,24.94123077392578,9.264623641967773,15.999307632446289,9.80479907989502,24.928321838378906,15.62240982055664,16.65696144104004
2007-02-09,23.87689208984375,46.48228454589844,17.606258392333984,31.42228889465332,632.636474609375,14.410374641418457,16.491601943969727,20.8016357421875,24.84420394897461,9.163416862487793,15.975211143493652,9.838421821594238,24.856353759765625,15.477279663085938,16.552377700805664
2007-02-12,23.627967834472656,45.70356750488281,17.66006851196289,31.50414276123047,625.1962280273438,14.261772155761719,16.26283073425293,20.751270294189453,24.885780334472656,9.124491691589355,15.939071655273438,9.80220890045166,24.7484130859375,15.402759552001953,16.509765625
2007-02-13,23.74744987487793,46.517452239990234,17.968944549560547,31.73084831237793,635.7005004882812,14.321211814880371,16.50008201599121,20.902374267578125,25.086761474609375,9.159525871276855,15.993284225463867,9.88755989074707,24.849145889282227,15.53610897064209,16.587238311767578
2007-02-14,24.165645599365234,46.23107147216797,18.337610244750977,31.7623233795166,635.9295654296875,14.635404586791992,16.502901077270508,21.103839874267578,25.45404815673828,9.287982940673828,16.089664459228516,9.957391738891602,24.978687286376953,15.618478775024414,16.734439849853516
2007-02-15,24.27517318725586,46.612911224365234,18.271839141845703,31.80640983581543,624.0496215820312,14.648143768310547,16.378633499145508,21.137420654296875,25.509483337402344,9.323015213012695,16.186046600341797,9.872037887573242,25.093822479248047,15.669465065002441,16.815792083740234
2007-02-16,24.344873428344727,46.452152252197266,18.28579330444336,31.944944381713867,621.9345092773438,14.631155967712402,16.381460189819336,21.13182258605957,25.405534744262695,9.303556442260742,16.21014976501465,9.890145301818848,24.993078231811523,15.649859428405762,16.846782684326172
2007-02-20,24.50418472290039,46.844017028808594,18.427288055419922,32.108665466308594,617.0709838867188,14.652390480041504,16.1978759765625,21.24375343322754,25.447118759155273,9.307445526123047,16.294475555419922,9.916006088256836,25.007478713989258,15.76359748840332,17.005598068237305
2007-02-21,24.544010162353516,46.59782028198242,18.554824829101562,32.01420974731445,627.89892578125,14.63965129852295,16.37580680847168,21.15420150756836,25.516408920288086,9.291874885559082,16.204120635986328,9.874627113342285,24.89232635498047,15.70084285736084,16.982358932495117
2007-02-22,24.544010162353516,46.3616943359375,18.479103088378906,32.08347702026367,639.782470703125,15.030267715454102,16.522672653198242,21.070261001586914,25.43326187133789,9.342483520507812,16.143878936767578,9.88755989074707,24.856353759765625,15.665546417236328,16.912639617919922
2007-02-23,24.37474250793457,45.70356750488281,18.45119285583496,31.907148361206055,639.2321166992188,15.0982027053833,16.565046310424805,20.87439727783203,25.36396026611328,9.334693908691406,16.15593147277832,10.001360893249512,24.7484130859375,15.6302490234375,16.827411651611328
2007-02-26,24.17560386657715,45.40714645385742,18.0446720123291,31.67416763305664,646.9405517578125,15.076972961425781,16.663890838623047,20.723283767700195,25.218429565429688,9.31134033203125,16.149906158447266,10.239303588867188,24.849145889282227,15.496891021728516,16.730567932128906
2007-02-27,23.259559631347656,43.935115814208984,17.410964965820312,30.591081619262695,623.5946655273438,14.626914024353027,16.00015640258789,19.755123138427734,24.463054656982422,8.953210830688477,15.78244400024414,9.86687183380127,24.09352684020996,14.963462829589844,16.041046142578125
2007-02-28,23.299386978149414,44.2767448425293,17.414947509765625,30.80518913269043,624.1450805664062,14.618419647216797,16.070777893066406,20.11888885498047,24.490772247314453,8.988247871398926,15.806538581848145,9.965152740478516,24.259042739868164,15.01444149017334,16.269601821899414
2007-03-01,23.159990310668945,44.00043869018555,17.36911964416504,30.786285400390625,625.9808959960938,14.486802101135254,16.019939422607422,20.096498489379883,24.44919776916504,8.980461120605469,15.842695236206055,9.996187210083008,24.151100158691406,14.92816162109375,16.11464500427246
2007-03-02,22.65218162536621,43.09107971191406,17.157878875732422,30.635168075561523,617.94970703125,14.291491508483887,15.830706596374512,19.867048263549805,24.14426612854004,8.813071250915527,15.595709800720215,9.841007232666016,23.93520736694336,14.818333625793457,15.901590347290039
2007-03-05,22.41321563720703,41.56377410888672,16.888853073120117,29.866907119750977,609.0005493164062,14.159871101379395,15.647112846374512,19.55364990234375,24.0819034576416,8.832541465759277,15.541497230529785,9.71685791015625,23.812864303588867,14.622220039367676,15.568450927734375
2007-03-06,22.86128044128418,42.995609283447266,17.082157135009766,30.52810287475586,621.0702514648438,14.38914680480957,15.943674087524414,19.962181091308594,24.359100341796875,8.968780517578125,15.661972999572754,9.861701965332031,24.064741134643555,14.873249053955078,15.804746627807617
2007-03-07,22.711923599243164,42.382667541503906,17.161867141723633,30.301408767700195,635.6181030273438,14.33819580078125,16.141380310058594,19.84465980529785,24.2620792388916,8.8558931350708,15.601728439331055,9.841007232666016,24.071949005126953,14.857563018798828,15.851240158081055
2007-03-08,22.8513240814209,43.0609130859375,17.285415649414062,30.471431732177734,640.4511108398438,14.448586463928223,16.28260040283203,20.023754119873047,24.442258834838867,8.929852485656738,15.746307373046875,9.892730712890625,24.151100158691406,14.975228309631348,16.126266479492188
2007-03-09,22.73183822631836,43.5884895324707,17.313318252563477,30.546998977661133,642.5161743164062,14.694846153259277,16.21198844909668,20.074113845825195,24.567005157470703,8.953210830688477,15.794503211975098,9.879801750183105,24.20147705078125,15.006607055664062,16.11076545715332
2007-03-12,22.90110969543457,43.80950927734375,17.39702033996582,30.48401641845703,640.818603515625,14.750041961669922,16.189393997192383,20.074113845825195,24.684810638427734,9.007711410522461,15.812569618225098,9.978079795837402,24.20147705078125,14.986991882324219,16.31220054626465
2007-03-13,22.443084716796875,42.65397644042969,16.924728393554688,29.520584106445312,631.63720703125,14.580208778381348,15.971921920776367,19.475303649902344,24.26900863647461,8.86368179321289,15.511383056640625,9.84359359741211,23.805675506591797,14.712437629699707,15.963567733764648
2007-03-14,22.662139892578125,42.85493850708008,16.88686752319336,29.627628326416016,639.257568359375,14.550488471984863,16.1555118560791,19.520065307617188,24.366037368774414,8.94542407989502,15.541497230529785,9.892730712890625,23.89922523498535,14.684985160827637,15.959700584411621
2007-03-15,22.73183822631836,43.176475524902344,17.060237884521484,30.1817626953125,639.441162109375,14.580208778381348,16.15268898010254,19.755123138427734,24.393754959106445,8.949317932128906,15.740280151367188,10.019465446472168,23.956796646118164,14.716358184814453,16.10689353942871
2007-03-16,22.612354278564453,42.9353141784668,17.112043380737305,30.048158645629883,636.45751953125,14.474063873291016,15.978975296020508,19.680932998657227,24.481264114379883,8.933751106262207,15.697301864624023,9.985137939453125,23.98136329650879,14.664494514465332,16.071638107299805
2007-03-19,22.841365814208984,43.36738586425781,17.1678466796875,30.206478118896484,653.85498046875,14.410374641418457,16.23400115966797,19.81020164489746,24.654888153076172,8.99213695526123,15.800216674804688,10.057945251464844,24.16916847229004,14.880600929260254,16.25377655029297
2007-03-20,22.930978775024414,43.5080680847168,17.367128372192383,30.49143409729004,645.86767578125,14.503783226013184,16.350187301635742,19.990034103393555,24.717391967773438,9.05052375793457,15.951554298400879,10.20356559753418,24.291959762573242,14.990633010864258,16.385549545288086
2007-03-21,23.438785552978516,44.12101364135742,17.520565032958984,31.169023513793945,659.5929565429688,14.69059944152832,16.6448917388916,20.44523811340332,25.057701110839844,9.233485221862793,16.102903366088867,10.3231840133667,24.53756332397461,15.226394653320312,16.56768798828125
2007-03-22,23.538352966308594,44.0858268737793,17.518579483032227,31.029691696166992,671.022705078125,14.584454536437988,16.97925567626953,20.32160758972168,25.106311798095703,9.198452949523926,16.181596755981445,10.312775611877441,24.624229431152344,15.183173179626465,16.602571487426758
2007-03-23,23.468656539916992,44.07419967651367,17.842090606689453,31.10570526123047,674.7870483398438,14.588700294494629,17.064266204833984,20.344087600708008,25.25216293334961,9.175092697143555,16.217926025390625,10.362177848815918,24.501434326171875,15.191027641296387,16.819589614868164
2007-03-26,23.5881404876709,43.39066696166992,17.572328567504883,30.97905158996582,677.3118286132812,14.546241760253906,17.18327522277832,20.242921829223633,25.04380989074707,9.186774253845215,16.102903366088867,10.406391143798828,24.53756332397461,15.11637020111084,16.831226348876953
2007-03-27,23.54831314086914,43.03118896484375,17.37849998474121,30.700407028198242,677.08251953125,14.537751197814941,17.21445083618164,20.11928367614746,24.925739288330078,9.19066333770752,16.030254364013672,10.390787124633789,24.36419677734375,15.022065162658691,16.753711700439453
2007-03-28,23.339216232299805,42.52993392944336,17.158693313598633,30.40911102294922,670.4014282226562,14.333949089050293,17.211626052856445,19.866395950317383,24.724332809448242,9.085558891296387,15.999988555908203,10.36998462677002,24.198055267333984,14.85309886932373,16.629697799682617
2007-03-29,23.23964500427246,42.75777053833008,17.178674697875977,30.56109046936035,679.3554077148438,14.257524490356445,17.319293975830078,19.967554092407227,24.717391967773438,9.097241401672363,16.090795516967773,10.429788589477539,24.31363296508789,14.904182434082031,16.58707046508789
2007-03-30,23.219730377197266,43.15776062011719,17.194671630859375,30.47243309020996,669.1156616210938,14.176852226257324,17.081270217895508,20.02375602722168,24.68960952758789,9.077774047851562,16.1331729888916,10.3231840133667,24.306415557861328,14.943473815917969,16.687835693359375
2007-04-02,23.24959945678711,43.66914749145508,17.252613067626953,30.086151123046875,682.1563110351562,14.20233154296875,17.248456954956055,19.838294982910156,24.73128318786621,9.124491691589355,16.1755428314209,10.57020378112793,24.436426162719727,14.994560241699219,16.819589614868164
2007-04-03,23.687711715698242,44.048866271972656,17.560333251953125,30.396448135375977,683.028564453125,14.25328254699707,17.35614013671875,20.085569381713867,24.9049072265625,9.198452949523926,16.28451156616211,10.583205223083496,24.68924331665039,15.187094688415527,16.966869354248047
2007-04-04,23.55826759338379,43.76025390625,17.510374069213867,30.098819732666016,683.9472045898438,14.452834129333496,17.38446617126465,20.085569381713867,24.807676315307617,9.252950668334961,16.35716438293457,10.536401748657227,24.83371353149414,15.143876075744629,16.90485954284668
2007-04-05,23.618013381958008,43.795719146728516,17.604297637939453,30.086151123046875,686.3806762695312,14.537751197814941,17.497819900512695,20.09680938720703,24.884077072143555,9.287982940673828,16.399539947509766,10.583205223083496,25.007057189941406,15.265685081481934,16.970745086669922
2007-04-09,23.568225860595703,43.76533889770508,17.926006317138672,29.88984489440918,683.9472045898438,14.558977127075195,17.432641983032227,20.0911865234375,24.856300354003906,9.287982940673828,16.35716438293457,10.66122055053711,25.01429557800293,15.25389289855957,17.052135467529297
2007-04-10,23.69766616821289,43.87672805786133,17.87006378173828,29.839183807373047,697.9520874023438,14.788256645202637,17.696170806884766,20.181110382080078,24.849353790283203,9.280197143554688,16.435848236083984,10.663812637329102,25.050411224365234,15.285331726074219,17.036623001098633
2007-04-11,23.568225860595703,43.2894172668457,17.80411720275879,29.547882080078125,692.855224609375,14.635404586791992,17.588491439819336,20.01251220703125,24.75210952758789,9.194564819335938,16.326889038085938,10.637810707092285,24.942054748535156,15.167447090148926,17.00174903869629
2007-04-12,23.86693572998047,43.06156539916992,17.983966827392578,29.49090003967285,706.21728515625,14.707582473754883,17.857685089111328,19.978796005249023,25.050758361816406,9.291874885559082,16.345046997070312,10.591005325317383,25.22376823425293,15.273550033569336,17.024995803833008
2007-04-13,23.936634063720703,43.53246307373047,18.00393295288086,29.744186401367188,707.5028076171875,14.635404586791992,17.866191864013672,20.063095092773438,25.04380989074707,9.299660682678223,16.399539947509766,10.588408470153809,25.592151641845703,15.285331726074219,16.912614822387695
2007-04-16,24.43448829650879,43.522315979003906,18.239734649658203,30.30145835876465,714.0232543945312,14.728812217712402,17.97103500366211,20.552021026611328,25.245216369628906,9.377514839172363,16.435848236083984,10.6508150100708,25.837745666503906,15.438576698303223,17.059877395629883
2007-04-17,24.344873428344727,44.145057678222656,18.163799285888672,30.269786834716797,707.1355590820312,14.699091911315918,17.869029998779297,20.546398162841797,25.245216369628906,9.396976470947266,16.587200164794922,10.700222969055176,25.917205810546875,15.501455307006836,17.059877395629883
2007-04-18,24.036205291748047,43.98813247680664,18.44354820251465,30.32678985595703,698.1357421875,15.10669231414795,17.806678771972656,20.782438278198242,25.314668655395508,9.373621940612793,16.544816970825195,10.778227806091309,25.90998077392578,15.489659309387207,16.97462272644043
2007-04-19,23.657840728759766,43.60839080810547,18.525480270385742,30.092483520507812,689.9164428710938,15.29350757598877,17.557327270507812,20.754344940185547,25.398006439208984,9.377514839172363,16.55693244934082,10.726224899291992,26.01832389831543,15.36784839630127,16.916486740112305
2007-04-20,23.84702491760254,44.08429718017578,18.647367477416992,30.155818939208984,695.83984375,15.382673263549805,17.880359649658203,20.861122131347656,25.571624755859375,9.432012557983398,16.708276748657227,10.809438705444336,26.119447708129883,15.548602104187012,17.191648483276367
2007-04-23,23.9565486907959,44.458980560302734,18.479520797729492,29.91516876220703,697.4927978515625,15.272282600402832,17.900196075439453,20.804920196533203,25.66885757446289,9.412550926208496,16.671953201293945,10.890044212341309,26.148353576660156,15.517168998718262,17.141271591186523
2007-04-24,23.86693572998047,44.155216217041016,18.37761116027832,29.858171463012695,698.7784423828125,15.769042015075684,17.846359252929688,20.74310302734375,25.59246063232422,9.463153839111328,16.665895462036133,10.968052864074707,26.148353576660156,15.462156295776367,17.032752990722656
2007-04-25,24.474313735961914,44.21596145629883,18.75127601623535,30.016489028930664,721.3701782226562,16.006813049316406,18.180727005004883,21.024091720581055,25.856374740600586,9.533219337463379,16.750648498535156,10.999252319335938,26.227800369262695,15.619327545166016,17.087011337280273
2007-04-26,24.802894592285156,44.27670669555664,18.52348518371582,30.098819732666016,726.0074462890625,15.930389404296875,18.175064086914062,20.990375518798828,25.842491149902344,9.587721824645996,16.684053421020508,10.962851524353027,26.256694793701172,15.595751762390137,17.121885299682617
2007-04-27,24.733196258544922,44.12987518310547,18.339651107788086,29.972152709960938,734.9620361328125,15.739322662353516,18.172229766845703,20.962282180786133,26.141130447387695,9.579936027526855,16.647735595703125,10.871840476989746,26.17002296447754,15.4935884475708,17.005626678466797
2007-04-30,24.424530029296875,43.28434371948242,18.04990577697754,29.858171463012695,718.8445434570312,15.544013977050781,17.95686912536621,20.799293518066406,25.835538864135742,9.505977630615234,16.587200164794922,10.83023738861084,26.08333396911621,15.29711627960205,16.699462890625
2007-05-01,24.354827880859375,43.05650329589844,18.013940811157227,29.763181686401367,724.5844116210938,15.654401779174805,18.036209106445312,20.83863639831543,25.995281219482422,9.552684783935547,16.52060890197754,10.918647766113281,26.14112663269043,15.340347290039062,16.66458511352539
2007-05-02,24.573883056640625,43.41092300415039,18.233736038208008,29.921493530273438,733.3739624023438,15.756306648254395,18.186397552490234,20.928550720214844,26.161954879760742,9.603291511535645,16.526662826538086,10.9784517288208,26.307252883911133,15.517168998718262,16.83510398864746
2007-05-03,24.653539657592773,43.58308029174805,18.387596130371094,30.193796157836914,740.4056396484375,15.739322662353516,18.333749771118164,21.12525177001953,26.34946060180664,9.69671630859375,16.587200164794922,10.965452194213867,26.365055084228516,15.485723495483398,16.66458511352539
2007-05-04,25.031906127929688,43.3653450012207,18.501493453979492,30.478771209716797,740.8652954101562,15.930389404296875,18.3195743560791,21.198312759399414,26.37725067138672,9.735642433166504,16.587200164794922,10.944649696350098,26.509519577026367,15.521096229553223,16.668455123901367
2007-05-07,24.703325271606445,43.405845642089844,18.487510681152344,30.447107315063477,736.4561767578125,15.909154891967773,18.367746353149414,21.22641372680664,26.446706771850586,9.723960876464844,16.61747169494629,11.074668884277344,26.567293167114258,15.521096229553223,16.64908218383789
2007-05-08,24.77302360534668,43.122318267822266,18.685335159301758,30.390111923217773,735.8123779296875,15.832730293273926,18.37057876586914,21.18145179748535,26.432825088500977,9.762890815734863,16.502443313598633,11.025262832641602,26.466171264648438,15.454299926757812,16.552188873291016
2007-05-09,25.051820755004883,43.62356948852539,18.679340362548828,30.567420959472656,739.6248168945312,16.17664337158203,18.36208152770996,21.293851852416992,26.502260208129883,9.751212120056152,16.526662826538086,11.033061027526855,26.552854537963867,15.548602104187012,16.827354431152344
2007-05-10,24.703325271606445,43.188148498535156,18.403589248657227,29.99113655090332,724.7893676757812,15.930389404296875,18.06454849243164,20.990375518798828,26.32169532775879,9.700610160827637,16.423751831054688,10.921244621276855,26.08333396911621,15.379638671875,16.575437545776367
2007-05-11,24.91242027282715,43.66914749145508,18.447547912597656,30.320444107055664,746.1930541992188,16.125694274902344,18.478261947631836,21.215173721313477,26.523107528686523,9.805710792541504,16.46613121032715,10.973251342773438,26.184467315673828,15.442514419555664,16.5444393157959
2007-05-14,24.544010162353516,43.21346664428711,18.33165168762207,30.048158645629883,745.5039672851562,16.15966033935547,18.483932495117188,21.114015579223633,26.405044555664062,9.759001731872559,16.40558624267578,11.017460823059082,26.15557289123535,15.442514419555664,16.432048797607422
2007-05-15,24.165645599365234,42.6312141418457,18.347633361816406,29.858171463012695,746.7442626953125,15.947369575500488,18.546268463134766,21.063434600830078,26.4744815826416,9.743429183959961,16.514551162719727,11.077262878417969,26.126670837402344,15.387499809265137,16.327411651611328
2007-05-16,24.474313735961914,42.23628234863281,18.69732666015625,30.060823440551758,750.4187622070312,15.900665283203125,18.617109298706055,21.305097579956055,26.606456756591797,9.82906436920166,16.684053421020508,11.103265762329102,26.422834396362305,15.442514419555664,16.36229133605957
2007-05-17,24.514142990112305,41.476806640625,18.669353485107422,29.953168869018555,768.423828125,15.752060890197754,18.914642333984375,21.198312759399414,26.65505027770996,9.80181884765625,16.64168930053711,11.077262878417969,26.32171058654785,15.466087341308594,16.525060653686523
2007-05-18,25.171302795410156,41.117347717285156,18.657358169555664,29.972152709960938,780.7700805664062,15.77328872680664,19.220680236816406,21.254512786865234,26.564762115478516,9.852426528930664,16.762754440307617,11.137075424194336,26.43006134033203,15.60754680633545,16.618080139160156
2007-05-21,25.609411239624023,41.40087127685547,18.62338638305664,30.105146408081055,785.9152221679688,15.752060890197754,19.382198333740234,21.27699089050293,26.717552185058594,9.895245552062988,16.635623931884766,11.121468544006348,26.487842559814453,15.666481018066406,16.74209213256836
2007-05-22,25.67911148071289,41.83122634887695,18.605409622192383,30.30145835876465,773.7427978515625,15.832730293273926,19.200841903686523,21.293851852416992,26.66199493408203,9.883565902709961,16.665895462036133,11.100665092468262,26.473407745361328,15.650774955749512,16.78083610534668
2007-05-23,25.569583892822266,41.50212860107422,18.61139678955078,30.30777359008789,779.897705078125,15.548258781433105,19.240507125854492,21.27699089050293,26.79396629333496,9.848532676696777,16.61747169494629,10.9264497756958,26.567293167114258,15.658625602722168,16.920373916625977
2007-05-24,25.330615997314453,40.869258880615234,18.363628387451172,30.003822326660156,760.3302612304688,15.314737319946289,18.889144897460938,21.08591079711914,26.57866096496582,9.723960876464844,16.544816970825195,10.682019233703613,26.466171264648438,15.532881736755371,16.76534080505371
2007-05-25,25.49988555908203,41.127479553222656,18.483510971069336,30.003822326660156,772.135009765625,15.395410537719727,19.183835983276367,21.12525177001953,26.7383975982666,9.805710792541504,16.647735595703125,10.68721866607666,26.45174217224121,15.587884902954102,16.81184959411621
2007-05-29,25.58949851989746,42.383121490478516,18.653364181518555,30.16847038269043,765.3367309570312,15.463342666625977,19.056325912475586,21.215173721313477,26.912023544311523,9.864103317260742,16.708276748657227,10.718423843383789,26.466171264648438,15.576096534729004,16.939735412597656
2007-05-30,25.9379940032959,43.46662139892578,18.735294342041016,30.231807708740234,783.0715942382812,15.357197761535645,19.455875396728516,21.361286163330078,27.030078887939453,9.938064575195312,16.78697395324707,10.85103702545166,26.473407745361328,15.717567443847656,17.195520401000977
2007-05-31,26.077392578125,43.35017395019531,18.963083267211914,30.13047218322754,777.5587158203125,15.58647346496582,19.35386085510254,21.299474716186523,27.17593002319336,9.98477554321289,16.811187744140625,10.879643440246582,26.53118896484375,15.756851196289062,17.35442543029785
2007-06-01,26.04751968383789,43.32990646362305,19.072982788085938,30.50409698486328,780.26904296875,15.701108932495117,19.529550552368164,21.366905212402344,27.28011131286621,9.98477554321289,16.889875411987305,10.819836616516113,26.56008529663086,15.847240447998047,17.559823989868164
2007-06-04,26.196874618530273,43.603302001953125,18.92711067199707,30.45343589782715,800.5299682617188,15.662898063659668,19.83557891845703,21.338809967041016,27.287044525146484,10.019810676574707,16.950428009033203,10.778227806091309,26.509519577026367,15.878673553466797,17.559823989868164
2007-06-05,26.226747512817383,42.848915100097656,18.763263702392578,30.111474990844727,796.85400390625,15.552508354187012,19.764741897583008,21.209552764892578,27.20371437072754,9.98477554321289,16.84749984741211,10.635214805603027,26.444507598876953,15.784371376037598,17.385417938232422
2007-06-06,26.117218017578125,42.5805778503418,18.44354820251465,29.88984489440918,783.9406127929688,15.369935035705566,19.512540817260742,21.029712677001953,26.912023544311523,9.867996215820312,16.738544464111328,10.466188430786133,26.198909759521484,15.583969116210938,17.137392044067383
2007-06-07,25.57954216003418,41.26417541503906,18.079872131347656,29.5162296295166,768.2274780273438,15.153398513793945,19.166833877563477,20.675668716430664,26.4744815826416,9.727858543395996,16.526662826538086,10.141159057617188,25.808853149414062,15.29318904876709,16.819589614868164
2007-06-08,26.06743621826172,41.942626953125,18.343645095825195,29.858171463012695,769.1932983398438,15.590714454650879,19.246177673339844,20.917316436767578,26.842571258544922,9.864103317260742,16.623523712158203,10.213961601257324,25.89553451538086,15.489659309387207,17.040498733520508
2007-06-11,25.987777709960938,41.324928283691406,18.253721237182617,29.858171463012695,780.8201904296875,15.535520553588867,19.39353370666504,21.012855529785156,26.877302169799805,9.883565902709961,16.71432113647461,10.349181175231934,25.902759552001953,15.438576698303223,16.97462272644043
2007-06-12,25.49988555908203,40.45406723022461,17.928014755249023,29.42121696472168,768.1819458007812,15.41663932800293,19.15550422668457,20.726240158081055,26.53004264831543,9.766783714294434,16.55693244934082,10.180157661437988,25.714946746826172,15.312833786010742,16.73434066772461
2007-06-13,25.768722534179688,41.324928283691406,18.195772171020508,29.921493530273438,789.4642944335938,15.752060890197754,19.538053512573242,21.119632720947266,27.16205596923828,9.891350746154785,16.684053421020508,10.382987022399902,25.92442512512207,15.489659309387207,16.990114212036133
2007-06-14,25.967863082885742,40.899620056152344,18.47551727294922,29.687196731567383,806.0112915039062,15.900665283203125,19.866748809814453,21.08591079711914,27.30095100402832,9.98477554321289,16.708276748657227,10.447993278503418,25.996667861938477,15.59968090057373,17.052135467529297
2007-06-15,26.057476043701172,41.517303466796875,18.555442810058594,30.080671310424805,816.5836181640625,16.219104766845703,20.171688079833984,21.161636352539062,27.447856903076172,10.04243278503418,16.744220733642578,10.588335037231445,26.19491958618164,15.678413391113281,17.07113265991211
2007-06-18,26.08734893798828,40.899620056152344,18.403589248657227,30.042219161987305,820.0310668945312,16.240325927734375,20.194421768188477,21.155986785888672,27.433944702148438,10.069696426391602,16.658939361572266,10.473124504089355,26.04241371154785,15.611492156982422,17.18747329711914
2007-06-19,25.977821350097656,40.940128326416016,18.403589248657227,30.074256896972656,825.08740234375,16.1384334564209,20.217153549194336,21.24638557434082,27.51749610900879,10.065801620483398,16.537109375,10.541204452514648,26.04241371154785,15.662663459777832,17.195232391357422
2007-06-20,25.788639068603516,40.21105194091797,18.32366180419922,29.67694091796875,805.8740234375,16.0407772064209,19.628890991210938,20.873449325561523,27.36431312561035,10.007370948791504,16.518842697143555,10.266287803649902,25.71561050415039,15.635108947753906,16.97417449951172
2007-06-21,25.9379940032959,40.04902648925781,18.40757942199707,29.5423526763916,824.3985595703125,16.495079040527344,20.02106285095215,20.90735626220703,27.420019149780273,10.05800724029541,16.56757164001465,10.331742286682129,25.788230895996094,15.607560157775879,17.00908088684082
2007-06-22,25.798595428466797,39.89714050292969,18.35163116455078,29.228363037109375,828.3049926757812,16.253067016601562,19.82213592529297,20.641773223876953,27.259864807128906,9.94504165649414,16.4762020111084,10.135367393493652,25.396074295043945,15.505213737487793,16.857839584350586
2007-06-25,25.71893882751465,38.990848541259766,18.389591217041016,29.20271873474121,811.7576293945312,16.066255569458008,19.662994384765625,20.477903366088867,27.19024085998535,9.909985542297363,16.403114318847656,10.190356254577637,25.352502822875977,15.442228317260742,16.71434783935547
2007-06-26,25.53971290588379,38.93516540527344,18.2077579498291,29.311677932739258,798.703369140625,16.028038024902344,19.239551544189453,20.285783767700195,26.960468292236328,9.874926567077637,16.3604793548584,10.135367393493652,25.483219146728516,15.335954666137695,16.590251922607422
2007-06-27,25.85833740234375,39.780677795410156,18.383596420288086,29.66412925720215,812.7032470703125,16.38469123840332,19.53794288635254,20.590919494628906,27.225055694580078,9.972311019897461,16.488386154174805,10.2846097946167,25.69382667541504,15.493403434753418,17.020713806152344
2007-06-28,25.90812110900879,39.62529754638672,18.38359832763672,29.67694091796875,801.3927612304688,16.27854347229004,19.53794288635254,20.557008743286133,27.08578872680664,10.007370948791504,16.457937240600586,10.28199577331543,25.71561050415039,15.4619140625,17.047861099243164
2007-06-29,25.838424682617188,39.574180603027344,18.273395538330078,29.40139389038086,803.3695678710938,16.155412673950195,19.606155395507812,20.443994522094727,27.183271408081055,9.972311019897461,16.4762020111084,10.3631591796875,25.642988204956055,15.481593132019043,16.791906356811523
2007-07-02,25.987777709960938,40.57094192504883,18.463741302490234,29.619264602661133,819.6458740234375,16.38893699645996,19.952852249145508,20.61916732788086,27.37823486328125,10.05800724029541,16.61020851135254,10.512406349182129,25.788230895996094,15.564265251159668,16.966426849365234
2007-07-03,26.097305297851562,40.3818244934082,18.712202072143555,29.76666259765625,823.646484375,16.456871032714844,20.1063232421875,20.799989700317383,27.57320213317871,10.128127098083496,16.604108810424805,10.512406349182129,25.831809997558594,15.587868690490723,16.99744987487793
2007-07-05,26.007694244384766,41.03098678588867,18.64808464050293,29.66412925720215,823.5541381835938,16.512065887451172,20.05801010131836,20.624828338623047,27.54534339904785,10.167080879211426,16.59193229675293,10.491451263427734,25.824554443359375,15.67053508758545,17.059494018554688
2007-07-06,26.286487579345703,40.94408416748047,18.740257263183594,29.72821044921875,832.6581420898438,16.656423568725586,20.330827713012695,20.72653579711914,27.712446212768555,10.186564445495605,16.689393997192383,10.436471939086914,25.88264274597168,15.81224250793457,17.21461296081543
2007-07-09,26.45575714111328,41.097450256347656,18.894540786743164,29.471874237060547,832.42822265625,16.732847213745117,20.52123260498047,20.641773223876953,27.921354293823242,10.244988441467285,16.689393997192383,10.452179908752441,25.802764892578125,15.75319766998291,17.07113265991211
2007-07-10,26.057476043701172,39.8450927734375,18.63405990600586,28.798994064331055,826.0831909179688,16.60972023010254,20.33935546875,20.206674575805664,27.4548282623291,10.128127098083496,16.537109375,10.355304718017578,25.584888458251953,15.473725318908691,16.644548416137695
2007-07-11,26.246660232543945,39.8450927734375,18.956649780273438,28.779781341552734,817.4850463867188,16.579998016357422,20.41609001159668,20.27448272705078,27.747276306152344,10.186564445495605,16.616296768188477,10.381490707397461,25.67203140258789,15.564265251159668,16.72598648071289
2007-07-12,26.535411834716797,40.346038818359375,19.138986587524414,29.21554183959961,830.3590698242188,17.076759338378906,20.811115264892578,20.647415161132812,28.15807342529297,10.35796070098877,16.75639533996582,10.512406349182129,26.15133285522461,15.686283111572266,17.07113265991211
2007-07-13,26.704679489135742,40.729400634765625,19.245174407958984,29.330896377563477,827.0484008789062,17.064023971557617,21.015724182128906,20.72653579711914,28.353042602539062,10.381333351135254,16.87212371826172,10.669498443603516,26.08598518371582,15.765007972717285,17.05561065673828
2007-07-16,26.595155715942383,40.50449752807617,19.229148864746094,29.119407653808594,816.9794921875,17.11073112487793,20.74574089050293,20.653076171875,28.534082412719727,10.412491798400879,16.805118560791016,10.515023231506348,26.11504364013672,15.702024459838867,16.916011810302734
2007-07-17,26.72459602355957,40.24379348754883,19.33935546875,29.113014221191406,811.9679565429688,17.429166793823242,20.475767135620117,20.720884323120117,28.701200485229492,10.447556495666504,16.725940704345703,10.525490760803223,26.035154342651367,15.71778392791748,16.888864517211914
2007-07-18,26.435842514038086,40.02398681640625,19.453563690185547,28.523441314697266,823.462158203125,17.11073112487793,20.939001083374023,20.455303192138672,28.63852882385254,10.393014907836914,16.732027053833008,10.604043006896973,25.962528228759766,15.698091506958008,16.788036346435547
2007-07-19,26.326316833496094,40.15690994262695,19.56977081298828,28.70928955078125,842.4048461914062,17.16168212890625,21.1294002532959,20.387493133544922,28.896154403686523,10.478714942932129,16.786840438842773,10.7742280960083,25.824554443359375,15.73351764678955,16.85007667541504
2007-07-20,25.967863082885742,39.512847900390625,19.207109451293945,28.24788475036621,848.1981811523438,16.932403564453125,21.02993392944336,20.031505584716797,28.478391647338867,10.439762115478516,16.689393997192383,10.656404495239258,25.584888458251953,15.532768249511719,16.636789321899414
2007-07-23,25.788639068603516,38.82276916503906,19.221139907836914,28.145355224609375,866.7731323242188,16.919666290283203,21.115188598632812,20.020206451416016,28.666378021240234,10.45534896850586,16.689393997192383,10.66688060760498,25.78097152709961,15.556379318237305,16.501062393188477
2007-07-24,25.270872116088867,37.82599639892578,18.890525817871094,27.34432029724121,847.1406860351562,16.571508407592773,20.50418472290039,19.51729965209961,28.26949119567871,10.35017204284668,16.56757164001465,10.347452163696289,25.519533157348633,15.312329292297363,16.167545318603516
2007-07-25,25.80855369567871,37.877113342285156,18.768306732177734,27.555788040161133,859.8303833007812,16.618213653564453,20.83100128173828,19.607694625854492,28.33913230895996,10.361854553222656,16.56757164001465,10.368393898010254,25.504989624023438,15.26115894317627,16.02793312072754
2007-07-26,25.09164810180664,37.00814437866211,18.331506729125977,26.953399658203125,839.9224243164062,16.31251335144043,20.046642303466797,19.14435577392578,27.747276306152344,10.206036567687988,16.323925018310547,10.132752418518066,24.98212432861328,14.812414169311523,15.51215648651123
2007-07-27,24.67345428466797,35.98582077026367,18.10308837890625,26.72270393371582,819.9676513671875,16.019546508789062,19.46689796447754,18.84486961364746,27.232025146484375,9.987890243530273,16.104656219482422,9.831645965576172,24.38661766052246,14.580174446105957,15.244577407836914
2007-07-30,24.653539657592773,36.4714241027832,18.1732120513916,26.947011947631836,823.5541381835938,16.261558532714844,19.802242279052734,19.200857162475586,27.816904067993164,10.02294921875,16.141199111938477,9.96779727935791,24.691631317138672,14.788799285888672,15.566455841064453
2007-07-31,24.095947265625,35.98582077026367,18.03296661376953,26.684249877929688,817.0256958007812,16.03653335571289,19.608991622924805,18.590595245361328,27.44089126586914,9.95283317565918,16.007204055786133,9.949472427368164,24.422931671142578,14.564433097839355,15.337645530700684
2007-08-01,23.896806716918945,36.5481071472168,18.159194946289062,26.812416076660156,806.9736328125,16.1002197265625,19.557846069335938,18.799663543701172,27.64281463623047,10.050213813781738,16.244752883911133,10.174644470214844,24.5899658203125,14.584114074707031,15.469498634338379
2007-08-02,24.19551658630371,37.0848274230957,18.153179168701172,26.972623825073242,795.3709106445312,16.095972061157227,19.424266815185547,18.923982620239258,27.830812454223633,10.069696426391602,16.263017654418945,10.2846097946167,24.800575256347656,14.769116401672363,15.597479820251465
2007-08-03,23.5881404876709,35.720008850097656,17.449907302856445,25.825536727905273,766.8577880859375,15.747812271118164,18.790536880493164,18.115943908691406,27.259864807128906,9.874926567077637,16.23257064819336,9.936378479003906,24.459243774414062,14.316444396972656,15.077821731567383
2007-08-06,23.54831314086914,36.65031433105469,17.81656265258789,26.844459533691406,766.6280517578125,15.921892166137695,18.89852523803711,19.042646408081055,27.670673370361328,10.03074836730957,16.652841567993164,10.247956275939941,24.93854522705078,14.544746398925781,15.081696510314941
2007-08-07,24.036205291748047,36.7985725402832,18.09307861328125,27.39557456970215,784.2872924804688,15.896419525146484,19.341859817504883,19.178255081176758,27.670673370361328,10.050213813781738,16.61020851135254,10.433852195739746,25.054752349853516,14.627409934997559,15.368672370910645
2007-08-08,24.444440841674805,38.13269805908203,18.179235458374023,28.311967849731445,802.4069213867188,16.219104766845703,19.708457946777344,19.63595962524414,27.886520385742188,10.206036567687988,16.90257453918457,10.585711479187012,25.345239639282227,14.792731285095215,15.605232238769531
2007-08-09,23.926679611206055,38.066246032714844,17.83660316467285,27.844160079956055,784.9315795898438,15.964354515075684,19.142927169799805,18.929628372192383,27.141504287719727,9.972311019897461,16.59803009033203,10.39458179473877,24.749732971191406,14.375490188598633,15.244577407836914
2007-08-10,24.056119918823242,36.803672790527344,17.806550979614258,27.927471160888672,790.4410400390625,16.006813049316406,19.245237350463867,18.84486961364746,26.828161239624023,9.832077980041504,16.50666046142578,10.21391773223877,24.6190128326416,14.312504768371582,15.11271858215332
2007-08-13,24.10590362548828,36.65031433105469,17.984874725341797,27.478885650634766,791.0849609375,15.90491008758545,19.267974853515625,18.67535400390625,27.19024085998535,9.96841812133789,16.457937240600586,10.266287803649902,24.691631317138672,14.391222953796387,15.139871597290039
2007-08-14,23.568225860595703,35.27019500732422,17.497983932495117,26.812416076660156,777.2413330078125,15.701108932495117,19.140087127685547,18.347612380981445,26.493955612182617,9.765853881835938,16.196012496948242,10.093477249145508,24.488300323486328,14.02514934539795,14.63571548461914
2007-08-15,23.189863204956055,34.88682174682617,16.858823776245117,26.825241088867188,756.7756958007812,15.327476501464844,18.614334106445312,18.183746337890625,26.180606842041016,9.641197204589844,16.110742568969727,9.957324981689453,24.430198669433594,13.875571250915527,14.434065818786621
2007-08-16,22.921022415161133,35.78646469116211,16.758630752563477,28.702863693237305,742.0588989257812,15.285017967224121,18.500659942626953,18.731855392456055,26.194536209106445,9.57887077331543,16.153383255004883,10.02801513671875,24.437458038330078,13.895255088806152,14.496106147766113
2007-08-17,23.398956298828125,36.72699737548828,17.11729621887207,29.6961612701416,764.3646850585938,15.518540382385254,19.182710647583008,19.494693756103516,26.45911979675293,9.672362327575684,16.23257064819336,10.114424705505371,24.495561599731445,13.993659019470215,14.852887153625488
2007-08-20,23.388999938964844,37.340396881103516,17.375764846801758,29.266807556152344,772.5969848632812,15.709603309631348,19.140087127685547,19.23476791381836,26.84208869934082,9.707422256469727,16.354389190673828,10.169405937194824,24.611751556396484,14.068455696105957,15.054547309875488
2007-08-21,23.73749542236328,37.90266418457031,17.30162239074707,29.70897674560547,761.6051025390625,15.777538299560547,18.87010383605957,19.370386123657227,26.737646102905273,9.738582611083984,16.354389190673828,10.158931732177734,24.677108764648438,14.162921905517578,15.143745422363281
2007-08-22,23.996379852294922,38.20936584472656,17.676313400268555,29.856367111206055,775.9536743164062,15.849716186523438,19.097457885742188,19.42123794555664,27.218080520629883,9.867134094238281,16.397024154663086,10.276755332946777,24.800575256347656,14.35186767578125,15.291101455688477
2007-08-23,23.896806716918945,37.93845748901367,17.435867309570312,29.036115646362305,791.0390625,15.807254791259766,19.267974853515625,19.449487686157227,27.071870803833008,9.894400596618652,16.403114318847656,10.308177947998047,24.96034049987793,14.296753883361816,15.170889854431152
2007-08-24,24.145732879638672,37.69821548461914,17.65826988220215,29.35011863708496,807.5957641601562,15.998320579528809,19.680038452148438,19.51729965209961,27.294675827026367,10.034636497497559,16.518842697143555,10.371013641357422,25.112844467163086,14.584114074707031,15.516043663024902
2007-08-27,23.906766891479492,37.187049865722656,17.46192169189453,28.920759201049805,796.74169921875,15.807254791259766,19.438486099243164,19.291269302368164,27.232025146484375,9.980100631713867,16.44574737548828,10.106569290161133,24.93854522705078,14.383357048034668,15.337645530700684
2007-08-28,23.388999938964844,36.011383056640625,17.027122497558594,28.126140594482422,783.6348266601562,15.412391662597656,18.96957015991211,18.71490478515625,26.577491760253906,9.800914764404297,16.25693130493164,9.949472427368164,24.684375762939453,14.03696060180664,14.930452346801758
2007-08-29,23.78727912902832,36.95703887939453,17.433860778808594,28.658018112182617,810.721435546875,15.85820198059082,19.597625732421875,18.940935134887695,27.204153060913086,10.034636497497559,16.397024154663086,10.145840644836426,24.865924835205078,14.477828025817871,15.388057708740234
2007-08-30,23.837064743041992,37.13594436645508,17.20545196533203,28.35681915283203,806.9030151367188,15.879436492919922,19.58626365661621,18.8222713470459,27.03705406188965,10.077488899230957,16.342201232910156,10.127511024475098,24.865924835205078,14.418787956237793,15.159255027770996
2007-08-31,24.165645599365234,37.877113342285156,17.532041549682617,28.581125259399414,822.31298828125,16.087480545043945,19.84486961364746,19.070894241333008,27.447856903076172,10.143707275390625,16.384841918945312,10.106569290161133,24.98212432861328,14.654959678649902,15.287236213684082
2007-09-04,24.68341064453125,38.38828659057617,17.670299530029297,28.786170959472656,844.5839233398438,16.5078182220459,20.20578384399414,19.217815399169922,27.57320213317871,10.299530029296875,16.56148338317871,10.302935600280762,25.199987411499023,14.67464828491211,15.364792823791504
2007-09-05,24.653539657592773,37.468196868896484,17.38176727294922,28.37604331970215,842.922607421875,16.295528411865234,20.097793579101562,18.986141204833984,27.294675827026367,10.19045352935791,16.40920639038086,10.276755332946777,25.149160385131836,14.442398071289062,15.070060729980469
2007-09-06,24.77302360534668,37.69821548461914,17.389787673950195,28.593923568725586,847.3543090820312,16.439884185791016,20.40471649169922,18.84486961364746,27.51749610900879,10.241098403930664,16.36656951904297,10.289844512939453,25.22904396057129,14.477828025817871,15.143745422363281
2007-09-07,24.3249568939209,36.99281692504883,17.033140182495117,28.07486343383789,841.7859497070312,16.05351448059082,19.967073440551758,18.652748107910156,26.953487396240234,10.03074836730957,16.29348373413086,10.21391773223877,24.96034049987793,14.131426811218262,14.68613052368164
2007-09-10,24.095947265625,36.292518615722656,16.862825393676758,27.86338996887207,836.5863647460938,16.04502296447754,19.935813903808594,18.590595245361328,26.974384307861328,10.01126480102539,16.336116790771484,10.221774101257324,24.98212432861328,14.056638717651367,14.47672176361084
2007-09-11,24.514142990112305,36.946807861328125,17.179401397705078,28.145355224609375,843.8297729492188,16.231842041015625,20.276832580566406,18.782705307006836,27.218080520629883,10.155396461486816,16.44574737548828,10.289844512939453,25.17095375061035,14.214098930358887,14.794722557067871
2007-09-12,24.524097442626953,37.01326370239258,17.04314422607422,27.972328186035156,845.3766479492188,15.95586109161377,20.41893196105957,18.8222713470459,27.197193145751953,10.128127098083496,16.531030654907227,10.37624740600586,25.279876708984375,14.221968650817871,14.701651573181152
2007-09-13,24.6933650970459,37.693111419677734,17.25353240966797,28.190210342407227,850.71533203125,15.892170906066895,20.54681968688965,19.1330509185791,27.48267936706543,10.128127098083496,16.579750061035156,10.39719295501709,25.33797264099121,14.418787956237793,14.845133781433105
2007-09-14,24.9721622467041,37.872013092041016,17.24753189086914,28.39529037475586,848.0455932617188,15.769042015075684,20.603660583496094,19.200857162475586,27.531431198120117,10.077488899230957,16.677207946777344,10.39458179473877,25.26535415649414,14.513260841369629,15.058426856994629
2007-09-17,24.832763671875,37.800437927246094,17.06318473815918,28.31837272644043,839.1630249023438,15.730834007263184,20.646291732788086,19.020034790039062,27.294675827026367,10.073593139648438,16.579750061035156,10.402430534362793,25.185468673706055,14.336124420166016,14.89942455291748
2007-09-18,25.380399703979492,38.97612762451172,17.740427017211914,29.593629837036133,865.4435424804688,16.03653335571289,21.271493911743164,19.7376708984375,28.178974151611328,10.272261619567871,16.90257453918457,10.643318176269531,25.63572883605957,14.8950834274292,15.6478910446167
2007-09-19,25.619367599487305,39.7684211730957,17.63623809814453,29.907638549804688,880.9985961914062,16.197874069213867,21.456222534179688,19.86198616027832,28.478391647338867,10.311214447021484,16.91476058959961,10.761136054992676,25.737401962280273,14.922629356384277,15.775858879089355
2007-09-20,25.470012664794922,39.282798767089844,17.245521545410156,29.41419792175293,888.3633422851562,16.257314682006836,21.442007064819336,19.619007110595703,28.24163818359375,10.35017204284668,16.933029174804688,10.614514350891113,25.708343505859375,14.627409934997559,15.481136322021484
2007-09-21,25.738853454589844,39.29304885864258,17.36774253845215,29.302845001220703,899.7766723632812,16.380443572998047,21.569660186767578,19.695850372314453,28.433382034301758,10.429407119750977,16.941604614257812,10.631387710571289,25.834423065185547,14.632534980773926,15.391101837158203
2007-09-24,25.569583892822266,39.630409240722656,17.15736198425293,28.72662925720215,889.1913452148438,16.29128074645996,21.52977180480957,19.422618865966797,28.160457611083984,10.402079582214355,16.929357528686523,10.670939445495605,25.783422470092773,14.510271072387695,15.243630409240723
2007-09-25,25.818510055541992,38.974403381347656,17.285680770874023,28.603609085083008,880.4468994140625,16.261558532714844,21.176450729370117,19.382776260375977,28.272441864013672,10.507468223571777,16.90485954284668,10.684125900268555,25.695947647094727,14.32095718383789,14.98361587524414
2007-09-26,25.86829376220703,39.196170806884766,17.386083602905273,28.76546859741211,877.36328125,16.21061134338379,21.236289978027344,19.38846778869629,28.468368530273438,10.573821067810059,17.021228790283203,10.736859321594238,25.84171485900879,14.526054382324219,15.115564346313477
2007-09-27,25.90812110900879,39.5674934387207,17.361984252929688,28.907899856567383,892.7814331054688,16.28703498840332,21.51267433166504,19.616167068481445,28.59433937072754,10.56601619720459,17.08247947692871,10.660390853881836,25.943742752075195,14.455057144165039,15.185420036315918
2007-09-28,25.9379940032959,39.43854522705078,17.40013885498047,28.506488800048828,883.3462524414062,16.261558532714844,21.31321907043457,19.536460876464844,28.748300552368164,10.526983261108398,17.137605667114258,10.494277954101562,25.76154136657715,14.526054382324219,15.103924751281738
2007-10-01,26.356189727783203,40.48548889160156,17.673236846923828,29.134502410888672,896.9697265625,16.52904510498047,21.683645248413086,19.906469345092773,29.119199752807617,10.640177726745605,17.08860206604004,10.636661529541016,26.15508460998535,14.71536636352539,15.329005241394043
2007-10-02,26.346227645874023,40.856834411621094,17.71540641784668,29.490596771240234,890.0196533203125,16.541784286499023,21.344560623168945,20.13418197631836,28.881269454956055,10.679210662841797,17.09473419189453,10.676212310791016,26.009323120117188,14.711421012878418,15.581258773803711
2007-10-03,26.396013259887695,40.846527099609375,17.452354431152344,29.225141525268555,886.4302978515625,16.202119827270508,21.219188690185547,20.088640213012695,28.685325622558594,10.55430793762207,17.05185890197754,10.641939163208008,26.11136245727539,14.794251441955566,15.686037063598633
2007-10-04,26.396013259887695,40.86199188232422,17.3780574798584,29.425859451293945,891.4923095703125,16.12144660949707,21.29897117614746,20.208175659179688,28.783306121826172,10.581628799438477,17.08860206604004,10.699945449829102,26.082195281982422,14.719307899475098,15.492002487182617
2007-10-05,26.774377822875977,41.67170715332031,17.94232177734375,29.678346633911133,886.4302978515625,16.32524871826172,21.40154457092285,20.430179595947266,29.09820556640625,10.694819450378418,17.149860382080078,10.784320831298828,26.41743278503418,15.046666145324707,15.996500968933105
2007-10-08,26.96356201171875,41.20753479003906,17.759593963623047,29.56180763244629,868.5721435546875,16.346479415893555,21.184995651245117,20.15125846862793,29.049236297607422,10.714341163635254,17.03960609436035,10.768502235412598,26.235239028930664,14.94805908203125,15.775301933288574
2007-10-09,27.371803283691406,41.44478225708008,17.950361251831055,29.697772979736328,883.6685180664062,16.28278923034668,21.612401962280273,20.3220272064209,29.322158813476562,10.792401313781738,17.137605667114258,10.887154579162598,26.453866958618164,14.97173023223877,15.678282737731934
2007-10-10,27.551027297973633,41.38804244995117,17.731477737426758,29.30931854248047,910.4545288085938,16.17239761352539,21.891632080078125,20.208175659179688,29.000234603881836,10.827528953552246,17.211103439331055,10.805418014526367,26.49759864807129,14.908628463745117,15.65499496459961
2007-10-11,27.013349533081055,41.10954666137695,17.582876205444336,29.276945114135742,912.8021240234375,15.883681297302246,21.783361434936523,20.100017547607422,28.790292739868164,10.710432052612305,17.253978729248047,10.916158676147461,26.271682739257812,14.841569900512695,15.744248390197754
2007-10-12,27.879610061645508,40.81041717529297,17.69131851196289,29.160425186157227,919.6138305664062,15.429375648498535,21.988513946533203,20.23094940185547,28.91626739501953,10.81582260131836,17.290733337402344,10.887154579162598,26.41743278503418,14.916508674621582,15.736489295959473
2007-10-15,27.351886749267578,39.96974563598633,17.526641845703125,28.2669620513916,925.5967407226562,15.412391662597656,22.168027877807617,19.82109260559082,28.692310333251953,10.73775863647461,17.235605239868164,10.808052062988281,26.133224487304688,14.679869651794434,15.344537734985352
2007-10-16,26.943649291992188,39.3044548034668,17.38207244873047,27.632457733154297,921.17822265625,15.352952003479004,22.225011825561523,19.451080322265625,28.56635093688965,10.73775863647461,17.162107467651367,10.781685829162598,25.936452865600586,14.632534980773926,15.127212524414062
2007-10-17,27.39171600341797,39.196170806884766,17.5607852935791,27.295795440673828,908.5217895507812,15.624683380126953,22.082550048828125,19.4396915435791,28.643329620361328,10.827528953552246,17.22335433959961,10.810693740844727,25.958311080932617,14.64831256866455,15.131094932556152
2007-10-18,27.252317428588867,39.29932403564453,17.604961395263672,26.9138126373291,916.3004760742188,15.590714454650879,22.25350570678711,19.19492530822754,28.720319747924805,10.854852676391602,17.162107467651367,10.715763092041016,25.96561050415039,14.514219284057617,14.96422290802002
2007-10-19,26.784337997436523,38.03059387207031,17.319812774658203,26.149850845336914,859.643798828125,15.127922058105469,21.199241638183594,18.557361602783203,27.92252540588379,10.59724235534668,16.984487533569336,10.478455543518066,25.65224266052246,14.190801620483398,14.506282806396484
2007-10-22,27.083049774169922,38.499900817871094,17.40616798400879,26.531824111938477,852.0496215820312,15.285017967224121,20.95705795288086,18.785072326660156,28.027496337890625,10.663594245910645,17.09473419189453,10.552289962768555,25.65224266052246,14.317005157470703,14.843910217285156
2007-10-23,27.660554885864258,38.83514404296875,17.76561164855957,26.674259185791016,883.530517578125,15.04300308227539,21.2562313079834,18.887527465820312,28.216445922851562,10.780695915222168,17.149860382080078,10.557560920715332,25.951032638549805,14.38405990600586,14.77405834197998
2007-10-24,27.013349533081055,38.680423736572266,17.60698127746582,26.253429412841797,887.58056640625,14.626914024353027,21.39584732055664,18.745220184326172,28.132471084594727,10.671403884887695,17.100852966308594,10.547011375427246,25.76154136657715,14.336734771728516,14.688685417175293
2007-10-25,27.04322052001953,38.577266693115234,17.418212890625,26.52535629272461,890.5722045898438,14.372161865234375,21.598154067993164,18.72813606262207,28.181459426879883,10.761175155639648,17.241727828979492,10.805418014526367,25.91459846496582,14.249969482421875,14.758540153503418
2007-10-26,27.660554885864258,39.14459228515625,17.558774948120117,27.360536575317383,884.6812744140625,14.346689224243164,21.925827026367188,19.183534622192383,28.20245361328125,10.905594825744629,17.358108520507812,10.953073501586914,26.002029418945312,14.415611267089844,14.925405502319336
2007-10-29,27.789993286132812,38.860931396484375,17.41620445251465,27.18573760986328,891.1710205078125,14.49953842163086,22.031261444091797,19.240463256835938,28.3844051361084,10.936820030212402,17.36423110961914,11.050634384155273,26.11136245727539,14.455057144165039,14.96422290802002
2007-10-30,27.63068389892578,39.0362663269043,17.422224044799805,27.095083236694336,854.7196044921875,14.529257774353027,21.281869888305664,18.9444522857666,28.132471084594727,10.956335067749023,17.290733337402344,11.06381607055664,26.082195281982422,14.411665916442871,14.890480041503906
2007-10-31,27.819866180419922,39.73767852783203,17.627050399780273,27.256935119628906,875.6404418945312,14.699091911315918,21.854595184326172,19.20061683654785,28.377416610717773,11.085144996643066,17.400970458984375,11.19301986694336,26.242509841918945,14.455057144165039,14.944812774658203
2007-11-01,27.232402801513672,38.31941604614258,17.189292907714844,25.67721176147461,870.881591796875,14.465570449829102,21.21348762512207,18.2158260345459,27.894519805908203,10.96414566040039,17.0579833984375,10.963621139526367,25.878149032592773,14.088252067565918,14.304487228393555
2007-11-02,27.242361068725586,37.56126022338867,17.247528076171875,24.880876541137695,893.2713012695312,14.54199504852295,21.612401962280273,18.124746322631836,28.14647674560547,10.987563133239746,17.168235778808594,11.053269386291504,25.805273056030273,14.08036994934082,14.164775848388672
2007-11-05,27.182619094848633,37.02489471435547,17.199325561523438,24.76432991027832,882.762451171875,14.45707893371582,21.43859100341797,17.80027198791504,28.027496337890625,10.971949577331543,17.192726135253906,11.174562454223633,25.790695190429688,13.891050338745117,13.881484985351562
2007-11-06,27.28218650817871,37.411685943603516,17.32183265686035,25.321117401123047,913.0770263671875,14.609929084777832,22.15377426147461,18.101966857910156,28.468368530273438,11.030498504638672,17.30910301208496,11.185105323791504,25.929166793823242,14.013314247131348,14.15701675415039
2007-11-07,26.54537010192871,36.148136138916016,16.78767204284668,24.019771575927734,882.3933715820312,14.28724479675293,21.24198341369629,17.111488342285156,27.782560348510742,10.733855247497559,17.119226455688477,10.929340362548828,25.338869094848633,13.72539234161377,13.858199119567871
2007-11-08,25.86829376220703,36.375064849853516,16.884061813354492,24.80965805053711,885.9411010742188,14.03249740600586,21.612401962280273,17.28795051574707,27.789562225341797,10.351336479187012,17.241727828979492,11.142916679382324,25.506481170654297,13.685962677001953,13.823271751403809
2007-11-09,25.479970932006836,36.25128936767578,16.550718307495117,25.37291145324707,871.6489868164062,13.985788345336914,21.21348762512207,17.15702247619629,27.2366943359375,10.136661529541016,17.07635498046875,11.05590534210205,25.44089698791504,13.37437629699707,13.485647201538086
2007-11-12,24.494230270385742,36.2564582824707,16.6330509185791,25.50888442993164,822.8584594726562,13.849923133850098,20.18772315979004,17.219642639160156,26.942792892456055,9.972725868225098,17.08860206604004,10.863426208496094,25.506481170654297,13.394088745117188,13.602073669433594
2007-11-13,25.400312423706055,37.55611038208008,16.93225860595703,26.596572875976562,847.0467529296875,14.096183776855469,20.900062561035156,18.027965545654297,27.628597259521484,10.312308311462402,17.345848083496094,10.955714225769043,25.84171485900879,13.76484203338623,14.25792407989502
2007-11-14,25.1314754486084,37.0042724609375,16.878042221069336,26.182209014892578,845.5719604492188,13.973052978515625,20.86871910095215,17.959659576416016,27.53762435913086,10.25376033782959,17.431596755981445,10.88979434967041,25.943742752075195,13.54791259765625,13.939695358276367
2007-11-15,24.733196258544922,36.797969818115234,16.757551193237305,25.321117401123047,819.8636474609375,13.883892059326172,20.17346954345703,17.504270553588867,27.152740478515625,10.128851890563965,17.419353485107422,10.98735523223877,25.783422470092773,13.41776180267334,13.683566093444824
2007-11-16,25.181262969970703,36.09656524658203,16.4503116607666,25.120431900024414,839.6286010742188,13.922102928161621,20.703453063964844,17.367650985717773,27.159719467163086,10.273274421691895,17.498977661132812,10.989986419677734,25.900009155273438,13.41381549835205,13.644759178161621
2007-11-19,24.6933650970459,35.40546798706055,16.066761016845703,24.40176773071289,825.1622924804688,13.680089950561523,20.358680725097656,16.90086555480957,26.767826080322266,10.070304870605469,17.376487731933594,11.021627426147461,25.754262924194336,13.11800765991211,13.241157531738281
2007-11-20,24.563926696777344,34.580291748046875,15.92017650604248,24.382343292236328,852.6212768554688,13.60791301727295,21.014041900634766,16.53085708618164,26.809818267822266,10.15617561340332,17.517353057861328,11.156102180480957,25.805273056030273,13.129841804504395,13.291606903076172
2007-11-21,24.344873428344727,34.32241439819336,15.723383903503418,24.388818740844727,838.0623168945312,13.344670295715332,20.55813980102539,16.27469253540039,26.3619384765625,9.964920043945312,17.302978515625,11.06381607055664,25.22956085205078,13.003631591796875,13.256683349609375
2007-11-23,24.922380447387695,34.977413177490234,16.000503540039062,25.068634033203125,863.356201171875,13.49752140045166,21.099515914916992,16.66178321838379,26.71184730529785,10.06250286102295,17.48059844970703,11.053269386291504,25.637666702270508,13.232389450073242,13.470121383666992
2007-11-26,24.43448829650879,33.66228103637695,15.8418550491333,23.85792350769043,849.119140625,13.204557418823242,20.370075225830078,16.10392189025879,26.291955947875977,9.851729393005371,17.302978515625,11.034811973571777,25.44089698791504,12.88925838470459,13.15190315246582
2007-11-27,24.9721622467041,33.909828186035156,16.10492515563965,24.337038040161133,836.910400390625,13.408356666564941,20.144973754882812,16.394241333007812,26.816816329956055,9.961015701293945,17.486722946166992,11.077001571655273,25.768829345703125,13.09434700012207,13.264445304870605
2007-11-28,25.80855369567871,35.49831771850586,16.614988327026367,25.767850875854492,846.5985107421875,14.011265754699707,20.64362335205078,17.37334442138672,27.467641830444336,10.25376033782959,17.762346267700195,11.269482612609863,26.38099479675293,13.603134155273438,13.737898826599121
2007-11-29,25.649240493774414,35.781986236572266,16.474403381347656,25.37291145324707,864.63916015625,13.862663269042969,20.87156867980957,17.219642639160156,27.467641830444336,10.304500579833984,17.85422706604004,11.19301986694336,26.541322708129883,13.469033241271973,13.737898826599121
2007-11-30,25.85833740234375,36.11204528808594,16.793699264526367,25.93617820739746,861.2562255859375,13.72254753112793,20.934261322021484,17.646568298339844,27.572616577148438,10.249855041503906,17.87872886657715,11.266845703125,26.5777530670166,13.666237831115723,13.734017372131348
2007-12-03,25.519798278808594,35.849021911621094,16.623010635375977,25.55419921875,873.9173583984375,13.718304634094238,21.014041900634766,17.504270553588867,27.292688369750977,10.18740463256836,17.81135368347168,11.377591133117676,26.410140991210938,13.595239639282227,13.691324234008789
2007-12-04,25.330615997314453,34.91035461425781,16.65312957763672,25.256383895874023,860.4683227539062,13.654616355895996,20.800331115722656,17.179794311523438,27.229719161987305,10.148372650146484,17.786853790283203,11.459331512451172,26.402860641479492,13.551858901977539,13.737898826599121
2007-12-05,25.738853454589844,35.905757904052734,16.946319580078125,25.77432632446289,863.8919677734375,14.040987014770508,21.259082794189453,17.43595314025879,27.677597045898438,10.382561683654785,17.860349655151367,11.657086372375488,26.614200592041016,13.532136917114258,13.75729751586914
2007-12-06,26.1470890045166,37.195098876953125,17.309770584106445,26.713102340698242,897.7484741210938,14.2405424118042,21.84035301208496,17.999509811401367,27.992509841918945,10.487951278686523,17.85422706604004,11.588534355163574,26.796384811401367,13.650464057922363,13.776700973510742
2007-12-07,26.04751968383789,37.01457977294922,17.548734664916992,26.434707641601562,893.7388916015625,14.189592361450195,21.706430435180664,17.760425567626953,28.20245361328125,10.49966049194336,18.044097900390625,11.649175643920898,26.78180503845215,13.76484203338623,14.059995651245117
2007-12-10,25.967863082885742,37.94291687011719,17.675254821777344,26.93970489501953,906.4540405273438,14.304227828979492,21.925827026367188,18.136119842529297,28.335412979125977,10.550399780273438,18.062471389770508,11.70191478729248,26.832839965820312,13.772727012634277,14.056118965148926
2007-12-11,25.300745010375977,35.77165603637695,16.954349517822266,25.379390716552734,884.935546875,14.03249740600586,21.38445472717285,17.219642639160156,27.432662963867188,10.386467933654785,17.866474151611328,11.430325508117676,26.41743278503418,13.330992698669434,13.776700973510742
2007-12-12,25.22109031677246,35.88511276245117,17.016597747802734,25.0362548828125,909.7135620117188,14.232049942016602,22.082550048828125,17.088714599609375,27.782560348510742,10.56601619720459,17.91547203063965,11.432965278625488,26.4320068359375,13.37437629699707,13.578787803649902
2007-12-13,25.231046676635742,35.26621627807617,17.15314483642578,24.8614444732666,909.0285034179688,14.083444595336914,22.13667869567871,17.08302116394043,27.92252540588379,10.511370658874512,17.995092391967773,11.601715087890625,26.41743278503418,13.287606239318848,13.376985549926758
2007-12-14,24.832763671875,34.198638916015625,16.7535400390625,24.220481872558594,887.5264282226562,13.8711519241333,21.783361434936523,16.707321166992188,27.614608764648438,10.445014953613281,17.774599075317383,11.38550090789795,26.016605377197266,13.114065170288086,13.182943344116211
2007-12-17,23.996379852294922,33.57975387573242,16.779638290405273,24.03921127319336,865.0266723632812,13.654616355895996,21.39300537109375,16.53085708618164,27.117740631103516,10.245952606201172,17.6520938873291,11.280030250549316,25.73968505859375,12.99179744720459,13.082043647766113
2007-12-18,24.27517318725586,34.01298141479492,16.82782554626465,24.654268264770508,871.7273559570312,13.714057922363281,21.598154067993164,16.542247772216797,27.19470977783203,10.245952606201172,17.57247543334961,11.380228996276855,25.936452865600586,13.114065170288086,13.283849716186523
2007-12-19,24.414573669433594,34.296634674072266,16.510560989379883,24.5247802734375,873.9287719726562,13.739532470703125,21.806156158447266,16.63901138305664,27.103742599487305,10.312308311462402,17.71947479248047,11.351222038269043,25.921875,12.995745658874512,13.136382102966309
2007-12-20,24.91242027282715,34.42557144165039,16.52260971069336,24.408248901367188,889.72802734375,13.934840202331543,22.082550048828125,16.519468307495117,27.32769203186035,10.4606294631958,17.63985252380371,11.401325225830078,26.074905395507812,13.058847427368164,13.22563648223877
2007-12-21,25.31070327758789,35.01350784301758,16.727434158325195,25.473285675048828,921.0320434570312,14.062217712402344,22.653602600097656,16.8250675201416,27.810060501098633,10.595125198364258,18.06279182434082,11.424439430236816,26.23583221435547,13.08466625213623,13.3784818649292
2007-12-24,25.470012664794922,35.96763610839844,16.976438522338867,25.739046096801758,927.8794555664062,14.176852226257324,22.756446838378906,17.1295166015625,28.11944007873535,10.673551559448242,18.03816795349121,11.480224609375,26.323598861694336,13.326979637145996,13.650717735290527
2007-12-26,25.629323959350586,35.369384765625,16.88003921508789,25.80548858642578,946.9555053710938,14.15562629699707,23.010683059692383,17.00888442993164,28.013959884643555,10.732370376586914,17.97660255432129,11.42177963256836,26.29433250427246,13.283279418945312,13.456259727478027
2007-12-27,25.241003036499023,34.681278228759766,16.656726837158203,24.94840431213379,930.9125366210938,13.90087604522705,22.767868041992188,16.664226531982422,27.690519332885742,10.583365440368652,17.80422592163086,11.320821762084961,26.023725509643555,13.096587181091309,13.160688400268555
2007-12-28,25.250961303710938,34.170021057128906,16.672840118408203,24.48996353149414,937.7601318359375,13.854170799255371,22.95926856994629,16.624021530151367,27.662391662597656,10.532388687133789,17.87194061279297,11.403182983398438,25.92131996154785,13.03700065612793,13.211243629455566
