Date,FDN,IYR,IYT,KRE,OIH,SMH,XLE,XLF,XLI,XLK,XLP,XLU,XLV,XLY,XRT
1998-12-22,,,,,,,30400,55887,600,601000,150300,15800,5700,7400,
1998-12-23,,,,,,,135600,78784,900,676600,44000,48200,18100,24000,
1998-12-24,,,,,,,24600,43824,1400,487400,45500,47600,4900,3200,
1998-12-28,,,,,,,27000,51948,7400,618600,25400,6200,15500,17200,
1998-12-29,,,,,,,44000,100819,1400,247600,123500,24000,5300,2200,
1998-12-30,,,,,,,43600,154614,2800,191200,10200,140800,17300,63400,
1998-12-31,,,,,,,26000,65366,33100,154400,66300,43200,6600,64800,
1999-01-04,,,,,,,57200,250632,6400,1301200,50000,218600,249200,10400,
1999-01-05,,,,,,,85400,47763,2000,590400,27900,222400,4400,2600,
1999-01-06,,,,,,,112800,129871,13500,1249400,118500,82000,38500,16200,
1999-01-07,,,,,,,145200,89986,13100,1069200,43500,444600,15900,27400,
1999-01-08,,,,,,,842200,173694,11000,1065600,63800,271800,24400,37200,
1999-01-11,,,,,,,70000,62904,2200,995800,65400,258000,7700,126200,
1999-01-12,,,,,,,178400,117437,6500,972000,29400,14200,270700,6600,
1999-01-13,,,,,,,84800,359206,1700,1096600,73800,51800,7100,6800,
1999-01-14,,,,,,,140000,59950,4100,732600,30800,40000,12200,73200,
1999-01-15,,,,,,,21400,96757,4900,1307800,39000,13800,7700,69600,
1999-01-19,,,,,,,25600,54903,10100,874600,39200,24400,22700,8200,
1999-01-20,,,,,,,31600,76445,1700,2264400,480500,65400,25800,7000,
1999-01-21,,,,,,,47800,438482,2500,2985800,42500,41000,23200,63000,
1999-01-22,,,,,,,38600,109928,8700,2582000,75700,41600,67100,24600,
1999-01-25,,,,,,,36400,169632,4600,1893200,179000,27200,495300,16200,
1999-01-26,,,,,,,51400,118053,0,1427800,85000,30400,187400,7400,
1999-01-27,,,,,,,74200,56872,500,2733800,50400,15600,6800,3800,
1999-01-28,,,,,,,61600,47270,1900,1807200,57300,35200,25800,8600,
1999-01-29,,,,,,,37200,72998,109200,1867200,167800,79600,13800,13600,
1999-02-01,,,,,,,46200,59827,2400,1826000,57200,24400,34000,12200,
1999-02-02,,,,,,,53000,107220,20700,2518400,81800,55400,141700,41800,
1999-02-03,,,,,,,58800,69675,20100,2668200,65300,65000,38900,46200,
1999-02-04,,,,,,,52000,48625,6100,3891800,34400,36400,7400,39000,
1999-02-05,,,,,,,132000,103035,4300,3664800,33000,16200,16900,11600,
1999-02-08,,,,,,,62200,137749,2900,2629200,83500,26600,6500,16400,
1999-02-09,,,,,,,128600,264050,4100,4171000,44500,24400,220800,18800,
1999-02-10,,,,,,,138600,31883,5400,2803600,32000,16000,17800,18400,
1999-02-11,,,,,,,433600,81000,3500,5333400,22400,8800,5300,24400,
1999-02-12,,,,,,,484600,106974,2600,5834800,29600,206000,8400,11600,
1999-02-16,,,,,,,73200,463102,3800,3452800,37700,118600,18500,18600,
1999-02-17,,,,,,,83400,501140,5400,5567000,26800,114800,12900,29400,
1999-02-18,,,,,,,166000,69428,4300,4151200,29400,28000,11500,7000,
1999-02-19,,,,,,,260600,76322,2800,3347200,30300,19200,13900,1800,
1999-02-22,,,,,,,159000,89617,6400,4736000,183700,13800,17800,28000,
1999-02-23,,,,,,,619200,121623,5400,4131000,35400,30200,15000,13600,
1999-02-24,,,,,,,69000,251986,5300,5001000,69000,132000,28000,18000,
1999-02-25,,,,,,,89200,173448,3200,5132400,28100,47200,98900,38200,
1999-02-26,,,,,,,49800,116822,3400,4685200,15100,22800,10800,17000,
1999-03-01,,,,,,,26600,211486,3200,2184200,17500,16800,8800,17200,
1999-03-02,,,,,,,110200,91463,47600,4960400,29700,20600,11500,36200,
1999-03-03,,,,,,,206600,57365,13600,3215600,32000,9400,13100,2000,
1999-03-04,,,,,,,180800,50348,15700,6398200,85300,11400,10400,10800,
1999-03-05,,,,,,,185400,498432,5200,3753800,49100,42000,25400,49600,
1999-03-08,,,,,,,215200,133564,1800,3318800,30700,78200,62700,24600,
1999-03-09,,,,,,,158000,105374,1800,1872000,23300,11600,12200,24200,
1999-03-10,,,,,,,3467600,91217,2700,884000,32600,68000,10700,11200,
1999-03-11,,,,,,,1818000,210993,1800,2432400,55700,19200,23600,26200,
1999-03-12,,,,,,,1208600,183911,2200,1672000,48100,15600,24600,27400,
1999-03-15,,,,,,,1046000,82969,1900,864200,246400,31800,144800,14200,
1999-03-16,,,,,,,546600,188466,4800,1517600,63700,20200,9100,12400,
1999-03-17,,,,,,,725600,161261,1900,850800,40900,24200,2700,13400,
1999-03-18,,,,,,,665200,199422,3900,642800,22300,27600,9500,14000,
1999-03-19,,,,,,,520800,244723,9100,1273000,174200,102000,6900,26200,
1999-03-22,,,,,,,330000,427280,9900,1547000,93400,76800,40900,37200,
1999-03-23,,,,,,,275800,288793,4900,2997200,91600,68800,15400,19600,
1999-03-24,,,,,,,122200,144396,4800,1233400,46700,47400,12800,25800,
1999-03-25,,,,,,,333000,77184,6500,1190200,46000,15200,9700,20400,
1999-03-26,,,,,,,89400,65120,3100,967000,20400,24600,6600,12600,
1999-03-29,,,,,,,168800,75583,3000,1899400,18200,29000,8100,10200,
1999-03-30,,,,,,,121600,141565,3500,1685000,45800,23000,37300,72600,
1999-03-31,,,,,,,134000,112637,21700,1549400,45800,41000,6300,48800,
1999-04-01,,,,,,,44000,52933,3500,637000,38500,22400,22500,8200,
1999-04-05,,,,,,,116800,92941,7700,2007000,32900,16800,12400,19200,
1999-04-06,,,,,,,85200,142427,2700,1080200,136600,77800,14500,21800,
1999-04-07,,,,,,,1672800,324738,24400,1863400,77800,58200,15700,27200,
1999-04-08,,,,,,,1704600,194498,24800,1213800,49100,89800,29600,41600,
1999-04-09,,,,,,,104800,151167,1200,557600,61000,34600,6600,145800,
1999-04-12,,,,,,,125000,193759,11500,2075000,28400,19000,87300,42200,
1999-04-13,,,,,,,135600,209516,1100,1601200,70200,26000,23600,65400,
1999-04-14,,,,,,,54000,160646,25500,951400,38700,53200,96900,99400,
1999-04-15,,,,,,,518800,124577,61700,3398400,292300,35000,17800,71600,
1999-04-16,,,,,,,177000,125070,173300,544200,16800,5600,10400,23200,
1999-04-19,,,,,,,491000,149443,292800,2416600,71700,23800,32700,74800,
1999-04-20,,,,,,,772800,67213,102300,2058800,29400,20600,15700,31200,
1999-04-21,,,,,,,362400,85185,58100,1015600,92900,39200,16000,90200,
1999-04-22,,,,,,,791800,74476,56200,2064600,29700,26400,20200,71400,
1999-04-23,,,,,,,32600,159045,109800,489000,16600,12200,9800,4000,
1999-04-26,,,,,,,595600,184404,64900,530200,51800,12200,36200,188800,
1999-04-27,,,,,,,164800,72998,160800,826000,39800,17400,13900,8200,
1999-04-28,,,,,,,207400,189328,27200,1788600,110200,17400,25500,12000,
1999-04-29,,,,,,,480200,104512,85400,968000,27100,27400,9800,35800,
1999-04-30,,,,,,,1932200,417801,63200,1520000,34700,65000,5800,74600,
1999-05-03,,,,,,,553200,257895,26700,403200,46900,8800,13000,181200,
1999-05-04,,,,,,,717000,368685,333200,2869800,91200,100400,23000,382800,
1999-05-05,,,,,,,762000,267373,70000,886200,23500,1254200,17100,99400,
1999-05-06,,,,,,,805000,211486,108700,686800,28100,33400,17500,24000,
1999-05-07,,,,,,,721400,787963,119300,739400,31900,12200,8000,51200,
1999-05-10,,,,,,,541400,53918,24900,486400,125400,8200,27300,38400,
1999-05-11,,,,,,,143200,70536,83400,931200,59800,31200,51000,62200,
1999-05-12,,,,,,,1063400,51087,50900,589400,38300,23600,8100,25000,
1999-05-13,,,,,,,529400,61181,32400,1231000,173300,20600,9600,27200,
1999-05-14,,,,,,,509800,197083,34400,815600,41600,31200,4600,20400,
1999-05-17,,,,,,,211600,235613,22600,451200,36800,20400,5800,20800,
1999-05-18,,,,,,,67600,166062,19500,820200,95500,21600,8500,10200,
1999-05-19,,,,,,,561400,85924,74300,637400,59400,62200,12100,1400,
1999-05-20,,,,,,,295000,180465,11100,552000,150600,56400,15300,15000,
1999-05-21,,,,,,,430200,95772,90600,550000,78100,14000,8400,10200,
1999-05-24,,,,,,,620600,534870,14900,1409600,20100,21800,14000,7200,
1999-05-25,,,,,,,902000,105497,17600,712600,33500,41800,7200,14000,
1999-05-26,,,,,,,129400,236106,77400,1353800,67600,29800,9300,10200,
1999-05-27,,,,,,,153400,53549,719300,761400,24400,17800,6600,23800,
1999-05-28,,,,,,,215600,47394,2200,265800,16500,6200,6000,2200,
1999-06-01,,,,,,,843000,256417,11800,637600,36700,10800,4400,59200,
1999-06-02,,,,,,,64000,126178,22800,646000,65200,120000,9200,12800,
1999-06-03,,,,,,,86600,87155,17900,912200,40600,16400,4900,8400,
1999-06-04,,,,,,,45000,91340,4600,500000,17400,26800,1200,9800,
1999-06-07,,,,,,,364600,60319,10800,1003600,28400,21800,4200,5800,
1999-06-08,,,,,,,339600,233767,24900,508400,77100,8600,6400,8400,
1999-06-09,,,,,,,28800,41977,8500,563800,18400,10000,3000,9800,
1999-06-10,,,,,,,244200,121623,46400,502800,71200,9600,13300,15600,
1999-06-11,,,,,,,163400,100942,2100,210800,20400,14600,2500,5200,
1999-06-14,,,,,,,542000,35207,14400,341200,32300,159200,12700,2600,
1999-06-15,,,,,,,302600,152890,4400,830800,25600,87000,3600,9800,
1999-06-16,,,,,,,457600,228966,183200,719000,46300,249800,13500,39600,
1999-06-17,,,,,,,128600,192898,11000,682200,26300,8000,12300,6400,
1999-06-18,,,,,,,119600,66351,1000,409800,33600,137000,6200,10200,
1999-06-21,,,,,,,175000,157568,4400,1514000,35900,117200,14100,9400,
1999-06-22,,,,,,,502000,89001,33000,1052800,85400,22000,3900,5600,
1999-06-23,,,,,,,523600,49117,29500,915400,17400,17400,7900,10400,
1999-06-24,,,,,,,465000,68444,34000,533600,23000,10200,14100,11800,
1999-06-25,,,,,,,531000,95156,2800,546400,149300,36400,3000,2400,
1999-06-28,,,,,,,111200,72014,3600,437000,21200,19800,3000,4600,
1999-06-29,,,,,,,137400,60319,4400,215600,46400,7800,2100,16400,
1999-06-30,,,,,,,216000,187481,24700,630200,51000,52200,22500,22600,
1999-07-01,,,,,,,66400,259618,15200,946800,38400,57000,3900,5800,
1999-07-02,,,,,,,103200,83708,11400,444000,48500,15200,17700,21800,
1999-07-06,,,,,,,97600,175910,42200,656000,93000,22800,7100,34000,
1999-07-07,,,,,,,241200,97988,12000,1111200,17800,15400,3200,40000,
1999-07-08,,,,,,,188600,57857,3300,758400,34800,9800,9600,8400,
1999-07-09,,,,,,,51400,84324,80800,247400,31900,62600,17000,33600,
1999-07-12,,,,,,,184400,91463,3400,468800,14300,14400,4700,9200,
1999-07-13,,,,,,,92400,41731,32500,400200,22600,2000,5300,62400,
1999-07-14,,,,,,,37600,567245,82700,603800,19100,26000,19700,41800,
1999-07-15,,,,,,,66000,171971,14200,772000,28000,14400,12700,216800,
1999-07-16,,,,,,,54000,24497,3800,200800,23700,3000,4900,5600,
1999-07-19,,,,,,,49200,152767,1100,445400,33100,11600,7000,12200,
1999-07-20,,,,,,,36800,56503,73500,1616600,35900,10200,18900,45400,
1999-07-21,,,,,,,81000,59457,1900,795400,23700,29600,16200,17600,
1999-07-22,,,,,,,107000,79523,9600,1034600,24900,8200,12100,21400,
1999-07-23,,,,,,,112600,99219,67100,802800,37200,6800,27300,3000,
1999-07-26,,,,,,,143600,140457,33100,719800,82300,49200,17400,60400,
1999-07-27,,,,,,,59400,77184,3000,833800,38000,10800,16300,52000,
1999-07-28,,,,,,,28400,43208,1100,951200,20600,5200,7400,4800,
1999-07-29,,,,,,,58800,154367,16800,933200,115300,31800,10500,14200,
1999-07-30,,,,,,,81200,353913,3900,601800,48700,10200,2800,30400,
1999-08-02,,,,,,,27000,236721,43800,638800,29600,94400,87600,315600,
1999-08-03,,,,,,,49000,570815,2000,940400,56300,117200,5500,21400,
1999-08-04,,,,,,,58200,177756,9500,975200,57400,15400,86400,7600,
1999-08-05,,,,,,,117200,176402,14400,1759600,85300,26200,31900,98800,
1999-08-06,,,,,,,80800,182804,1500,954400,18800,5200,11700,26000,
1999-08-09,,,,,,,203400,240291,103400,420000,7400,17400,6200,3400,
1999-08-10,,,,,,,122800,210501,3600,1399800,29200,32200,6000,13600,
1999-08-11,,,,,,,211800,347881,5400,1272800,38200,23400,11700,6000,
1999-08-12,,,,,,,293600,162123,4400,834200,27300,47200,10000,10400,
1999-08-13,,,,,,,446800,195237,3600,683200,26200,24000,8000,16400,
1999-08-16,,,,,,,1744000,94664,38800,1104000,37700,5000,18400,23800,
1999-08-17,,,,,,,1101400,181573,2700,696400,24700,60000,15100,48200,
1999-08-18,,,,,,,1350800,199668,5300,368400,33500,53200,7900,7800,
1999-08-19,,,,,,,504800,42839,4200,537400,15000,14800,4900,10800,
1999-08-20,,,,,,,83200,52441,2800,417200,89300,25800,2700,4400,
1999-08-23,,,,,,,196800,104881,14900,585000,56100,16200,8700,18200,
1999-08-24,,,,,,,761400,254694,32700,1077200,52800,4600,14300,17200,
1999-08-25,,,,,,,585600,301226,33800,783600,61900,77800,22100,6000,
1999-08-26,,,,,,,111200,313782,15800,453200,23800,15400,6000,40200,
1999-08-27,,,,,,,77800,281653,6300,344200,66000,25600,6500,7600,
1999-08-30,,,,,,,207200,192898,7200,863000,35700,49400,18000,12400,
1999-08-31,,,,,,,582400,336309,2800,902600,14100,40200,18100,8600,
1999-09-01,,,,,,,141600,161507,6800,1188800,19800,47600,3800,2200,
1999-09-02,,,,,,,99800,510373,10700,578000,30000,304400,8600,44400,
1999-09-03,,,,,,,30600,523298,11000,901200,136200,33600,6200,10000,
1999-09-07,,,,,,,299800,63150,24400,821400,225600,40800,11500,65400,
1999-09-08,,,,,,,97800,629903,2900,401800,63400,12400,14300,13000,
1999-09-09,,,,,,,223600,92571,12800,372400,80300,113400,6900,11200,
1999-09-10,,,,,,,134600,162369,3400,337000,32500,23800,11300,37400,
1999-09-13,,,,,,,322000,65982,7500,807400,22200,14200,5500,2400,
1999-09-14,,,,,,,452400,357236,1700,794800,18400,11000,6100,3200,
1999-09-15,,,,,,,56400,422479,21200,772600,53700,10800,7300,5600,
1999-09-16,,,,,,,38600,270205,13100,1847800,44700,6000,7000,22800,
1999-09-17,,,,,,,821800,501386,7400,1207400,28100,21200,9800,4000,
1999-09-20,,,,,,,463600,149813,9600,466000,17200,23800,7600,19600,
1999-09-21,,,,,,,407000,413616,14600,1311800,30400,20600,9600,13800,
1999-09-22,,,,,,,53800,179849,15600,1067200,28000,29400,4800,26600,
1999-09-23,,,,,,,261200,265773,9600,1873200,43400,34800,4000,12000,
1999-09-24,,,,,,,374400,197822,119800,1271600,41800,56000,5500,13800,
1999-09-27,,,,,,,293000,713365,24300,2083600,30600,24200,5200,8200,
1999-09-28,,,,,,,1388400,413247,111500,936000,117900,1800,20000,17000,
1999-09-29,,,,,,,735600,140703,44000,399600,95200,19000,3900,3400,
1999-09-30,,,,,,,1219200,724936,142800,771600,25000,17000,9600,151800,
1999-10-01,,,,,,,170200,98234,2000,1905000,67800,26200,9900,3200,
1999-10-04,,,,,,,136400,496832,7300,486400,38300,36600,6400,12200,
1999-10-05,,,,,,,132400,588664,39200,1226200,49200,26600,9200,15800,
1999-10-06,,,,,,,138400,392566,12100,965600,36500,46800,21700,17200,
1999-10-07,,,,,,,441000,86047,4300,1896600,43400,17800,12600,7800,
1999-10-08,,,,,,,730800,404014,102600,1064600,32600,6400,4300,156800,
1999-10-11,,,,,,,368600,191051,4300,1238200,49000,21400,3600,213400,
1999-10-12,,,,,,,91400,427157,6100,471800,98600,28400,4300,29600,
1999-10-13,,,,,,,44400,170740,25600,1058600,19500,13200,12900,10400,
1999-10-14,,,,,,,1125600,459409,4500,1401000,47100,23400,5200,14800,
1999-10-15,,,,,,,556200,466426,27600,2097600,68300,25800,7100,11000,
1999-10-18,,,,,,,487000,207916,261100,3011800,15900,11800,3900,17400,
1999-10-19,,,,,,,527600,313782,202900,2947800,88300,13000,6300,10400,
1999-10-20,,,,,,,321400,326461,3500,796800,186500,33800,46400,95200,
1999-10-21,,,,,,,48200,255679,209500,1361800,37800,13800,4200,3000,
1999-10-22,,,,,,,598000,1053736,14900,399400,57100,8800,25900,9200,
1999-10-25,,,,,,,109200,1728940,10800,325000,109900,220400,24600,5000,
1999-10-26,,,,,,,33600,577955,5800,982400,20100,16200,30800,38200,
1999-10-27,,,,,,,147600,332001,42900,1298600,64900,109600,33200,30400,
1999-10-28,,,,,,,177600,2517887,8100,680400,125200,39400,8000,22400,
1999-10-29,,,,,,,197000,1159356,20500,1633600,154600,55400,39400,24600,
1999-11-01,,,,,,,460800,460517,3100,461600,116900,51800,22400,25400,
1999-11-02,,,,,,,88000,527484,25700,312600,276500,176600,19900,6600,
1999-11-03,,,,,,,640400,64012,8400,418400,92300,8800,7400,6200,
1999-11-04,,,,,,,48200,676065,17800,818200,36700,21400,8800,37200,
1999-11-05,,,,,,,232000,409431,88600,1796000,55900,153600,23600,14000,
1999-11-08,,,,,,,93400,718042,4000,754200,22300,30800,16600,5000,
1999-11-09,,,,,,,230600,137749,4500,1963000,37900,7800,10000,23800,
1999-11-10,,,,,,,517400,110913,5900,1167800,33400,46600,21300,15000,
1999-11-11,,,,,,,435200,214071,23800,591000,26600,11400,8000,11400,
1999-11-12,,,,,,,274200,640859,41400,878600,31500,7600,33500,15800,
1999-11-15,,,,,,,53400,179972,14300,374600,119600,29600,15700,12400,
1999-11-16,,,,,,,156200,632611,9900,511200,41100,14600,17700,10200,
1999-11-17,,,,,,,113800,422849,8500,1031200,45300,27000,3300,27000,
1999-11-18,,,,,,,133000,197576,38300,1505600,99900,21400,8200,4400,
1999-11-19,,,,,,,358800,240045,5000,890600,20800,26200,8700,29400,
1999-11-22,,,,,,,719800,216656,24600,872400,39600,70600,15700,4200,
1999-11-23,,,,,,,718600,211978,27700,1170000,33000,64800,7000,20200,
1999-11-24,,,,,,,47000,127778,3900,1253400,41400,37600,21400,8400,
1999-11-26,,,,,,,14800,90848,14800,851800,17200,5000,9400,13400,
1999-11-29,,,,,,,59000,956733,231100,706400,34200,52200,31700,17800,
1999-11-30,,,,,,,28600,141934,14100,872400,23500,41400,7500,13800,
1999-12-01,,,,,,,43400,634950,41800,1801000,37500,9600,40700,17600,
1999-12-02,,,,,,,107600,122238,219000,417200,64600,35400,20800,314200,
1999-12-03,,,,,,,497000,1471414,24100,1246200,93100,25800,24600,17600,
1999-12-06,,,,,,,297200,283746,17300,694800,44700,19800,40700,23800,
1999-12-07,,,,,,,252000,1270884,8000,409000,44600,219000,11500,12800,
1999-12-08,,,,,,,135800,732322,210500,815800,34600,20000,38900,22000,
1999-12-09,,,,,,,98200,143658,12700,2375000,50700,16600,12100,36400,
1999-12-10,,,,,,,98000,739462,37100,453200,56700,16000,18800,32200,
1999-12-13,,,,,,,89800,367577,22600,754000,58800,27800,10700,8800,
1999-12-14,,,,,,,1014600,440575,9400,1432200,81200,20400,16000,41800,
1999-12-15,,,,,,,436200,447715,18800,2496800,88600,25800,8400,1600,
1999-12-16,,,,,,,124200,489323,17100,838800,64100,22400,9500,17800,
1999-12-17,,,,,,,1911800,1619257,788400,795400,1213100,948200,485300,1715600,
1999-12-20,,,,,,,1562600,1197394,459700,578400,905900,373600,301300,1760000,
1999-12-21,,,,,,,1451600,1573464,519300,763600,1212300,555000,558700,1297000,
1999-12-22,,,,,,,1210600,1370842,511700,615400,750600,169200,153500,1107000,
1999-12-23,,,,,,,288800,564414,152100,718400,431000,595000,445400,355200,
1999-12-27,,,,,,,2502400,3410239,1067100,1252000,2693700,1824600,500800,2777600,
1999-12-28,,,,,,,112200,136272,34900,1400800,75700,198400,112800,21200,
1999-12-29,,,,,,,94800,125808,9000,1167000,62800,55800,27900,2800,
1999-12-30,,,,,,,116400,285961,10200,3379600,63400,13600,7300,4000,
1999-12-31,,,,,,,69600,687021,4700,1510600,35400,76200,7200,38200,
2000-01-03,,,,,,,760600,1185699,82800,1876200,634300,353400,246700,425800,
2000-01-04,,,,,,,1444400,885705,146900,1091000,172000,187000,35300,354400,
2000-01-05,,,,,,,675600,717181,129200,3812000,343600,546800,137600,249200,
2000-01-06,,,,,,,266200,415832,54000,3340000,420800,69000,50000,271600,
2000-01-07,,,,,,,936000,468149,32900,1372000,337100,92400,22100,140000,
2000-01-10,,,,,,,244200,460640,122500,2041000,451700,31000,31800,83800,
2000-01-11,,,,,,,289600,476151,109800,2822600,142900,51400,17900,59200,
2000-01-12,,,,,,,114600,143288,39900,3966400,84300,73400,12400,106200,
2000-01-13,,,,,,,298400,1104576,189700,2386000,233800,279200,600000,141200,
2000-01-14,,,,,,,71400,731583,5700,2767800,76100,91400,23600,205200,
2000-01-18,,,,,,,221000,466180,83600,1101600,218300,92000,417300,107600,
2000-01-19,,,,,,,380600,339510,62800,1580800,137800,52000,10400,227600,
2000-01-20,,,,,,,688600,588172,49600,2191200,425500,225000,64200,322800,
2000-01-21,,,,,,,966600,498309,45700,2869400,345000,402200,37300,340400,
2000-01-24,,,,,,,593000,346773,51600,1137800,278200,128600,72100,10200,
2000-01-25,,,,,,,115600,231674,89700,5964800,85000,113800,24400,126000,
2000-01-26,,,,,,,93800,630518,93400,1678600,385500,62800,10500,76200,
2000-01-27,,,,,,,3377600,262572,156000,2476200,67800,37400,10700,238200,
2000-01-28,,,,,,,66200,170986,17600,4914000,37100,56800,18100,24800,
2000-01-31,,,,,,,203200,541763,45700,2624600,195800,829600,27500,21600,
2000-02-01,,,,,,,228400,332001,5500,949800,104000,46400,161600,259800,
2000-02-02,,,,,,,58800,399829,3500,1069400,72700,29000,7700,10600,
2000-02-03,,,,,,,193600,350220,107900,2489200,87900,192200,31500,52400,
2000-02-04,,,,,,,131200,216533,31400,1383400,137500,38600,11300,46200,
2000-02-07,,,,,,,110600,91586,43800,1310600,31600,46000,36400,41600,
2000-02-08,,,,,,,198800,608483,119600,1772000,314700,65200,265000,411400,
2000-02-09,,,,,,,172400,223550,58400,3246600,90900,32600,19000,57200,
2000-02-10,,,,,,,1230000,641474,65200,2315200,149100,166400,5000,20200,
2000-02-11,,,,,,,415600,588664,50400,2004200,166800,185000,9200,66000,
2000-02-14,,,,,,,1046000,1014713,4900,703000,209200,23200,14900,5600,
2000-02-15,,,,,,,601400,373485,21200,601200,54500,52200,23100,15800,
2000-02-16,,,,,,,247800,376317,77400,344200,315500,308000,35000,36000,
2000-02-17,,,,,,,176000,611807,16400,462400,113700,21400,15300,134000,
2000-02-18,,,,,,,283400,881765,115300,725400,191300,29800,109900,15000,
2000-02-22,,,,,,,149200,564537,46900,2467800,266600,64000,35300,141400,
2000-02-23,,,,,,,152400,392443,63100,366600,103200,103800,17500,686000,
2000-02-24,,,,,,,632000,435774,19500,639800,166100,209400,172800,217800,
2000-02-25,,,,,,,1325600,608114,26700,1874400,258800,14800,21200,62600,
2000-02-28,,,,,,,912200,1225337,463900,3016600,222000,391000,103600,519400,
2000-02-29,,,,,,,160600,435159,9100,948200,131300,18200,15500,35200,
2000-03-01,,,,,,,1761200,1578634,2408000,1927000,295500,92200,26700,691400,
2000-03-02,,,,,,,785400,600359,421400,2195200,1447500,211200,47600,417200,
2000-03-03,,,,,,,1223400,418417,41200,803200,220900,91200,372700,416000,
2000-03-06,,,,,,,559600,1878260,292100,1335000,315100,158400,316300,1200400,
2000-03-07,,,,,,,999000,1253281,50300,2609600,224100,163800,635200,12600,
2000-03-08,,,,,,,2178800,649229,350700,2179200,309900,49800,184000,344400,
2000-03-09,,,,,,,716800,385180,30400,571800,1267300,313400,15400,612800,
2000-03-10,,,,,,,1326200,183419,114200,530000,1967700,45200,165300,880600,
2000-03-13,,,,,,,701200,411646,86600,4022400,1061900,372400,64200,885800,
2000-03-14,,,,,,,720800,286208,38600,928400,552800,340000,36200,458600,
2000-03-15,,,,,,,839000,1206626,121300,1238600,1582200,427000,42200,1443600,
2000-03-16,,,,,,,1132600,2141694,281000,5453200,580200,106000,168500,302800,
2000-03-17,,,,,,,299600,1075771,34400,882000,116000,125600,62000,48600,
2000-03-20,,,,,,,475000,422233,129700,790800,563400,122600,8200,162200,
2000-03-21,,,,,,,353000,932359,11100,1298400,32600,179400,18100,314400,
2000-03-22,,,,,,,83800,830679,69100,1337000,132900,97000,29900,266600,
2000-03-23,,,,,,,83000,724567,19200,968200,126400,14200,24900,18000,
2000-03-24,,,,,,,322800,660185,6200,2206200,231100,48600,9200,39200,
2000-03-27,,,,,,,438200,316613,10300,1566200,52200,66000,14400,28000,
2000-03-28,,,,,,,138600,371516,8900,1251200,71600,35200,13700,41600,
2000-03-29,,,,,,,465600,237091,5200,6663800,36200,25800,6800,24600,
2000-03-30,,,,,,,355800,511727,9300,9271600,62200,67200,14000,45000,
2000-03-31,,,,,,,1255800,1533826,23400,639200,439800,118800,14400,749200,
2000-04-03,,,,,,,281400,539917,39400,5290000,76600,161800,11200,82000,
2000-04-04,,,,,,,829200,1568048,220700,4423000,823600,129000,7600,142000,
2000-04-05,,,,,,,102600,346403,7600,1200400,38800,22000,7100,24000,
2000-04-06,,,,,,,76000,343080,23000,346000,55100,258400,29000,27200,
2000-04-07,,,,,,,510800,783408,136600,466000,169700,339400,6000,111400,
2000-04-10,,,,,,,54000,179111,21100,1330200,55200,53200,16000,31600,
2000-04-11,,,,,,,975800,162861,313700,2958400,60900,56600,10100,92200,
2000-04-12,,,,,,,484400,1093128,157700,2676200,76500,152000,13100,214000,
2000-04-13,,,,,,,881600,790425,590800,4364200,506700,50000,17500,74800,
2000-04-14,,,,,,,3698200,1045242,19600,3816000,62900,276600,9800,235200,
2000-04-17,,,,,,,432200,498309,20200,1810800,139500,235600,16900,281200,
2000-04-18,,,,,,,159200,909586,10700,1146400,129000,95200,50900,104200,
2000-04-19,,,,,,,755600,218626,13700,710600,39500,14400,7200,16800,
2000-04-20,,,,,,,471200,175048,2900,482800,14300,16000,4000,28600,
2000-04-24,,,,,,,44000,196468,8900,1222200,75300,33400,18000,24600,
2000-04-25,,,,,,,861600,252724,13100,715800,51400,36600,3600,51200,
2000-04-26,,,,,,,859000,938761,515300,2924000,39100,46800,15500,23800,
2000-04-27,,,,,,,55000,170247,6500,963400,27900,22200,5200,6600,
2000-04-28,,,,,,,106000,436143,9600,1293000,56400,19400,4900,8600,
2000-05-01,,,,,,,69400,117068,2000,391600,21200,55000,3500,13400,
2000-05-02,,,,,,,296000,179480,187400,1365200,19000,48400,3800,130600,
2000-05-03,,,,,,,158200,425311,52900,1533200,309800,367200,10600,334600,
2000-05-04,,,,,,,88000,180834,29200,357200,30600,56000,18600,45600,
2000-05-05,,,,,,,71200,74476,7200,600000,11600,29800,4700,30200,
2000-05-08,,,,,,,166000,49240,4000,310800,277200,64600,5800,109200,
2000-05-09,,,,,,,244800,701424,10400,2472400,975200,20600,6200,35800,
2000-05-10,,,,,,,707400,348373,2100,2039600,87000,76400,9100,126000,
2000-05-11,,,,,,,261600,293840,2200,862400,28800,95800,3800,36200,
2000-05-12,,,,,,,90200,611192,4100,443000,26400,24000,5100,6000,
2000-05-15,,,,,,,2556600,493262,9700,315200,188200,1838600,8000,53400,
2000-05-16,,,,,,,1860800,217272,10500,816000,1201000,1812800,11200,15400,
2000-05-17,,,,,,,91200,118053,4900,737200,19000,13200,6600,19000,
2000-05-18,,,,,,,1779400,283992,500,413600,12100,24000,2200,3200,
2000-05-19,,,,,,,142800,182311,3900,1555000,17800,14800,5500,3800,
2000-05-22,,,,,,,216800,179849,5500,905200,41400,29600,47300,17000,
2000-05-23,,,,,,,280600,203731,800,668600,17700,30200,6600,40000,
2000-05-24,,,,,,,129600,332616,3800,1427200,24700,29400,7800,7800,
2000-05-25,,,,,,,663600,532777,51700,1212200,85400,50000,112100,42000,
2000-05-26,,,,,,,69200,644675,8900,287000,35500,229200,139600,80600,
2000-05-30,,,,,,,124800,315382,157200,1642200,161300,56800,52200,184000,
2000-05-31,,,,,,,229400,152029,2000,505600,84900,18600,41100,56000,
2000-06-01,,,,,,,82600,581032,1500,1080400,96400,13600,19300,3000,
2000-06-02,,,,,,,99200,1362348,86800,1716200,1366300,101600,26900,47400,
2000-06-05,,,,,,296800.0,2246600,214194,4500,783800,30800,33600,8100,2400,
2000-06-06,,,,,,445600.0,131400,292732,204700,894400,32000,92400,22800,11200,
2000-06-07,,,,,,431000.0,75800,115960,20000,476600,38200,64800,9400,42200,
2000-06-08,,,,,,390400.0,149000,305534,13000,554200,40100,16200,9500,31600,
2000-06-09,,,,,,195000.0,259600,279437,14900,261800,85500,268600,14300,135400,
2000-06-12,,,,,,112400.0,515000,104635,63900,738600,12700,89600,17200,24800,
2000-06-13,,,,,,389000.0,714200,689237,13700,724400,150000,62400,4100,230800,
2000-06-14,,,,,,195000.0,432400,289039,57400,445200,139100,75600,10100,89200,
2000-06-15,,,,,,217800.0,502800,1172281,44500,254600,144900,454200,57000,271600,
2000-06-16,,,,,,173800.0,957000,1355947,110400,941000,24400,472000,1318500,37200,
2000-06-19,,200.0,,,,436400.0,469400,845820,219100,1025000,51500,183600,21100,44600,
2000-06-20,,400.0,,,,497000.0,180800,785132,8100,404200,86100,480400,5300,28200,
2000-06-21,,20600.0,,,,371600.0,321400,457070,11700,682000,96300,351600,134600,324600,
2000-06-22,,400.0,,,,782800.0,188600,470488,76800,1244400,48000,30800,25200,513800,
2000-06-23,,0.0,,,,685800.0,158000,556289,2400,227800,87200,78400,2900,81800,
2000-06-26,,2000.0,,,,308000.0,89000,216041,18100,384000,39900,28600,6600,26400,
2000-06-27,,2600.0,,,,472200.0,29200,270820,3800,295800,74100,6972600,59200,264600,
2000-06-28,,0.0,,,,457000.0,180200,388873,203200,319000,104300,3541000,42100,65800,
2000-06-29,,0.0,,,,563600.0,1088800,92694,22200,925800,42600,23000,31900,309800,
2000-06-30,,2800.0,,,,916000.0,255200,776022,7300,527200,111900,8087800,16600,65400,
2000-07-03,,45400.0,,,,105200.0,108000,514558,4700,78800,59500,510200,2400,86600,
2000-07-05,,32600.0,,,,2724400.0,2064800,681605,9000,297800,72900,4350000,83100,112000,
2000-07-06,,6600.0,,,,2786800.0,435600,460640,16800,254800,123700,732800,12400,15400,
2000-07-07,,8400.0,,,,359800.0,1044000,370039,212800,383000,22300,76000,14400,355000,
2000-07-10,,10400.0,,,,187200.0,346600,462733,115800,206800,47900,136200,23200,247800,
2000-07-11,,200.0,,,,446400.0,142200,219118,8100,190400,19700,13600,6400,128200,
2000-07-12,,8800.0,,,,229200.0,308600,229951,5700,694200,219900,12200,98400,17200,
2000-07-13,,4000.0,,,,288200.0,137800,553704,4400,396200,53400,10400,5600,53200,
2000-07-14,,58000.0,,,,272800.0,423400,148951,1300,271200,39900,124000,4000,15000,
2000-07-17,,1200.0,,,,331000.0,456000,169386,13500,225600,55600,298400,26200,199000,
2000-07-18,,400.0,,,,434800.0,202000,84939,17900,368000,114900,344600,56600,461400,
2000-07-19,,98400.0,,,,745000.0,114400,85924,10400,267800,37200,342000,7600,137200,
2000-07-20,,2200.0,,,,544400.0,371200,119776,5200,541800,11500,185200,2000,98600,
2000-07-21,,3000.0,,,,1251400.0,75000,202253,2400,457400,49100,23600,6500,220000,
2000-07-24,,5200.0,,,,2472800.0,232600,288546,16000,409000,210100,174800,61200,27800,
2000-07-25,,5600.0,,,,548600.0,975400,311689,1800,445400,94600,266200,42500,34800,
2000-07-26,,11200.0,,,,1001600.0,70000,178987,3700,548200,36500,9800,26900,166800,
2000-07-27,,121200.0,,,,1052800.0,312400,160769,900,959400,29600,8800,2000,7000,
2000-07-28,,3200.0,,,,2704800.0,59000,245831,39100,748600,106300,23000,7800,16600,
2000-07-31,,78800.0,,,,429600.0,534400,190313,38500,1128000,52000,108000,33800,31400,
2000-08-01,,420400.0,,,,1313600.0,147800,87647,97300,335000,691600,19000,6200,172000,
2000-08-02,,13800.0,,,,604000.0,211600,73614,2700,287000,44500,59400,9500,226600,
2000-08-03,,41800.0,,,,2842000.0,88200,162984,3200,1807600,67000,119000,18400,31400,
2000-08-04,,175200.0,,,,1529600.0,60000,367577,39500,467600,60300,35200,57300,16800,
2000-08-07,,63800.0,,,,550800.0,69200,691330,5600,478800,25900,73800,3500,11200,
2000-08-08,,159800.0,,,,412600.0,59600,153260,5100,342600,28300,107200,4000,9000,
2000-08-09,,3800.0,,,,719800.0,97800,437005,22500,318400,101500,150800,7900,168200,
2000-08-10,,10400.0,,,,1133200.0,108000,189205,25700,173800,28700,9200,28700,9000,
2000-08-11,,23600.0,,,,632200.0,316800,168032,23900,536600,253300,23800,10400,45000,
2000-08-14,,600.0,,,,1006000.0,346200,145135,60500,215200,15600,25000,3400,800,
2000-08-15,,17400.0,,,,1997200.0,537800,66228,4400,208800,30700,14200,32800,7800,
2000-08-16,,13400.0,,,,1496800.0,85000,160892,22100,142600,17800,33800,3700,20800,
2000-08-17,,3600.0,,,,745200.0,452400,355390,25500,372200,120100,25000,60400,53000,
2000-08-18,,59000.0,,,,1050600.0,1437600,184404,31500,504200,18200,20800,2100,6400,
2000-08-21,,160400.0,,,,1581200.0,156400,94541,5000,146800,19200,11200,3800,22400,
2000-08-22,,57400.0,,,,936600.0,1300000,241153,1300,295200,8700,24400,3800,28200,
2000-08-23,,86400.0,,,,889400.0,406400,432081,35400,322200,138200,197400,41100,64200,
2000-08-24,,90800.0,,,,2990800.0,478200,181819,33700,210400,11300,22400,2100,8400,
2000-08-25,,9800.0,,,,602600.0,523600,105127,202400,219600,13300,319800,5300,2000,
2000-08-28,,8200.0,,,,424400.0,221600,142427,113000,204800,20300,23800,13100,52600,
2000-08-29,,9800.0,,,,1217200.0,213000,101927,5500,226600,30000,20800,23800,17000,
2000-08-30,,2200.0,,,,500200.0,331600,173079,5400,210600,20500,14600,9500,9200,
2000-08-31,,1000.0,,,,1105800.0,157000,537824,31700,369000,39000,12000,3700,30200,
2000-09-01,,41600.0,,,,1638600.0,205400,924727,2700,676800,750400,484600,68400,325000,
2000-09-05,,544200.0,,,,708800.0,1445000,566137,151500,254200,905400,312800,436100,2447000,
2000-09-06,,255400.0,,,,952800.0,456000,270081,31000,615200,65100,273800,36400,61000,
2000-09-07,,72200.0,,,,685000.0,208800,177510,45200,263400,41100,70400,37500,229600,
2000-09-08,,167600.0,,,,649400.0,1784400,4789329,328700,502800,2931200,1920800,956100,11740200,
2000-09-11,,9200.0,,,,681200.0,1640600,1598207,169900,563200,1523600,1127800,536300,5248400,
2000-09-12,,20200.0,,,,853800.0,1106200,1631814,200200,412600,1444100,1380600,561400,2242200,
2000-09-13,,3800.0,,,,1732800.0,219600,420510,30200,343000,50100,203800,14300,175600,
2000-09-14,,15000.0,,,,473200.0,834600,272913,13000,405600,55900,121000,43100,34000,
2000-09-15,,2400.0,,,,632200.0,1525600,213209,14900,543000,194400,108400,21900,87800,
2000-09-18,,9800.0,,,,300000.0,411000,529699,22400,1348000,88400,122400,50300,32600,
2000-09-19,,9200.0,,,,1573600.0,7629000,242015,11800,536600,29800,100400,13000,6108600,
2000-09-20,,10800.0,,,,1064800.0,2858400,220965,20200,373400,30900,192600,14700,27600,
2000-09-21,,1200.0,,,,598600.0,9151200,179480,16200,819600,35000,293800,12100,7600,
2000-09-22,,53800.0,,,,2000600.0,2939000,112513,5800,872400,54800,50600,4800,2800,
2000-09-25,,5200.0,,,,599200.0,1014400,115837,38300,642200,60300,114000,7100,6019400,
2000-09-26,,5400.0,,,,665800.0,930600,71152,4100,1557400,41100,33400,5400,15600,
2000-09-27,,1600.0,,,,1632600.0,166400,410908,10000,1100400,23300,103600,7200,6600,
2000-09-28,,2000.0,,,,1122200.0,645200,440329,51900,1274000,51500,225000,56300,8600,
2000-09-29,,196400.0,,,,711600.0,254400,118422,4800,521400,71100,118800,2600,20200,
2000-10-02,,10200.0,,,,714000.0,629000,381487,10800,790000,22000,45400,4000,2016000,
2000-10-03,,3200.0,,,,1486000.0,184400,155229,16000,1655800,15600,183400,15900,20800,
2000-10-04,,21800.0,,,,1545200.0,303600,518990,16600,1031800,6500,117000,1700,4025200,
2000-10-05,,1200.0,,,,1233000.0,4559600,306273,2500,493200,542600,398400,19900,10800,
2000-10-06,,2400.0,,,,1237400.0,1080000,2007022,2400,956600,20000,40800,3700,24000,
2000-10-09,,64000.0,,,,1370000.0,2751600,156214,1300,680400,105100,80800,9400,8800,
2000-10-10,,4200.0,,,,2466400.0,2462800,3845398,3200,527600,45600,29800,2000,9200,
2000-10-11,,2000.0,,,,3080800.0,797800,4426676,20400,1050200,84400,81800,29100,236800,
2000-10-12,,11000.0,,,,2130400.0,4065600,1122672,17000,1155600,24800,125000,7900,91200,
2000-10-13,,2200.0,,,,1336000.0,608200,1249711,5900,920600,47700,116800,5700,175200,
2000-10-16,,8200.0,,,,1334000.0,656200,167539,3600,593400,16600,157400,6400,8800,
2000-10-17,,29200.0,,,,2259400.0,1022800,572661,11000,776200,20600,68200,13500,12800,
2000-10-18,,41000.0,,,,2096800.0,2834400,1686593,29200,820400,60800,270000,8700,8800,
2000-10-19,,2000.0,,,,2875600.0,1954800,488707,5700,1544000,24200,77000,8100,59200,
2000-10-20,,800.0,,,,3007600.0,977200,466303,700,933600,16900,162200,11400,4200,
2000-10-23,,5800.0,,,,985000.0,411000,321291,7600,574400,30800,48800,4000,8600,
2000-10-24,,100000.0,,,,1131800.0,160600,309104,33600,461400,26100,22000,103300,33600,
2000-10-25,,13400.0,,,,1765400.0,794400,533023,1200,1083200,39200,153000,5800,283600,
2000-10-26,,2800.0,,,,1894800.0,901800,869209,72200,2114800,184500,59200,4800,6800,
2000-10-27,,310800.0,,,,1690800.0,684400,1361240,502700,855800,17200,54600,3000,11400,
2000-10-30,,5200.0,,,,1611400.0,753200,1245033,1000,515600,40400,104400,3700,97400,
2000-10-31,,2600.0,,,,1395800.0,926600,227243,5400,788600,53500,54200,22700,300400,
2000-11-01,,34600.0,,,,956200.0,4240200,613777,2900,777400,39100,80600,5900,322600,
2000-11-02,,9400.0,,,,865000.0,236000,71029,3300,527600,33700,11800,16200,15000,
2000-11-03,,600.0,,,,309800.0,683600,138980,400,630000,26700,19600,5400,27800,
2000-11-06,,60000.0,,,,340600.0,1016200,137380,30900,323600,118500,26600,9100,4400,
2000-11-07,,3800.0,,,,692400.0,485200,166801,15700,575400,38500,28800,29100,33400,
2000-11-08,,600.0,,,,1678400.0,120400,626087,6000,558200,37100,37200,14800,46200,
2000-11-09,,48800.0,,,,769800.0,608200,601467,3400,1523800,57300,25400,14700,29600,
2000-11-10,,7800.0,,,,1135200.0,670400,519605,24200,1003800,107100,25800,11200,61000,
2000-11-13,,800.0,,,,2118000.0,100000,4902950,10800,2663200,45700,51200,21200,44600,
2000-11-14,,800.0,,,,1358400.0,96400,4577720,1400,800800,32700,32600,8600,121200,
2000-11-15,,2800.0,,,,1043800.0,142600,1102361,7700,800600,175100,39400,4000,29000,
2000-11-16,,14000.0,,,,1256200.0,310800,153013,800,304400,18800,42000,3700,20400,
2000-11-17,,2000.0,,,,528000.0,341200,939499,5900,536400,27400,17600,11500,8400,
2000-11-20,,244000.0,,,,2001400.0,435200,373362,2000,1021400,39600,22600,3500,129200,
2000-11-21,,2800.0,,,,1045800.0,635200,681974,2900,674800,37100,9600,8200,179400,
2000-11-22,,1000.0,,,,3145000.0,485200,256910,1200,546400,49900,50600,3500,129600,
2000-11-24,,0.0,,,,747800.0,100000,103896,3900,265200,25000,13400,9400,1400,
2000-11-27,,3400.0,,,,2604800.0,91800,271066,4800,589400,58500,70600,5000,5600,
2000-11-28,,2000.0,,,,2545200.0,99800,1525578,3300,1175200,64600,202800,19800,74200,
2000-11-29,,2200.0,,,,2353400.0,1523600,1481509,53000,890200,66700,82600,120200,57400,
2000-11-30,,1000.0,,,,4068600.0,2520000,2073004,8300,3366600,472400,44400,6100,87400,
2000-12-01,,3000.0,,,,1524400.0,619200,502987,1002700,1781200,57800,27000,7400,103200,
2000-12-04,,7800.0,,,,994800.0,402600,1992250,17200,1419000,77400,40000,25500,8200,
2000-12-05,,0.0,,,,3228200.0,333400,1342652,71700,1993200,51900,46600,14600,361800,
2000-12-06,,7400.0,,,,1331200.0,1018400,1399155,9300,3677200,65600,90600,10700,53400,
2000-12-07,,3800.0,,,,847000.0,446800,1006835,2100,3142400,45100,40200,5000,34400,
2000-12-08,,5000.0,,,,1542800.0,97200,3373186,5500,2772400,62700,88400,45300,13000,
2000-12-11,,7200.0,,,,2652800.0,124800,936545,8600,2618200,66300,37200,6600,27000,
2000-12-12,,1200.0,,,,1477200.0,249800,348496,6100,2124200,20600,34400,7600,31000,
2000-12-13,,20200.0,,,,1555400.0,388400,244723,5700,2092400,44000,67000,7200,107400,
2000-12-14,,37800.0,,,,980200.0,113200,642951,15100,1257400,21400,61600,9300,230600,
2000-12-15,,11200.0,,,,1680600.0,1258200,596912,12700,1503800,31500,57600,10300,17800,
2000-12-18,,45800.0,,,,1199200.0,408600,1623689,8700,1456000,27300,25600,12800,145600,
2000-12-19,,7000.0,,,,2960800.0,516800,3551312,23200,1598400,47400,51200,29600,194400,
2000-12-20,,8200.0,,,,1229400.0,381800,1652002,18900,4089800,50000,49400,94400,63000,
2000-12-21,,9400.0,,,,2863200.0,659800,2453629,20800,12317400,44300,66800,25800,194200,
2000-12-22,,5200.0,,,,1924800.0,116800,792025,3400,4057000,60600,78600,10200,54400,
2000-12-26,,19000.0,,,,875600.0,1934200,1927131,15500,2246000,51400,15000,16500,146800,
2000-12-27,,6000.0,,,,1077200.0,582400,372624,16200,2589600,37100,35600,14400,158800,
2000-12-28,,60400.0,,,,1441600.0,135000,459040,23000,2969600,55900,24400,10400,60400,
2000-12-29,,107200.0,,,,1852000.0,370800,846066,15900,6775400,34400,37200,34100,27800,
2001-01-02,,21000.0,,,,4358800.0,797000,1551429,150900,3811600,164200,14800,9400,334200,
2001-01-03,,119000.0,,,,4023200.0,1038200,1573834,212300,5149800,316800,155800,177400,2068800,
2001-01-04,,175600.0,,,,3143200.0,773000,1037364,7200,1854800,271500,96800,44300,519800,
2001-01-05,,23600.0,,,,3702400.0,849200,10940389,37600,2125800,64300,70400,43300,182600,
2001-01-08,,9400.0,,,,1833800.0,743200,518374,6000,1221800,39600,727800,9500,55200,
2001-01-09,,2200.0,,,,1824000.0,264000,265896,293600,1261400,56200,104000,12600,193000,
2001-01-10,,12200.0,,,,3756200.0,255200,495478,123400,2290600,36500,39200,8300,261800,
2001-01-11,,1000.0,,,,3164400.0,97200,661786,9700,2164400,49300,60200,36500,87600,
2001-01-12,,6800.0,,,,2275400.0,60200,549026,33300,1431000,69400,93800,39900,143400,
2001-01-16,,5600.0,,,,1289800.0,66800,866870,7200,1326200,139600,87200,50600,39800,
2001-01-17,,162600.0,,,,3379200.0,191400,544348,32800,1230800,56100,57400,47900,341600,
2001-01-18,,163200.0,,,,3050200.0,744000,480213,6800,2244800,63900,35400,10100,14400,
2001-01-19,,9200.0,,,,1746000.0,643800,666833,12300,2071800,338600,20600,19200,446200,
2001-01-22,,4400.0,,,,816000.0,78800,291747,37500,1125000,35000,39600,11000,181600,
2001-01-23,,5800.0,,,,1693200.0,123400,418663,106400,936200,40200,83200,13000,114800,
2001-01-24,,11000.0,,,,1155200.0,94600,4035710,16600,1141600,76600,35800,24700,785600,
2001-01-25,,3400.0,,,,2980600.0,225600,1694348,3300,914600,53600,32600,7700,11587400,
2001-01-26,,2000.0,,,,2968200.0,344400,979630,78000,1462800,45900,51400,221300,864000,
2001-01-29,,8000.0,,,,821600.0,126400,273282,17700,690000,48200,105600,34900,717400,
2001-01-30,,10400.0,,,,1775600.0,469600,386165,14800,1412200,59500,17800,229800,1441200,
2001-01-31,,2800.0,,,,3378000.0,198000,463964,56000,1903400,139900,16800,20200,235000,
2001-02-01,,1800.0,,,,1296000.0,692200,229458,17300,2874200,53900,29600,22400,87600,
2001-02-02,,1000.0,,,,1830200.0,353000,223550,20100,2428600,63600,18200,123200,277600,
2001-02-05,,30400.0,,,,2121200.0,408600,258264,13700,1565400,108900,15600,15100,44400,
2001-02-06,,11200.0,,,,1716200.0,145000,622024,13600,645000,90700,76800,21100,38800,
2001-02-07,,6200.0,,,,1684000.0,206200,313413,23100,1409800,34200,14600,19100,192800,
2001-02-08,,14000.0,,,,1128800.0,78400,2847549,3600,1552600,62800,28600,510300,423400,
2001-02-09,,313800.0,,,,2994600.0,483000,356990,7100,1674600,1596600,460200,10600,3275600,
2001-02-12,,265400.0,,,,1808400.0,591000,2498068,167100,2485800,26800,21400,14600,6844000,
2001-02-13,,114200.0,,,,1668800.0,2027800,791533,298100,1288200,116400,62600,17600,57000,
2001-02-14,,5000.0,,,,2181600.0,167200,138364,14500,1426600,108800,22200,5600,187600,
2001-02-15,,6200.0,,,,4371400.0,1109200,616239,7000,1379200,62800,40600,17100,29000,
2001-02-16,,35600.0,,,,2338800.0,114600,841881,36900,1218600,34900,58000,8500,18600,
2001-02-20,,14200.0,,,,1800400.0,749800,406969,9500,1274400,29000,39200,13700,149800,
2001-02-21,,1600.0,,,,3874800.0,189800,570445,9900,1849000,36300,18000,12700,263600,
2001-02-22,,50000.0,,,,2580600.0,420000,660678,46100,1870400,128700,48800,36900,71200,
2001-02-23,,7000.0,,,,2866000.0,682600,685052,41600,2161800,102800,19800,62400,189200,
2001-02-26,,19600.0,,,13755.0,2520400.0,681200,251986,11800,1713000,63500,33400,8000,181000,
2001-02-27,,22000.0,,,5730.0,3024800.0,81000,434543,11700,933400,27400,27200,9200,187600,
2001-02-28,,5000.0,,,4380.0,2909600.0,47000,1070601,23000,3324600,20300,31000,8000,159800,
2001-03-01,,5200.0,,,1995.0,5134000.0,328200,825878,11500,1990400,43600,18800,16900,255200,
2001-03-02,,6000.0,,,6705.0,5401200.0,157600,661416,206400,1631000,219200,31200,5600,487800,
2001-03-05,,42800.0,,,10560.0,2389800.0,3215800,923989,2000,1089400,20400,86400,4600,8600,
2001-03-06,,6600.0,,,1950.0,16730800.0,191800,395397,8600,1796200,45800,26600,5200,229600,
2001-03-07,,12400.0,,,25410.0,2566800.0,466800,627810,5400,1930600,44300,65400,5000,152600,
2001-03-08,,24400.0,,,22590.0,1757400.0,305600,534993,53000,928800,89800,109600,18200,542600,
2001-03-09,,6600.0,,,41505.0,2593600.0,479000,447345,24300,1460200,40500,20600,27300,119200,
2001-03-12,,6600.0,,,14490.0,6071400.0,2822400,972736,165200,2050200,35600,38000,23300,529600,
2001-03-13,,22200.0,,,95775.0,4716200.0,304800,1514869,7700,2338000,153600,321600,56800,484200,
2001-03-14,,15800.0,,,21165.0,4647800.0,218200,2520719,63000,1594400,221500,90200,51000,362000,
2001-03-15,,16200.0,,,25545.0,5641800.0,159400,635196,10300,750200,20100,7200,14400,84000,
2001-03-16,,36400.0,,,96855.0,3460400.0,446000,856161,7700,938600,42600,549800,10200,134400,
2001-03-19,,27800.0,,,46560.0,5732800.0,482600,428142,32200,4159000,88800,158600,15100,242400,
2001-03-20,,29200.0,,,35370.0,4161000.0,976600,1914328,4900,3183000,318400,37400,10200,269200,
2001-03-21,,31000.0,,,5730.0,3990600.0,701600,1550937,59500,2128000,142600,89000,44700,381600,
2001-03-22,,8800.0,,,25320.0,5041200.0,533200,2003083,18700,3179200,57400,458200,45600,494400,
2001-03-23,,55400.0,,,24525.0,5615600.0,880000,623748,13000,1468600,35200,198000,18600,240200,
2001-03-26,,16800.0,,,16575.0,3329800.0,105800,765067,4500,3437400,43900,237200,8700,193200,
2001-03-27,,10000.0,,,22065.0,2847800.0,199000,463841,21500,1629800,30300,57200,7800,154400,
2001-03-28,,204400.0,,,17100.0,3430400.0,276200,279806,4400,916600,19300,21200,2400,372400,
2001-03-29,,18600.0,,,36195.0,4366200.0,214400,141442,24900,939200,34400,42200,13500,331200,
2001-03-30,,64000.0,,,16545.0,4833000.0,226200,252601,15600,1598400,12900,19200,14700,45000,
2001-04-02,,19800.0,,,40830.0,5228000.0,212800,3027152,50600,2215400,77500,111000,3000,123000,
2001-04-03,,11800.0,,,31905.0,4251000.0,2459000,919557,27300,2167800,38200,32600,29400,428200,
2001-04-04,,31000.0,,,30885.0,4815000.0,328000,3385742,4000,2446400,18800,19200,7500,178400,
2001-04-05,,17000.0,,,32220.0,4108600.0,423800,1272485,7300,3381800,24200,10600,5000,87400,
2001-04-06,,6800.0,,,3660.0,3519400.0,139600,6634228,19200,971000,24800,782000,12900,277000,
2001-04-09,,5400.0,,,15390.0,3448000.0,177800,802735,3200,2918000,25300,41400,4700,128000,
2001-04-10,,7000.0,,,27390.0,3418000.0,484000,372008,47800,1697600,25100,35000,12700,204400,
2001-04-11,,7600.0,,,36630.0,9280400.0,132400,1359763,41800,3049400,31300,186400,8400,386600,
2001-04-12,,3800.0,,,8400.0,6870400.0,430800,5778191,22500,932400,19100,48400,8100,412400,
2001-04-16,,10800.0,,,12885.0,3574200.0,264600,361175,3700,843000,13600,23000,4300,50200,
2001-04-17,,8400.0,,,11085.0,4550400.0,99400,868471,10200,834000,37900,60400,4400,252600,
2001-04-18,,167800.0,,,31965.0,7028000.0,157800,5579015,15900,8998400,19700,1146800,12900,315400,
2001-04-19,,7800.0,,,26115.0,4568400.0,127600,1220413,7000,2278400,53600,112800,7300,39400,
2001-04-20,,4600.0,,,19440.0,5971200.0,285000,643444,9900,2133800,25000,67200,14700,21600,
2001-04-23,,11200.0,,,17250.0,4101400.0,181400,609222,16600,2965200,32800,645000,13000,193000,
2001-04-24,,9600.0,,,23325.0,4200600.0,965800,118299,30900,1645600,16300,31800,8007800,12800,
2001-04-25,,21800.0,,,9060.0,2973400.0,529800,582017,5100,944400,68100,395200,14700,255200,
2001-04-26,,53800.0,,,36585.0,2565800.0,1502200,899738,10100,1251400,132600,167800,33300,26800,
2001-04-27,,19000.0,,,22125.0,2673200.0,224000,923742,17600,843400,29600,32400,10600,189200,
2001-04-30,,26000.0,,,16770.0,2824400.0,366400,483044,12100,1380200,40200,353000,20000,196400,
2001-05-01,,14800.0,,,46770.0,3393400.0,470400,838680,14300,1673800,23000,242600,18600,225000,
2001-05-02,,29200.0,,,39300.0,3009400.0,838000,321291,13500,2541000,61900,117600,19000,78000,
2001-05-03,,3800.0,,,50715.0,2748200.0,270400,383703,9700,761000,27700,73200,14000,212200,
2001-05-04,,8200.0,,,30630.0,3432400.0,1273000,170001,72900,992800,647300,27600,11300,38400,
2001-05-07,,36600.0,,,80595.0,1783200.0,325200,99834,13100,1708800,34400,22600,15900,587400,
2001-05-08,,34000.0,,,16185.0,2246200.0,267800,127778,30000,665400,25500,49200,7800,49000,
2001-05-09,,15400.0,,,29145.0,6997600.0,178800,708564,13700,2013600,17900,43800,8200,42400,
2001-05-10,,24600.0,,,48615.0,3366400.0,3399600,206685,4200,648000,24500,23600,8300,68600,
2001-05-11,,3600.0,,,9180.0,2026400.0,65200,200530,10200,3981600,43300,27000,14100,85400,
2001-05-14,,11800.0,,,8940.0,2794000.0,165000,59334,5200,1507000,16400,29800,22600,9000,
2001-05-15,,17600.0,,,12255.0,4454400.0,275400,267496,11000,1250400,35000,62800,69600,96400,
2001-05-16,,9800.0,,,34530.0,6721000.0,795400,641351,22500,628800,436700,54000,17300,665200,
2001-05-17,,106400.0,,,41535.0,4303200.0,137400,401798,36000,1706400,55800,66400,19600,422200,
2001-05-18,,9600.0,,,81945.0,2009600.0,1072600,194744,10800,503600,26500,53200,9400,180400,
2001-05-21,,18800.0,,,94125.0,7223600.0,1178200,236844,60100,3830200,24300,47200,68500,102400,
2001-05-22,,218800.0,,,55755.0,3235800.0,305000,559982,28900,1941200,40100,21200,8900,596600,
2001-05-23,,76400.0,,,102360.0,3432200.0,4020000,1015083,47700,1991800,29100,31800,8800,255200,
2001-05-24,,2200.0,,,84495.0,7104000.0,808400,184773,32100,1445200,48200,28400,10600,119800,
2001-05-25,,13600.0,,,19800.0,3616400.0,156800,394782,27800,757800,131600,24600,17000,736600,
2001-05-29,,504600.0,,,34200.0,3124800.0,1769200,808767,18500,723200,46000,42600,5300,44200,
2001-05-30,,63400.0,,,50895.0,5665000.0,698600,586325,28700,1683800,39100,89600,18100,762800,
2001-05-31,,3200.0,,,10845.0,3288600.0,226800,202007,37300,1802800,23600,139000,5000,8000,
2001-06-01,,8800.0,,,3195.0,8287600.0,2102200,177880,20200,1201400,61700,37400,15600,427000,
2001-06-04,,2000.0,,,103875.0,2569200.0,348000,42346,23900,336800,24100,26200,6800,23000,
2001-06-05,,10000.0,,,35160.0,3382400.0,728400,562813,41000,444600,61400,502200,93200,16800,
2001-06-06,,3400.0,,,22890.0,3234400.0,304200,566260,20500,507600,41900,36400,9800,20200,
2001-06-07,,11800.0,,,16845.0,9018200.0,719800,1214628,28000,348400,34300,51000,4300,23200,
2001-06-08,,306000.0,,,55590.0,3701400.0,105400,726044,57200,613800,11700,28600,7500,21000,
2001-06-11,,33600.0,,,21165.0,3718800.0,47800,186497,19200,1309600,40100,111400,12500,28000,
2001-06-12,,71600.0,,,27390.0,4293200.0,254800,757927,16700,1363400,1029200,16600,7700,88800,
2001-06-13,,6000.0,,,26760.0,4515400.0,688400,966212,68500,395200,50500,27800,9300,45800,
2001-06-14,,17000.0,,,44985.0,2861400.0,394000,1374781,6500,545200,26700,101800,3400,83200,
2001-06-15,,7200.0,,,43755.0,4640600.0,194800,2495483,8400,971400,22400,151200,56100,40800,
2001-06-18,,19800.0,,,42615.0,2341800.0,456000,388257,9300,706400,24500,248800,10900,70000,
2001-06-19,,36400.0,,,27630.0,5312600.0,731200,1782365,110100,997600,34300,19800,8100,83400,
2001-06-20,,27600.0,,,17190.0,5687000.0,446200,682836,11300,795200,17200,46600,4600,42000,
2001-06-21,,21800.0,,,167805.0,4964400.0,1274000,744878,29400,571200,18200,26600,7400,145600,
2001-06-22,,18200.0,,,137505.0,4388600.0,392400,518251,12200,474800,430300,44200,6800,52400,
2001-06-25,,39600.0,,,49545.0,1543800.0,177400,246569,15900,275000,52100,28600,5100,56800,
2001-06-26,,10200.0,,,53130.0,2418800.0,116200,964489,12300,895200,31200,32800,31600,375600,
2001-06-27,,82600.0,,,210285.0,1510000.0,3680200,467903,3900,603800,47800,18800,33600,65400,
2001-06-28,,9400.0,,,150120.0,7251000.0,225000,288300,4400,2177800,23400,19000,12400,32000,
2001-06-29,,24800.0,,,129990.0,3740800.0,473400,968058,269800,802000,188300,28400,19600,110800,
2001-07-02,,27600.0,,,98385.0,4513600.0,246000,184527,39600,427600,207500,73600,5600,66000,
2001-07-03,,8200.0,,,68520.0,1271600.0,169600,129624,4300,281600,8800,29800,3500,67200,
2001-07-05,,13600.0,,,117795.0,2664200.0,1662000,134179,90600,570200,15700,57600,13200,69000,
2001-07-06,,17000.0,,,40410.0,4382200.0,598400,869702,43600,2081600,112800,198800,20100,180000,
2001-07-09,,90600.0,,,151005.0,1794200.0,132400,1078848,5000,1552000,48000,41600,6100,145200,
2001-07-10,,44800.0,,,173370.0,4706800.0,930800,1396816,16200,1212600,25900,15800,28800,101000,
2001-07-11,,115400.0,,,223020.0,4387400.0,472000,9222160,15900,443200,65600,38800,14500,334200,
2001-07-12,,11600.0,,,228330.0,6630400.0,63400,475043,15600,475000,29500,19000,3300,25800,
2001-07-13,,13000.0,,,106215.0,3418800.0,125600,210870,22200,679800,17100,48800,13400,59200,
2001-07-16,,36400.0,,,181635.0,4740800.0,308800,610453,25600,447000,72600,223600,18700,94600,
2001-07-17,,17400.0,,,105900.0,8150000.0,217600,347019,15400,763000,45900,28800,9500,18000,
2001-07-18,,20200.0,,,306900.0,3527600.0,134800,757681,8800,767200,52100,37800,4900,587600,
2001-07-19,,202600.0,,,125205.0,3283000.0,1174400,255802,9600,5580200,19700,45800,17100,297200,
2001-07-20,,24200.0,,,139260.0,2143200.0,1823600,404999,16800,386200,59800,81000,10800,70600,
2001-07-23,,14000.0,,,186600.0,2278800.0,226000,58596,2400,410600,55300,56000,11400,40800,
2001-07-24,,45200.0,,,126390.0,4098800.0,216200,155598,186800,430800,33500,143000,21300,96400,
2001-07-25,,523800.0,,,142155.0,3419800.0,481000,295932,21400,439000,43600,165000,10900,90600,
2001-07-26,,8200.0,,,123330.0,5015200.0,405800,260849,23300,1293400,20700,17200,12300,59600,
2001-07-27,,7800.0,,,139440.0,3411200.0,231600,68567,12000,735200,30000,68400,8600,113200,
2001-07-30,,7600.0,,,51105.0,3097200.0,134000,243492,16000,443200,27200,49400,12500,59200,
2001-07-31,,17600.0,,,195105.0,4367600.0,401800,129378,14800,532000,28000,27400,11900,78600,
2001-08-01,,4600.0,,,250905.0,8189400.0,973800,99834,24800,697000,32200,57600,20700,52800,
2001-08-02,,6200.0,,,43905.0,9092000.0,1136800,110544,11700,581200,70100,16800,13300,175200,
2001-08-03,,24800.0,,,21885.0,3333400.0,406000,123346,20400,397200,19300,37000,3100,21200,
2001-08-06,,14200.0,,,30405.0,2428400.0,66400,230320,16000,1389000,16800,29200,4200,20600,
2001-08-07,,35600.0,,,50910.0,3733400.0,85400,260110,10000,778200,18900,24600,18500,108600,
2001-08-08,,5200.0,,,175155.0,6499600.0,1198200,1906696,9500,953800,15000,58200,5500,12400,
2001-08-09,,151000.0,,,167595.0,3651800.0,440200,698962,9400,1115000,30200,147200,21400,543200,
2001-08-10,,17000.0,,,84585.0,5276200.0,758600,201884,29500,812200,24500,28400,23800,86200,
2001-08-13,,21400.0,,,26250.0,2668000.0,576200,80631,16200,358400,84900,18000,8000,32600,
2001-08-14,,18200.0,,,57930.0,2923000.0,161400,390104,27300,733800,23000,117200,4500,321600,
2001-08-15,,353600.0,,,284760.0,1397800.0,1087400,113129,88400,524800,24400,19600,19600,31200,
2001-08-16,,132000.0,,,124755.0,5649600.0,361200,448084,20200,606200,253000,30600,5300,824600,
2001-08-17,,13000.0,,,35610.0,3267800.0,108200,383826,21800,406200,15200,64800,11800,1094400,
2001-08-20,,32600.0,,,30135.0,2078200.0,63800,2265779,13800,427200,19800,30800,18800,70400,
2001-08-21,,649800.0,,,81510.0,3732000.0,1110600,774176,26200,517200,122000,90200,16400,625600,
2001-08-22,,63000.0,,,204690.0,5888600.0,420600,2077928,30100,768800,172500,121800,81300,339600,
2001-08-23,,14800.0,,,97035.0,3618600.0,46000,220103,22200,691400,71300,23000,41400,143200,
2001-08-24,,18600.0,,,19815.0,4956600.0,196400,459409,9500,587400,26000,8800,10800,46800,
2001-08-27,,79400.0,,,60135.0,3547800.0,499600,1266330,4500,738800,327000,8400,11500,46600,
2001-08-28,,10800.0,,,43635.0,4719000.0,198400,962519,35100,3132000,20000,6400,18600,130400,
2001-08-29,,111600.0,,,66705.0,4114600.0,77800,858992,12900,405800,62700,83000,28700,58800,
2001-08-30,,71600.0,,,78525.0,4030400.0,1313800,705117,103000,844400,402600,582000,22500,178600,
2001-08-31,,29600.0,,,62835.0,3470600.0,152400,1232477,6800,496600,23700,18600,181100,116400,
2001-09-04,,89000.0,,,24270.0,5781800.0,1877200,904908,21900,906400,79000,871000,132700,162000,
2001-09-05,,17000.0,,,217305.0,8726600.0,266000,1492957,78800,1002800,74600,192200,22800,356200,
2001-09-06,,282000.0,,,156960.0,7081600.0,539600,2382477,13400,878400,26000,19200,20200,348200,
2001-09-07,,28200.0,,,12705.0,6735000.0,204000,1965292,41000,1802400,225200,67800,25800,1081800,
2001-09-10,,34000.0,,,13830.0,4317600.0,1168600,835357,8400,1157200,251900,23400,24000,439600,
2001-09-17,,111800.0,,,43800.0,4544200.0,4019200,1864226,155900,5433800,2926100,2367800,35000,1586800,
2001-09-18,,41000.0,,,65790.0,3632400.0,1196400,3653239,123700,3598600,399100,190800,20000,168800,
2001-09-19,,70200.0,,,124230.0,7587400.0,485600,1039580,32000,3126400,49600,20600,39600,170400,
2001-09-20,,33200.0,,,106725.0,4841800.0,1966200,777377,84500,1758800,116800,48400,17800,166000,
2001-09-21,,11000.0,,,88380.0,5362000.0,2335000,1090789,19600,2934200,126700,49000,43600,285800,
2001-09-24,,53200.0,,,87900.0,4876200.0,3269600,972121,35300,3486400,83600,44400,1752100,624200,
2001-09-25,,73600.0,,,76500.0,6075600.0,1700200,713365,69500,2197600,1107500,87200,39400,564200,
2001-09-26,,83400.0,,,119235.0,4057800.0,990400,358837,56000,1706600,171200,91400,32500,102600,
2001-09-27,,4600.0,,,37545.0,6456000.0,2188800,179234,9900,2049400,79200,116200,7400,208200,
2001-09-28,,65400.0,,,135375.0,7476600.0,697000,433066,35500,1725200,86500,25200,17900,361600,
2001-10-01,,122600.0,,,27495.0,3761200.0,149800,316244,7700,1218200,45200,90000,13100,193400,
2001-10-02,,334400.0,,,64785.0,4968400.0,121400,431712,17100,932200,68600,19600,22500,148200,
2001-10-03,,45400.0,,,174285.0,11575200.0,147400,3204785,34000,3066000,92100,40400,149100,159800,
2001-10-04,,230400.0,,,198165.0,11761200.0,234400,2510501,28300,3396000,47800,24600,31300,45000,
2001-10-05,,59200.0,,,76485.0,7429200.0,141200,4035710,6400,2093400,83000,21000,10200,230800,
2001-10-08,,7000.0,,,104340.0,6286400.0,682000,1600916,33000,1083800,67300,62200,34600,223000,
2001-10-09,,217600.0,,,28605.0,6777400.0,77000,6144290,10300,1476200,47600,146400,48700,56600,
2001-10-10,,85400.0,,,141240.0,6140200.0,522400,2169022,20400,1117200,96100,57600,900,139200,
2001-10-11,,69000.0,,,117360.0,7765000.0,790400,973475,32200,2884400,41800,2046200,33600,274000,
2001-10-12,,17000.0,,,62745.0,7369000.0,798000,2233403,30100,2411200,83000,89000,19400,91200,
2001-10-15,,12600.0,,,39195.0,4522600.0,162800,443037,22900,1237600,36100,260000,7800,37800,
2001-10-16,,11600.0,,,58230.0,6255800.0,204800,1147292,38700,1842800,68300,29400,29000,38600,
2001-10-17,,18000.0,,,94035.0,9193600.0,456800,734415,199800,4309200,178100,42200,45100,36600,
2001-10-18,,13000.0,,,60705.0,5731800.0,6285400,1246634,7900,1528400,22400,62600,13700,33600,
2001-10-19,,8200.0,,,118755.0,4140200.0,738000,1555122,46900,3806000,25700,30600,24100,51800,
2001-10-22,,46600.0,,,65400.0,7748200.0,2860600,683205,12800,3221600,1901300,14000,13200,9000,
2001-10-23,,35600.0,,,148635.0,5015000.0,4635400,549026,16500,1549600,54800,79400,32000,42600,
2001-10-24,,26400.0,,,131820.0,4106000.0,395600,235860,9500,1263600,67200,154000,15200,20800,
2001-10-25,,27600.0,,,111000.0,7949000.0,92600,158060,5100,1588000,87000,72400,6800,43000,
2001-10-26,,106800.0,,,202905.0,6475200.0,538200,458301,10800,1880800,31600,231000,8300,21200,
2001-10-29,,57200.0,,,376215.0,4840200.0,2189600,378656,20800,1849800,50700,117200,17600,24800,
2001-10-30,,6000.0,,,228630.0,5244200.0,152800,786363,8600,2046400,37600,92000,5200,682000,
2001-10-31,,2800.0,,,256620.0,7504400.0,649800,658585,18900,2691000,43000,27400,11200,730000,
2001-11-01,,132600.0,,,100455.0,7567200.0,657000,614023,49700,1143800,77200,141000,5300,338600,
2001-11-02,,8400.0,,,41625.0,8044000.0,2228400,1044996,9100,1162600,87700,75400,569000,70200,
2001-11-05,,10200.0,,,104955.0,4794800.0,767600,187728,27300,1302400,38700,45800,27200,201200,
2001-11-06,,69200.0,,,76455.0,6826000.0,460600,1101622,56400,7600800,45200,108800,35100,84600,
2001-11-07,,153400.0,,,192120.0,8559600.0,4135600,522313,33900,2154200,80300,102000,5600,54600,
2001-11-08,,19200.0,,,220890.0,12440800.0,305600,261341,20500,4176800,35600,88600,18400,284200,
2001-11-09,,35000.0,,,180180.0,7300400.0,1259800,324492,15600,1806200,23000,91800,19200,24800,
2001-11-12,,18000.0,,,371070.0,8589000.0,178800,259495,25000,1307800,43300,51200,32300,240200,
2001-11-13,,36000.0,,,332040.0,8974200.0,140200,452762,25500,3150200,28300,74800,17100,211800,
2001-11-14,,28200.0,,,436020.0,10263600.0,8383200,661047,61300,5559400,63700,1393000,11400,232800,
2001-11-15,,10000.0,,,409440.0,8651800.0,9490400,269466,58300,3026600,105200,441600,115100,177000,
2001-11-16,,72600.0,,,311175.0,5440400.0,8957800,185142,16200,1145800,49500,2272400,25200,249400,
2001-11-19,,8400.0,,,315030.0,7319800.0,2116800,273774,100600,5668000,35700,83000,77800,510800,
2001-11-20,,4600.0,,,188700.0,7511000.0,4105800,1038349,80000,8892800,83700,35000,10100,244200,
2001-11-21,,12800.0,,,278655.0,6806400.0,1094800,71275,34800,8005600,49500,40200,12700,48000,
2001-11-23,,55800.0,,,58530.0,2067000.0,101000,66228,22400,469200,35800,8600,59300,205000,
2001-11-26,,31800.0,,,62055.0,10230000.0,615400,443899,43200,4416000,1186300,40000,34600,1647000,
2001-11-27,,14800.0,,,188550.0,10838600.0,829800,860346,398600,4313800,134600,153200,87100,1774800,
2001-11-28,,15000.0,,,265200.0,9193200.0,1438200,640612,30400,1280200,54600,52400,38600,43800,
2001-11-29,,15600.0,,,246420.0,13647000.0,1604200,717796,43100,7643000,25500,1354200,21800,33000,
2001-11-30,,9400.0,,,134775.0,6360800.0,740600,419894,48500,6510600,43000,56200,25200,77400,
2001-12-03,,40200.0,,,155910.0,6093400.0,288800,424449,9600,1077800,23300,293000,7200,45000,
2001-12-04,,36000.0,,,209925.0,6602400.0,992800,1203179,10800,3529800,40200,85000,17700,212200,
2001-12-05,,79000.0,,,288375.0,10550200.0,2130800,937407,69500,7263600,86700,82600,33900,1249200,
2001-12-06,,19000.0,,,167250.0,8619400.0,1747200,375947,93100,8649800,53600,69600,31000,1002600,
2001-12-07,,18000.0,,,255975.0,9596400.0,675800,961042,18900,6939000,29900,27400,11100,912800,
2001-12-10,,18000.0,,,116370.0,5174200.0,223800,191913,12000,1514600,59800,38400,30200,36000,
2001-12-11,,13400.0,,,36255.0,6054200.0,2426600,1120456,47400,3096800,123600,67600,29000,957600,
2001-12-12,,58200.0,,,104190.0,7548000.0,607400,649722,16300,3987600,125700,1023000,34000,59800,
2001-12-13,,75000.0,,,180000.0,7962200.0,118200,2516410,27900,9124600,37800,83200,22800,2265400,
2001-12-14,,18800.0,,,122340.0,5922800.0,521200,1099652,31000,3240400,71100,56400,62200,143200,
2001-12-17,,34200.0,,,183420.0,7672800.0,110600,149443,16000,2873200,39100,48200,10000,256200,
2001-12-18,,45000.0,,,48975.0,3443200.0,268800,226504,36400,6122000,227900,102600,66400,268400,
2001-12-19,,15800.0,,,237570.0,7449200.0,460600,492400,11800,4430200,41900,105200,16000,411000,
2001-12-20,,122400.0,,,124740.0,9744600.0,177400,1054475,3893700,3203800,69300,83600,21300,2120600,
2001-12-21,,17400.0,,,71595.0,6356600.0,263600,574508,1077300,2617000,87200,166200,80900,26200,
2001-12-24,,7000.0,,,50010.0,662000.0,651400,218133,162900,1998200,16700,64200,4200,32800,
2001-12-26,,61000.0,,,114090.0,1541600.0,682400,103158,104800,3550000,34600,42800,30400,237200,
2001-12-27,,38600.0,,,56775.0,1211800.0,386800,663755,40600,2696600,24800,31400,375200,35200,
2001-12-28,,57200.0,,,80370.0,3294800.0,816400,1563739,1280200,6261200,17500,71600,28600,35400,
2001-12-31,,198600.0,,,85245.0,4856400.0,242000,2223802,60600,4026000,45400,114800,27100,61200,
2002-01-02,,94400.0,,,146850.0,4525600.0,579800,632857,2623400,6364000,412500,45000,182900,2402600,
2002-01-03,,105200.0,,,101070.0,9934200.0,619000,194129,51800,5502200,146200,143400,9300,166800,
2002-01-04,,19000.0,,,192465.0,8863200.0,1160600,762974,1325400,9138000,76200,152400,51000,105600,
2002-01-07,,19200.0,,,74880.0,10625600.0,664200,495108,1613300,3103000,173700,79600,25600,88800,
2002-01-08,,29400.0,,,164070.0,8912200.0,532000,338279,226600,1233000,66000,781200,33200,75200,
2002-01-09,,10200.0,,,142860.0,9223800.0,899600,494493,180800,4484000,528500,52000,20100,1712400,
2002-01-10,,9000.0,,,84450.0,8157000.0,84400,479105,26100,1723200,41100,70200,10000,709800,
2002-01-11,,13000.0,,,159885.0,4332600.0,281800,3818562,34300,3463600,41100,525800,5300,55400,
2002-01-14,,25400.0,,,87390.0,6640000.0,617400,3340565,77600,2588800,49800,84800,77400,1125000,
2002-01-15,,16600.0,,,209460.0,4381200.0,245800,3054111,82500,2440800,49100,173200,14900,90800,
2002-01-16,,5800.0,,,175935.0,7518200.0,433000,2094670,312000,4076000,125700,80000,86000,97000,
2002-01-17,,9400.0,,,145005.0,5847600.0,228400,269466,23100,1590000,51600,87400,58800,99800,
2002-01-18,,15200.0,,,43935.0,7768200.0,371000,153629,11500,3200200,37100,68200,20600,733400,
2002-01-22,,6000.0,,,116940.0,8345400.0,336000,104143,15000,3783600,89300,157200,1036000,63800,
2002-01-23,,33800.0,,,179235.0,5906200.0,600600,450423,27200,2936400,80200,257800,908500,44000,
2002-01-24,,16200.0,,,145020.0,6281800.0,265400,3763536,14300,8242000,2455900,127200,60900,8100600,
2002-01-25,,24000.0,,,153510.0,4466600.0,940000,112021,61600,2238600,46400,434400,28900,61600,
2002-01-28,,31000.0,,,105495.0,3987400.0,199600,731337,15800,2186000,48700,28000,47700,75400,
2002-01-29,,30000.0,,,90570.0,10455000.0,935400,13945630,195700,2326200,50700,55400,32700,52000,
2002-01-30,,13200.0,,,154860.0,7876200.0,1155400,13391803,261100,5865600,73300,99000,34800,333400,
2002-01-31,,27000.0,,,210615.0,6951200.0,780600,13490898,95300,2754800,74000,158800,56900,413600,
2002-02-01,,19600.0,,,215355.0,5182200.0,517200,5223749,299800,4099800,43700,34400,24200,1064000,
2002-02-04,,27200.0,,,105720.0,6421600.0,1271400,5459485,341500,2595000,71700,37600,35100,1677000,
2002-02-05,,20000.0,,,209565.0,6846000.0,554600,5689559,2663200,6906000,307000,29600,70600,3022000,
2002-02-06,,84000.0,,,110745.0,11288600.0,1516600,6310229,1516500,2411400,190300,246200,13800,128400,
2002-02-07,,9200.0,,,103995.0,9182400.0,1437000,8296325,1814300,3421400,246000,199400,50600,1919800,
2002-02-08,,22200.0,,,86235.0,12888000.0,605800,8454877,158100,2287800,32900,107600,20800,31200,
2002-02-11,,11000.0,,,198600.0,5279000.0,471800,971751,39300,1265000,160000,127000,121200,1770200,
2002-02-12,,11800.0,,,170235.0,4519400.0,151000,568476,11300,2014800,31200,213800,34700,1445000,
2002-02-13,,6400.0,,,218775.0,6554000.0,319600,5388456,34300,1112600,139900,93000,209800,86200,
2002-02-14,,15000.0,,,106605.0,7275000.0,1572800,1636984,8800,1585600,58300,165600,33500,550800,
2002-02-15,,96800.0,,,77445.0,8731000.0,1111400,2236358,11400,2396800,53300,131400,19900,1214400,
2002-02-19,,56800.0,,,185730.0,5210000.0,1462800,5077013,54700,3603600,211800,99800,58900,482800,
2002-02-20,,37600.0,,,141210.0,11004200.0,844400,8052710,28700,3243400,170300,46600,22200,317000,
2002-02-21,,14200.0,,,262575.0,9152000.0,2423200,5889966,24200,2031800,93800,102400,15300,1492400,
2002-02-22,,7400.0,,,117945.0,8590800.0,3096800,8525291,94500,2428800,104100,68200,16800,34200,
2002-02-25,,38600.0,,,197550.0,7747200.0,1593800,4633361,560300,2616800,257500,64800,27200,56000,
2002-02-26,,64200.0,,,242115.0,7540600.0,1217600,2363643,197500,894000,90700,892800,23300,412000,
2002-02-27,,25200.0,,,269235.0,9612600.0,2418600,11507388,2123800,3199200,1063300,109400,24000,796600,
2002-02-28,,12600.0,,,86370.0,8565000.0,827600,1264360,150200,829200,884000,51000,21100,752800,
2002-03-01,,72400.0,,,55050.0,10518400.0,897400,5791116,33400,3147000,208600,510200,130200,433200,
2002-03-04,,352800.0,,,195330.0,13509600.0,1361600,7841470,320300,3348400,350800,200800,140400,318600,
2002-03-05,,68400.0,,,142410.0,10701000.0,1382800,5306841,332700,1839000,209200,177200,108100,502400,
2002-03-06,,110600.0,,,202965.0,13160000.0,690600,3081316,145600,1016600,269100,524000,107200,227000,
2002-03-07,,135400.0,,,170505.0,10481800.0,653400,3823732,304400,959800,3031200,112000,44800,1053200,
2002-03-08,,55200.0,,,187440.0,14412800.0,378200,795965,124100,3953400,100700,127800,46700,472600,
2002-03-11,,178800.0,,,87015.0,11168000.0,841800,834987,105800,1919200,513700,151600,37600,1034600,
2002-03-12,,12400.0,,,117270.0,10002000.0,501400,6107114,138300,1831800,47000,93200,39900,609000,
2002-03-13,,58800.0,,,259035.0,16028000.0,1234200,2468155,226200,1163600,108900,37200,31700,1204600,
2002-03-14,,98600.0,,,249000.0,11523600.0,236800,1599315,147100,718200,224000,112400,14300,152200,
2002-03-15,,72200.0,,,228495.0,10113400.0,3135800,3781509,139300,813600,55300,43000,70700,116600,
2002-03-18,,19000.0,,,227310.0,13614600.0,177200,1940918,220400,1285000,41200,139400,41200,59600,
2002-03-19,,21800.0,,,111495.0,5143400.0,753400,409061,132800,1154800,67700,96400,82700,574000,
2002-03-20,,12400.0,,,305130.0,8806600.0,502000,4915506,111700,2164800,220000,50600,24200,173600,
2002-03-21,,4000.0,,,300705.0,7488000.0,717600,3618894,137600,3094200,117800,49400,73800,372400,
2002-03-22,,22600.0,,,242280.0,9457600.0,382000,2647512,91000,1764600,59700,238200,63800,499400,
2002-03-25,,140800.0,,,203985.0,9542000.0,181200,2828838,158600,2307200,71300,109400,45400,1123800,
2002-03-26,,9200.0,,,225630.0,7380400.0,268000,1870751,184600,4002800,193500,85400,76900,766800,
2002-03-27,,13000.0,,,388440.0,3586400.0,688600,7761947,73000,1625400,76200,457000,13900,330200,
2002-03-28,,34400.0,,,138030.0,4927000.0,1387000,1696687,13800,2679800,152900,67000,20400,493400,
2002-04-01,,4600.0,,,117870.0,9501400.0,1032800,1177944,15000,712600,33900,72600,24700,108600,
2002-04-02,,13400.0,,,237195.0,8045400.0,988600,467903,115700,908000,33600,71600,41000,583000,
2002-04-03,,31000.0,,,252465.0,10371000.0,1231000,4901596,189200,1483800,104600,29200,22800,208800,
2002-04-04,,10000.0,,,287655.0,6493200.0,1313600,1331327,274800,2802400,98600,48000,27400,534800,
2002-04-05,,119400.0,,,232305.0,6820800.0,708200,4185892,153700,1622600,439100,24800,14800,382800,
2002-04-08,,30600.0,,,179025.0,8963800.0,482000,147843,156000,1657600,156500,103000,52900,476400,
2002-04-09,,114600.0,,,85410.0,14191200.0,1152800,1243187,97100,1835200,35500,733400,90100,2571000,
2002-04-10,,48800.0,,,247005.0,12115600.0,450600,420017,95900,2450600,98300,50200,313200,2166800,
2002-04-11,,96600.0,,,195135.0,7984200.0,1214600,1543059,218100,1409200,41200,525200,174000,63600,
2002-04-12,,64200.0,,,406485.0,6233600.0,1495800,1347330,38100,1827400,27200,39800,27100,120800,
2002-04-15,,107200.0,,,272220.0,10977000.0,595000,581155,93900,1300800,108200,203600,76300,270800,
2002-04-16,,122200.0,,,364620.0,14709000.0,208800,447345,329400,3304600,19400,108400,55000,60600,
2002-04-17,,285400.0,,,354465.0,14244600.0,1371000,461871,305800,2170400,289200,83000,164400,42400,
2002-04-18,,164800.0,,,481605.0,14039200.0,243200,886812,392200,2312200,218000,204400,192400,1417600,
2002-04-19,,37600.0,,,288495.0,7623400.0,236200,3157392,39700,452000,142200,95400,44600,114200,
2002-04-22,,144800.0,,,218100.0,3895600.0,996600,1584297,525900,996000,79600,37800,39900,90000,
2002-04-23,,68400.0,,,221700.0,7027400.0,667800,1449503,574300,697000,33600,240000,22800,88200,
2002-04-24,,191200.0,,,233115.0,9241400.0,670200,4603325,39300,1498400,57000,99200,34200,106600,
2002-04-25,,10000.0,,,426150.0,12456200.0,1335800,5007708,159400,1422800,46300,74000,20400,697200,
2002-04-26,,12800.0,,,370020.0,15445600.0,1270400,1544536,90200,3914200,259500,44600,42100,249200,
2002-04-29,,6800.0,,,186180.0,14037800.0,204600,1378474,303500,1921600,364500,453800,702900,2029600,
2002-04-30,,56400.0,,,196560.0,11723400.0,120400,1882938,313800,3062400,510700,113600,80800,349000,
2002-05-01,,117600.0,,,125850.0,9807400.0,556800,4520724,61700,908600,70900,90600,253600,199600,
2002-05-02,,38000.0,,,440865.0,18895200.0,655000,995633,42900,927800,26400,23400,136400,256200,
2002-05-03,,71800.0,,,164550.0,20783600.0,101400,1014344,35700,1660000,202700,50200,43600,175400,
2002-05-06,,32200.0,,,253230.0,9506800.0,606600,784270,173000,1345400,142600,147600,140000,119600,
2002-05-07,,49400.0,,,240630.0,12207600.0,454400,1236663,73100,1497400,51500,58000,66200,357400,
2002-05-08,,146000.0,,,349845.0,19284000.0,426000,3540110,277900,6047800,143500,69000,206000,37000,
2002-05-09,,66800.0,,,256590.0,10616200.0,397600,251247,229900,3875800,61100,351400,24400,699800,
2002-05-10,,86600.0,,,202740.0,9991000.0,250600,1595253,60500,1695400,54400,475800,27500,1064000,
2002-05-13,,18000.0,,,115425.0,10636800.0,245800,449807,381300,2033600,65600,354400,43600,20200,
2002-05-14,,10600.0,,,194205.0,14262600.0,404800,636550,48700,4165600,142500,138000,35300,518800,
2002-05-15,,29800.0,,,398670.0,10379200.0,768000,1316678,55700,5863600,81400,114800,125800,811200,
2002-05-16,,109600.0,,,141810.0,13786800.0,339800,777130,33700,1471800,63100,27600,20000,264400,
2002-05-17,,59400.0,,,324135.0,16441400.0,1022400,251493,91800,1858600,130800,91200,38800,415000,
2002-05-20,,18400.0,,,197745.0,4079600.0,110600,563675,82100,2145000,49100,64400,34800,941000,
2002-05-21,,24600.0,,,170595.0,7961400.0,1359600,1061368,166600,5041000,174600,108800,47000,325800,
2002-05-22,,20600.0,,,203775.0,18249000.0,1437200,1506129,137700,1862800,294900,214200,51100,653600,
2002-05-23,,64600.0,,,195060.0,8973200.0,481400,463718,76000,779000,18200,71400,15500,110600,
2002-05-24,,27600.0,,,66150.0,6819600.0,347800,676188,22200,906200,31000,156400,44700,43800,
2002-05-28,,20400.0,,,57720.0,7169000.0,372400,563552,20000,1906200,42800,41800,13100,1580800,
2002-05-29,,130000.0,,,143340.0,9268400.0,220200,662278,239100,2000200,30400,38800,15800,53000,
2002-05-30,,15800.0,,,191970.0,14878000.0,505200,6239077,59600,997000,37300,102800,41300,241800,
2002-05-31,,28200.0,,,159660.0,8683400.0,656800,4061685,52000,1626800,341700,1310400,15400,415800,
2002-06-03,,26800.0,,,213135.0,8570600.0,143600,2347517,49900,1408400,282800,850400,23500,77200,
2002-06-04,,24600.0,,,168165.0,14630800.0,298600,949347,72400,3079000,76200,79600,31400,1436200,
2002-06-05,,98000.0,,,269265.0,10995000.0,490000,754726,80600,1374600,176900,54400,48300,290800,
2002-06-06,,67200.0,,,407100.0,15391200.0,111400,2155604,38600,1629000,107400,942200,236400,979600,
2002-06-07,,55200.0,,,252345.0,17149800.0,337400,974706,144200,3143600,303400,112200,29000,2689400,
2002-06-10,,117600.0,,,156180.0,4425000.0,167000,392320,11400,1383000,59400,94600,35700,1219200,
2002-06-11,,107200.0,,,289200.0,7987800.0,250600,2651943,57500,1897600,62500,31400,52000,1136400,
2002-06-12,,36000.0,,,231120.0,12734000.0,123600,957349,66900,2063200,70000,46200,85400,213000,
2002-06-13,,17200.0,,,345990.0,11993800.0,494800,2007761,48800,1352800,42400,28600,83100,914000,
2002-06-14,,61800.0,,,262200.0,7002600.0,211000,4250643,24900,1765600,241900,58200,104000,4805800,
2002-06-17,,75400.0,,,171420.0,6433800.0,834800,2331637,24100,807800,79800,93200,101600,1251800,
2002-06-18,,35200.0,,,113655.0,7046800.0,530400,1546259,231200,696600,42700,62000,19700,247400,
2002-06-19,,30000.0,,,238635.0,11260800.0,106600,691822,86800,1163000,27700,114600,31300,885200,
2002-06-20,,53200.0,,,360000.0,13054000.0,1229200,4830567,120800,953000,42900,77800,16100,285600,
2002-06-21,,72200.0,,,423615.0,12900000.0,525200,2956739,38100,1403600,246300,123800,164200,1067200,
2002-06-24,,58400.0,,,154455.0,21691800.0,514200,3754304,199600,1805200,274400,80800,544900,999600,
2002-06-25,,35400.0,,,250575.0,14393000.0,878400,1340313,116200,1276600,68600,281000,309000,73000,
2002-06-26,,97400.0,,,328845.0,12720400.0,249600,5428956,343500,2459600,98600,61200,52700,2870000,
2002-06-27,,109200.0,,,288315.0,18381800.0,563600,8380771,37100,1129200,172800,90400,103100,311000,
2002-06-28,,241000.0,,,209115.0,7975600.0,538800,2207060,22000,908000,58100,60400,20200,1016000,
2002-07-01,,144800.0,,,105810.0,8136600.0,120800,1532964,71900,1169000,81700,88800,200500,62000,
2002-07-02,,106000.0,,,168870.0,15534400.0,143000,5970350,158900,2827400,87200,83600,114300,212600,
2002-07-03,,99400.0,,,237495.0,14631200.0,147000,3744579,26500,1037400,84600,64800,23100,177600,
2002-07-05,,71600.0,,,135630.0,6111600.0,70800,476397,17400,4479400,27300,67400,9700,54600,
2002-07-08,,74000.0,,,216645.0,10951800.0,129600,3118739,173100,2180200,46100,52800,154000,26400,
2002-07-09,,31400.0,,,88575.0,8122800.0,327800,1062476,175700,795200,40800,159000,32200,63400,
2002-07-10,,153400.0,,,258780.0,8584400.0,335200,3818316,207600,1815800,154700,193600,92700,146400,
2002-07-11,,140200.0,,,365115.0,26312800.0,1210800,2439719,98300,2555800,138700,126600,174100,221800,
2002-07-12,,119200.0,,,265170.0,17762600.0,979000,1983141,50200,2222200,79000,129800,66200,1023800,
2002-07-15,,682200.0,,,267465.0,22122600.0,358600,4184046,32900,1097400,141700,324400,38200,250800,
2002-07-16,,144400.0,,,242295.0,24519400.0,560600,10964886,27000,2009800,61300,254600,39300,265000,
2002-07-17,,120200.0,,,166005.0,16215400.0,548600,4069194,55900,3634000,221500,113400,40100,99600,
2002-07-18,,99200.0,,,184140.0,12875800.0,208200,4442925,39600,738600,50200,129000,32700,48000,
2002-07-19,,90800.0,,,295380.0,12777800.0,1263200,5113943,98500,2839200,140700,343200,47600,129400,
2002-07-22,,335800.0,,,553695.0,14204200.0,10565400,3343027,115200,2315200,205700,207600,32600,246200,
2002-07-23,,649600.0,,,228240.0,14867600.0,2086200,4142561,99900,2018600,84800,555400,41000,249200,
2002-07-24,,368200.0,,,358410.0,26470000.0,5555400,9538896,55600,1788600,205200,761800,36400,201000,
2002-07-25,,370000.0,,,330480.0,25344800.0,691400,6495987,47100,2473800,146100,540400,106000,105600,
2002-07-26,,493000.0,,,245580.0,11728800.0,225000,4010475,117600,2312000,29000,278600,35700,204000,
2002-07-29,,139400.0,,,173430.0,17119600.0,358800,2448213,105100,2021800,140600,229000,117100,285000,
2002-07-30,,365400.0,,,188400.0,15428400.0,285800,4815672,76400,1533600,81100,529600,81400,131800,
2002-07-31,,153200.0,,,154635.0,16096000.0,288400,3552912,61800,718400,62800,372600,53100,168000,
2002-08-01,,313000.0,,,285240.0,11770400.0,291000,1904726,41900,2134600,53500,374000,37400,90200,
2002-08-02,,405600.0,,,221325.0,12167200.0,349800,5632317,56500,1884600,43200,235600,100700,56600,
2002-08-05,,395600.0,,,209880.0,5834800.0,257200,3525338,29400,886400,69300,175800,71900,53800,
2002-08-06,,359200.0,,,191055.0,9894800.0,119800,3835181,36200,869400,96700,294400,64600,83000,
2002-08-07,,232200.0,,,264915.0,14855400.0,285800,1521024,277500,1362200,296600,595800,72800,639600,
2002-08-08,,87800.0,,,320775.0,11799800.0,232600,2540907,28600,794200,126100,190400,156000,230000,
2002-08-09,,104000.0,,,268755.0,6638400.0,305200,1540597,22300,393200,83700,206800,52700,74200,
2002-08-12,,426000.0,,,182685.0,4401800.0,328600,2078913,44400,377800,62600,328200,24900,94200,
2002-08-13,,174800.0,,,226575.0,15139200.0,209400,3275322,18900,1398400,45300,220200,44200,476600,
2002-08-14,,96600.0,,,337095.0,8688600.0,335600,6039532,50000,1792800,81400,150600,41600,476800,
2002-08-15,,79000.0,,,495225.0,9990600.0,479800,5012755,36800,715800,80800,338000,191900,132000,
2002-08-16,,112200.0,,,368520.0,18815200.0,358400,3326408,26500,3721000,72600,168000,34200,71800,
2002-08-19,,76400.0,,,219660.0,9277400.0,1369600,3075777,59700,2438600,98100,143000,54600,58800,
2002-08-20,,21200.0,,,267030.0,24751400.0,614600,1092882,18900,1334400,27200,107200,45900,60800,
2002-08-21,,34800.0,,,250605.0,11271800.0,230800,1852163,25200,1280200,75700,267800,64300,323800,
2002-08-22,,26800.0,,,352035.0,12766400.0,388800,1302152,32600,1566000,46000,227800,41900,77400,
2002-08-23,,21200.0,,,258825.0,10901400.0,1290800,907616,20900,1902000,28700,151600,57000,68200,
2002-08-26,,23000.0,,,141675.0,9093000.0,174200,1281594,31000,1284800,86000,123600,25500,90800,
2002-08-27,,40800.0,,,219585.0,9680200.0,1660600,2430979,37700,2273600,35800,118400,36000,131200,
2002-08-28,,63400.0,,,177690.0,8015600.0,316800,3550573,22100,2237800,280800,314400,67400,109400,
2002-08-29,,44000.0,,,281925.0,11363600.0,413400,2221463,33700,1332600,146900,211000,23100,165600,
2002-08-30,,15800.0,,,144060.0,11244200.0,291000,2042352,45800,3210400,55100,146400,41600,99400,
2002-09-03,,46600.0,,,210045.0,9138400.0,177800,1085250,152100,2919800,75000,223400,55000,116600,
2002-09-04,,22000.0,,,256230.0,18191200.0,1249000,2305294,37200,1838400,51700,142600,87400,146800,
2002-09-05,,35800.0,,,314745.0,13915400.0,516600,1393738,40200,785800,33500,179400,31900,94800,
2002-09-06,,17000.0,,,181725.0,8806600.0,421000,1290211,36800,5887800,65400,145800,17700,224400,
2002-09-09,,8600.0,,,102690.0,9488400.0,206600,1389060,75600,1398400,37500,367000,29300,23800,
2002-09-10,,15200.0,,,77730.0,8979600.0,228600,896537,44800,580000,119900,101400,22300,213600,
2002-09-11,,29000.0,,,122985.0,8831400.0,140800,423833,27300,1437000,68500,175000,13900,74800,
2002-09-12,,46400.0,,,234300.0,4524200.0,422800,598020,47600,680800,146500,263400,35200,46400,
2002-09-13,,22200.0,,,164580.0,4781000.0,258600,5468841,21500,493600,54600,169200,23400,176200,
2002-09-16,,142800.0,,,98010.0,7587800.0,195600,1678961,92100,401600,36300,243000,86200,226600,
2002-09-17,,21600.0,,,212790.0,8717800.0,271000,1236540,177400,757200,237100,281600,19400,130000,
2002-09-18,,70000.0,,,269415.0,12697600.0,272600,2772828,71700,1211000,79100,384000,45300,126400,
2002-09-19,,36400.0,,,174750.0,11969000.0,121000,1932916,284200,2299400,355100,724400,105200,843600,
2002-09-20,,58400.0,,,171915.0,17159800.0,230000,3090179,40400,2982600,93100,1179400,23300,41000,
2002-09-23,,52200.0,,,201450.0,10635200.0,323400,2354411,62900,1797000,70700,326600,23300,88800,
2002-09-24,,282200.0,,,232470.0,16041600.0,552000,3190506,77000,2655600,91100,346200,57100,243200,
2002-09-25,,42000.0,,,284985.0,14097800.0,889000,3056696,165300,2690200,121000,810400,87400,40800,
2002-09-26,,35600.0,,,316965.0,18902800.0,718000,3039462,532300,3233800,52100,3267600,359300,327800,
2002-09-27,,100200.0,,,180615.0,9822200.0,648600,739092,35900,2185600,53500,649200,171300,130800,
2002-09-30,,134000.0,,,118995.0,11033000.0,744000,2894327,147000,3170600,134300,219000,545800,267200,
2002-10-01,,95000.0,,,224115.0,13855000.0,232400,4009490,91900,2156800,137600,556800,42100,167000,
2002-10-02,,124000.0,,,201585.0,22960200.0,673600,3379587,140700,5077800,204000,739200,145600,35400,
2002-10-03,,12200.0,,,166470.0,14372800.0,505400,4893841,91800,1044400,108900,453200,427000,81600,
2002-10-04,,180800.0,,,215700.0,7535200.0,213400,6431606,47700,2278200,154900,655800,92400,113200,
2002-10-07,,96400.0,,,97470.0,7424600.0,372000,7620998,57100,1374800,198000,522600,159000,233400,
2002-10-08,,231800.0,,,362190.0,22586600.0,885200,9535818,180300,2372200,200800,6561200,81700,375600,
2002-10-09,,179200.0,,,259155.0,21641000.0,1238800,5563874,153800,1965000,311600,1933600,125400,87600,
2002-10-10,,351000.0,,,281235.0,23787200.0,1000600,3856231,601300,2984600,110100,2877600,544700,184600,
2002-10-11,,78800.0,,,253800.0,26844800.0,430600,4509892,85300,4996600,144500,2885800,142700,117800,
2002-10-14,,125400.0,,,172275.0,9294800.0,634600,2360689,187300,1476000,124600,618600,102600,229600,
2002-10-15,,105600.0,,,146655.0,23119800.0,321600,8202645,644700,5464000,288700,1477400,202100,1993400,
2002-10-16,,229600.0,,,285360.0,18907000.0,359400,1558200,134600,2210600,426200,2539600,267100,192400,
2002-10-17,,102800.0,,,202665.0,20851400.0,939000,3501087,655200,3150200,460300,2138600,830600,828600,
2002-10-18,,62800.0,,,157365.0,8080200.0,281600,2123475,23100,1247200,233100,1338400,218500,88000,
2002-10-21,,164400.0,,,231000.0,16711600.0,240200,2262209,59800,2944600,226000,2606000,77200,66200,
2002-10-22,,147000.0,,,141480.0,15800400.0,582400,2486743,488700,5402600,161300,2724000,655500,177400,
2002-10-23,,107400.0,,,228570.0,25692800.0,446000,3397806,24100,1502800,117100,1099600,182600,233600,
2002-10-24,,90000.0,,,250200.0,23422600.0,1095800,2507424,125900,3005000,165000,2642000,104100,130600,
2002-10-25,,119400.0,,,131715.0,13448400.0,282800,1323079,126400,1373400,159400,1566400,180100,62800,
2002-10-28,,81600.0,,,201600.0,12329400.0,1099000,4720885,193300,1220200,362900,1187000,159600,2043400,
2002-10-29,,116800.0,,,133110.0,12932000.0,1181000,4215190,255300,2317600,193900,1771200,234700,532600,
2002-10-30,,127800.0,,,212295.0,18877600.0,1003200,2879678,165500,1708600,189600,631400,86100,105000,
2002-10-31,,104600.0,,,211710.0,19697200.0,1243600,1211427,33100,4234400,116800,491400,155300,51000,
2002-11-01,,100800.0,,,204195.0,15349200.0,755200,1628982,40100,1282200,120700,716400,41200,282400,
2002-11-04,,88200.0,,,229590.0,20404000.0,315200,2811112,71000,6071800,96100,1130400,110600,156000,
2002-11-05,,73400.0,,,86805.0,23718600.0,189200,2161144,100900,2855800,45800,426000,49000,52200,
2002-11-06,,66400.0,,,199920.0,16721400.0,466800,3861647,125700,1619200,70300,844400,216300,2162600,
2002-11-07,,59000.0,,,213885.0,18308800.0,755600,6600745,42300,1449200,367600,924200,172300,35800,
2002-11-08,,142400.0,,,132180.0,25388800.0,331400,1975016,121400,2894000,172900,632000,46600,309000,
2002-11-11,,65000.0,,,109620.0,15048200.0,312800,2325359,127300,1722200,74300,1934400,42000,98600,
2002-11-12,,111000.0,,,115110.0,16933400.0,75600,3575686,70300,661600,159000,2796000,68900,55200,
2002-11-13,,95400.0,,,317700.0,11355400.0,595200,2941844,182200,3293200,72100,1621800,58000,38200,
2002-11-14,,163000.0,,,287235.0,17709600.0,1208000,1733371,69100,3078600,196500,1023200,30600,82200,
2002-11-15,,59000.0,,,81060.0,9643000.0,602600,3260673,40400,1837600,63000,633200,43300,389000,
2002-11-18,,18000.0,,,83490.0,11275200.0,131400,2133692,13800,2332200,181300,588600,57100,20400,
2002-11-19,,207000.0,,,71220.0,10924000.0,124200,1736941,52500,1701800,168900,1185600,36600,34000,
2002-11-20,,47000.0,,,246750.0,15402800.0,318000,1210565,46900,2580400,29100,717400,35300,38400,
2002-11-21,,46200.0,,,245895.0,28648600.0,379600,2323389,77800,7346800,75800,1195800,92700,126000,
2002-11-22,,33800.0,,,158475.0,16340800.0,580600,2845949,37600,2595200,127500,1527800,228500,1692000,
2002-11-25,,25200.0,,,148845.0,12255800.0,151000,3030968,50300,3775200,123800,1641200,57000,71200,
2002-11-26,,57000.0,,,154245.0,12537200.0,164000,3413440,884300,3468400,88200,1482800,903700,553200,
2002-11-27,,235400.0,,,145665.0,15283600.0,372800,931128,67600,2463600,104300,335800,52900,98800,
2002-11-29,,7800.0,,,82440.0,6670000.0,135000,531423,25100,869600,25500,226800,27200,53400,
2002-12-02,,128800.0,,,152865.0,20104600.0,484200,2689120,979000,3563200,636400,444600,58900,1775400,
2002-12-03,,147800.0,,,177480.0,10736600.0,788200,1062845,56700,6049400,146100,615200,135600,510200,
2002-12-04,,28600.0,,,210735.0,29938400.0,962400,692930,59100,3542200,71300,2003800,74500,157600,
2002-12-05,,109200.0,,,262860.0,14107600.0,253600,987754,34500,1951800,66200,1370800,47900,31600,
2002-12-06,,55600.0,,,151260.0,10737800.0,1423800,1546259,67300,1987600,82800,1718000,34200,76600,
2002-12-09,,51600.0,,,118170.0,15084400.0,525600,990093,47600,2260200,29200,3216200,53200,262400,
2002-12-10,,24200.0,,,235050.0,17759200.0,810400,556904,57500,6605800,77300,945000,45100,100600,
2002-12-11,,77400.0,,,189795.0,16463600.0,827000,565029,38400,1468200,89300,544400,137400,97000,
2002-12-12,,22200.0,,,187110.0,9108600.0,315600,1037733,1076900,1327000,45600,564400,83400,64200,
2002-12-13,,25000.0,,,208230.0,15506400.0,347800,948486,51300,1067600,31300,1904600,57600,113400,
2002-12-16,,48400.0,,,163080.0,11364400.0,1204800,1764392,78200,3185200,81500,2224400,39900,1255400,
2002-12-17,,31400.0,,,196515.0,26729800.0,413200,1374288,32000,5131800,572200,2132400,48000,88600,
2002-12-18,,179200.0,,,158655.0,17792000.0,385600,1388076,66200,1610600,176700,763200,31700,71200,
2002-12-19,,61000.0,,,156240.0,24743200.0,1681800,1296489,101300,4875000,237300,660000,49000,1729400,
2002-12-20,,96200.0,,,100860.0,10114800.0,517200,1749620,365900,3538600,302400,975000,424800,627000,
2002-12-23,,60400.0,,,56355.0,6007400.0,247800,765559,95400,2141800,336700,760000,60000,846600,
2002-12-24,,34400.0,,,24135.0,3725600.0,135600,879796,25300,1050600,18800,346800,67500,246800,
2002-12-26,,17200.0,,,60885.0,6701000.0,394600,735030,30100,1577800,40200,447200,76000,240000,
2002-12-27,,168000.0,,,107355.0,4347000.0,947200,520836,243500,2507600,46800,466400,42800,70000,
2002-12-30,,31800.0,,,170655.0,6787200.0,496200,2008007,373300,7433600,36700,779600,88600,2021200,
2002-12-31,,128400.0,,,129360.0,7963400.0,459000,460025,72400,4342200,61100,749600,93700,119800,
2003-01-02,,82200.0,,,67875.0,12366600.0,151400,882750,320600,4144400,365000,1050000,102000,162200,
2003-01-03,,158600.0,,,118995.0,12478600.0,86200,683451,70700,3162400,364100,1241800,71100,454600,
2003-01-06,,148400.0,,,59865.0,11513600.0,237600,1277163,76900,2575600,76100,4366200,55500,546800,
2003-01-07,,126800.0,,,251280.0,16541800.0,900400,740200,62500,3594400,46100,2822200,136200,62000,
2003-01-08,,78800.0,,,273825.0,12760000.0,1420800,489569,41800,3033600,36000,2331000,63100,106200,
2003-01-09,,51600.0,,,230625.0,12201800.0,1232600,829202,177500,1743600,50800,1329400,623400,98800,
2003-01-10,,150400.0,,,146565.0,19328200.0,431200,728137,99400,1583600,37300,1121000,544300,55400,
2003-01-13,,27200.0,,,168780.0,10353400.0,993600,2054170,101900,2677400,96500,1595200,61400,94800,
2003-01-14,,26800.0,,,187170.0,11224800.0,134200,1443348,357900,1894800,81700,1967600,26400,92000,
2003-01-15,,56400.0,,,218865.0,12839600.0,1504600,4898518,88000,1816000,86000,811200,154300,22200,
2003-01-16,,40000.0,,,275940.0,12530800.0,1024200,803597,143400,2588400,107100,1459200,85000,195200,
2003-01-17,,135200.0,,,130665.0,11761400.0,355200,530930,33300,5678600,16000,1060000,56400,364200,
2003-01-21,,57400.0,,,161475.0,9794200.0,418800,2112519,67100,2873800,65900,813000,103000,54800,
2003-01-22,,88200.0,,,251730.0,16631000.0,332200,2385555,105300,2727800,56100,1652000,173100,161000,
2003-01-23,,49400.0,,,98550.0,15228600.0,391000,1340313,134400,1054800,111700,830400,138200,26200,
2003-01-24,,177400.0,,,236580.0,12289600.0,469400,3860293,65000,2671800,67100,1075800,165500,391600,
2003-01-27,,210200.0,,,284820.0,11609600.0,1924400,2973234,76600,3370400,441700,777200,69500,76600,
2003-01-28,,38600.0,,,84915.0,10305200.0,557200,4353185,218800,1193200,76100,1289800,39200,128200,
2003-01-29,,90800.0,,,214185.0,22504600.0,696600,851729,28000,1993400,114500,959000,35300,113600,
2003-01-30,,199000.0,,,280065.0,16081200.0,2020400,1813140,94800,1759800,197800,1651800,72300,258400,
2003-01-31,,124000.0,,,89955.0,13051400.0,1263400,1938333,57700,1676200,560200,681800,19900,1405000,
2003-02-03,,69600.0,,,134820.0,6533200.0,1023800,658339,39400,2158200,265400,570400,189200,61200,
2003-02-04,,39000.0,,,200325.0,10003000.0,782200,2820713,92600,1377200,167900,343400,50600,502800,
2003-02-05,,38200.0,,,185310.0,14682000.0,667600,2097009,164400,1449400,281200,388000,147400,252800,
2003-02-06,,73600.0,,,189990.0,11522000.0,467600,1260175,54500,844200,267800,543400,104200,101400,
2003-02-07,,176200.0,,,142065.0,6628600.0,1319400,1148154,18300,1116400,231900,1351400,398900,66600,
2003-02-10,,61600.0,,,163890.0,8252200.0,690000,931375,28900,1139000,611900,655000,20500,438400,
2003-02-11,,35400.0,,,115350.0,11226400.0,1050600,3490747,121400,639000,135800,1032000,28400,60000,
2003-02-12,,53400.0,,,156495.0,5877200.0,254600,1496773,133600,574800,164300,1419800,43600,86200,
2003-02-13,,28800.0,,,291255.0,9545600.0,726600,1472645,43700,1257000,116200,1006400,100500,104800,
2003-02-14,,24000.0,,,114075.0,14278800.0,686400,2091100,77600,2567600,181400,826400,136600,69000,
2003-02-18,,102000.0,,,171885.0,11033000.0,172000,940607,67300,2075400,236600,1273200,99300,87000,
2003-02-19,,59600.0,,,114300.0,10190400.0,104600,1223737,52600,1064400,152300,1499800,110400,66000,
2003-02-20,,30600.0,,,145410.0,9377000.0,802200,692191,138700,960800,64100,797200,20200,56400,
2003-02-21,,46400.0,,,270570.0,11118000.0,4496000,1303260,177500,916600,18900,633600,60800,155200,
2003-02-24,,80200.0,,,275445.0,11132000.0,872800,992309,103300,1383600,52900,1722800,31400,73600,
2003-02-25,,52800.0,,,544770.0,12124400.0,883000,970767,281500,882800,179500,1316400,27400,197200,
2003-02-26,,53600.0,,,189840.0,10582200.0,651600,534254,341100,1415000,17900,1510000,27400,168200,
2003-02-27,,55800.0,,,160110.0,16643400.0,567600,1912728,76000,1917200,160800,1273200,9900,153000,
2003-02-28,,37000.0,,,159375.0,15909400.0,445800,3912487,38900,1851200,99300,1975000,35200,98000,
2003-03-03,,106400.0,,,147480.0,16419400.0,253400,990340,155500,1388800,96400,427400,416900,96400,
2003-03-04,,49400.0,,,156690.0,11740000.0,3145400,252109,26500,712200,190300,625200,23300,102800,
2003-03-05,,49600.0,,,177015.0,10884600.0,826600,566260,851400,776000,374600,479000,143200,177200,
2003-03-06,,64600.0,,,226275.0,10382200.0,306800,918080,576300,1019600,184500,871200,83300,125200,
2003-03-07,,28800.0,,,157635.0,11418000.0,2526800,689606,1321300,1616800,304200,842800,49300,127600,
2003-03-10,,74600.0,,,164115.0,5565600.0,807400,2397373,144700,767800,464200,1979400,161000,202400,
2003-03-11,,74200.0,,,256260.0,5275000.0,106800,3654347,39300,697200,105400,1734000,34600,2966000,
2003-03-12,,25400.0,,,367440.0,12952200.0,6548800,5844542,77700,884000,196900,546600,59700,2699800,
2003-03-13,,63400.0,,,182055.0,23261800.0,1700800,3621356,926400,2896200,135400,858400,27400,553200,
2003-03-14,,30400.0,,,104730.0,13681200.0,1989800,1992866,518600,2836600,187000,845200,408900,575200,
2003-03-17,,83400.0,,,159360.0,18205000.0,1367600,2146864,375400,5973400,335100,920600,315000,2078400,
2003-03-18,,77200.0,,,332460.0,13591200.0,973400,1622458,627000,2887400,350600,1044600,68800,115200,
2003-03-19,,72400.0,,,91170.0,13144800.0,834600,2116705,78900,2966600,660500,627800,39400,275600,
2003-03-20,,47400.0,,,287595.0,12436000.0,2105000,1225337,1269900,1280400,925700,1068600,106100,1154800,
2003-03-21,,98200.0,,,174285.0,13357400.0,220200,1205026,179500,3290600,158400,1209200,50900,434800,
2003-03-24,,140000.0,,,120495.0,16662800.0,1154800,940853,335600,1847400,273700,574800,56400,111000,
2003-03-25,,78400.0,,,266355.0,15853200.0,772800,1822619,120200,1304000,286800,637800,68300,68000,
2003-03-26,,137000.0,,,214170.0,7932200.0,720200,1738541,893400,2671200,398400,815600,193000,410600,
2003-03-27,,44400.0,,,210465.0,11060400.0,1686600,287562,825600,1021400,996500,1173200,93400,65600,
2003-03-28,,36600.0,,,165585.0,9137400.0,829600,902569,143000,845400,296500,589000,235800,126400,
2003-03-31,,74600.0,,,105540.0,18818200.0,871200,820215,169700,2439200,94500,617200,203500,1762200,
2003-04-01,,72400.0,,,39360.0,8526200.0,661400,624609,94300,1305200,332800,992400,197100,2010200,
2003-04-02,,396200.0,,,133650.0,14498200.0,651200,1872351,369100,3119000,883700,1286200,27000,1336600,
2003-04-03,,64800.0,,,141840.0,8222000.0,2745000,1878875,248100,2762600,335000,848600,466700,2709600,
2003-04-04,,61000.0,,,83520.0,10264800.0,284600,1319878,79200,798200,333300,487200,114600,260600,
2003-04-07,,49600.0,,,83010.0,10179800.0,545200,7264747,100200,1554400,79800,628800,70100,130600,
2003-04-08,,58000.0,,,120195.0,15988200.0,447800,676558,179000,2225200,65200,616000,64000,133600,
2003-04-09,,43600.0,,,69285.0,12162000.0,797200,1120456,198800,2548200,250000,790600,185200,555200,
2003-04-10,,197800.0,,,199575.0,10778600.0,1190800,781193,383100,1067400,357200,384400,33300,89200,
2003-04-11,,72400.0,,,121110.0,8952800.0,88600,1569279,180600,1287600,124500,485800,47600,666600,
2003-04-14,,42800.0,,,73095.0,8965200.0,502600,1383521,120000,1345600,437500,823800,26900,294200,
2003-04-15,,46400.0,,,169170.0,12309400.0,271800,944546,534800,706400,203400,683600,400200,850600,
2003-04-16,,85600.0,,,175410.0,27909800.0,6234800,2807296,338700,1124600,1049300,596400,166100,322200,
2003-04-17,,31200.0,,,367110.0,14298000.0,798400,1000803,132100,2423600,195900,475600,24000,162200,
2003-04-21,,58200.0,,,89400.0,9449800.0,847600,604298,76800,3037600,49000,597600,59000,82000,
2003-04-22,,78400.0,,,131700.0,11477000.0,391200,2187364,71900,1659800,305600,741400,183900,137800,
2003-04-23,,40000.0,,,265605.0,11394600.0,980800,5352019,79700,1962600,278400,988800,66300,951200,
2003-04-24,,78400.0,,,133935.0,13339800.0,382200,2339762,35600,782400,38300,1252000,35300,362800,
2003-04-25,,151400.0,,,55350.0,14709400.0,715000,1955320,105500,1581400,102100,605800,233100,671200,
2003-04-28,,55800.0,,,118575.0,12411600.0,807600,543487,143800,997800,349300,889800,156500,41800,
2003-04-29,,73600.0,,,139770.0,16091800.0,461600,3207001,324700,1180600,182700,2158200,52500,70800,
2003-04-30,,99800.0,,,159315.0,12400600.0,102200,1805262,65400,1018000,73900,727200,34100,148000,
2003-05-01,,116000.0,,,143445.0,13130600.0,882200,1844284,34300,969800,64000,1731400,50800,74800,
2003-05-02,,84400.0,,,143160.0,11524400.0,910800,13992654,407200,1167600,71600,1047800,38500,252400,
2003-05-05,,78800.0,,,107190.0,15696200.0,853000,1478923,33700,1858600,74100,1012400,152200,252800,
2003-05-06,,113400.0,,,132165.0,23855400.0,1084400,2682103,324400,2328200,411900,1348400,107100,1781600,
2003-05-07,,33400.0,,,221805.0,11365200.0,1107400,1212043,61500,2072200,456100,1895800,57900,211400,
2003-05-08,,80400.0,,,223575.0,13885800.0,328000,9815379,21600,1228600,132700,553800,37100,84000,
2003-05-09,,49200.0,,,112110.0,11745800.0,644200,2299139,13800,739800,90900,722800,21700,92400,
2003-05-12,,106800.0,,,222930.0,11375000.0,3372800,729983,36400,1005000,339300,428800,226900,216200,
2003-05-13,,49400.0,,,221025.0,13909800.0,1070600,2092331,386800,1424400,252100,1081800,112900,638200,
2003-05-14,,41000.0,,,347700.0,18731200.0,518200,1343513,72100,1082800,135300,1072000,44800,113400,
2003-05-15,,43800.0,,,294330.0,12913400.0,1561800,2835609,152900,1354400,176000,1778600,104500,357800,
2003-05-16,,70000.0,,,197355.0,10931200.0,2015800,3372448,53800,2263800,882200,1771400,138200,1839800,
2003-05-19,,31800.0,,,231750.0,19790000.0,348800,3054480,333300,1921200,69000,1648200,134800,426400,
2003-05-20,,59000.0,,,245700.0,13374000.0,529000,4160534,246400,3637600,284600,1044200,298900,524200,
2003-05-21,,53400.0,,,329640.0,9388400.0,2504400,3389066,107000,1881000,173000,1208400,44100,66200,
2003-05-22,,63400.0,,,181410.0,11951000.0,479200,5012878,1526600,5500200,233900,5728800,374700,175600,
2003-05-23,,52400.0,,,127935.0,6677600.0,1458200,1982895,52000,595800,354600,4469800,44500,131000,
2003-05-27,,104000.0,,,184170.0,18971600.0,633000,3223620,182000,1399200,816000,2547400,138300,247800,
2003-05-28,,337800.0,,,206175.0,12572400.0,1008400,13509117,99800,1882600,258600,2897800,92800,377000,
2003-05-29,,281000.0,,,234420.0,17570800.0,974200,1374042,341100,1460000,474500,3267800,81400,379000,
2003-05-30,,162000.0,,,214950.0,15945400.0,995800,2552848,1063800,2174800,792600,2462400,221600,615400,
2003-06-02,,191800.0,,,93495.0,19884200.0,1196600,7480418,312600,1386200,338400,2364400,241600,2050600,
2003-06-03,,24600.0,,,196665.0,15771000.0,1142600,2105749,98700,1720800,258800,966800,130500,1612000,
2003-06-04,,79600.0,,,186315.0,25029600.0,1109600,2220355,599800,5049000,192400,2277200,87100,813800,
2003-06-05,,97400.0,,,196005.0,20033200.0,316800,3676012,72600,1011200,262400,1815200,149000,350800,
2003-06-06,,200400.0,,,248550.0,25546000.0,492600,5206884,802100,1690200,681600,1720200,269000,272200,
2003-06-09,,41200.0,,,146370.0,15043400.0,309800,4170259,78800,2334000,269000,1904800,520300,917000,
2003-06-10,,60200.0,,,117645.0,18038400.0,140400,4221838,107000,1137600,323100,852600,112600,791000,
2003-06-11,,41200.0,,,250020.0,19649800.0,2024400,2837455,491200,918400,164700,1227200,73800,314000,
2003-06-12,,127600.0,,,539550.0,11462000.0,421200,3424642,89000,1967800,58900,1319000,65600,147800,
2003-06-13,,103200.0,,,336000.0,16403400.0,1439000,1011390,32300,2936800,43100,842200,44400,39800,
2003-06-16,,81600.0,,,359790.0,17887400.0,877600,1191485,61900,4128200,116200,1673600,81400,342800,
2003-06-17,,31600.0,,,462240.0,16361000.0,192600,2484897,1540600,2267200,117700,3238200,227800,342400,
2003-06-18,,51600.0,,,385980.0,14544800.0,360200,4554823,40400,874400,372300,686600,130900,1842200,
2003-06-19,,62400.0,,,434715.0,18349400.0,415200,4695157,89600,797200,116700,1066200,411500,195200,
2003-06-20,,48400.0,,,113580.0,14144200.0,2419400,4349492,91400,778600,121100,891000,83600,195400,
2003-06-23,,90800.0,,,117450.0,21036600.0,361400,2499053,486500,3413600,108700,1031000,46300,165800,
2003-06-24,,43200.0,,,157830.0,17312200.0,113600,2102179,44600,1206400,366200,1317000,120200,577600,
2003-06-25,,74800.0,,,302520.0,16238000.0,142000,3576794,65900,1194000,147900,707000,38600,73000,
2003-06-26,,65400.0,,,424905.0,12627400.0,843200,2812343,58200,3227400,43600,758600,49000,1409400,
2003-06-27,,34000.0,,,131940.0,12705600.0,180800,605406,42200,1001600,85400,491600,57200,71400,
2003-06-30,,58200.0,,,109635.0,6863800.0,185600,1038472,42600,1116400,40500,370400,114500,128400,
2003-07-01,,52200.0,,,206175.0,18541800.0,446600,2531059,59600,1207800,127500,1376800,89200,1054800,
2003-07-02,,161600.0,,,245025.0,10796400.0,280400,853575,398700,1607200,114000,630200,29000,94400,
2003-07-03,,12800.0,,,411585.0,5573400.0,319600,678158,10500,1528600,13800,591800,53800,99200,
2003-07-07,,341000.0,,,306600.0,13166000.0,1385400,735030,508000,1470400,172000,432000,69200,524000,
2003-07-08,,72800.0,,,176385.0,14615200.0,483200,1429807,137700,1561800,67700,954800,127200,534600,
2003-07-09,,34400.0,,,268845.0,14974800.0,292800,851237,22700,2366600,79600,781800,213300,214400,
2003-07-10,,250800.0,,,416160.0,15438000.0,486800,629903,100400,2022400,418300,1218400,62600,92000,
2003-07-11,,243200.0,,,135555.0,9706400.0,533200,2405866,553800,690800,98600,1014000,88500,147200,
2003-07-14,,94600.0,,,97470.0,10402600.0,259400,2325482,72100,989600,90100,524800,88100,144800,
2003-07-15,,54200.0,,,279945.0,13180600.0,1077000,3559437,509700,1414800,247700,2393400,226500,1633600,
2003-07-16,,79000.0,,,261720.0,13354000.0,210600,1719338,50100,978400,159100,1175000,63000,66200,
2003-07-17,,122200.0,,,376995.0,15538400.0,370200,3673427,1268100,1333000,97800,779200,29600,50200,
2003-07-18,,82000.0,,,431805.0,13590800.0,323400,1803046,4202200,423200,148400,406800,18000,42400,
2003-07-21,,88000.0,,,290775.0,12675600.0,330400,462241,205200,936400,121800,655400,57400,45800,
2003-07-22,,96800.0,,,105000.0,13914000.0,252800,2533521,670300,839600,155900,703200,120700,101800,
2003-07-23,,31600.0,,,490635.0,9506200.0,1113600,875241,244000,494400,110800,584200,36700,151800,
2003-07-24,,30000.0,,,270945.0,11485200.0,404000,988862,165300,1099600,133800,681000,28400,95800,
2003-07-25,,49200.0,,,377685.0,14488800.0,1789000,899738,312800,693400,58300,670000,81100,603400,
2003-07-28,,60000.0,,,276720.0,12584600.0,915400,2601965,1153800,1909200,48900,570000,114100,163000,
2003-07-29,,39200.0,,,285390.0,13591600.0,899000,5167738,1189600,1697200,81200,1551800,295000,372600,
2003-07-30,,53200.0,,,279135.0,7124600.0,280200,3980808,27600,400800,23200,1002400,34800,41200,
2003-07-31,,72600.0,,,478545.0,15521800.0,1229800,1882691,441600,2461800,72500,2011600,59400,433200,
2003-08-01,,132200.0,,,248310.0,11394000.0,857200,7986482,178000,2422400,123600,1935000,69900,367600,
2003-08-04,,97200.0,,,329595.0,7890000.0,503600,8349134,189000,677800,142100,444200,616300,101800,
2003-08-05,,42600.0,,,118875.0,13377200.0,1512600,3523122,789800,666600,378200,1177600,46800,873600,
2003-08-06,,45800.0,,,292665.0,14263800.0,592400,5904368,170800,1286400,165300,1280800,129400,236000,
2003-08-07,,251800.0,,,348615.0,6964200.0,980000,1837144,1054600,902800,45000,881600,51600,144400,
2003-08-08,,29200.0,,,167880.0,27683000.0,1307400,2422239,209800,650000,152000,552000,79900,150800,
2003-08-11,,46000.0,,,135150.0,18491600.0,605400,967689,178600,875400,137900,568000,100700,90000,
2003-08-12,,27000.0,,,192960.0,10218600.0,2039000,2063156,233600,448200,28800,787800,42200,152200,
2003-08-13,,72000.0,,,185295.0,24452000.0,437000,2877832,536100,529200,256200,1283800,91700,272200,
2003-08-14,,102000.0,,,514155.0,9862600.0,1479400,2603442,268000,458800,160100,310400,60200,117200,
2003-08-15,,5800.0,,,56520.0,3880400.0,472800,350466,51700,549200,9500,191800,16100,56800,
2003-08-18,,74800.0,,,138165.0,20189800.0,213600,886197,498100,654200,33200,468600,80400,725400,
2003-08-19,,74600.0,,,146775.0,20323200.0,524600,3427104,900000,1002000,389700,819400,62900,277000,
2003-08-20,,79800.0,,,191280.0,11800400.0,749600,2123967,2655100,1089800,182700,1173000,33200,2352200,
2003-08-21,,57600.0,,,243795.0,20723800.0,806800,2815666,451200,614200,436200,1131400,79100,546600,
2003-08-22,,37400.0,,,184950.0,29187800.0,722200,8035229,529700,668400,106700,1136800,75200,1186000,
2003-08-25,,112000.0,,,104370.0,14524600.0,229000,5579138,960500,733200,278300,420200,675600,169200,
2003-08-26,,158200.0,,,136545.0,13825600.0,516000,4568980,365700,757600,68800,483800,63600,278000,
2003-08-27,,214600.0,,,357435.0,13870400.0,319800,1329972,287200,409000,157500,885000,131100,172400,
2003-08-28,,57600.0,,,433050.0,9687400.0,1065400,2550755,119100,1086400,37000,1055800,91500,401400,
2003-08-29,,33200.0,,,94230.0,7860400.0,301200,1859056,136500,582000,937500,1060600,78300,261000,
2003-09-02,,62200.0,,,180420.0,24850400.0,778600,4215806,830700,881200,126000,1921000,139400,772000,
2003-09-03,,99400.0,,,134265.0,22336600.0,346800,5717749,758200,1388400,327800,1926400,182300,225000,
2003-09-04,,92800.0,,,259080.0,20249800.0,432000,4942711,1947100,777400,292700,1985200,214500,168400,
2003-09-05,,87400.0,,,226965.0,28927000.0,143400,5862884,565200,1063200,95700,1858000,131300,328800,
2003-09-08,,35800.0,,,150060.0,20118200.0,555200,4395409,1571900,937400,126600,1332800,260800,208000,
2003-09-09,,39800.0,,,172155.0,20678200.0,2343200,3319268,307400,970800,624800,709800,250300,170600,
2003-09-10,,129000.0,,,181020.0,43798000.0,1348800,4416705,58500,1121200,451000,672200,264200,194200,
2003-09-11,,54200.0,,,158460.0,41328400.0,213400,3574332,485400,629000,94400,2797800,164700,129200,
2003-09-12,,45400.0,,,130260.0,21607000.0,233400,7542091,1639700,585600,94400,4241000,146700,183400,
2003-09-15,,52200.0,,,60795.0,14571600.0,437600,2608981,271600,542000,90600,1135600,204400,85400,
2003-09-16,,45600.0,,,112530.0,21657400.0,143400,6236862,36500,424400,59600,296200,145500,60200,
2003-09-17,,38200.0,,,221970.0,21760600.0,338800,3344750,238400,624200,259600,1008800,70800,223400,
2003-09-18,,402800.0,,,318930.0,22193000.0,751200,13455692,758000,888400,111200,494000,89900,49200,
2003-09-19,,61000.0,,,210345.0,14071000.0,346400,4959945,105800,515000,86300,479000,108800,62800,
2003-09-22,,229400.0,,,189510.0,27526600.0,355400,4510384,188400,823200,126700,669000,166500,171600,
2003-09-23,,65800.0,,,156030.0,24504400.0,112600,5882703,506500,577200,152200,384800,84500,121200,
2003-09-24,,39400.0,,,438435.0,22759400.0,650400,5223872,204700,1216600,271800,576200,124700,405200,
2003-09-25,,138800.0,,,147405.0,26159600.0,223000,3598336,105500,1365400,170700,487600,102300,513400,
2003-09-26,,54000.0,,,165960.0,27385800.0,408000,1632675,178200,787200,226800,1868800,64000,913600,
2003-09-29,,26800.0,,,107250.0,22067200.0,190000,763097,710500,604600,111200,506400,120000,239400,
2003-09-30,,78200.0,,,117990.0,21652000.0,215600,2792031,253100,873800,105000,350400,199900,231200,
2003-10-01,,43200.0,,,134730.0,26544800.0,311400,2844102,31900,1245400,191100,1570600,124000,3804600,
2003-10-02,,343400.0,,,158040.0,18323800.0,227200,2233773,70400,593400,222000,384000,79400,376800,
2003-10-03,,371800.0,,,264450.0,26129600.0,1257600,1855979,202500,1815600,707100,664400,230400,943400,
2003-10-06,,74600.0,,,111585.0,12099800.0,153800,1690902,99100,1340400,209600,351600,85400,312400,
2003-10-07,,341200.0,,,184800.0,19408800.0,1158000,836834,86900,546400,300900,756000,268000,694600,
2003-10-08,,63000.0,,,164295.0,17558000.0,617000,1104576,232400,423400,134400,1096200,50900,46400,
2003-10-09,,56600.0,,,250560.0,33273400.0,461400,2746853,153600,1000200,267100,798800,170000,488800,
2003-10-10,,115800.0,,,226785.0,16340200.0,456600,2756209,67900,650400,522100,407800,66200,230800,
2003-10-13,,91200.0,,,169710.0,16569400.0,1082000,1916790,143900,519600,123900,680200,84200,804200,
2003-10-14,,73800.0,,,345480.0,22708000.0,1348600,3365677,170300,440600,247700,992600,177600,102200,
2003-10-15,,32800.0,,,237405.0,32585400.0,1112400,2196966,155200,2073400,632100,1691000,58700,380800,
2003-10-16,,149400.0,,,215670.0,21001800.0,227600,7777089,630100,486400,107500,784600,93600,121400,
2003-10-17,,325800.0,,,80445.0,17874400.0,201600,3809330,300200,689000,127000,381200,54600,747000,
2003-10-20,,54800.0,,,176070.0,21832400.0,276000,1654218,167100,891000,164000,406800,67600,58600,
2003-10-21,,65800.0,,,227745.0,21899400.0,310400,3411347,70100,450400,84700,699000,189800,210800,
2003-10-22,,148400.0,,,203670.0,14832200.0,908800,10436664,204400,949200,274600,617800,275300,528600,
2003-10-23,,168800.0,,,192120.0,20239000.0,212600,2904791,166200,1104400,289000,829600,273600,197800,
2003-10-24,,230400.0,,,144615.0,22425200.0,259400,1061614,281600,737600,289900,872800,378100,378000,
2003-10-27,,231200.0,,,126015.0,13635000.0,485000,5143364,151600,488600,166600,663800,63400,696400,
2003-10-28,,149000.0,,,293895.0,27956600.0,572400,2153511,67800,702800,907000,1834200,73100,163400,
2003-10-29,,121400.0,,,231900.0,17902000.0,480600,2228479,134000,411200,109300,942400,80900,141400,
2003-10-30,,88400.0,,,266925.0,19736800.0,688400,2496468,166800,982200,63500,817000,134600,190800,
2003-10-31,,248000.0,,,267405.0,13688800.0,303000,1426729,645000,1413200,222600,413000,302600,341600,
2003-11-03,,304600.0,,,160185.0,21821400.0,557600,2652313,131200,1227200,96700,705600,127400,129800,
2003-11-04,,160200.0,,,283665.0,16344800.0,307600,1506744,44200,886400,36700,638200,86100,117600,
2003-11-05,,32800.0,,,257280.0,14844800.0,748000,2736759,63100,380600,33100,496200,68200,301000,
2003-11-06,,163600.0,,,237225.0,16211600.0,273600,2703645,167300,836200,47900,911200,42900,53200,
2003-11-07,,72000.0,,,190635.0,19648600.0,438000,3147298,272200,388600,71500,682200,98400,130600,
2003-11-10,,42800.0,,,130065.0,24596800.0,197400,3741255,692800,667000,53800,1830200,113500,204000,
2003-11-11,,77800.0,,,136950.0,19311800.0,445400,1074048,160600,332000,181900,1063600,64500,239200,
2003-11-12,,318800.0,,,98640.0,20809800.0,480800,1362963,751300,607000,345300,1218000,235300,593200,
2003-11-13,,79600.0,,,378225.0,27369400.0,278400,1314462,1747200,892000,66100,1345200,163200,157600,
2003-11-14,,517000.0,,,403695.0,32794800.0,939000,2110919,74800,704200,250800,1348000,1251500,907800,
2003-11-17,,241400.0,,,142680.0,32381600.0,289000,5482751,119500,1317800,492100,1760800,188300,510400,
2003-11-18,,59800.0,,,153660.0,28064000.0,531800,3695093,122800,793600,89100,592000,128200,347800,
2003-11-19,,170200.0,,,234630.0,28189200.0,790200,932113,92800,1254000,45600,1381600,87400,355800,
2003-11-20,,222200.0,,,309615.0,29867400.0,555800,2341731,441700,704600,320500,1862400,125500,245200,
2003-11-21,,178600.0,,,256110.0,21063000.0,697200,1743219,43300,362600,76900,966200,571000,69800,
2003-11-24,,231600.0,,,170835.0,20424800.0,372800,1652494,62900,1031800,140900,2257000,88300,323600,
2003-11-25,,414400.0,,,197460.0,22045800.0,631000,3932676,214900,557200,108200,650200,535800,175800,
2003-11-26,,41200.0,,,141630.0,19885400.0,782200,1163664,168000,354400,79200,942000,138300,490400,
2003-11-28,,62400.0,,,21765.0,4894600.0,288600,1084757,132500,194200,17600,508200,39700,63600,
2003-12-01,,205400.0,,,116550.0,21751000.0,382000,1460828,326900,1013800,79000,780000,183000,122600,
2003-12-02,,53800.0,,,161250.0,22886400.0,1800800,4227870,200600,730800,304500,550000,517100,501400,
2003-12-03,,53800.0,,,152025.0,22071000.0,499400,1876413,441200,531000,323500,582000,273400,201000,
2003-12-04,,40200.0,,,455985.0,30830000.0,891600,857268,177400,486800,103500,960600,109600,131600,
2003-12-05,,285800.0,,,314160.0,26162800.0,1163800,1217951,822800,746400,359600,839200,88900,90200,
2003-12-08,,301200.0,,,176925.0,20424000.0,1115000,1122549,181900,644400,109600,603800,184400,141800,
2003-12-09,,118200.0,,,163395.0,31606000.0,2118000,4360448,149900,725200,341100,594400,302800,404800,
2003-12-10,,188800.0,,,236955.0,36794600.0,2366800,1097313,228900,1032400,183900,253200,96800,268600,
2003-12-11,,108400.0,,,352560.0,32625600.0,1062200,3170317,398600,732600,85300,2181200,159900,259400,
2003-12-12,,106600.0,,,226080.0,22836600.0,635800,4799300,1787700,405800,114000,1920200,99300,171200,
2003-12-15,,392400.0,,,126600.0,38606200.0,1375600,3039585,416900,1785200,277300,719200,108100,427200,
2003-12-16,,107000.0,,,107520.0,37120800.0,1183200,3179673,475700,1575000,86900,2967000,109500,508600,
2003-12-17,,167800.0,,,345630.0,29826400.0,1980800,1643385,470700,553200,397600,3506200,87900,96400,
2003-12-18,,69200.0,,,490080.0,32755200.0,3413600,3725498,435500,1358400,458700,5651200,616600,129800,
2003-12-19,,43400.0,,,234495.0,30327800.0,2215400,1824465,467100,2056600,62900,937200,392000,158400,
2003-12-22,,117000.0,,,173190.0,12843400.0,785400,1723031,938400,760600,134400,483600,230000,584000,
2003-12-23,,223400.0,,,86190.0,11867600.0,1505200,1845146,200200,1053000,259900,843800,128400,314000,
2003-12-24,,46000.0,,,58560.0,6416400.0,347800,977660,265000,1895200,52600,250400,59400,70800,
2003-12-26,,9000.0,,,21480.0,3185000.0,676000,115099,94100,611200,29800,330600,35200,23600,
2003-12-29,,95000.0,,,63090.0,11514200.0,1110400,2195119,244900,1233800,319700,438200,121800,244000,
2003-12-30,,251400.0,,,152625.0,12810800.0,1018400,4976194,495500,760000,479000,361600,157500,78400,
2003-12-31,,99000.0,,,198855.0,16994200.0,1529600,2224417,253600,704000,256000,1125800,221400,289000,
2004-01-02,,88000.0,9200.0,,93675.0,19936200.0,988000,2712016,118300,543600,356900,404800,628700,127600,
2004-01-05,,1044000.0,14000.0,,218070.0,19671400.0,1648800,2381123,302600,1341200,235700,818800,191500,356400,
2004-01-06,,83200.0,211200.0,,188565.0,17586800.0,1382200,1532595,360900,925800,140300,375400,289300,169600,
2004-01-07,,59200.0,28000.0,,176655.0,20000000.0,3353600,3991764,558400,1021600,550600,903000,262300,142400,
2004-01-08,,69200.0,20000.0,,307905.0,24871800.0,2669800,1365918,646500,3746400,728900,468800,214300,338400,
2004-01-09,,146000.0,34800.0,,726165.0,24481800.0,4739600,7660144,1932100,1046400,741400,1283800,153400,374400,
2004-01-12,,196000.0,9600.0,,142335.0,23099000.0,1640000,1009420,695700,877600,599900,1109400,109900,118800,
2004-01-13,,283800.0,12800.0,,185745.0,28372000.0,2006000,2653051,439100,2270400,458800,1831000,342500,194200,
2004-01-14,,96800.0,20400.0,,186210.0,22815600.0,1660400,2687150,336600,2025000,391900,550600,395500,563200,
2004-01-15,,52000.0,35600.0,,292185.0,31844200.0,2048200,10516187,764700,694000,288600,512000,139800,184600,
2004-01-16,,98200.0,13200.0,,148620.0,28600800.0,711200,1943380,757800,1032600,118800,1305000,186600,97200,
2004-01-20,,68600.0,7200.0,,336150.0,21688800.0,1912400,4649118,744000,1430200,114400,713800,380200,367400,
2004-01-21,,87200.0,9200.0,,276165.0,31318200.0,1496000,4060207,311400,1271400,210100,3247600,222100,284200,
2004-01-22,,106200.0,154800.0,,321525.0,24163000.0,850200,2896051,251700,959400,128700,543800,216100,281200,
2004-01-23,,191000.0,7200.0,,424020.0,32759000.0,3394600,5280128,521700,1321000,208600,567200,178900,123600,
2004-01-26,,215000.0,12800.0,,135420.0,18997000.0,1367800,2827607,367300,7664200,449000,1229000,667100,120200,
2004-01-27,,907800.0,162000.0,,207630.0,27144800.0,1509000,1514746,964300,957000,224500,664800,161400,128800,
2004-01-28,,399400.0,167600.0,,367260.0,39124200.0,1881000,4766555,920000,7795000,402100,816600,144800,259600,
2004-01-29,,197200.0,55600.0,,471855.0,42138200.0,6494200,9104968,1215800,1299000,833100,1412800,130600,523800,
2004-01-30,,178200.0,94400.0,,202995.0,25718000.0,1227000,6237969,222700,721800,155000,410200,122700,388600,
2004-02-02,,202400.0,29600.0,,279585.0,21882800.0,1877800,1322833,395000,4168200,104100,453000,239100,480600,
2004-02-03,,272400.0,436000.0,,185715.0,17574800.0,869000,2215431,170600,1066200,227300,480600,251000,116000,
2004-02-04,,179800.0,215600.0,,343275.0,27431000.0,1072000,2571682,640000,1374800,378700,1511400,437900,111200,
2004-02-05,,145000.0,2400.0,,431400.0,25292000.0,2080400,5514265,219800,597600,494500,1305400,237200,323000,
2004-02-06,,636800.0,108400.0,,168975.0,34102600.0,1031800,4890024,712200,1297800,480900,816600,388000,178000,
2004-02-09,,98200.0,249600.0,,327600.0,18106400.0,1478600,1441870,1147100,835400,405400,3244000,2212500,234000,
2004-02-10,,152800.0,8400.0,,565425.0,15611400.0,1883600,5063103,369900,451000,289600,656800,186500,101000,
2004-02-11,,335200.0,7200.0,,343470.0,25772200.0,4028200,8243638,1008700,1346400,362300,391600,203300,450000,
2004-02-12,,252800.0,82800.0,,228945.0,20491400.0,1565800,2115966,314600,675200,225100,509000,603900,148200,
2004-02-13,,691600.0,400.0,,260040.0,29656600.0,1720600,4069317,735400,2313200,484800,515600,297600,676000,
2004-02-17,,300400.0,22000.0,,255720.0,16401200.0,1065400,3369863,401400,714400,207300,939800,250900,596800,
2004-02-18,,124400.0,24000.0,,207480.0,20207800.0,1508000,2637541,441100,1474800,492700,576800,173000,124200,
2004-02-19,,186000.0,22800.0,,217875.0,47438200.0,841400,2057617,497800,1709600,341000,1158400,115500,209600,
2004-02-20,,112000.0,4800.0,,320160.0,37520800.0,645400,2356134,530500,1117200,526200,693000,492200,440800,
2004-02-23,,156400.0,12000.0,,98610.0,43648000.0,1211000,1797999,1550700,2281400,809000,642200,331700,580200,
2004-02-24,,321200.0,140400.0,,314610.0,32640400.0,936200,3772153,508600,2182600,750000,453600,228900,169000,
2004-02-25,,309200.0,7600.0,,176655.0,28548400.0,1959600,3568423,238900,1108400,744700,906200,87800,128600,
2004-02-26,,142800.0,17200.0,,205560.0,24665800.0,1503600,779469,474700,870000,269700,597000,144900,295800,
2004-02-27,,297200.0,306800.0,,148335.0,41812600.0,1030400,933344,284400,713600,341000,1003400,84700,144000,
2004-03-01,,340600.0,3200.0,,251625.0,27582200.0,3672800,1465506,380400,1144600,345600,720000,183800,247600,
2004-03-02,,259800.0,17200.0,,238875.0,33033000.0,2509000,2629047,540200,1041400,830100,959600,161100,298400,
2004-03-03,,351200.0,16400.0,,204000.0,34474200.0,1321200,1877398,547600,826600,262500,478800,148600,232800,
2004-03-04,,151600.0,414800.0,,281025.0,18824200.0,1287000,1431530,240800,799000,134200,496400,158000,275800,
2004-03-05,,233000.0,4000.0,,223155.0,25849200.0,1727800,3446185,94600,772800,426100,1195400,310300,251400,
2004-03-08,,162200.0,4800.0,,180825.0,36017000.0,1130600,1069616,1022400,1185200,233500,1093000,225700,459400,
2004-03-09,,84200.0,30000.0,,298215.0,52655400.0,1783600,3392759,1146100,941200,278700,474800,242200,327000,
2004-03-10,,181200.0,400.0,,525855.0,48344800.0,962800,7620629,1693100,5181400,730500,577800,215600,262600,
2004-03-11,,305600.0,239200.0,,463800.0,49505400.0,3188400,5814629,1404400,2429600,886700,2798200,185400,136000,
2004-03-12,,408600.0,206800.0,,439740.0,42677000.0,1088400,3145451,2531100,568600,280200,1639000,293500,145200,
2004-03-15,,206000.0,14800.0,,241320.0,35024400.0,1742800,5031220,1048200,1413600,359400,3430600,143900,181200,
2004-03-16,,193400.0,167600.0,,171030.0,38373200.0,1173000,4394301,2137700,1763800,600900,1155800,144400,833200,
2004-03-17,,599600.0,114000.0,,248265.0,24961200.0,3172200,3327147,299200,2245200,158500,2148600,323600,1561400,
2004-03-18,,531200.0,7200.0,,270885.0,38167400.0,1041000,3013734,297600,771000,389000,622200,75800,502200,
2004-03-19,,313400.0,40800.0,,216735.0,27925400.0,1168400,5646597,439200,920200,179600,578800,175100,585000,
2004-03-22,,548600.0,29200.0,,167790.0,49540600.0,1957600,5933543,688500,1256800,355300,944800,150000,1265400,
2004-03-23,,97400.0,109600.0,,401070.0,46970400.0,2405400,7117027,484900,813800,277900,928200,252000,1097400,
2004-03-24,,264400.0,16800.0,,555600.0,45560800.0,2021600,7128475,262500,1252200,176600,821600,93200,212800,
2004-03-25,,428400.0,20800.0,,461790.0,48350600.0,2029800,5957178,557600,1464800,308900,1280600,325900,808400,
2004-03-26,,274400.0,11600.0,,230190.0,27938400.0,1550000,1677730,921500,1742200,101000,1013600,93100,233400,
2004-03-29,,121000.0,17600.0,,307350.0,29039200.0,2820800,3786433,360600,806600,212300,13357800,440500,276600,
2004-03-30,,133800.0,36000.0,,246330.0,35680200.0,1630800,2434056,666300,1252800,190900,811000,459100,274200,
2004-03-31,,426200.0,16000.0,,315690.0,34046400.0,4161200,2710293,444600,896600,305100,1374800,266300,155800,
2004-04-01,,249800.0,12800.0,,447180.0,36526400.0,6629000,3297480,906500,904800,360900,788000,144000,949000,
2004-04-02,,641400.0,15200.0,,201510.0,41223000.0,2320200,13601073,1383100,2958000,772900,2592600,542900,930400,
2004-04-05,,1630000.0,179600.0,,91590.0,26102600.0,1083000,3416517,551400,885800,148600,1275800,108200,185200,
2004-04-06,,2048000.0,8000.0,,166710.0,29265800.0,1184000,1717122,344000,518000,70200,1375400,175500,154800,
2004-04-07,,1019600.0,4400.0,,438165.0,31646200.0,2812400,2321543,538800,1432400,87100,2013200,65600,671200,
2004-04-08,,575400.0,25600.0,,218430.0,19940000.0,2323600,2650466,234600,685400,588400,664600,105300,242200,
2004-04-12,,2999800.0,1200.0,,227595.0,18534000.0,2562400,3341303,213200,538800,264100,2081800,382200,245000,
2004-04-13,,2276400.0,24000.0,,185640.0,24535800.0,2517600,6383720,460200,1002800,132900,5355200,189800,227800,
2004-04-14,,800800.0,4400.0,,280695.0,29399000.0,2885600,13816252,725900,529000,534600,4540000,215200,835600,
2004-04-15,,900200.0,800.0,,197295.0,63596800.0,1868200,13422209,1061600,1404800,761800,3260200,142300,328800,
2004-04-16,,935400.0,18400.0,,221550.0,60131000.0,1464400,9027908,556600,616800,415700,841400,1974700,265800,
2004-04-19,,1568800.0,6800.0,,264360.0,31892400.0,1958000,4930401,548900,522800,188600,527600,886400,210400,
2004-04-20,,1184600.0,4800.0,,248985.0,46790000.0,1379200,8380648,170500,519000,720100,2492000,122100,351000,
2004-04-21,,1111000.0,3600.0,,322140.0,55358000.0,2686000,8799804,1433900,1048400,655500,1051000,149800,293800,
2004-04-22,,1881400.0,89600.0,,303015.0,55585600.0,919000,7986728,2104600,1570400,282900,967600,788700,124200,
2004-04-23,,676400.0,115200.0,,232020.0,26800800.0,2653600,4552607,754500,1009800,300600,783800,127500,115400,
2004-04-26,,679600.0,7600.0,,121440.0,23752000.0,2206800,1432022,324000,426400,142800,1133600,233400,185000,
2004-04-27,,414400.0,4400.0,,331665.0,27420600.0,5102200,2971142,205100,536000,323600,1321600,177000,737000,
2004-04-28,,355800.0,24800.0,,395700.0,38139400.0,2733600,8115860,1106700,1476800,476600,1540000,81100,2324400,
2004-04-29,,1394600.0,10400.0,,652140.0,59643000.0,2135800,14606554,248400,944000,152900,1344000,264400,270600,
2004-04-30,,530200.0,432000.0,,576285.0,36670600.0,2504400,5468594,1413500,1048800,589100,1931000,163100,230200,
2004-05-03,,1042800.0,2800.0,,296175.0,45796800.0,4479200,5359651,647200,774000,1041000,1108800,276200,2623800,
2004-05-04,,1013200.0,34400.0,,309285.0,55561600.0,1811000,8101334,874200,1198000,799500,1966800,253900,945000,
2004-05-05,,516000.0,20000.0,,814740.0,34282000.0,1378000,5486321,85900,1468200,754600,1068000,443300,434200,
2004-05-06,,1339800.0,1600.0,,315975.0,37750800.0,1296200,5726735,507000,950800,425000,4005600,182200,1364600,
2004-05-07,,1480600.0,89200.0,,306630.0,61427400.0,1331200,11324092,654400,835000,374000,4308600,372800,823800,
2004-05-10,,2589400.0,86800.0,,580350.0,71094000.0,3769800,13951292,1260700,850600,661800,3753200,375500,812000,
2004-05-11,,654200.0,91200.0,,245040.0,50238600.0,2000600,4216298,779500,762800,443400,2910800,178700,1137400,
2004-05-12,,610800.0,91200.0,,403335.0,80798000.0,6504000,9999044,242200,814800,1116500,4191800,465300,1909600,
2004-05-13,,1108000.0,32800.0,,200970.0,49626400.0,3138000,10664645,1492200,745000,862900,2026400,219500,989000,
2004-05-14,,981600.0,1600.0,,224385.0,38920600.0,3114800,6485647,106000,1345600,983700,4348200,107600,765800,
2004-05-17,,1704200.0,627600.0,,184800.0,41755000.0,3456800,6915512,347200,1350200,412400,1825600,2092100,903000,
2004-05-18,,884200.0,400.0,,333375.0,33750800.0,3787400,3620863,219800,663200,554900,1141200,302400,2336400,
2004-05-19,,1338200.0,2400.0,,411390.0,47861000.0,6030200,8265426,574800,876400,660200,1320800,1147700,455200,
2004-05-20,,699000.0,800.0,,194775.0,29665800.0,2638000,2846441,208500,302600,1020900,1252800,79700,161000,
2004-05-21,,1346400.0,4000.0,,247755.0,30776200.0,3207600,3536786,212200,359400,142600,801400,73100,228400,
2004-05-24,,158000.0,2400.0,,692685.0,30143400.0,5770000,1587744,546400,438800,578500,1274600,183600,316600,
2004-05-25,,955800.0,16400.0,,293010.0,47911000.0,4566400,3633543,98800,555800,418000,1699400,346900,221200,
2004-05-26,,984200.0,6400.0,,315045.0,34870800.0,4302200,5393873,444300,672400,92600,1494000,518600,684800,
2004-05-27,,380400.0,417600.0,,274245.0,47342800.0,6510800,6701441,704600,1904000,762500,1467600,443000,129000,
2004-05-28,,770800.0,400.0,,91020.0,23976800.0,4801400,4512477,205000,564600,521400,1001200,228200,631800,
2004-06-01,,1799400.0,24800.0,,321600.0,25103800.0,5863200,3648807,394700,499200,158200,741800,472600,484400,
2004-06-02,,1138000.0,10000.0,,234195.0,50641800.0,3585800,2101440,339000,1880400,101000,472800,139800,408800,
2004-06-03,,511600.0,44800.0,,316395.0,49907000.0,4334600,2813574,198000,953800,1102300,1417000,119600,578400,
2004-06-04,,620400.0,12000.0,,193695.0,27557400.0,1881800,4605910,252700,1043200,206200,880800,352800,921600,
2004-06-07,,474400.0,26000.0,,368235.0,27032000.0,3925400,6020575,713500,2318200,770700,992400,245300,488600,
2004-06-08,,212600.0,40400.0,,372855.0,20093600.0,3638200,2272795,269200,1117200,678500,2149000,238100,929000,
2004-06-09,,1125800.0,192800.0,,386325.0,35029400.0,6429000,4848909,1466000,709200,538100,1660400,108300,238000,
2004-06-10,,295200.0,7600.0,,251130.0,29246600.0,3868000,1010405,429300,1713600,146300,858000,124700,290200,
2004-06-14,,1446800.0,18400.0,,168165.0,23306600.0,1798200,1945719,541800,828800,283700,1277000,131300,2766600,
2004-06-15,,1163000.0,219600.0,,272070.0,22463400.0,2675400,4864297,627600,1184000,319300,1319000,175400,523600,
2004-06-16,,603000.0,18800.0,,337455.0,20910000.0,3869400,2513702,652100,1427800,318500,1427600,821900,142400,
2004-06-17,,884200.0,123600.0,,214575.0,40211400.0,1823200,3297849,386700,451200,161300,2386400,267900,86400,
2004-06-18,,473000.0,11600.0,,297990.0,40161600.0,1731600,2829084,1271300,670000,518500,2819000,117000,100000,
2004-06-21,,874600.0,72400.0,,160725.0,27370600.0,953200,4023154,658200,805800,211500,4804400,105200,209800,
2004-06-22,,401800.0,11600.0,,146520.0,50974200.0,2174000,2394418,466200,670600,148800,851600,129800,175400,
2004-06-23,,379800.0,327200.0,,354570.0,41903400.0,5333400,4756338,341500,859200,308500,1074800,174000,135600,
2004-06-24,,689600.0,148400.0,,197925.0,36369600.0,7364600,2836224,1503800,997800,200900,593000,519000,181800,
2004-06-25,,646000.0,213600.0,,138060.0,34061000.0,2848000,2157820,959000,439000,393800,756200,304200,593000,
2004-06-28,,992400.0,208400.0,,227955.0,29424400.0,6844000,3467727,251700,850400,695900,1107200,391700,1451200,
2004-06-29,,816400.0,484800.0,,264525.0,26940600.0,3332000,3497763,482300,1281600,706700,1472000,681300,346800,
2004-06-30,,2753200.0,318000.0,,192915.0,35481000.0,4984600,8074129,451100,684200,314700,1510000,176800,880000,
2004-07-01,,1089000.0,77200.0,,157140.0,48334000.0,1904200,5238767,975200,973400,539900,591400,1131500,1212200,
2004-07-02,,1592200.0,423200.0,,316245.0,30076000.0,726600,5676264,2125900,705200,165100,927000,138300,372800,
2004-07-06,,583400.0,431600.0,,175680.0,51508600.0,1363400,1824834,337000,1693600,705100,786800,666500,1114200,
2004-07-07,,1258200.0,57200.0,,168435.0,36959800.0,1155400,1870258,424600,414400,294000,1242200,277900,318000,
2004-07-08,,1170400.0,850000.0,,199035.0,45325000.0,3132800,1283194,833200,551800,158000,1739800,276000,309200,
2004-07-09,,501400.0,52000.0,,138060.0,30628800.0,1035400,2438242,489100,437400,339000,1874400,135300,1161800,
2004-07-12,,490200.0,94000.0,,157200.0,39458600.0,1666800,3093995,480900,2477200,354500,919600,175300,422600,
2004-07-13,,664400.0,98400.0,,225840.0,40991800.0,1552200,3818070,763600,629800,451900,1047200,518900,117400,
2004-07-14,,656200.0,299200.0,,374940.0,59775200.0,2703800,1995205,853000,1674200,970900,842800,122600,210400,
2004-07-15,,1015600.0,310000.0,,525615.0,33790400.0,1666200,6291026,1405300,502000,246900,798200,226700,302200,
2004-07-16,,468800.0,111200.0,,363810.0,33356000.0,2277600,4974471,837900,915200,601600,898800,97800,434400,
2004-07-19,,326800.0,99200.0,,237435.0,44998600.0,1434000,2046291,530300,1379600,166600,1535200,128500,328400,
2004-07-20,,1026000.0,10800.0,,287715.0,49944800.0,1330600,5204791,1143700,1004000,187900,965200,329000,1975400,
2004-07-21,,1290600.0,422000.0,,302895.0,55537400.0,2030400,4900242,490100,1276400,1546900,897800,137900,425400,
2004-07-22,,1438600.0,155200.0,,423465.0,53386200.0,3672600,4180845,2017500,1563200,1137800,621600,454300,184600,
2004-07-23,,461400.0,18800.0,,224565.0,33322400.0,5472600,4901842,134800,536400,301400,535000,66600,262600,
2004-07-26,,952200.0,37600.0,,317550.0,46883800.0,3911800,1773009,1001700,915800,128100,1523800,419800,445000,
2004-07-27,,644400.0,80400.0,,313185.0,63418800.0,3541400,3324439,776200,1165200,299800,1646800,163500,366400,
2004-07-28,,1041200.0,58800.0,,386280.0,66324600.0,3710400,1931316,327200,1913600,437800,1016800,126800,181600,
2004-07-29,,318200.0,446000.0,,487395.0,75355600.0,3148400,1825081,1051100,1026600,720400,2930600,216100,529600,
2004-07-30,,589800.0,514400.0,,287850.0,39564800.0,2158800,2404882,558300,338600,416900,1599400,314600,263000,
2004-08-02,,856000.0,38400.0,,174135.0,31470800.0,1776000,4006782,896800,846000,551400,2224200,254700,437000,
2004-08-03,,735600.0,58800.0,,247200.0,37812200.0,3836000,4295698,383900,859200,112000,1795200,169700,145200,
2004-08-04,,948200.0,29200.0,,456240.0,46278600.0,7684200,1936486,388900,1572400,129700,1229200,344600,397000,
2004-08-05,,1059600.0,33600.0,,703920.0,53975600.0,4745600,2914393,1283300,702200,238200,4024800,441200,1309000,
2004-08-06,,2393800.0,345600.0,,344940.0,44506400.0,5498200,3781386,1920500,963800,580700,3563200,582500,725200,
2004-08-09,,365200.0,61600.0,,190485.0,27240800.0,4231600,3709003,1007200,618800,310500,1292800,512300,238800,
2004-08-10,,354400.0,54000.0,,307575.0,33815200.0,4610800,4293359,914200,1663400,231000,2030000,77900,92800,
2004-08-11,,356800.0,577200.0,,331065.0,53124600.0,9452400,3563991,1674400,813200,201400,938600,1819900,377600,
2004-08-12,,577400.0,76400.0,,295065.0,50991800.0,4030800,2020194,423700,5286000,229300,1329600,511600,487800,
2004-08-13,,455400.0,26400.0,,216750.0,40194000.0,3305600,3357306,723200,855800,1228200,908800,1089000,417400,
2004-08-16,,532800.0,146800.0,,212505.0,36431000.0,1780400,4307761,625200,851200,707300,548800,643400,703800,
2004-08-17,,781600.0,716400.0,,477015.0,49934800.0,10978800,6881782,672400,709200,245100,1041600,142000,1072600,
2004-08-18,,1812400.0,279600.0,,263295.0,44776800.0,4382200,5658415,642900,1697000,414600,962600,709100,1257600,
2004-08-19,,493000.0,895600.0,,349530.0,50413600.0,4529000,2035335,407300,860200,154800,3975400,842600,1175600,
2004-08-20,,1914000.0,130000.0,,345495.0,31503600.0,4408200,3160962,240800,473200,64600,656800,129100,320600,
2004-08-23,,504600.0,40400.0,,156300.0,37603400.0,3313800,2005668,276900,303000,98100,842400,133100,2054200,
2004-08-24,,497400.0,53200.0,,288135.0,52414000.0,3781200,2055155,311200,567000,44900,890200,443000,537600,
2004-08-25,,1524800.0,102000.0,,184935.0,47008000.0,4374400,5790624,387400,780600,109600,911000,149800,161200,
2004-08-26,,195200.0,63600.0,,212040.0,24032000.0,2624800,1099529,68400,575000,60300,711800,664600,1054400,
2004-08-27,,88200.0,52800.0,,291870.0,22034400.0,2040800,1822865,504300,641000,96000,1057200,372700,440600,
2004-08-30,,317800.0,52800.0,,153045.0,20431400.0,3941000,1135844,401500,445200,57000,1087000,110100,1266600,
2004-08-31,,719800.0,34000.0,,151230.0,35362000.0,2281600,2365120,583600,1829200,141000,1687200,598000,991400,
2004-09-01,,569400.0,83200.0,,385005.0,30815600.0,4444400,2914762,484600,1044600,315000,1482400,462400,708200,
2004-09-02,,334000.0,19600.0,,342075.0,30644400.0,2726400,3807483,307800,324200,164600,857800,278400,1361800,
2004-09-03,,1461800.0,400.0,,256395.0,44172800.0,4538600,1966153,806800,338600,70500,1170600,1711100,171600,
2004-09-07,,430200.0,32800.0,,217800.0,46998200.0,2626400,2387525,561900,572600,119700,1078200,188400,1193200,
2004-09-08,,593200.0,63600.0,,237675.0,49419200.0,5696000,5874086,79400,447800,181600,2896600,401100,534600,
2004-09-09,,1393200.0,9200.0,,278835.0,79727800.0,3771400,2029673,575100,536800,400600,1910400,506500,1653600,
2004-09-10,,424800.0,9200.0,,235215.0,67943400.0,4516000,1418604,925000,585400,208000,1039400,160700,187400,
2004-09-13,,417200.0,30400.0,,139905.0,76457600.0,3563600,3666903,344500,1092800,487200,611200,3257800,617800,
2004-09-14,,851000.0,381200.0,,202440.0,56298800.0,3050000,1549460,1348300,360600,273400,1099000,178100,397800,
2004-09-15,,549600.0,208400.0,,359535.0,43933000.0,5238200,688375,693600,315600,279100,2477200,169000,150400,
2004-09-16,,676800.0,18800.0,,311190.0,43689800.0,2206600,2137632,481400,277400,641400,2232600,58700,4354400,
2004-09-17,,913600.0,816400.0,,401850.0,41838200.0,4879800,1670467,646600,512800,150500,817800,948100,471600,
2004-09-20,,635800.0,40400.0,,433050.0,65961800.0,3253600,2917962,296700,1062200,736100,506000,160200,261800,
2004-09-21,,614200.0,19200.0,,359580.0,59913000.0,7798200,3182504,435600,479200,525100,783200,203600,527000,
2004-09-22,,530000.0,416400.0,,423030.0,42384600.0,6675600,3718974,317900,388400,493200,1283800,2548800,1146800,
2004-09-23,,1421400.0,286000.0,,428880.0,46610000.0,6543800,7266101,155800,472000,2347300,603600,187800,2774200,
2004-09-24,,459400.0,90400.0,,302580.0,89542000.0,6473400,4492288,172900,668000,428300,2289600,531000,667000,
2004-09-27,,249600.0,118000.0,,278070.0,42416600.0,4636200,5585539,1513500,2521600,621300,1899000,402100,341600,
2004-09-28,,215000.0,13200.0,,426465.0,40451200.0,4997200,4892610,2896700,2060200,735500,1182000,673400,592400,
2004-09-29,,414200.0,192000.0,,503340.0,40794400.0,6433600,2366967,180900,2367200,928100,1103800,668100,2223600,
2004-09-30,,1053600.0,457200.0,,235290.0,62161200.0,1727000,1899556,465100,286200,715300,3325200,1650500,2451800,
2004-10-01,,1173800.0,608400.0,,315360.0,55768400.0,2359200,4089382,795700,1866000,582500,808600,644200,1160200,
2004-10-04,,1325600.0,836800.0,,235275.0,46458400.0,4483000,3421441,1116200,3342400,396200,1293800,227300,2138200,
2004-10-05,,483600.0,966400.0,,237585.0,49509600.0,5673600,1900418,150400,695000,736200,1217000,210100,490200,
2004-10-06,,780200.0,288800.0,,243435.0,42421800.0,6013200,2878324,517300,1468800,698400,1233600,403800,748800,
2004-10-07,,658600.0,541200.0,,438510.0,43544800.0,7361200,2554817,395800,1162800,498100,2245200,549100,140000,
2004-10-08,,1135600.0,193600.0,,349620.0,56435200.0,4492800,1988065,555000,745800,219400,1482600,315700,566400,
2004-10-11,,167000.0,71200.0,,747615.0,46233600.0,4842000,2353549,206300,407000,173900,683200,220500,254800,
2004-10-12,,436400.0,70400.0,,331035.0,62679600.0,6093400,5070612,279400,573800,257700,1771600,221900,986200,
2004-10-13,,178000.0,81200.0,,887670.0,64927000.0,14263800,1306091,1047700,392200,597300,2048600,1533800,358000,
2004-10-14,,692200.0,1084000.0,,566670.0,48712800.0,9593400,9264629,1669700,379000,697500,1065800,170800,270600,
2004-10-15,,512800.0,593200.0,,208005.0,40456600.0,3535000,11955718,1899700,497600,2318500,1248200,229300,2989000,
2004-10-18,,1087400.0,1134800.0,,509700.0,43134000.0,3382000,2062541,786400,480600,1275800,1094400,518500,1781600,
2004-10-19,,753200.0,565600.0,,340980.0,59594600.0,3410600,12337821,1887000,5270200,202700,1660600,474800,1927800,
2004-10-20,,1212400.0,254000.0,,417105.0,84996600.0,4951000,11745587,816200,425600,353700,1933600,268600,831200,
2004-10-21,,1392800.0,994400.0,,357060.0,80697200.0,4937200,11411616,846200,759200,356100,673400,316000,431000,
2004-10-22,,378000.0,1042800.0,,391830.0,53245800.0,2859800,3744210,732600,1303200,382300,1798800,402300,410000,
2004-10-25,,339600.0,1135600.0,,381915.0,74732800.0,5146000,2012808,1495000,878800,486300,1775200,203700,281800,
2004-10-26,,616800.0,307200.0,,380580.0,41143400.0,3654800,4685063,773000,633800,893800,1374000,463500,898000,
2004-10-27,,668800.0,892400.0,,880710.0,60295600.0,10602800,5124530,752900,1832600,405800,2545200,480600,808400,
2004-10-28,,477400.0,118400.0,,1326090.0,62335800.0,15395600,4268985,602200,1958400,492500,2034600,263800,892400,
2004-10-29,,427400.0,303200.0,,550275.0,38340800.0,9065800,2393680,398100,1629000,714100,2271400,303700,2578000,
2004-11-01,,235400.0,728800.0,,715365.0,28937000.0,7991800,2198812,584100,780400,202900,3091000,1321300,806400,
2004-11-02,,859400.0,869200.0,,698145.0,45903000.0,13847200,9541850,1362700,1782400,1323100,2294200,1214700,1362600,
2004-11-03,,825800.0,198000.0,,1000905.0,62968800.0,6939600,5676018,398200,1917400,366600,1607400,1322700,663600,
2004-11-04,,1103200.0,280400.0,,474975.0,43808600.0,7200400,5615945,641600,1142800,234800,1970400,1230700,615400,
2004-11-05,,2394400.0,239600.0,,463035.0,60321800.0,12255800,6225536,664200,9837800,751500,5742200,707400,714000,
2004-11-08,,819600.0,275200.0,,524865.0,27273400.0,7066600,5472411,271600,928800,1681800,5159000,379100,193800,
2004-11-09,,515400.0,72000.0,,556560.0,35045600.0,11947200,1863242,680700,1267200,132900,3365200,410000,412200,
2004-11-10,,1307800.0,488400.0,,650805.0,57794600.0,10157400,1787043,231600,1371600,345800,3991200,301000,715400,
2004-11-11,,305400.0,223600.0,,416535.0,36186800.0,6057000,2934458,2861200,1063000,568300,6062400,242400,2411800,
2004-11-12,,1407800.0,155200.0,,562650.0,31933200.0,5758800,3727837,559000,788600,274100,3411800,354400,240600,
2004-11-15,,815400.0,213600.0,,546435.0,40193400.0,8223800,3444215,578600,5157600,607700,1151000,445200,713800,
2004-11-16,,1185600.0,203200.0,,270030.0,36067800.0,4883800,4068209,1082300,1206000,258100,2084000,747600,1051800,
2004-11-17,,1619600.0,101200.0,,585840.0,50284600.0,7941000,5505648,957800,1380800,469800,1730600,562600,1458800,
2004-11-18,,2172200.0,64000.0,,595335.0,50409600.0,4390000,2839178,1126700,1548200,577400,4391400,238300,886400,
2004-11-19,,896600.0,104800.0,,602430.0,43113200.0,7872800,11335540,960100,672200,1000400,3828000,839300,1323600,
2004-11-22,,997200.0,67600.0,,350640.0,32856400.0,7439600,1874074,187500,723800,248100,1290600,292900,3088000,
2004-11-23,,670000.0,128800.0,,597090.0,31643400.0,3691800,1855117,137600,981000,459700,1944600,162900,229200,
2004-11-24,,1466400.0,51200.0,,597795.0,24994400.0,7098400,2208537,315900,519000,186600,1996600,302400,4434400,
2004-11-26,,534800.0,20400.0,,144075.0,8707000.0,2064200,697238,127200,431000,73500,736400,3009300,208200,
2004-11-29,,1358000.0,298400.0,,328530.0,30053200.0,5403800,6650847,222800,1522000,442300,2376600,809000,1806400,
2004-11-30,,1622400.0,116000.0,,252750.0,34995000.0,6979600,6280316,153600,589800,557300,3941600,340200,1373200,
2004-12-01,,2260200.0,211600.0,,663480.0,38818000.0,14345400,6023160,509100,2342600,626400,3187600,669100,1664000,
2004-12-02,,2004600.0,336800.0,,985725.0,63766000.0,12799200,5328014,281400,1645800,2301600,7479600,487500,934400,
2004-12-03,,1689000.0,126800.0,,688440.0,67866200.0,7960200,5131424,433100,1582200,5691900,3010400,771200,961600,
2004-12-06,,2822600.0,194400.0,,355800.0,44141600.0,2995400,1969846,204400,702600,152500,1342400,370900,512600,
2004-12-07,,913200.0,145200.0,,475620.0,60974000.0,6882200,3782863,280200,1859800,346100,1283200,300200,433200,
2004-12-08,,877600.0,211200.0,,689130.0,62244600.0,9152800,4392331,262900,854400,204300,1543200,372600,170600,
2004-12-09,,799800.0,122400.0,,410460.0,106899600.0,6512000,1574326,1157700,1493000,345900,2819200,1360000,761800,
2004-12-10,,741000.0,49200.0,,395460.0,52463400.0,5593800,2434795,921200,1041400,185400,1574000,1367700,387000,
2004-12-13,,660800.0,42800.0,,403605.0,39284000.0,6084200,3188044,464100,1180600,2296700,2880000,661900,502000,
2004-12-14,,479400.0,112400.0,,251085.0,53823200.0,4825800,1869643,707500,3396800,305900,3310800,479500,1159400,
2004-12-15,,891800.0,76000.0,,370680.0,40861800.0,10615600,2497576,429000,997400,323500,1084400,604900,1128600,
2004-12-16,,456000.0,170800.0,,339375.0,50189800.0,5357800,4048020,1933200,1315800,538500,4399800,623500,320400,
2004-12-17,,1305600.0,73200.0,,330690.0,51246600.0,6285200,3846013,991700,964400,1798800,1950400,1019000,1465600,
2004-12-20,,706800.0,126400.0,,162060.0,43598400.0,3894600,3572362,281700,665200,476400,1253200,2002900,378200,
2004-12-21,,1393000.0,334400.0,,153540.0,32725800.0,5824600,2867984,210800,3929800,175900,1220400,3683200,2356400,
2004-12-22,,835000.0,185600.0,,590880.0,23734200.0,7979600,2557279,170800,1267000,197800,4668800,912000,2401000,
2004-12-23,,1387000.0,50800.0,,226740.0,16152200.0,4261200,1587251,764100,2971800,200600,1457200,642900,210200,
2004-12-27,,526000.0,226800.0,,350235.0,20602800.0,8936000,969659,206700,476200,202900,1644800,563100,57200,
2004-12-28,,704600.0,210800.0,,158715.0,23040600.0,4389600,879426,154600,976400,469100,1148400,413000,515600,
2004-12-29,,721400.0,1328800.0,,270285.0,32529400.0,4213600,2946399,101100,769800,172200,1410200,300100,235200,
2004-12-30,,477600.0,395200.0,,232770.0,26362200.0,2311000,1163787,178800,1085600,111200,1260200,268000,923400,
2004-12-31,,1109000.0,37600.0,,194580.0,21830600.0,1264400,701424,162800,978600,226200,1350200,236300,211000,
2005-01-03,,2010000.0,400400.0,,401250.0,56177200.0,7963200,5011647,421800,2647800,813900,4052800,606200,858400,
2005-01-04,,1030800.0,157200.0,,448545.0,83162200.0,12666600,7426746,1901800,1529400,2075600,2575200,454300,1690200,
2005-01-05,,6926200.0,455600.0,,305880.0,71996200.0,7948000,2943321,882400,1627000,1772000,2863800,448300,260600,
2005-01-06,,2101200.0,752400.0,,452430.0,58229400.0,10057600,3211925,252600,963400,594900,1544400,1247500,258400,
2005-01-07,,1437800.0,104400.0,,699375.0,86079000.0,9445800,1519670,245400,791200,325800,735600,173600,430000,
2005-01-10,,785400.0,233200.0,,299400.0,56861800.0,9003600,3742117,222400,987600,357500,4130400,456100,244400,
2005-01-11,,1196800.0,1192800.0,,299280.0,64608800.0,3295800,7431178,371300,1467800,639100,724600,570800,368000,
2005-01-12,,1535600.0,718400.0,,615495.0,76603200.0,7048000,4748336,826400,5578800,586700,394400,318000,498600,
2005-01-13,,1979800.0,120800.0,,568365.0,58375600.0,7199600,8480851,333600,2369200,358800,1750400,247500,775200,
2005-01-14,,755800.0,468000.0,,388995.0,37254600.0,3292000,6409202,427400,8207000,253000,1598200,275800,228200,
2005-01-18,,1339000.0,146400.0,,544035.0,40783400.0,8216000,7196426,1082900,1050600,759600,1188400,255500,386800,
2005-01-19,,2107800.0,395200.0,,392580.0,46660000.0,5354000,4413504,205900,2025000,567200,2247200,549300,350800,
2005-01-20,,1480600.0,91200.0,,628050.0,51685600.0,7888400,4996998,727400,2012600,1052900,1616000,509700,771400,
2005-01-21,,1231400.0,762800.0,,498675.0,54640400.0,8703600,5053132,504700,3038400,909900,6548800,350300,669000,
2005-01-24,,2471000.0,791200.0,,511725.0,64025200.0,7715000,6601238,436900,1966200,415700,1772800,341200,681800,
2005-01-25,,2132400.0,1104000.0,,670140.0,64726600.0,4257000,3229529,380300,2121400,1014000,2205400,174900,539800,
2005-01-26,,1681600.0,608000.0,,830880.0,51731600.0,7096400,2403035,825500,727200,621300,2795200,498200,539800,
2005-01-27,,1985600.0,337200.0,,636270.0,67564200.0,5924600,1782365,430700,1442000,212600,2358000,741800,95800,
2005-01-28,,1776400.0,674000.0,,720285.0,58163000.0,9997800,3086609,452700,686400,1183000,740000,506200,512600,
2005-01-31,,1791000.0,215600.0,,582135.0,35747200.0,11261400,4741320,729500,2628400,867100,1918400,690500,769400,
2005-02-01,,3409600.0,216400.0,,234915.0,41978400.0,8331000,4151671,517700,1404400,1059900,3780000,806900,729200,
2005-02-02,,1453600.0,127200.0,,443880.0,37896600.0,6205200,10027111,466400,928800,423600,3402800,327600,599600,
2005-02-03,,739000.0,166800.0,,476985.0,44371200.0,5870200,6478630,613600,1973400,599100,3504400,407700,955000,
2005-02-04,,3437400.0,581200.0,,503340.0,60231000.0,8835600,5067412,523500,1695000,951200,1476000,369100,313000,
2005-02-07,,1273200.0,520800.0,,443460.0,45027400.0,7347600,3950525,276500,1863400,1953800,1742800,671100,405600,
2005-02-08,,644000.0,1270800.0,,407460.0,63758800.0,4345200,4563933,410300,971600,1028200,2912600,434800,111400,
2005-02-09,,536600.0,110800.0,,594960.0,55522400.0,11826400,2699214,466400,2332400,473500,3361400,485000,276600,
2005-02-10,,2354400.0,603200.0,,515010.0,77300000.0,11408400,8895206,197600,824800,591400,7394800,314000,1518400,
2005-02-11,,2326400.0,862800.0,,428580.0,89435400.0,8490400,2650959,228000,1134600,411500,5149200,281600,926200,
2005-02-14,,1390600.0,1150400.0,,451140.0,45037200.0,5754200,6321185,178900,1926800,348500,2036400,415000,324600,
2005-02-15,,1111200.0,98800.0,,373620.0,76605200.0,5439200,6984202,252800,2085200,1124800,1690200,214100,204200,
2005-02-16,,995800.0,76000.0,,569220.0,55852400.0,10859600,3653854,219400,1080200,567600,2099200,211300,312800,
2005-02-17,,1422400.0,48800.0,,627840.0,58998800.0,10380200,2258023,230400,919000,216300,2468200,198500,621200,
2005-02-18,,1525400.0,494000.0,,436620.0,38963000.0,13099400,10973257,844300,695600,465000,2133800,947900,389400,
2005-02-22,,3470400.0,732800.0,,421740.0,79927400.0,13194600,8719296,645700,1974800,449400,8505200,3282500,1011600,
2005-02-23,,1253600.0,893600.0,,366030.0,73487600.0,6509400,10591524,408900,2073200,1091800,3474400,482400,723200,
2005-02-24,,1700800.0,394800.0,,590580.0,71478600.0,10095200,19070406,417900,1755200,839200,3999200,410100,739000,
2005-02-25,,1358000.0,384400.0,,702660.0,56530400.0,13596200,13521920,1288700,1155000,432500,7096200,448200,543800,
2005-02-28,,1851400.0,307600.0,,806610.0,70426800.0,18948400,9929738,202400,1688600,985000,3939400,779800,922200,
2005-03-01,,1436200.0,100000.0,,817935.0,63819200.0,14922400,6158693,192800,1192800,438100,2960200,390800,719600,
2005-03-02,,816600.0,400000.0,,785925.0,83406400.0,12231400,7729449,222800,902800,409200,5140800,758500,662200,
2005-03-03,,681000.0,667600.0,,639615.0,70188000.0,19723400,6592990,400600,804600,283600,4624600,312900,207600,
2005-03-04,,2091800.0,528000.0,,567375.0,76921600.0,11982000,9135497,1337000,1489600,2885400,3420400,333800,372600,
2005-03-07,,1830600.0,494800.0,,548310.0,50965000.0,14403600,3544418,414900,1081600,289100,2259000,438600,304800,
2005-03-08,,1202000.0,460000.0,,568020.0,51603600.0,11586800,14748857,545200,1477200,253200,3523800,731200,1412400,
2005-03-09,,3454000.0,698000.0,,964260.0,50904200.0,30848600,8946046,374700,1192800,244100,7904600,386000,1033000,
2005-03-10,,2246600.0,468400.0,,1276770.0,74234200.0,39681400,11290117,680800,1145000,596200,4798600,577600,957800,
2005-03-11,,1622400.0,600800.0,,844005.0,96152600.0,21890600,15419629,474200,1131400,2529400,3512800,428700,346000,
2005-03-14,,1697000.0,277600.0,,621570.0,35310200.0,20316400,10302855,1422200,1297400,386500,1106600,1195700,757400,
2005-03-15,,3077000.0,242000.0,,709020.0,53277800.0,22709200,11003540,843300,657600,250500,5102200,688100,2135600,
2005-03-16,,2140600.0,702400.0,,820860.0,61153000.0,23806400,10547824,1068200,1133600,482800,7517600,1745900,539600,
2005-03-17,,1392800.0,468400.0,,759720.0,48773400.0,23589200,9455680,401600,673600,185500,1667200,196200,1960600,
2005-03-18,,1715000.0,640400.0,,652800.0,57227400.0,16131400,14370694,657300,2694600,402100,2703800,1285200,1790800,
2005-03-21,,2452400.0,677200.0,,523455.0,64334200.0,17719400,11070629,407600,1698200,353200,1853800,667400,1261600,
2005-03-22,,4488800.0,842000.0,,1051935.0,54908400.0,19579800,24746424,444100,3089200,727400,7424200,233000,535000,
2005-03-23,,4588200.0,742400.0,,1236780.0,71579200.0,48613000,15802470,1197000,1324600,465800,13146000,274800,653000,
2005-03-24,,2596000.0,324400.0,,673500.0,45829000.0,21760800,5773267,430300,901000,396700,4757400,612300,642600,
2005-03-28,,2104800.0,270000.0,,542040.0,37012800.0,21631200,3886390,588100,1290000,325000,1636000,243500,1010600,
2005-03-29,,1795000.0,821600.0,,687210.0,57694200.0,18394800,6737263,1400000,1471600,673400,2611400,525700,539200,
2005-03-30,,2178600.0,368000.0,,1360110.0,51779600.0,48348400,6679406,845400,1858800,2248800,2348600,304700,1405600,
2005-03-31,,3368800.0,83600.0,,860610.0,54897000.0,24952200,9881483,398600,1091200,264300,1538600,898600,2103600,
2005-04-01,,4385600.0,457600.0,,815595.0,61409600.0,17830400,14815085,304400,847800,2099100,3409600,344700,858800,
2005-04-04,,3131200.0,134800.0,,1011690.0,48371000.0,28208400,14883898,501700,1927200,511900,3349000,215800,700600,
2005-04-05,,498800.0,88000.0,,1000305.0,60899000.0,17903600,10589554,206900,1091000,240400,2446000,456500,536600,
2005-04-06,,3000800.0,149600.0,,1046685.0,49071000.0,20893000,8935460,327100,906400,265200,1521200,1220800,1143000,
2005-04-07,,1207000.0,505600.0,,1069335.0,44553200.0,38581400,13217616,474400,1317200,1957700,2021000,1007500,413800,
2005-04-08,,845600.0,1957600.0,,975135.0,40046800.0,23421400,6165340,672400,852600,210000,2119600,552900,929400,
2005-04-11,,1183400.0,200000.0,,815190.0,29716400.0,23246400,7842209,298000,1434000,166600,2937000,417200,431800,
2005-04-12,,2986200.0,217600.0,,1008810.0,76172000.0,29360800,14569254,469900,1070200,452100,1536200,373100,2762800,
2005-04-13,,2363000.0,1150800.0,,1095855.0,54980000.0,36177400,3904486,1041300,1576000,672600,1356400,420600,589600,
2005-04-14,,997000.0,1120000.0,,1044660.0,55621800.0,39069800,5226087,1370300,1327200,642100,1567800,1148000,589400,
2005-04-15,,1901600.0,696000.0,,1292340.0,66713200.0,80558200,13627662,840900,2733000,518800,2339800,4044300,3507800,
2005-04-18,,1146200.0,442800.0,,728265.0,78276800.0,58074600,10240566,826900,4085000,1227800,1978800,1153800,3322400,
2005-04-19,,930200.0,132400.0,,639315.0,55329200.0,40263000,8712403,547700,1412600,802900,1609600,926900,1231800,
2005-04-20,,1362200.0,976400.0,,1213020.0,78222600.0,40722000,13415930,1293900,1590400,1104100,1558800,433100,365200,
2005-04-21,,1321200.0,395200.0,,565650.0,53631600.0,29369000,14294003,1572200,2932600,939800,7696400,429400,567600,
2005-04-22,,1757800.0,699200.0,,817185.0,47233600.0,22903800,15870175,494200,1300800,438200,3618000,795200,697200,
2005-04-25,,3072000.0,129600.0,,511980.0,33460800.0,25917000,3569038,654400,1544200,568000,1294600,344500,1005800,
2005-04-26,,1812400.0,190000.0,,1001640.0,59960400.0,28130000,12282179,554200,1077000,370100,2495800,345200,933000,
2005-04-27,,1845000.0,543600.0,,1122150.0,54239200.0,57888600,7104717,1380300,853400,840700,1151400,339100,2197000,
2005-04-28,,762600.0,169200.0,,1260390.0,70954800.0,43846200,9885792,1274900,721000,3187700,4466000,347100,639000,
2005-04-29,,1396800.0,319600.0,,994335.0,60446800.0,29798800,13999424,2476900,847400,2003700,1881000,429800,1585400,
2005-05-02,,1379200.0,303600.0,,656370.0,28843800.0,45705600,9578534,971900,512400,212400,2191400,502700,521200,
2005-05-03,,1272000.0,310000.0,,912360.0,40153800.0,23528800,17944656,1644100,570000,520100,4590600,2936300,1134200,
2005-05-04,,1628400.0,1730400.0,,1044090.0,46965600.0,35418000,15000843,334900,831000,662200,2991400,532500,2406000,
2005-05-05,,2797800.0,570800.0,,930420.0,54973600.0,26727600,13850473,641000,1447200,1124000,2096200,637000,778400,
2005-05-06,,2496800.0,242800.0,,547680.0,35180600.0,17781600,13104241,194800,701600,1518900,2999200,1699700,555200,
2005-05-09,,1352400.0,359600.0,,457590.0,33452200.0,18524800,4848170,514100,543200,435900,6276200,1036100,394800,
2005-05-10,,2243400.0,2033600.0,,637740.0,37481600.0,30573800,14970191,3093200,691400,895500,1676200,550000,425600,
2005-05-11,,2463800.0,1104000.0,,712470.0,47570400.0,21360400,11012034,675000,3711000,1590500,1370600,573500,1267200,
2005-05-12,,1030800.0,2013200.0,,1382925.0,58343000.0,46778600,16620716,959100,602400,497300,1563000,716500,819400,
2005-05-13,,2319800.0,954800.0,,1024560.0,73257000.0,44202800,12172005,3046100,3716000,343100,4103000,1828500,1206200,
2005-05-16,,1338000.0,210400.0,,1359810.0,39651000.0,48238600,10449713,388100,1432400,781500,5991000,653500,510800,
2005-05-17,,993200.0,548800.0,,808710.0,50683800.0,37085800,10526650,1150100,841400,270500,1534400,1428900,843800,
2005-05-18,,3209600.0,262800.0,,1108845.0,47226000.0,55853800,23050967,2704400,2766600,726400,2534800,628700,367200,
2005-05-19,,2440800.0,350400.0,,842985.0,57899200.0,31536400,4378421,2282200,1719800,308800,978400,490300,431800,
2005-05-20,,1903000.0,426000.0,,508500.0,38995800.0,23633000,5941914,3394700,940800,384100,1737000,311400,357600,
2005-05-23,,1935000.0,210400.0,,583440.0,49301400.0,19972200,5491368,3516900,2038200,507500,1258400,508600,612200,
2005-05-24,,1964000.0,318000.0,,548220.0,57639000.0,24069000,11176865,229800,1684600,2247200,904400,540200,1025400,
2005-05-25,,1929600.0,161200.0,,900570.0,49193400.0,31210800,4678416,1765400,1371200,388700,797600,748700,575000,
2005-05-26,,1171800.0,60800.0,,447030.0,44039800.0,17919800,7317803,867600,1561400,290300,1760600,821000,674800,
2005-05-27,,684600.0,117600.0,,438180.0,42283400.0,20082400,4881777,132500,895000,319900,2850200,791100,987800,
2005-05-31,,1596000.0,711200.0,,690270.0,47677800.0,16916800,4031279,188100,943000,424400,3087000,1182500,2169600,
2005-06-01,,1925600.0,186000.0,,681795.0,71504000.0,27831800,18682764,769400,1676800,455500,4260200,591900,1338600,
2005-06-02,,941800.0,441600.0,,712440.0,52112200.0,31970200,4226639,103400,918800,328800,2777000,408900,356200,
2005-06-03,,2314600.0,651600.0,,494265.0,49386200.0,18222200,4204604,148300,1169800,503800,2327800,1874900,473200,
2005-06-06,,734400.0,227200.0,,491550.0,32492400.0,12931600,3995580,587800,3478000,739500,1858400,537100,742800,
2005-06-07,,2892600.0,492000.0,,771720.0,55253800.0,18602200,5202452,305000,2060400,511400,6210600,453800,403000,
2005-06-08,,2501200.0,1300800.0,,1195950.0,54727000.0,33232400,6171249,158700,1197400,181000,2055400,494900,798800,
2005-06-09,,984400.0,438400.0,,1020990.0,68773200.0,32937200,4126435,496800,3505400,659500,1989000,373200,852000,
2005-06-10,,696900.0,1232000.0,,870525.0,49350200.0,23413200,8842765,1494700,905000,599600,2473200,966000,902200,
2005-06-13,,809200.0,214000.0,,701085.0,37391000.0,21866600,6442931,433100,1469400,636100,956400,363300,710600,
2005-06-14,,887600.0,97200.0,,566880.0,44885400.0,21126200,3297972,280000,1080400,220700,2369600,1039800,628200,
2005-06-15,,1054600.0,330000.0,,881850.0,71048600.0,22493600,7133276,599100,998000,283000,1037800,685800,528400,
2005-06-16,,2226000.0,151600.0,,733185.0,51763600.0,19638600,5908677,556900,1186200,371200,2318200,979500,237000,
2005-06-17,,2433300.0,182400.0,,1017795.0,30409800.0,38455400,7549108,1386000,1151200,820900,1842400,536300,307600,
2005-06-20,,979600.0,154000.0,,751230.0,37645000.0,19233600,2831177,553900,1397200,644800,2707800,484500,406800,
2005-06-21,,2148700.0,130800.0,,959775.0,33709800.0,33293000,3163178,2044500,1425800,750500,1493200,400800,772000,
2005-06-22,,1685800.0,358400.0,,918195.0,37761400.0,47478400,3711465,534400,1486600,859200,3799000,507300,955200,
2005-06-23,,987000.0,1709600.0,,1063245.0,99079600.0,29875000,4814195,1745800,1734600,2179300,2717600,561800,428800,
2005-06-24,,1314700.0,1246400.0,,642885.0,46093000.0,17967400,4695034,810300,1546400,328900,1816600,358200,1249200,
2005-06-27,,854900.0,1183600.0,,678795.0,48713400.0,22184200,2754978,536400,2275400,629400,1812800,869400,533000,
2005-06-28,,617800.0,1322400.0,,793335.0,41782200.0,23333000,5373931,720300,1116400,1095000,2219600,529200,344400,
2005-06-29,,412900.0,868800.0,,671925.0,32177400.0,25027000,3537032,812800,1177400,551900,4702600,403100,913000,
2005-06-30,,1957800.0,1377200.0,,789045.0,31051800.0,29436600,4857526,1053700,1650800,503100,4616400,625900,616400,
2005-07-01,,1497300.0,880400.0,,491775.0,20931200.0,16233000,4179122,508900,1481800,428700,1279200,483900,1095800,
2005-07-05,,1238100.0,812400.0,,664800.0,42808400.0,33487000,3199123,877100,1272600,864100,2177800,443900,515400,
2005-07-06,,769800.0,676800.0,,679785.0,42403800.0,29358200,5527929,868200,1080600,1169000,2426600,1084000,434200,
2005-07-07,,888000.0,334400.0,,1129815.0,50448000.0,31388400,7762071,808800,2298600,510500,4351600,387400,821600,
2005-07-08,,2174000.0,479200.0,,761355.0,47264800.0,29977400,2798679,1711200,2544400,380300,2970600,667900,2035800,
2005-07-11,,2528800.0,1616000.0,,671115.0,50795400.0,19920600,3586765,727600,1587200,888100,2863400,545800,638400,
2005-07-12,,1915500.0,248000.0,,696075.0,34481800.0,27570400,6681376,496600,1242200,287200,3862200,583600,1113800,
2005-07-13,,1501300.0,462800.0,,681855.0,35082400.0,23530200,2753008,822300,1377200,310700,3888000,728300,350400,
2005-07-14,,3594700.0,1563600.0,,1162605.0,56267800.0,60506800,3672319,853400,2943800,564300,3005400,1118500,488000,
2005-07-15,,968800.0,510800.0,,637170.0,28421400.0,42729200,11394136,657800,2910600,259200,2163600,454500,391200,
2005-07-18,,556800.0,232800.0,,675705.0,23908600.0,25366600,6636937,821100,2811800,1033500,2093200,626500,653600,
2005-07-19,,894000.0,184800.0,,830595.0,41053000.0,24609200,4621174,1048900,3799800,1161500,2161200,322600,2206400,
2005-07-20,,1117300.0,747600.0,,849315.0,62996600.0,22040600,10014308,448100,2700400,632300,1889200,1247900,1537600,
2005-07-21,,3951200.0,662000.0,,921105.0,45406600.0,23705200,7327404,975500,3232000,1640100,7560600,709000,471800,
2005-07-22,,1477500.0,150400.0,,1068945.0,35495800.0,48244400,5558581,694400,2046600,2361400,2408200,838100,297200,
2005-07-25,,962300.0,239200.0,,839595.0,26635600.0,34083400,2830438,721100,1493800,552400,2857200,506400,595800,
2005-07-26,,1612500.0,75600.0,,744090.0,35231200.0,15805200,5911754,438900,1601400,507400,6289600,431400,463200,
2005-07-27,,2317300.0,228000.0,,810495.0,56265000.0,24545000,5182141,1142900,1823600,678100,7921200,424100,504200,
2005-07-28,,2161200.0,127200.0,,849750.0,34971800.0,16556400,8298540,1007400,3899200,1786200,5216200,1833600,875000,
2005-07-29,,2476600.0,189200.0,,460470.0,43803400.0,17639000,5599327,666900,3616400,1326100,6117800,958000,932200,
2005-08-01,,2551500.0,137600.0,,467985.0,23169200.0,14161200,5210946,505800,1932800,916400,3935800,1020700,529600,
2005-08-02,,1966200.0,409200.0,,875265.0,40794200.0,15673600,2315019,977900,2161600,404600,6515000,725300,422800,
2005-08-03,,1856500.0,109200.0,,1006680.0,30753000.0,21247200,4249043,1268000,2441400,3065000,10550600,723600,1343200,
2005-08-04,,3108800.0,702800.0,,623730.0,36713400.0,21083200,6744526,417500,2102400,479900,3349600,694700,1392600,
2005-08-05,,7452300.0,161200.0,,879300.0,36640000.0,18391600,6716582,631600,2127800,1371300,5554600,597400,3844200,
2005-08-08,,10335200.0,513200.0,,549060.0,36517400.0,22965600,6635582,697200,2301800,807900,13951600,416500,1964000,
2005-08-09,,4722600.0,156800.0,,524070.0,29624000.0,17855200,7031718,464700,1284400,806400,4979800,394400,987800,
2005-08-10,,2521100.0,316800.0,,888870.0,47256800.0,23931400,5165522,401700,2003400,2009700,5640600,1930400,894400,
2005-08-11,,1836100.0,416400.0,,893310.0,49307400.0,25603600,4689864,438400,1652200,1102400,2047800,432600,622800,
2005-08-12,,2041400.0,366400.0,,662370.0,39641200.0,18358200,3932676,866100,3060200,1271600,3078000,204700,3755200,
2005-08-15,,1087600.0,174800.0,,631515.0,31517600.0,20461000,5816721,585000,1876000,1384600,2146000,521500,1009200,
2005-08-16,,2729700.0,366800.0,,1004985.0,32834800.0,33384800,14594121,989300,1094400,2445700,4025400,431800,2064400,
2005-08-17,,4067100.0,672800.0,,1269450.0,31861200.0,56127400,11855392,845000,2953600,1438000,4702400,403500,1123200,
2005-08-18,,1588200.0,48000.0,,788460.0,27252400.0,32587800,13065219,474000,3174600,1489300,3405000,375700,3631800,
2005-08-19,,585100.0,344000.0,,674010.0,21537200.0,24550800,6882644,540100,994000,1737600,1862200,1864600,1311200,
2005-08-22,,642800.0,289600.0,,899325.0,36902800.0,26200400,6522577,545100,1858400,1082600,2365600,1283000,1322200,
2005-08-23,,2573000.0,1604000.0,,1076025.0,34979600.0,33849800,8087916,452900,2616000,1114700,6001600,2321400,867000,
2005-08-24,,2654500.0,2091600.0,,1327740.0,55701800.0,29120800,13036906,457400,2100000,1031200,3380800,1617800,735400,
2005-08-25,,1037700.0,92000.0,,586185.0,28753800.0,25794600,8257302,347300,1545600,434500,2616000,966900,1162400,
2005-08-26,,2234600.0,551200.0,,520830.0,33775800.0,20387800,16319983,1614100,3208000,229400,1742800,718300,369000,
2005-08-29,,900400.0,261200.0,,1142310.0,31592000.0,30181600,11118884,259200,922800,271600,3239200,1147400,1277200,
2005-08-30,,1648200.0,551600.0,,931545.0,38724800.0,30198200,20823227,1653900,1775600,729800,1763800,394700,3321600,
2005-08-31,,3230900.0,1183200.0,,1417695.0,41803400.0,42814800,14215465,1055800,1711400,391200,4233200,691500,2887400,
2005-09-01,,3146800.0,492800.0,,1304625.0,36390600.0,39612800,19850860,1001200,933000,421500,5161400,485300,4040800,
2005-09-02,,699300.0,286800.0,,747030.0,17316800.0,28966000,7385877,659400,988000,873300,3962600,817000,3259200,
2005-09-06,,1107000.0,283600.0,,787440.0,30109000.0,24194600,10429032,818400,1359400,636300,4060600,641900,2708200,
2005-09-07,,971700.0,701600.0,,779340.0,26060400.0,26198200,10585738,1976700,4556000,3038100,3086800,1813800,4411000,
2005-09-08,,972400.0,901600.0,,585045.0,47748200.0,31804200,7680578,200000,980200,1408900,3081600,1928900,7672800,
2005-09-09,,587200.0,545200.0,,650220.0,42435000.0,26980000,8127062,270200,2782000,2431600,6849800,665000,3657400,
2005-09-12,,1164900.0,553600.0,,761010.0,20733400.0,27957000,8269119,713800,1168400,827100,2375400,566500,2633600,
2005-09-13,,1468800.0,354000.0,,600075.0,30984800.0,21725800,5414307,620600,2110400,1381000,3511800,776400,1865400,
2005-09-14,,1466200.0,733200.0,,718245.0,38184000.0,23563600,8381264,1806300,3189400,1794500,1405800,1536900,3661000,
2005-09-15,,1597000.0,1164000.0,,1035735.0,34650600.0,29921000,5711101,525200,2218800,990300,3383400,650600,1929000,
2005-09-16,,2925000.0,548400.0,,1006410.0,37074200.0,27790400,12791813,1144900,2218000,1479300,3313600,509400,1943200,
2005-09-19,,875300.0,692800.0,,806745.0,30709000.0,32382600,6953919,1704500,2378400,2017400,2119800,688400,2626200,
2005-09-20,,2265200.0,1089200.0,,708555.0,38331800.0,30426600,23278456,631400,1874000,987100,2863800,613200,7039000,
2005-09-21,,3974300.0,1223600.0,,881295.0,34533200.0,39852000,17675437,601200,1541400,1848300,5385800,1017400,8556800,
2005-09-22,,4896700.0,802800.0,,1270335.0,46656800.0,51834200,15650934,3667500,2168600,912500,4635400,1725700,7693800,
2005-09-23,,1972500.0,497600.0,,898710.0,25472800.0,32064000,4365865,1895400,1335600,971500,3701400,1253300,888000,
2005-09-26,,816600.0,403200.0,,1069905.0,31498400.0,23424000,7957430,1362300,1636400,1083100,1440400,463300,1394600,
2005-09-27,,2955400.0,165600.0,,502380.0,41896200.0,14196000,7322973,1542800,1860200,847300,2001600,472200,1507400,
2005-09-28,,2422600.0,282400.0,,785550.0,32517200.0,34448200,7652019,151800,1955800,1363600,3179800,470500,4200400,
2005-09-29,,2386300.0,965200.0,,1047495.0,31338600.0,26904600,8617862,1069300,1854600,2294300,3830600,700100,3989800,
2005-09-30,,2516800.0,152400.0,,623715.0,40908400.0,20336600,6617856,261400,1342000,830200,2996600,957000,3487800,
2005-10-03,,2668200.0,98000.0,,475470.0,33096200.0,13257400,4219006,906400,2112600,977200,5137600,1464100,937800,
2005-10-04,,1155100.0,282000.0,,864990.0,36712800.0,35211400,11310428,1626400,1570200,702400,5837200,618700,1184800,
2005-10-05,,2995700.0,285600.0,,2161305.0,44578800.0,63111800,12952828,2624400,3649200,1138700,8687400,1116100,2793400,
2005-10-06,,4826300.0,761600.0,,2502645.0,48615200.0,101702200,12219645,6168400,2504400,1163100,15069600,2054400,2597800,
2005-10-07,,3241600.0,1042800.0,,1082775.0,23812800.0,43041600,6118439,2373700,1952800,1034200,3483800,450900,3912600,
2005-10-10,,2638800.0,437200.0,,1021275.0,47434400.0,32451000,5314473,390800,1885000,769900,4345400,1276300,2495400,
2005-10-11,,2469100.0,238000.0,,918540.0,52258400.0,34082600,10020586,406000,1714800,755700,4506400,712400,3681400,
2005-10-12,,5269300.0,840800.0,,1137165.0,81817800.0,41327000,12442948,1061300,4102000,1411400,8781200,1276500,4074600,
2005-10-13,,3221100.0,615200.0,,2060940.0,60904400.0,78428400,21803841,4903400,5529600,1125500,17077800,1285300,3636000,
2005-10-14,,4508700.0,167200.0,,1580100.0,47324800.0,62164000,11216133,1830300,1950200,818700,8394600,1362300,5346800,
2005-10-17,,1491300.0,129200.0,,1136865.0,30458000.0,29973200,9411611,3865500,2850600,2232100,6898800,895500,3444000,
2005-10-18,,1841000.0,429600.0,,1483680.0,30864800.0,62569400,6495987,1170200,2856600,1156000,4659800,1029900,3990400,
2005-10-19,,3737600.0,750800.0,,2091570.0,76170200.0,92579600,19473189,1481000,4312400,1571900,13618800,1051800,4007600,
2005-10-20,,1822900.0,361600.0,,2103390.0,49886000.0,95887800,16381902,450500,3020000,913300,6448800,1750100,3083800,
2005-10-21,,1538200.0,186800.0,,1430685.0,43888600.0,62963400,8709325,1035300,903600,643600,5301800,1361700,3304600,
2005-10-24,,3506600.0,606800.0,,1547520.0,43270800.0,60696800,9280263,2441700,1982800,856900,4865800,937700,2881000,
2005-10-25,,4917500.0,638400.0,,1583295.0,26576000.0,67175400,12154279,526800,1999400,225400,8672800,1216500,2121400,
2005-10-26,,4456100.0,379200.0,,2056140.0,31369200.0,61851800,15936157,1256200,1975800,1013300,8892200,1346900,2617800,
2005-10-27,,1986000.0,752000.0,,1745700.0,38158200.0,54528600,17731940,810300,1965000,1063600,4434600,2871100,4210000,
2005-10-28,,2180200.0,462000.0,,1508895.0,53044200.0,56558800,20482363,844200,2169000,635600,6898400,1076600,1877200,
2005-10-31,,2885100.0,777600.0,,1180725.0,33345000.0,45360800,11654000,1339700,1963000,1661000,5210200,1238900,3836400,
2005-11-01,,4538200.0,271600.0,,946935.0,31386600.0,41405000,10145533,694100,3015400,603800,6676200,1293600,2513000,
2005-11-02,,2152500.0,879600.0,,1419645.0,42339400.0,41859400,12949258,880200,1356400,1015300,9907400,1188900,2417400,
2005-11-03,,2719500.0,1984400.0,,1440255.0,47851200.0,37997400,10983844,726200,2678400,680100,7871200,1788800,6520800,
2005-11-04,,3364100.0,1488800.0,,1266630.0,24318000.0,58942200,8035845,662900,1935000,374100,5804600,507900,1793600,
2005-11-07,,1643400.0,920800.0,,1185360.0,28131000.0,43073400,9374188,297900,2171400,1065100,8340400,508900,6092200,
2005-11-08,,3771400.0,291600.0,,1045275.0,32170200.0,26947800,7569419,269500,1776600,660900,3496200,576000,2753400,
2005-11-09,,5259300.0,771600.0,,1808775.0,40355000.0,64432000,10027726,562000,1887600,695500,6465400,328100,2485000,
2005-11-10,,2730500.0,595600.0,,1731180.0,41163800.0,80092400,18624907,282500,2278600,1720200,5773000,1473800,1672000,
2005-11-11,,1884900.0,1226800.0,,1050180.0,32270600.0,31180400,10650120,502200,1777600,355200,3694600,1651500,1682400,
2005-11-14,,2119400.0,591200.0,,896310.0,23664600.0,30897200,6888922,198900,7584200,988100,5521400,296900,2326800,
2005-11-15,,1998600.0,524800.0,,1167450.0,26676400.0,50381200,16973767,840000,5602400,690800,4649000,451600,2862400,
2005-11-16,,1652000.0,547200.0,,1137990.0,25993600.0,45751000,21732197,885400,2356600,1767000,6909800,328200,2085000,
2005-11-17,,2287900.0,2459200.0,,1428285.0,30224400.0,36924000,11009325,426600,9564000,536400,6213600,397200,1882000,
2005-11-18,,1870000.0,1022400.0,,1144080.0,41478400.0,48028800,9416658,786600,2480000,602600,6402800,1958400,1674000,
2005-11-21,,1701700.0,1028800.0,,1066320.0,28961200.0,35605400,7275456,1097900,2490600,780200,3569400,514500,1563800,
2005-11-22,,2837100.0,739600.0,,1067325.0,45127000.0,28823000,15687372,1308700,2615600,1184800,5947200,684600,1177000,
2005-11-23,,1816700.0,967600.0,,1313310.0,28110400.0,24430200,11811322,559600,4545400,1633000,5802800,718500,1616000,
2005-11-25,,359200.0,687200.0,,330825.0,10952600.0,7350000,2176654,394300,1202000,92000,596800,115200,163600,
2005-11-28,,2294800.0,1632000.0,,1344630.0,22045600.0,44192200,19170609,1541200,2189800,504900,3520000,861200,982600,
2005-11-29,,1661800.0,676400.0,,1164975.0,29834800.0,29985000,18621953,564000,3807800,887100,3621000,490500,1621200,
2005-11-30,,2045100.0,2449200.0,,1040895.0,30163800.0,35525800,25968807,300700,2791400,1106800,4444400,542000,3407600,
2005-12-01,,3474000.0,1559200.0,,1207860.0,46535600.0,37357000,12589068,530100,4256600,805000,3621600,488200,2295400,
2005-12-02,,856900.0,655600.0,,1144065.0,32200400.0,30877800,7858335,248500,5787600,495900,3127600,585700,2030400,
2005-12-05,,2488600.0,2421200.0,,966885.0,25275400.0,40542800,15691188,2599100,4013200,1266300,8597400,2846000,8981200,
2005-12-06,,1828500.0,2072400.0,,765075.0,33236800.0,28030000,8581793,829000,2684200,1036600,1697600,719200,1379400,
2005-12-07,,1123800.0,2222000.0,,1660440.0,30139800.0,66806000,9688955,749800,3021400,1170900,3133600,887300,2025200,
2005-12-08,,1298400.0,1190400.0,,1377300.0,63654400.0,32613200,9374557,477000,2264400,660800,2392800,338800,1047600,
2005-12-09,,533800.0,914800.0,,956970.0,41907200.0,28286800,9121833,2306800,2272200,1264400,2687600,492600,1424800,
2005-12-12,,945700.0,822800.0,,864825.0,23033600.0,27012400,6234400,1050700,1893600,924800,4763000,753200,1043400,
2005-12-13,,1095400.0,1351600.0,,1113105.0,30970200.0,37813200,19211602,2426700,2075800,1959500,2338600,1674000,1619800,
2005-12-14,,1308600.0,473600.0,,1522080.0,22335200.0,31727200,11667664,711000,2581200,1652000,3858800,3037800,2103200,
2005-12-15,,1917600.0,1911600.0,,1183155.0,20894200.0,30722400,11066936,793100,1973400,1622300,6277600,569300,938600,
2005-12-16,,1388700.0,674400.0,,918480.0,16636400.0,45466600,7611765,380300,2159000,1228600,1548000,501300,1284600,
2005-12-19,,2229900.0,1004400.0,,1580190.0,28510200.0,38872400,7940196,521600,3899000,749700,4548800,985000,791000,
2005-12-20,,1479400.0,1222400.0,,855300.0,33392400.0,29189000,5430680,476300,2371400,873200,2798400,408200,1893800,
2005-12-21,,1021100.0,2044400.0,,1278795.0,18636600.0,35378400,7313863,447200,1966200,1353700,6245200,469200,4973400,
2005-12-22,,2346300.0,1662800.0,,645600.0,18653400.0,16832200,6719783,794700,2098000,1340600,2015400,625600,1469400,
2005-12-23,,1745500.0,778000.0,,807450.0,13849600.0,27793000,3939692,318600,1482200,318000,1799600,741800,2263400,
2005-12-27,,648700.0,611200.0,,1176945.0,17508000.0,51304200,8312820,304500,2966400,852900,4150000,432600,1263800,
2005-12-28,,1932500.0,234400.0,,1172085.0,17776600.0,38797800,5012386,534000,1814400,754400,12630000,323300,1280600,
2005-12-29,,1931700.0,748800.0,,875205.0,15162200.0,25124200,4117326,392500,3287400,735100,2721000,462300,1050400,
2005-12-30,,2427800.0,1915200.0,,736290.0,16847800.0,24225600,6315399,806400,2059800,277900,4595200,417500,1643800,
2006-01-03,,2090100.0,1373200.0,,1382925.0,44154200.0,48380400,17719999,1256500,5416600,1372800,7824400,1230000,3390600,
2006-01-04,,1084400.0,1930800.0,,1475205.0,25861400.0,39995800,19258380,3369000,5459200,1124300,9364800,2160600,6706800,
2006-01-05,,2658500.0,2059600.0,,1746135.0,37796800.0,47122000,6362054,386200,2564400,1806300,3114000,1261100,1272600,
2006-01-06,,2354800.0,3189600.0,,1133790.0,39329800.0,36291800,9402870,458700,9017400,1131600,1878200,774900,644200,
2006-01-09,,2248000.0,474000.0,,1104495.0,25613000.0,30470400,8239329,960100,4916600,1714100,4000400,622700,1304400,
2006-01-10,,2563500.0,226400.0,,909195.0,23982400.0,34982600,8345072,760900,4844800,1144600,4960600,823300,1055000,
2006-01-11,,1472000.0,1102400.0,,1359255.0,44112200.0,39429000,9195078,592100,4685000,722700,4717800,1015600,1810800,
2006-01-12,,1454300.0,2329200.0,,1538925.0,51951000.0,44637600,7183747,1296900,3250800,1491000,4048000,547900,637400,
2006-01-13,,2546800.0,3169200.0,,1167990.0,42613000.0,35416000,7528550,903100,2902200,1385600,3303000,878500,841600,
2006-01-17,,740400.0,2706400.0,,813810.0,43907600.0,30796000,7335529,886200,4761200,788800,14462800,1063700,487800,
2006-01-18,,1366100.0,3790000.0,,1494990.0,76083600.0,43220200,10850896,928400,8722200,1169200,17299000,1213900,2426200,
2006-01-19,,1605900.0,2269600.0,,1691025.0,39940600.0,52820200,7725879,1295100,7723400,1162400,15591000,2798500,1305400,
2006-01-20,,1286900.0,2022800.0,,2183040.0,65155600.0,57437800,26976750,2775400,6537200,8322800,8118200,3070600,1931600,
2006-01-23,,457400.0,1362000.0,,1850325.0,47815600.0,43304200,13649574,1260300,3652400,1426300,12328800,1085000,1580800,
2006-01-24,,1810900.0,3617600.0,,1388940.0,48484600.0,39394200,16959733,1639900,4566800,1194900,4413600,1173700,1427000,
2006-01-25,,2116200.0,2942400.0,,2564985.0,52651200.0,74196800,8817284,883900,3708800,1130900,8334200,1425200,2520200,
2006-01-26,,1484000.0,1402400.0,,1994280.0,47252400.0,54059400,14626496,822500,4260400,1229300,6276600,1221300,684000,
2006-01-27,,1995600.0,995600.0,,1808790.0,41603400.0,45753000,12404418,578500,4760200,1052000,4570200,1228700,582600,
2006-01-30,,947600.0,680800.0,,1390170.0,19334600.0,57694400,7284073,1174500,7540800,766200,2719000,977700,1155000,
2006-01-31,,2250000.0,1360800.0,,995070.0,35964400.0,35137400,16142719,749200,2206800,945800,5353600,2370400,1842800,
2006-02-01,,1965800.0,1064400.0,,2114415.0,32457400.0,64991200,13474526,1824600,6163800,1696000,5569200,1472700,1677800,
2006-02-02,,2095100.0,1148800.0,,2365815.0,34029400.0,71964400,17747327,979100,4836400,2180800,11062400,900500,1506000,
2006-02-03,,3343900.0,2529600.0,,1580130.0,35198000.0,41721800,15270063,766900,3067800,1563800,5053000,823400,1234200,
2006-02-06,,930400.0,633200.0,,1372080.0,21951000.0,43949800,9126634,543800,2963200,1004800,4918200,924800,1594200,
2006-02-07,,1545100.0,1568800.0,,2263950.0,26943000.0,73028600,9067177,649500,7051000,1043600,3524200,1328600,3758200,
2006-02-08,,1174500.0,2144800.0,,2257365.0,30821600.0,88577400,11276452,968100,3871400,1782700,4107600,1537800,1179600,
2006-02-09,,909100.0,1621600.0,,2215815.0,34723400.0,62496200,7923701,501600,2608400,1260300,6154400,1491900,958000,
2006-02-10,,1071000.0,584400.0,,2083335.0,52256800.0,86765000,6550151,961900,4046000,515700,7536600,812200,907400,
2006-02-13,,607700.0,618400.0,,1820970.0,29417800.0,46839200,18027749,387800,3745600,724300,3225200,644600,598800,
2006-02-14,,1469600.0,4083600.0,,2296920.0,37462000.0,61700000,18669346,664500,3486600,793900,5407800,900300,869800,
2006-02-15,,1896200.0,1297600.0,,2463645.0,30491200.0,104064400,16644351,772700,4090800,1513200,5782600,974500,1203000,
2006-02-16,,1262100.0,899200.0,,2210565.0,27719200.0,54272800,9676768,657800,3170400,826200,2389400,1161200,1427000,
2006-02-17,,2154700.0,1677200.0,,1534125.0,22479600.0,47213200,9473161,923400,2311000,703500,8530600,756200,1476600,
2006-02-21,,1711800.0,1098000.0,,1943730.0,32639000.0,41752400,14553744,1011100,4018200,1126200,6605600,692800,620400,
2006-02-22,,3120400.0,1438000.0,,1433880.0,40459000.0,48568000,22394968,1452400,3358800,1692500,3347600,641800,583600,
2006-02-23,,1121800.0,1974800.0,,2194275.0,27567800.0,57958600,9125895,521800,3354400,1307200,3892400,790800,1051400,
2006-02-24,,1492200.0,2603200.0,,1140840.0,41133400.0,33029400,9338858,581400,2996000,486200,2729000,665900,793800,
2006-02-27,,865800.0,1309600.0,,1088145.0,28188400.0,32065200,11734508,1078600,5171400,736500,11080800,1548200,1466000,
2006-02-28,,1664400.0,927200.0,,1403535.0,34929400.0,47670000,15690203,626700,3014800,1044800,2967000,912700,1397000,
2006-03-01,,1278500.0,1854000.0,,921045.0,42372800.0,26790800,6728277,526200,3393400,454800,3313000,1319700,3806600,
2006-03-02,,1905000.0,1253200.0,,1933695.0,43393800.0,42100600,17965706,676600,2490800,763500,4785600,757400,1945600,
2006-03-03,,3257600.0,3029600.0,,1012305.0,40658000.0,45045200,13546047,860200,3699600,1047000,4645000,795500,1759400,
2006-03-06,,3646600.0,2076000.0,,1348440.0,34458200.0,47172200,17043687,703600,5595600,1464300,7917600,954100,814000,
2006-03-07,,3091400.0,1824400.0,,1673445.0,35890200.0,47732200,26680694,2502700,2635000,2089000,8348400,1244300,5432400,
2006-03-08,,3568400.0,3918800.0,,2269470.0,43455200.0,81573200,10367236,1115200,2818600,2036100,7746000,490900,1037000,
2006-03-09,,2889900.0,916400.0,,1916985.0,41558400.0,45627000,7940196,1567300,2857200,2680800,6089800,381500,1013800,
2006-03-10,,1402800.0,1609200.0,,1676280.0,71899600.0,47799400,9605493,1152600,5768000,2637700,6773000,626700,1587800,
2006-03-13,,1564300.0,2030400.0,,1106145.0,27568600.0,23997000,12916268,582900,3341800,1294300,5657600,761900,881000,
2006-03-14,,1368200.0,788400.0,,1426800.0,33642600.0,33197600,17439577,711900,3509600,1859000,3967000,868500,743600,
2006-03-15,,2513700.0,5700400.0,,1631550.0,44002000.0,43330400,23877830,1200800,1738000,1268000,2580800,729000,3434600,
2006-03-16,,3079600.0,1922000.0,,1557150.0,44255200.0,54604800,14009888,1058400,3904200,1419900,4835400,815000,1574400,
2006-03-17,,2384000.0,298400.0,,1192230.0,39710200.0,46593600,8742685,1050100,1845400,983100,3145600,395200,3307400,
2006-03-20,,2123100.0,664000.0,,1400175.0,28762400.0,45785400,9054374,928800,888600,1038100,3418200,745800,642200,
2006-03-21,,2864400.0,2758400.0,,1526655.0,57577200.0,50832800,10612574,1701800,3823000,1600600,4810400,1330400,1032400,
2006-03-22,,1903300.0,3814800.0,,1587810.0,51907800.0,43925600,8927212,613500,2426400,1350200,5665400,559600,755800,
2006-03-23,,1318100.0,2842400.0,,1190670.0,48923600.0,34714000,10013077,488100,1829800,2017400,4530000,1707700,609000,
2006-03-24,,1738700.0,847200.0,,1455150.0,33064000.0,42517000,12086450,1006000,3206000,1189900,2384000,465500,530200,
2006-03-27,,1659400.0,788000.0,,1208685.0,44594000.0,38741200,8242530,483900,1480400,952800,3688000,778800,1775600,
2006-03-28,,2374100.0,1934000.0,,1409805.0,38155400.0,45004800,13887403,944800,1454000,1222900,11749400,1013700,3976400,
2006-03-29,,3270000.0,1650800.0,,1406025.0,40051600.0,36419200,6550767,1002900,2189800,608200,4986800,503300,1277200,
2006-03-30,,2476800.0,1945600.0,,1266060.0,49822800.0,46860200,10008276,1178300,4259600,1429900,5367600,690200,1177000,
2006-03-31,,3175000.0,608800.0,,1675110.0,32221000.0,51697800,9100291,292500,3247000,535800,8153000,895800,734400,
2006-04-03,,3070200.0,1098400.0,,1391355.0,35692400.0,36763000,17761607,1188900,6607600,1250100,5227800,2382100,1430000,
2006-04-04,,2234100.0,1952400.0,,1317360.0,34783000.0,27552000,5489768,334200,3987200,1517500,10026200,2518900,2144200,
2006-04-05,,2038800.0,1623200.0,,1674405.0,45240200.0,40829600,10001506,801800,5473600,1118600,6336800,1908800,1163400,
2006-04-06,,2294500.0,1432400.0,,1260660.0,35896400.0,42543600,14073654,1090200,3302800,1286900,5143600,2216300,660400,
2006-04-07,,3203000.0,3121200.0,,1129935.0,53567000.0,43387400,15008229,1085700,3346400,2276400,7476800,1833100,948400,
2006-04-10,,2632700.0,1262000.0,,1035930.0,32056200.0,34570400,8589795,401600,2341200,895900,4847000,1887700,756600,
2006-04-11,,1465200.0,2490400.0,,1489365.0,35610800.0,27590200,11979107,1090600,4942400,944300,4737400,2293300,1756000,
2006-04-12,,1293500.0,940800.0,,1078050.0,23339400.0,32700200,8625986,632500,5234000,1419300,5144000,4217500,1208000,
2006-04-13,,2149500.0,1216800.0,,1194345.0,24076400.0,22807200,6869965,648800,1794600,705100,3653000,1763700,644400,
2006-04-17,,2227000.0,1802000.0,,1243875.0,46220800.0,27431400,7458260,841400,5201800,552700,3108000,1521400,1054200,
2006-04-18,,4583700.0,3532800.0,,1285185.0,53318600.0,58448800,16304226,914900,1703000,1128600,11153800,7651600,747400,
2006-04-19,,2575100.0,2574400.0,,1501095.0,43018200.0,48529200,11333325,618300,2348400,1313400,4935600,1405900,2808800,
2006-04-20,,3591600.0,1936800.0,,2069910.0,46905400.0,52530000,5373561,862000,4032000,845000,3912200,3495900,1189600,
2006-04-21,,2164600.0,1688400.0,,1825200.0,46077600.0,39209200,6024760,1363100,2783200,762200,5328800,1167900,2525200,
2006-04-24,,1067100.0,1410800.0,,1207830.0,32718800.0,59635400,6810631,431500,1183400,933800,3796200,1619700,465800,
2006-04-25,,2722300.0,1823600.0,,2164650.0,29217000.0,67672600,8725328,2203900,4229000,986400,5770200,2743900,1138800,
2006-04-26,,3325000.0,1273200.0,,2235945.0,35105000.0,58854200,6675959,859200,4900600,450400,4907200,2192300,1635800,
2006-04-27,,3741400.0,2052400.0,,2537520.0,48275800.0,89759000,21775528,1407300,5294800,601000,10782000,4469800,4334000,
2006-04-28,,1439400.0,1463600.0,,1414185.0,22968200.0,38107800,16492446,2827300,5820000,1265800,3661600,2495700,1483600,
2006-05-01,,2374900.0,419200.0,,1274520.0,22657200.0,39191600,16759696,708000,7702800,738600,4286600,1018600,1233000,
2006-05-02,,1589300.0,792000.0,,1741920.0,25331800.0,38083000,4896426,370000,1752400,1027800,8833200,791300,3660000,
2006-05-03,,2250600.0,806400.0,,1257345.0,29466200.0,51569400,5726120,478700,1630800,542800,6527800,2203100,1262200,
2006-05-04,,1630500.0,1895200.0,,1732320.0,24628400.0,55618400,10429278,731800,3366400,568700,3594400,1475800,2259800,
2006-05-05,,1697300.0,1220800.0,,1166565.0,27113600.0,31436800,14808930,2844500,2252400,685600,8053400,1190000,3301200,
2006-05-08,,1669100.0,1787600.0,,1259340.0,16521200.0,34185400,10281189,1278700,1530400,649600,3015800,3090900,1950400,
2006-05-09,,1431300.0,723200.0,,987435.0,18957800.0,26333400,12726324,1496600,3140400,761200,2469600,3177400,1222400,
2006-05-10,,2099000.0,1012800.0,,1436700.0,31184400.0,41188800,10461900,700300,5227800,373600,4458800,2280700,614600,
2006-05-11,,2559900.0,1894000.0,,1396980.0,36970600.0,43551400,10598048,1764800,5251000,1816400,4840400,1620600,1554000,
2006-05-12,,4308400.0,2438800.0,,1803750.0,31000400.0,70278200,10406628,1244200,9414200,1861500,5898400,1406100,1811600,
2006-05-15,,5342200.0,1384000.0,,1999065.0,35749600.0,58166600,6753635,958000,5769200,926900,4453200,2248900,2416600,
2006-05-16,,1556300.0,958000.0,,1843530.0,43219200.0,41205200,9561546,582200,3114000,2268400,4704800,1808200,1280000,
2006-05-17,,3660400.0,2842800.0,,1926975.0,46306000.0,72929200,13422578,3193600,3303000,2725100,13855800,3359700,1375800,
2006-05-18,,2470700.0,891600.0,,1774125.0,28608000.0,49518600,8360460,2104200,8081800,982000,9508400,1288500,1421800,
2006-05-19,,5745200.0,1882400.0,,2481075.0,40356400.0,80607600,12222599,2165600,4114800,888500,6721000,1091100,1997000,
2006-05-22,,3267800.0,2520000.0,,2317155.0,47849400.0,75077600,12672653,1971200,3216800,1843300,7505200,873300,3256800,
2006-05-23,,1776300.0,1992000.0,,1943700.0,45848200.0,58351800,9384775,1617500,2050400,740400,4266200,2276200,1224400,
2006-05-24,,2793700.0,2196800.0,,3073095.0,52915000.0,76549600,13323113,1713300,4181200,1785200,10581400,1705700,2467200,
2006-05-25,,2262200.0,695200.0,,1889730.0,32045400.0,64495800,6981001,1310900,2522400,1404100,6395200,531000,2237800,
2006-05-26,,1471700.0,1108000.0,,944520.0,20683000.0,28766600,4869713,1207400,4045600,3487700,5237400,1935800,1078400,
2006-05-30,,3212700.0,1600800.0,,1348035.0,20700400.0,38809200,9413457,3879600,1965200,1479000,4331800,1443900,1625800,
2006-05-31,,2507300.0,2682800.0,,1754220.0,31448600.0,39841400,6483062,1454600,2706000,728700,4585800,1171000,1071000,
2006-06-01,,1678300.0,1476400.0,,1598595.0,33951200.0,39707800,4518016,1210600,1342800,680700,5381000,876200,2394600,
2006-06-02,,2560100.0,2293200.0,,1191840.0,29645000.0,35372600,12643847,2147000,3067400,1794300,9453600,969700,902400,
2006-06-05,,5477100.0,2236000.0,,1581255.0,27324200.0,73397400,8061819,916000,1464600,870100,4454200,878200,1536800,
2006-06-06,,2068400.0,5173200.0,,2173755.0,37132600.0,49843400,23200411,3365600,7301800,2695900,8070800,3027300,5799400,
2006-06-07,,2995900.0,3905600.0,,2274495.0,36002600.0,92812800,10925987,2196200,3079600,2101200,5118600,1461000,1816400,
2006-06-08,,4807400.0,10951600.0,,3273780.0,61628000.0,150771000,28709259,3012400,11834000,2283100,27671400,2199300,3948200,
2006-06-09,,2077300.0,1790800.0,,2214990.0,40853600.0,62874000,11772669,6334500,1643800,2168800,6560400,791500,1102000,
2006-06-12,,2967300.0,3308000.0,,1775025.0,35042000.0,43478000,9561177,1532300,1602600,2327700,15448200,763800,1666800,
2006-06-13,,3930100.0,3374800.0,,2896035.0,41006000.0,75171200,24357797,1823700,3274800,1350600,13612000,1069400,7052600,
2006-06-14,,3003300.0,2297600.0,,2533305.0,37018800.0,79172400,18993099,2045000,2461600,1369900,5490200,1023000,2324800,
2006-06-15,,1779100.0,2814000.0,,2243550.0,34060200.0,76566600,15685648,1427900,3628800,1259000,8949600,975500,2283800,
2006-06-16,,1522800.0,785600.0,,1796340.0,21210600.0,59343200,10174461,856100,4521200,1392600,4604200,803100,670200,
2006-06-19,,841700.0,2874800.0,,2014515.0,21105200.0,93441400,7099054,1026200,2331800,1478300,9327600,957800,1101000,
2006-06-20,,1486800.0,5226400.0,,1765575.0,25058600.0,44635400,22578140,1223900,2047200,871800,5016000,474100,705200,
2006-06-21,,1105700.0,3526000.0,,2368200.0,30490600.0,78507000,15107817,726900,3030400,908300,3059400,465900,597600,
2006-06-22,,1371400.0,3540000.0,1364900.0,1614480.0,30365400.0,35386800,3410732,1854900,1339000,1221200,5575600,372300,1137600,10200.0
2006-06-23,200.0,1298500.0,988400.0,702000.0,1166100.0,23239200.0,53731800,5009308,488600,967800,369700,2125000,1943300,382600,50000.0
2006-06-26,500.0,1003100.0,742800.0,144200.0,979920.0,13625600.0,33053200,5158506,1871100,1923400,734100,3518200,754100,595200,0.0
2006-06-27,700.0,1723500.0,1797200.0,432500.0,1462980.0,20803000.0,48294800,4800038,1026700,2653200,752400,5037800,673500,784200,142000.0
2006-06-28,0.0,636700.0,818000.0,739000.0,1227945.0,23634800.0,44248000,5785946,515900,1740000,1940400,8194200,481600,757800,83000.0
2006-06-29,15300.0,2055000.0,3404400.0,61200.0,2356050.0,45742200.0,60785200,11568569,1282400,2171800,1585000,4614200,632400,1267000,278000.0
2006-06-30,200.0,2727400.0,1692000.0,279000.0,986505.0,19377400.0,22692400,7769333,929000,3577600,5448200,7159200,1312400,1168600,758200.0
2006-07-03,700.0,1059600.0,1239600.0,56500.0,229605.0,6463200.0,7662000,4077195,661200,822000,535400,1772400,313800,574400,0.0
2006-07-05,4200.0,1761000.0,6778800.0,141800.0,1408935.0,14758400.0,32829800,5988692,1263900,1862600,1175000,4111800,1093000,1193000,234000.0
2006-07-06,85100.0,2228700.0,5400800.0,66400.0,1291950.0,20817200.0,33697200,4241411,806400,1589000,3086700,3356800,937700,612000,170400.0
2006-07-07,700.0,1618900.0,2877200.0,246300.0,1586460.0,27342800.0,39374600,3649669,1305500,1667600,813000,2831800,699600,635600,254000.0
2006-07-10,100.0,1404600.0,1546400.0,44200.0,1293960.0,24089000.0,29220400,3758735,1221400,3933400,1721200,10965200,1642100,557000,697200.0
2006-07-11,200.0,1438800.0,3783200.0,172200.0,1397985.0,46025600.0,25975000,5804534,1683400,4488200,2270600,8200000,1552700,861000,193000.0
2006-07-12,0.0,1333800.0,2748800.0,228600.0,1878480.0,34087600.0,30260400,6619579,922500,2064600,2125600,7673400,677400,1369200,250000.0
2006-07-13,600.0,2293900.0,7973600.0,992100.0,1778280.0,51488000.0,37032600,11400168,2140100,3806600,839300,13370800,788700,1182400,562200.0
2006-07-14,500.0,2305800.0,7566400.0,59200.0,1944120.0,38259600.0,35258000,9368033,4097700,1841200,3464600,11278200,1319700,3050800,264800.0
2006-07-17,0.0,1155500.0,3443200.0,68900.0,1860270.0,30559400.0,64838800,6106622,1746100,1976000,1180900,5797600,432600,1093400,112600.0
2006-07-18,300.0,4584900.0,7558800.0,579300.0,2603880.0,52982200.0,37958000,8530461,1558400,4505000,1581100,9235800,689000,2986400,399200.0
2006-07-19,500.0,5287200.0,3773200.0,936400.0,1848540.0,51030000.0,45156400,40039875,2387200,4155200,2522600,6703400,1708900,2757400,294800.0
2006-07-20,500.0,2533200.0,4802000.0,146000.0,2563035.0,36665600.0,37870600,15552085,3451700,1419800,498600,4513200,1092700,1637600,509200.0
2006-07-21,0.0,4800200.0,6674000.0,315900.0,2261805.0,46972000.0,60833000,16533069,2855000,2674400,796900,8471800,644200,3437800,330600.0
2006-07-24,800.0,1310400.0,2215600.0,87100.0,1767240.0,35154800.0,45137000,11416417,2052500,3587000,1962500,7035600,1857600,2732800,261800.0
2006-07-25,200.0,2247400.0,7768000.0,88400.0,2018685.0,36243600.0,38077800,8844489,5472000,3102800,4859200,3685400,2366200,3181200,1268200.0
2006-07-26,0.0,1779700.0,5063600.0,64000.0,2157000.0,43743000.0,39309400,5503678,2504700,1477400,1902400,6762600,1877800,4408000,479800.0
2006-07-27,0.0,1293700.0,3375600.0,562400.0,2166525.0,44325200.0,34664600,9565486,5677500,1823400,4074200,9748800,1919500,1529400,72600.0
2006-07-28,90000.0,1776700.0,3672800.0,167500.0,1469745.0,38393000.0,29452600,14383373,1563500,1601400,2108400,8747400,1817000,5324800,928600.0
2006-07-31,30000.0,2086800.0,1456800.0,174900.0,1571670.0,21784400.0,31043000,8948878,748400,7260600,943900,3267400,462400,845000,1606600.0
2006-08-01,100.0,2146000.0,4234400.0,121500.0,1239075.0,30157800.0,22086000,7718493,1862300,2605000,1266500,9669600,3115000,2523600,315600.0
2006-08-02,100.0,1155400.0,2063200.0,223300.0,1857765.0,21456000.0,35554600,7259699,1221000,2071800,916300,12914200,633700,1246800,1385200.0
2006-08-03,0.0,1923100.0,5226000.0,124500.0,2010030.0,23515800.0,23421000,7380461,2952200,1288800,1275900,10891200,2033400,1043800,1920400.0
2006-08-04,0.0,2176700.0,6440000.0,75600.0,1801470.0,31246800.0,33659400,19989840,1513800,1985000,679600,8844800,899700,4625600,956400.0
2006-08-07,60000.0,1873800.0,3000400.0,335100.0,1334745.0,17639400.0,38116200,4076580,868300,3739600,968500,3156800,630800,1541000,931000.0
2006-08-08,300.0,2813600.0,3593200.0,98100.0,1634340.0,26814000.0,40603600,10953069,2577700,2160200,5638000,6435400,1020700,3060600,689200.0
2006-08-09,0.0,2689400.0,6132400.0,119200.0,1610865.0,39281600.0,37053200,10111680,1754100,3368400,3860500,5074200,739700,4976000,1684800.0
2006-08-10,60100.0,1552500.0,2840000.0,51500.0,1661925.0,27856800.0,35670800,12115379,1934800,1538600,1278000,5806400,680000,5159600,1283200.0
2006-08-11,60000.0,2568600.0,1510000.0,115300.0,1034745.0,38155400.0,16322600,6336819,1118100,2045400,658200,4424200,456200,2764800,292000.0
2006-08-14,0.0,1260000.0,2630800.0,473400.0,1175355.0,27774000.0,33443400,6748958,2420600,1683000,2429600,4906600,408700,3873800,192800.0
2006-08-15,0.0,2870600.0,2722000.0,127200.0,1538130.0,41708200.0,33198800,10760910,1506600,2995400,932200,8078000,651400,4862800,562000.0
2006-08-16,60600.0,1524900.0,5039200.0,308000.0,1823895.0,53691000.0,44679200,5888119,4211200,8387800,4637200,7653800,1290600,5026200,1124800.0
2006-08-17,700.0,1604100.0,4083200.0,55100.0,1360560.0,45759800.0,69987200,6555814,803100,3681200,3013400,9750600,998300,4186200,844200.0
2006-08-18,700.0,756900.0,2381600.0,47400.0,1233945.0,29459200.0,27279600,7479802,1281800,1528400,1070900,5736400,484900,7009600,855000.0
2006-08-21,200.0,1911300.0,1888400.0,56600.0,1038105.0,23915200.0,24737000,4727532,1914100,3181600,852300,5533600,468900,1106000,423000.0
2006-08-22,1900.0,1471400.0,1429600.0,46300.0,779925.0,23080800.0,13917800,6325617,1178200,2045600,562100,2438200,376200,831400,406200.0
2006-08-23,1200.0,827800.0,2078400.0,311700.0,1028145.0,27750600.0,24303600,4746121,1701400,4995400,1693000,4768000,422000,2821600,1045400.0
2006-08-24,1600.0,1094400.0,2076800.0,44000.0,742050.0,23980600.0,21704600,4821458,1357300,2274400,1625700,5220000,701200,561200,642400.0
2006-08-25,1900.0,813700.0,2577600.0,167100.0,812085.0,23013200.0,26378800,4463729,918800,1923800,1062900,4129400,394300,1276400,1491800.0
2006-08-28,900.0,922900.0,1775200.0,63200.0,1014750.0,19301200.0,35186400,11596882,2617600,2762000,1744800,10673600,335000,5019400,623200.0
2006-08-29,0.0,831800.0,3352000.0,250900.0,1474680.0,43501600.0,26977000,17294196,833200,3534000,2319200,5315600,845800,2389600,1020000.0
2006-08-30,700.0,961200.0,2208000.0,83900.0,1580505.0,43982600.0,39981000,4856418,697400,4024200,859500,4816800,685700,1550200,527800.0
2006-08-31,800.0,931300.0,3560000.0,50700.0,1220070.0,24590400.0,21933000,4162627,602800,2216800,1773700,3989800,375900,894000,1001000.0
2006-09-01,4400.0,949300.0,1336000.0,97200.0,1180440.0,25397400.0,17497000,3034169,791200,8053200,754600,7302200,2468600,2298800,430800.0
2006-09-05,900.0,859600.0,3651600.0,28400.0,1230525.0,31156800.0,33220400,9705573,1600500,4921000,2118400,7821800,805700,1703600,532200.0
2006-09-06,700.0,1416100.0,3723600.0,1500.0,1490310.0,41013800.0,34454000,6858886,2513800,2667000,1714600,9831400,1378000,2578800,1118800.0
2006-09-07,1100.0,2075200.0,2434000.0,53000.0,1907820.0,53504400.0,50465600,8959341,1184100,3678200,3359800,5273800,1418700,2309600,991400.0
2006-09-08,1500.0,1858900.0,2144400.0,503800.0,1417710.0,26628600.0,33601600,6832419,1063700,3789600,534900,10658800,468700,706000,1854400.0
2006-09-11,1300.0,1096800.0,4732000.0,153200.0,2462685.0,37802000.0,88824200,4257044,835600,6407800,1554000,13065000,1016900,1651200,273200.0
2006-09-12,100.0,2047100.0,3744800.0,15600.0,2170110.0,58369800.0,50193000,7997561,3449600,2847200,3268200,21279200,1090100,4548200,782800.0
2006-09-13,2400.0,1646700.0,4290000.0,156100.0,2042505.0,49014600.0,45052000,8542032,2139500,3399600,1795600,11254400,905700,4447200,1550800.0
2006-09-14,200.0,1960800.0,2907600.0,70100.0,1872315.0,30184200.0,61271400,3825456,1588500,2958600,953800,6365400,557400,2214600,1101000.0
2006-09-15,2800.0,1887500.0,2774400.0,84000.0,1888470.0,39464800.0,61135400,7382923,1908100,13820000,1597200,6978000,1960100,5961000,741600.0
2006-09-18,24400.0,1993200.0,1860800.0,43900.0,1857210.0,37117400.0,66620800,9313623,472500,2346200,1403000,6055800,1559700,3872400,810400.0
2006-09-19,10400.0,1400400.0,5194400.0,331000.0,1835565.0,60233000.0,52592800,7713815,1592700,7064800,1275700,13599200,693900,3437400,1659800.0
2006-09-20,1300.0,1653400.0,1896800.0,406200.0,2407650.0,35864200.0,58647400,9690678,1442900,5118600,2111200,7130800,716900,3207800,458200.0
2006-09-21,900.0,2596500.0,6984800.0,626700.0,1961835.0,76835400.0,47660800,6461027,1396300,3908800,1811200,23680800,572800,5654200,467800.0
2006-09-22,600.0,1378500.0,3607600.0,511600.0,1625565.0,39943000.0,48575000,7961369,2069200,6683000,1364600,7675800,1020700,5794200,1441600.0
2006-09-25,800.0,1004200.0,4310800.0,136300.0,2522250.0,52144200.0,69880800,7118627,1061700,3340600,2822700,6472000,795700,4442000,1005400.0
2006-09-26,1200.0,1456600.0,1797200.0,123400.0,2209335.0,60477000.0,62279800,7658913,3463500,5045000,3256000,9025200,774200,3895000,368400.0
2006-09-27,900.0,1376500.0,2112000.0,184500.0,2393190.0,51654800.0,70352200,6000140,1907100,10624200,2751300,7536000,1074300,6056000,518200.0
2006-09-28,12800.0,1467200.0,1195600.0,347400.0,2413470.0,26567600.0,48496200,3996811,1211500,4533400,1040400,5287200,463800,2887200,824600.0
2006-09-29,4100.0,1877600.0,4179600.0,41600.0,1584705.0,20081800.0,33727800,6330171,861400,2373400,1591600,6435600,575800,2456400,983000.0
2006-10-02,1500.0,1066600.0,1384800.0,402100.0,1612230.0,25189600.0,29895400,4536481,2924900,3948400,1928900,5348600,423200,3643200,197000.0
2006-10-03,2400.0,827100.0,2703200.0,446600.0,2512110.0,31071200.0,68121000,8250778,1645800,4122800,2918800,11991000,1416100,4671200,658000.0
2006-10-04,10300.0,1088800.0,2826800.0,734600.0,3265470.0,49259400.0,75332400,14697525,3151900,12510400,3268900,9170600,1627800,5966400,994000.0
2006-10-05,11600.0,1331800.0,2532800.0,705200.0,2296260.0,24401800.0,62842800,10687542,983600,3415600,1116100,7106400,1045000,3200600,2120600.0
2006-10-06,1000.0,999700.0,1251200.0,609700.0,1847460.0,20958400.0,51216400,6333126,2477300,3297600,1665800,11096000,1331700,3194600,827800.0
2006-10-09,32700.0,722400.0,1978800.0,149100.0,1835955.0,24889600.0,40557200,4485395,373400,1050200,1622600,6039800,806800,2211000,299200.0
2006-10-10,400.0,1669600.0,1791200.0,316800.0,2412705.0,21354800.0,53543600,6821710,1492200,3180400,2463400,7317200,1355100,5808000,1599400.0
2006-10-11,1700.0,3021900.0,1478000.0,632700.0,1898415.0,48480400.0,43451400,7388216,966300,2959000,2001800,6087200,736700,914200,89400.0
2006-10-12,3100.0,882900.0,1261600.0,222700.0,1934520.0,46661000.0,46280400,6476045,2358600,4867200,1496100,10996600,890600,3796800,241400.0
2006-10-13,3400.0,1343200.0,1413600.0,264800.0,1965960.0,40994200.0,54467400,4953544,592300,5863400,638000,7140400,3143600,2385000,131400.0
2006-10-16,4900.0,1432400.0,1824000.0,282000.0,1763730.0,24787600.0,56224600,6320200,1319900,3802600,2616300,6296000,969700,1262800,266000.0
2006-10-17,3800.0,1230300.0,1375200.0,388900.0,1863540.0,44253200.0,45572600,6891754,2131300,14908200,1097600,9282400,1388400,4380200,270200.0
2006-10-18,400.0,1208100.0,3576400.0,534300.0,2235870.0,53433800.0,57421600,7018177,2943200,7511400,2107700,4493200,755700,5154400,725000.0
2006-10-19,3100.0,1204200.0,1676800.0,367600.0,2170695.0,33841000.0,37268800,8025012,1457500,3963400,1283800,5627200,1428000,3883400,269400.0
2006-10-20,2100.0,1099300.0,853200.0,1267100.0,1802175.0,19537200.0,55108600,8718681,4171800,3479000,2572000,5364800,1987400,5857600,177000.0
2006-10-23,10400.0,1355800.0,1216800.0,401900.0,2060625.0,33554200.0,38240800,4841769,1401300,2603000,2048700,9150000,772700,3074000,814200.0
2006-10-24,3800.0,2201300.0,2092000.0,264700.0,2042070.0,26646000.0,35451000,3734362,807000,4397000,997200,6332800,689200,2467400,633000.0
2006-10-25,15300.0,1920600.0,2565200.0,259500.0,2348505.0,38717000.0,59867600,5660261,1918900,2569000,2033200,17519600,1141500,1450600,500600.0
2006-10-26,15200.0,2055400.0,973200.0,462700.0,2077860.0,26908800.0,40829800,11989201,1976800,4339800,1450400,8186600,2016300,2906400,89800.0
2006-10-27,15100.0,1196300.0,1122800.0,547700.0,1586655.0,57508800.0,42041200,5312134,1352600,4705000,1698100,5731000,829900,4738400,639600.0
2006-10-30,16700.0,1572300.0,1553600.0,207700.0,1653945.0,33856200.0,77003400,9933801,739000,4953000,2902200,5614400,1657400,2921200,519600.0
2006-10-31,2000.0,1417100.0,2432800.0,100900.0,2150895.0,22920400.0,61219400,9728224,1387100,5646200,835700,5779000,1331500,1755000,434200.0
2006-11-01,32900.0,1846900.0,3558000.0,201500.0,2374065.0,39316400.0,55034800,11319784,1483300,6624000,2555100,13786800,1867200,4317600,543000.0
2006-11-02,3000.0,4530200.0,1560800.0,323000.0,1769970.0,25384000.0,36178000,4528357,1618600,5608200,1346600,7131600,1797800,3902800,1506000.0
2006-11-03,8300.0,4369400.0,837600.0,223200.0,1803405.0,30959000.0,63797000,4709191,1376000,3833800,1916400,10295800,735000,8386200,307800.0
2006-11-06,4000.0,2820800.0,1294000.0,103500.0,1594935.0,27944400.0,38969600,9460727,1522400,3029000,1083700,13867800,896900,3559600,198400.0
2006-11-07,4600.0,1961500.0,2118400.0,182100.0,1671525.0,29061400.0,62714000,4722239,3315900,6573000,1737200,10324400,957800,4232800,115400.0
2006-11-08,11600.0,3688500.0,2526400.0,84700.0,2660745.0,29742800.0,46124400,3910518,899100,5974800,808500,8084400,2985100,1692200,294200.0
2006-11-09,2900.0,1948000.0,820800.0,12000.0,2367750.0,48357400.0,41382200,4959084,1534000,6209200,1308100,15956200,4776400,2199600,657400.0
2006-11-10,3000.0,844100.0,874800.0,215200.0,1437645.0,15571000.0,34595600,6402431,1413900,3217800,458700,5819000,1914500,1572200,573200.0
2006-11-13,17500.0,1529900.0,634400.0,253600.0,1271475.0,28775800.0,37889000,4200541,1261500,4094800,1030900,4510200,1603300,3735000,177400.0
2006-11-14,8800.0,1547700.0,2910800.0,533600.0,1179555.0,44347000.0,33182600,7786321,1344200,4866800,911000,7564200,2427800,3204600,306800.0
2006-11-15,14600.0,2389800.0,2061600.0,515500.0,1684560.0,44825600.0,34606200,4036203,2041200,3437400,635600,6539600,1415900,1675600,598200.0
2006-11-16,6800.0,1859700.0,1627200.0,308800.0,1976790.0,24408200.0,69076600,11170217,1200700,3245800,1568700,7460000,801400,1965400,2735800.0
2006-11-17,2300.0,1227100.0,883200.0,44600.0,1979415.0,23250800.0,50567000,12754637,848400,3094400,9636200,3571200,1078200,9265800,766200.0
2006-11-20,9400.0,6403800.0,3498000.0,8200.0,1505325.0,26544600.0,52260200,13273750,595700,2804000,10016300,2093400,1454500,10451800,247800.0
2006-11-21,4500.0,2979600.0,1798000.0,16300.0,1193550.0,28548600.0,27773000,4275632,2369300,2863200,1950100,1950600,1509900,1922600,37400.0
2006-11-22,6900.0,1371300.0,772400.0,159000.0,1504050.0,14467800.0,37745000,2484035,1154900,2136200,1168500,3316000,1215000,3699400,214600.0
2006-11-24,9800.0,457600.0,1331600.0,95300.0,441465.0,5114200.0,9024000,2504100,108600,847000,262700,592800,118700,789600,11200.0
2006-11-27,10400.0,2534900.0,1595200.0,24300.0,1329960.0,22781800.0,26066000,9614110,1635300,6463400,2513900,4694800,1512900,2921200,546400.0
2006-11-28,2800.0,2136400.0,3931200.0,356000.0,1301580.0,21850000.0,35626600,8988270,1699400,5880200,1844000,3828600,1389200,3602200,274200.0
2006-11-29,16300.0,1533500.0,6957600.0,335000.0,1820085.0,24558800.0,56393200,5148781,1002100,6330800,1200800,6338800,1137700,1983200,897600.0
2006-11-30,4100.0,2380200.0,2125600.0,85700.0,1958700.0,21769000.0,52887400,4428276,693400,3430400,1155500,5285800,1195400,2804800,1010200.0
2006-12-01,8500.0,1892400.0,4329200.0,421800.0,1916865.0,51601200.0,44489400,10386439,742100,5798800,889300,5054800,833400,2886800,3178400.0
2006-12-04,25700.0,1699600.0,1875600.0,85800.0,1196865.0,36364000.0,36796400,8233544,1575200,2834000,1077500,3972400,1611400,3589000,712800.0
2006-12-05,66500.0,3356700.0,1218800.0,10800.0,1408620.0,21227800.0,45401600,10037943,896000,2318200,1180200,8059600,1009100,3834000,986200.0
2006-12-06,23500.0,2796900.0,841600.0,48600.0,1543515.0,20257600.0,40079000,3267566,2713600,1949000,870700,3987400,1639600,1986600,1011800.0
2006-12-07,6300.0,2310600.0,2541600.0,120600.0,1226925.0,26279800.0,34637400,5468471,483800,3126200,712700,6034600,605000,1197000,320800.0
2006-12-08,500.0,1587000.0,718000.0,1690900.0,1132125.0,36861000.0,28623800,6413387,991700,1630400,1684000,3972400,827600,667800,257000.0
2006-12-11,13400.0,1836300.0,1215200.0,242500.0,1110525.0,11723600.0,36886000,10900874,286000,1924200,554200,3794000,348900,1249000,563400.0
2006-12-12,37400.0,2155700.0,2475600.0,77200.0,1266285.0,29013000.0,37962000,7699043,2599200,5957600,1277000,5601600,1067500,2017200,1268400.0
2006-12-13,3500.0,2272400.0,907200.0,20100.0,1708260.0,22271400.0,39544600,4945666,1596000,2795400,2534800,3572000,720200,3448400,355200.0
2006-12-14,8800.0,1167300.0,4616800.0,11500.0,1330875.0,40237000.0,45614200,7145586,1107700,2649000,740500,5976800,1075700,1317800,250800.0
2006-12-15,4200.0,1695100.0,1553600.0,49500.0,1235775.0,20040200.0,36120600,8292755,2519200,3691600,3579600,5525600,709400,1936400,712200.0
2006-12-18,13100.0,1569800.0,1453600.0,191500.0,1669785.0,21250000.0,71225000,6471367,978700,4150200,1136200,3792400,1903800,3305600,173600.0
2006-12-19,12100.0,2863300.0,2617600.0,67400.0,1579605.0,25336800.0,40950200,13315481,579000,2978400,1170400,4836200,1605100,2136600,534200.0
2006-12-20,6700.0,2139300.0,2164800.0,225600.0,1276560.0,15932600.0,35164400,5199498,428800,2549800,778300,2092000,1349000,3561200,774800.0
2006-12-21,8900.0,3740800.0,3856400.0,507400.0,1188435.0,19373400.0,48419600,6326109,879900,3646600,2009800,8272800,498800,5625000,186000.0
2006-12-22,4800.0,1942200.0,2211600.0,186700.0,759900.0,17532600.0,23659000,4097137,357500,2810800,512400,5183400,275000,1196000,938200.0
2006-12-26,11300.0,994900.0,954000.0,119400.0,1105725.0,7199200.0,20251600,5110497,696600,1788200,549200,2786600,432700,990000,1442800.0
2006-12-27,24800.0,613900.0,2430000.0,787400.0,960720.0,10658600.0,18653800,5211439,1033200,1813800,983500,2894800,817800,612600,591000.0
2006-12-28,27800.0,1601400.0,750000.0,558600.0,1071600.0,10767400.0,24348400,8430380,231300,2011600,736600,2822400,281600,391000,913200.0
2006-12-29,6800.0,1296100.0,1797200.0,265900.0,874140.0,6917600.0,16129400,4283265,252000,2130200,959500,2627000,315900,1328600,667400.0
2007-01-03,23700.0,2670600.0,5005200.0,423700.0,1819620.0,26994000.0,94931000,9365079,3095700,9484400,2059700,8458600,1806100,4006400,2508800.0
2007-01-04,35100.0,2329700.0,854800.0,189900.0,2640825.0,28808200.0,101763800,6646292,1706700,5766000,845300,5916800,1701900,2673200,3252000.0
2007-01-05,10600.0,1918200.0,1644800.0,1188300.0,2360625.0,33599800.0,76607000,7977372,3413800,3298200,1360200,7569000,1529200,2029800,669600.0
2007-01-08,17600.0,1168800.0,1159600.0,215900.0,1946910.0,23105400.0,65947600,4427415,1669600,3558600,965200,4830000,1609900,6240200,2671800.0
2007-01-09,106100.0,1695500.0,1880000.0,1099100.0,2295030.0,21958200.0,74036200,5997309,1043200,6938000,2437600,4684200,934800,2286600,1012800.0
2007-01-10,3900.0,2514200.0,2552400.0,724100.0,2465535.0,35479400.0,76061200,3614216,2762800,5318000,1042000,3836200,526300,2033000,1188000.0
2007-01-11,14000.0,2913900.0,2126400.0,329500.0,2813010.0,50899000.0,97682800,4623513,2450300,7137200,1823700,8518600,2622600,1412800,496000.0
2007-01-12,29600.0,1350100.0,1230400.0,29600.0,1844175.0,21841800.0,63076600,8028582,1241300,6081200,1333300,19840200,1281100,1654800,491200.0
2007-01-16,17200.0,2332200.0,2564400.0,1717000.0,1768830.0,21065000.0,62727000,5315827,1560600,3113600,1941800,8103400,651000,1778600,1025600.0
2007-01-17,8800.0,2185600.0,4082400.0,674000.0,1881300.0,29655800.0,72263600,4927693,1659600,3026000,1573700,3444800,2826700,1676400,1224600.0
2007-01-18,9200.0,2177000.0,4118000.0,850500.0,2096925.0,49867200.0,62343000,5029004,1329300,9660800,664400,4420600,2561300,2024600,1074000.0
2007-01-19,133000.0,2003900.0,3056000.0,765400.0,1967985.0,28899800.0,62563400,4202880,1531000,4741400,773400,4854200,1521400,1963000,1212400.0
2007-01-22,28800.0,2015100.0,2045200.0,840200.0,1918965.0,29533200.0,63137800,5728582,1188600,6799800,2141800,5557000,5078500,4308000,2547800.0
2007-01-23,121200.0,1162100.0,3709600.0,227300.0,1920480.0,25254000.0,72533000,7704706,1829300,2941600,646700,6916400,2029300,3004400,976400.0
2007-01-24,61700.0,1898300.0,3621200.0,74000.0,1688400.0,18385600.0,43948600,5148904,2334300,8763000,2088000,5941600,3488200,1950600,114400.0
2007-01-25,283000.0,4154000.0,2903200.0,173700.0,1525080.0,31495200.0,44287400,15347739,2087600,2902800,2132700,8875600,3214300,1849800,739200.0
2007-01-26,123800.0,1375100.0,2217200.0,232900.0,1273830.0,32778000.0,27642800,9816486,1771100,8337200,3047100,3900400,2505600,2090800,1116800.0
2007-01-29,6700.0,1458800.0,3327600.0,758200.0,1304520.0,25664800.0,39899600,13643419,2823500,4681000,1363700,4779200,1967500,3368000,558600.0
2007-01-30,26700.0,2187800.0,4910000.0,613600.0,1835505.0,13228000.0,43022200,7687718,1692500,4996200,2545300,3974200,1187600,2538400,1808600.0
2007-01-31,44600.0,3369800.0,3572800.0,739800.0,1982580.0,34284600.0,55691600,15289143,1263600,3446800,1858800,12648800,1685900,2298200,1344800.0
2007-02-01,88100.0,2676500.0,5442800.0,276500.0,1883130.0,23636600.0,46168400,18404066,2036800,3014400,2725800,5996200,2628200,2376600,650600.0
2007-02-02,770300.0,3369200.0,1969600.0,124600.0,1529640.0,18756400.0,36886000,7704460,2448900,3043200,1108000,4350600,1197600,1215400,1384600.0
2007-02-05,65700.0,1527700.0,1346800.0,85200.0,1148085.0,23336800.0,26218800,5309672,1521100,2069000,1195900,6018200,3132600,1529600,218800.0
2007-02-06,77800.0,2946500.0,3990400.0,661000.0,1803675.0,23701600.0,38592800,9894778,2814600,3391400,1561800,5376200,2216100,2747800,940200.0
2007-02-07,133000.0,7304300.0,1206800.0,18600.0,1977150.0,26142000.0,39181600,5616561,1130400,3141200,1713200,3190600,1572700,1846000,955400.0
2007-02-08,49600.0,6712500.0,2400800.0,119200.0,1805535.0,16277800.0,49711600,6929176,2209000,2740200,1844200,3440000,1345800,1925000,1439800.0
2007-02-09,45100.0,12930300.0,1970800.0,1074200.0,1252065.0,40220600.0,38082400,21979751,3604600,3774800,782700,7764800,2625700,2254400,799400.0
2007-02-12,32400.0,8902500.0,1007600.0,405800.0,1336425.0,22983800.0,37392800,11936268,2738100,5192000,922300,4263000,1421000,1739400,1797200.0
2007-02-13,27700.0,8088700.0,1690400.0,241200.0,1055310.0,21963800.0,30053600,12937195,4795200,3063400,770000,6208600,1295000,1874000,391000.0
2007-02-14,18300.0,5231400.0,4531600.0,555300.0,1711170.0,33972800.0,47036000,12212751,2329000,2036400,1683400,5196200,2023400,1983200,895000.0
2007-02-15,17000.0,3422400.0,1462000.0,488400.0,1628670.0,18218800.0,49922200,12006928,1417900,6126600,980100,12545600,1134100,2834400,308800.0
2007-02-16,24700.0,3100100.0,1046400.0,389000.0,1005315.0,15610800.0,32549200,6764837,971800,4092600,1131100,5775400,1294300,1662200,821400.0
2007-02-20,18500.0,2623700.0,1208400.0,384000.0,1115520.0,18024000.0,32566800,6508666,1537800,2642400,1113900,4562000,739000,1840200,1037800.0
2007-02-21,27900.0,2221700.0,1747600.0,417000.0,1293255.0,15662000.0,40853400,5231258,2347400,2329400,837200,3876000,975800,4133200,1245800.0
2007-02-22,20400.0,2558600.0,4335600.0,389400.0,1707720.0,66851800.0,43117200,11642552,1525100,7157200,2054600,4039000,1374700,2336800,623600.0
2007-02-23,24400.0,5231600.0,3674400.0,340600.0,1313130.0,27545600.0,33278800,20234563,1953000,2015800,1364800,7970400,898000,1592400,1688400.0
2007-02-26,8400.0,5391800.0,5430800.0,428100.0,1189185.0,21236800.0,42328000,21959686,1548900,1975200,989400,15757200,1881500,1819200,528600.0
2007-02-27,83700.0,9837900.0,8959600.0,960900.0,2509230.0,60876400.0,104771600,37054454,4292800,9442800,4679900,13859400,3057900,7062400,1533600.0
2007-02-28,91800.0,5670000.0,5065600.0,692200.0,1635510.0,34864600.0,65250400,26681186,3121100,7235400,2056300,12916400,2330100,10877600,759600.0
2007-03-01,28500.0,6614800.0,7212000.0,708400.0,1943730.0,42702400.0,63812400,32203945,4232900,7367200,2121100,11586000,2406700,5320800,2154600.0
2007-03-02,26300.0,3777200.0,3637200.0,88200.0,1540290.0,37727400.0,67580200,15158657,3170500,5225800,2159900,15438200,2559100,3838600,2203600.0
2007-03-05,64200.0,7783300.0,1936000.0,1177300.0,1799145.0,39323400.0,72762400,21501508,4517300,2813600,2645300,5271000,1744400,6012400,992000.0
2007-03-06,30200.0,6600000.0,4176400.0,640100.0,1459215.0,18403600.0,43864200,23815665,5726800,4354000,2027700,12444200,2897500,2622400,1627000.0
2007-03-07,13900.0,4870300.0,1681600.0,543700.0,2190285.0,16239600.0,88860200,14010257,2483100,3083800,1882900,4641600,1175800,2607800,1742600.0
2007-03-08,16200.0,3262000.0,560000.0,339500.0,1926030.0,23476800.0,46413800,24346841,2759100,5550000,1756100,5005400,1161000,1670200,1010400.0
2007-03-09,39100.0,3434700.0,1240400.0,191400.0,1658505.0,25699200.0,43495600,11761343,1306900,2264600,1510500,6890000,1147300,2513600,377200.0
2007-03-12,43800.0,3814200.0,580000.0,559600.0,1245855.0,18435800.0,42803200,17742649,1513400,3186800,1086800,12854200,2392700,818400,1325600.0
2007-03-13,13900.0,5985400.0,3975600.0,2208800.0,1718880.0,27649000.0,62941200,55831266,2573800,3314200,1423300,7774400,3381500,1717800,1250400.0
2007-03-14,23500.0,6880600.0,6078800.0,838300.0,2203725.0,27355800.0,75853600,49895631,3341700,5799400,2661600,15603200,3423800,5315600,3716800.0
2007-03-15,19200.0,2051400.0,710400.0,1016400.0,1228845.0,22234400.0,41611800,38821062,2479500,4487400,1459600,18242600,1382000,1924400,1300000.0
2007-03-16,23200.0,4703900.0,4502000.0,271400.0,1392105.0,14862800.0,56097000,23623136,1633400,5810600,1909800,4713000,859200,1925200,1042200.0
2007-03-19,14500.0,3537900.0,1104400.0,887300.0,1344450.0,23122600.0,43157600,19648360,3446800,1741000,785600,6289200,782500,2368000,830800.0
2007-03-20,16400.0,3756200.0,2073600.0,425500.0,2486085.0,13455000.0,48250600,17005896,1330600,2582600,1460200,6914200,2089000,2645600,611400.0
2007-03-21,9400.0,4744200.0,4001200.0,2120000.0,1392435.0,20829400.0,48850800,41179658,3295000,1716800,1103200,8379000,1889100,3908400,482400.0
2007-03-22,57800.0,2634600.0,3096000.0,1267400.0,1669995.0,22190200.0,67233000,20898072,2537800,3440400,2610500,8487600,1667000,4584400,409600.0
2007-03-23,15400.0,3140200.0,1664800.0,973100.0,1412280.0,14385400.0,29860400,15015984,3497400,2740200,1196200,7127600,1487400,2148400,663200.0
2007-03-26,31100.0,4899500.0,3884400.0,161100.0,1270455.0,15808400.0,38024600,20591183,2302400,1917200,1162600,7329600,961500,2417800,481600.0
2007-03-27,11700.0,3329700.0,3552000.0,509200.0,787845.0,11157000.0,34342000,7700028,2552300,3529800,1892100,5655800,2922100,3325800,591600.0
2007-03-28,35000.0,5371300.0,3296000.0,601600.0,977490.0,18213600.0,37145200,21499784,4467300,3973600,1289100,5758400,2763600,3322200,875000.0
2007-03-29,20100.0,2718800.0,2355600.0,766400.0,1484130.0,35443000.0,46594200,17217135,4731400,5708000,1844700,4386400,2708200,6632600,3168800.0
2007-03-30,7100.0,4140200.0,3027600.0,747700.0,860340.0,18326400.0,42370600,14556206,5669400,7548000,2088700,14920600,3073900,2737800,997400.0
2007-04-02,13300.0,3679300.0,1279600.0,967900.0,1110855.0,21261000.0,35790800,14561130,4166400,3146600,1076000,10297200,1188800,2684800,1342600.0
2007-04-03,26100.0,2674700.0,3331200.0,400500.0,1036755.0,22528600.0,32316200,16612222,3728000,3981800,2240000,8103400,982500,2689200,623800.0
2007-04-04,21500.0,1976600.0,766000.0,1180600.0,1013130.0,20261800.0,31624800,14399623,2915700,4582000,2778800,6662600,922600,3012800,657200.0
2007-04-05,23300.0,1320900.0,2626400.0,1058700.0,715095.0,13894200.0,24371800,6649862,2503000,1319400,794800,4443200,1102400,1554400,667000.0
2007-04-09,9000.0,1224200.0,4197200.0,1069400.0,1234455.0,13346800.0,39235200,7637370,2472000,1535600,326500,6893600,1307700,1425400,666400.0
2007-04-10,21400.0,1287400.0,1296000.0,649700.0,1488990.0,18244000.0,34376800,11994372,3088600,3884400,1157200,5419200,1422400,2728600,1391000.0
2007-04-11,7700.0,3720800.0,1892400.0,306100.0,1096560.0,22787600.0,49695000,13683427,4280500,4192200,1958500,8438000,2447600,1813600,2046800.0
2007-04-12,14500.0,2529500.0,3315200.0,2536300.0,1412040.0,19830200.0,33672200,12340406,3867800,1541600,735700,6087800,1072500,2247800,2888000.0
2007-04-13,13000.0,3063000.0,920400.0,633600.0,949125.0,23910000.0,26788600,19034461,3796500,2226400,632600,4328800,2666700,2622000,2096400.0
2007-04-16,21800.0,2173200.0,1140000.0,954200.0,1403670.0,25346400.0,28336000,39918991,1429000,2643400,1402900,3145000,3204800,3262800,914200.0
2007-04-17,15100.0,3409800.0,1105200.0,1254100.0,1769310.0,13597000.0,29040600,15461483,1527900,2745800,957500,5958600,2849000,1303000,726400.0
2007-04-18,9600.0,2736000.0,8758000.0,1978300.0,1607235.0,47209200.0,31142400,31112540,1542700,2132800,717400,2969000,2173900,1650600,148400.0
2007-04-19,17000.0,1673600.0,3223600.0,932200.0,1151190.0,39158800.0,32242400,17748558,3395400,3559200,256000,8233000,3099400,3858400,368800.0
2007-04-20,12300.0,1761700.0,1485200.0,1541700.0,1212615.0,26905600.0,36407800,20996552,1695200,1973200,1448400,5327200,2496700,1360200,574800.0
2007-04-23,13400.0,2324500.0,1298000.0,987700.0,1648305.0,18007200.0,40033600,11672834,2643200,3213600,2432500,8679200,1399900,1581000,974600.0
2007-04-24,29200.0,2483000.0,2744000.0,1299100.0,1140660.0,72541200.0,42760600,15632223,4669400,5673200,695900,5355400,1031200,3504800,958400.0
2007-04-25,17300.0,2223900.0,2952400.0,2299400.0,1723335.0,36923000.0,57692600,19044801,2316400,3426800,811800,5975200,1995200,6752400,467200.0
2007-04-26,15500.0,2157200.0,1430400.0,1355900.0,1263855.0,26863400.0,38278600,9484363,724100,1438400,995100,4964600,1129400,3765200,1002000.0
2007-04-27,11200.0,1359700.0,2694800.0,255200.0,1413645.0,27279400.0,28250400,11863393,3192900,1809800,675400,8398400,842800,5667200,575200.0
2007-04-30,28300.0,2025000.0,4936000.0,652400.0,1750560.0,20226400.0,35122000,18614690,1713900,1851600,836300,9461600,1364500,3276600,701600.0
2007-05-01,15300.0,4560400.0,3109200.0,1519000.0,1671945.0,27019800.0,53459200,14056789,3308800,6200200,2412700,6862000,2680900,5701400,1631600.0
2007-05-02,19900.0,5159800.0,2040800.0,763000.0,1010925.0,22080600.0,33324400,10986183,2236900,2660000,1805700,5510400,1347900,6979200,1554400.0
2007-05-03,12800.0,4445200.0,3328800.0,807400.0,966720.0,15535600.0,34106600,12545244,2078500,2133400,2078200,3175600,1301300,4579800,2827800.0
2007-05-04,29500.0,3248700.0,1961200.0,1257100.0,2143020.0,21741800.0,40888800,10915031,3364100,5899400,3004200,5498000,942300,2310000,2431000.0
2007-05-07,10000.0,2344700.0,880000.0,147800.0,1110540.0,9571200.0,22546800,5842449,1978800,1270600,2766900,4043400,2263000,1999000,1520200.0
2007-05-08,15500.0,2521500.0,7317200.0,2135800.0,1859250.0,12783200.0,30772400,7468477,1202500,3855200,1690900,5735000,1927400,2136000,3383000.0
2007-05-09,16300.0,3320700.0,2272800.0,782200.0,1907010.0,32806200.0,44234400,14572824,2064100,11249600,1094500,4325200,1841100,4621400,2887600.0
2007-05-10,9400.0,3762700.0,3349600.0,932700.0,1485645.0,28972600.0,41594400,15886547,3222600,4766400,1547100,7770600,1367400,3558400,4616200.0
2007-05-11,13200.0,2383600.0,614800.0,65100.0,1334865.0,25374200.0,42647800,16812136,1681400,5076400,657500,7263000,1189300,2690800,857400.0
2007-05-14,23100.0,2264200.0,2588400.0,2392700.0,1063350.0,21862000.0,33049600,37213869,3746800,1408000,1065800,4680600,1162600,1813800,2095800.0
2007-05-15,24200.0,3739200.0,1797600.0,196000.0,1430295.0,32079000.0,32117600,20241333,2981300,6864200,1898400,10174400,2288300,6546200,1753000.0
2007-05-16,16600.0,5834000.0,8186400.0,230200.0,1695000.0,34105400.0,34880800,19635558,2150400,1182600,918400,7685800,3063800,1969400,3283400.0
2007-05-17,17600.0,6111700.0,3743200.0,496100.0,1961535.0,30323400.0,37547000,7514024,2809300,1020800,1185600,5862800,1415400,2336200,1806600.0
2007-05-18,9600.0,7539200.0,2014000.0,329800.0,1612755.0,25530200.0,42464600,12362071,2837700,2826400,1166300,4657200,693700,3790800,4339600.0
2007-05-21,25600.0,15337300.0,4047600.0,716800.0,3823260.0,33222400.0,90720000,16396428,4293200,5695400,2122600,6269000,1768700,6525200,5143200.0
2007-05-22,15300.0,4998200.0,2488000.0,784500.0,1603065.0,25403600.0,50212000,15239165,1107900,3869600,1093400,9125600,1101400,2270200,1750200.0
2007-05-23,50500.0,4792300.0,12212400.0,1155800.0,1824885.0,31356600.0,49737000,20107400,4071100,7728400,3732200,15891200,1724500,5535000,2611200.0
2007-05-24,26300.0,10391600.0,1815200.0,565200.0,2511195.0,50677600.0,56356600,24805266,3748200,9670400,1728300,29815200,1955900,5078600,2356600.0
2007-05-25,16000.0,6443700.0,956000.0,857300.0,930555.0,21357200.0,26041600,11255895,2288500,3945600,407300,25081400,997900,3348600,2459600.0
2007-05-29,24200.0,6826600.0,1909200.0,872300.0,1230345.0,19112800.0,41121800,9929985,5165600,4741600,1502800,21561800,1565600,2917400,714000.0
2007-05-30,25900.0,7677200.0,1448000.0,267700.0,1378590.0,30480000.0,38506000,16626748,3556000,4505600,1061400,13212400,3190000,3148000,1441000.0
2007-05-31,36300.0,6025300.0,2085600.0,667200.0,1578015.0,22519400.0,33403000,13721342,4611600,4341600,1545300,12427800,1386600,2658600,2667600.0
2007-06-01,14000.0,3208400.0,862400.0,932100.0,686895.0,29855200.0,23829800,8891390,5356800,4135800,1677500,23265800,3572300,3511000,2996800.0
2007-06-04,17000.0,3440100.0,778000.0,241700.0,1252710.0,14813000.0,35336000,12312831,5474900,2835200,511100,21484800,1749200,2728200,1942200.0
2007-06-05,26700.0,8411300.0,746000.0,1195900.0,1253040.0,34272200.0,30652000,17915974,4470400,2752200,1942000,31517600,1685300,3901400,2800600.0
2007-06-06,14100.0,7537000.0,8929600.0,496200.0,1399620.0,32267000.0,37970800,18752069,6151500,4098000,2511600,30835600,3136400,5718800,5563800.0
2007-06-07,29200.0,10550600.0,3670000.0,913600.0,1916655.0,45551000.0,40308600,31728533,5776000,4947600,2088500,54704200,3280800,7069600,3017200.0
2007-06-08,30500.0,5094400.0,6996400.0,906100.0,1558425.0,40105800.0,41979200,22664803,3031400,3353400,626700,39518200,1995600,3879600,1943600.0
2007-06-11,19800.0,4932900.0,2298400.0,127100.0,958875.0,20090000.0,27590200,24159975,2960600,2245200,1237600,19060200,1267400,2024400,472600.0
2007-06-12,10700.0,9939100.0,1581600.0,621700.0,1315725.0,23537400.0,41113800,25845214,3105200,2585200,1028900,22909400,2087200,3262400,2668400.0
2007-06-13,36100.0,4207700.0,1002000.0,962600.0,1456455.0,21668200.0,50487400,15413228,3294500,2259200,1587400,16314400,2145000,2794200,1142000.0
2007-06-14,8000.0,4203600.0,3064400.0,1591500.0,1408905.0,22932000.0,38401000,23017607,2121200,1699400,1942000,15249200,1747400,1898800,1709200.0
2007-06-15,32900.0,4408500.0,2914000.0,1296300.0,1068495.0,23084000.0,32450400,11822770,1733200,1735600,2190900,26657800,1221500,5280400,1960000.0
2007-06-18,28700.0,6574700.0,566800.0,228200.0,1005270.0,12113200.0,23275600,9990181,1543100,1316400,850300,16640600,984400,1575200,1781200.0
2007-06-19,14900.0,5922300.0,1356800.0,1133700.0,1177785.0,20167600.0,22868400,10070934,3627800,2616800,1081800,12901000,1632000,6225200,1538800.0
2007-06-20,20300.0,7332300.0,2567200.0,315200.0,1772190.0,28654800.0,59250800,25588058,2117900,2223800,1084800,18962800,1913600,5319000,953600.0
2007-06-21,30500.0,6765100.0,1391600.0,1035800.0,1669365.0,36080000.0,45713400,47156286,2777700,3145800,1541500,20163200,1597900,5831400,2199000.0
2007-06-22,47000.0,5413700.0,1231200.0,750600.0,1647480.0,25784800.0,39709200,47396331,3238300,3794000,1672700,16200200,3168700,4572400,3261600.0
2007-06-25,14000.0,10238200.0,3144400.0,448800.0,1559985.0,31991400.0,49853400,40562066,2682100,2923400,792900,18769800,2120600,3643400,3926400.0
2007-06-26,51700.0,7480300.0,3437200.0,1049700.0,1626510.0,22195800.0,51648000,36617449,7165100,4166000,1164400,25432800,1172800,19500200,2825400.0
2007-06-27,14700.0,12543700.0,2399200.0,1659700.0,1872405.0,48905400.0,47399800,36680599,2196800,8159400,712700,24822400,5263600,3743400,4453400.0
2007-06-28,25500.0,8384000.0,1053600.0,636200.0,1460370.0,22773800.0,34510600,32559827,2308900,3403600,824100,19422600,1713800,6325600,2479800.0
2007-06-29,55600.0,7104900.0,1215200.0,507100.0,1065105.0,18684200.0,36467200,37310133,4411100,2804800,1666500,21681800,1731500,3892400,1507800.0
2007-07-02,25200.0,8083500.0,689600.0,247700.0,1109070.0,15304600.0,32160000,18315064,3608300,3356000,4223600,9469000,1264200,2482800,523200.0
2007-07-03,12600.0,4308800.0,676000.0,516100.0,388500.0,9486000.0,10600800,18100132,1674400,3113000,1070800,10809000,671800,3641600,571400.0
2007-07-05,42100.0,12112800.0,1125200.0,22100.0,1060785.0,11887200.0,33578600,24871247,1979200,6720400,2972900,19362600,3255600,6692600,493000.0
2007-07-06,122600.0,7472400.0,476800.0,354600.0,829335.0,12907000.0,23052400,16083138,1566500,5459600,655400,12849600,977800,4295400,1049000.0
2007-07-09,43500.0,4636000.0,555600.0,714800.0,853800.0,20077600.0,38314400,19663255,2363400,2021000,1885900,7130200,1264800,2917200,3465600.0
2007-07-10,26200.0,5713300.0,1573600.0,681700.0,938235.0,17421600.0,58750800,52127187,2392000,4268400,1853600,12918000,1916700,9010800,3634400.0
2007-07-11,53800.0,7719300.0,1577200.0,769000.0,1227450.0,23483200.0,55289800,55021761,3833200,2182800,1142700,13168000,1717900,5010000,3776400.0
2007-07-12,27900.0,4041300.0,1658000.0,830800.0,1460205.0,35419800.0,62177400,40793370,3015000,2575800,1291000,14501400,863600,3846000,2870600.0
2007-07-13,16100.0,2977000.0,684400.0,270300.0,1009215.0,29776600.0,50968000,26303516,3053200,3357000,1355600,13498800,1806700,3988600,906000.0
2007-07-16,94800.0,5520700.0,3834800.0,276300.0,1129020.0,13311200.0,52113000,29971649,2413700,2787200,700700,17067400,1388300,2074800,2723200.0
2007-07-17,20400.0,3650200.0,1794400.0,202600.0,1557780.0,41295600.0,49148800,34954984,4281800,2627200,1364200,14782000,1450300,3545600,2626000.0
2007-07-18,18600.0,6536600.0,4474000.0,2686800.0,1609095.0,31028400.0,74638400,62410223,4158300,3069800,693700,17107800,2247200,3318200,4565600.0
2007-07-19,39300.0,3561700.0,1550000.0,3302900.0,1529085.0,20256200.0,37691800,40433180,4174700,6020800,1249500,20502400,1332600,2653400,1326000.0
2007-07-20,29200.0,7447100.0,1666800.0,1049300.0,2136915.0,31002200.0,40165600,86443405,4509400,3146600,1204400,15927000,2122400,7011000,2349600.0
2007-07-23,20000.0,6250800.0,1157200.0,596200.0,2071515.0,20891200.0,30433600,44589774,1963600,2205400,1333100,9559800,1916100,3347000,1108200.0
2007-07-24,50100.0,10142100.0,1412000.0,1074900.0,1745850.0,32540800.0,50225400,94807681,7209600,3476000,2000500,20030600,2853300,9405200,2302200.0
2007-07-25,29800.0,10703200.0,5747600.0,1694200.0,1481520.0,27098000.0,65361000,91805026,8328900,8055400,1806400,26054400,2130400,9219200,1853800.0
2007-07-26,21600.0,13133900.0,3079200.0,1455000.0,1672425.0,34758000.0,79532200,105488206,8378000,5945600,2815100,36789200,3470400,13686800,6363000.0
2007-07-27,16200.0,11585600.0,2243200.0,1036800.0,1777065.0,32520600.0,85094800,95817101,7651900,4116800,3511200,25293600,3411600,11721200,5348400.0
2007-07-30,16200.0,10038500.0,1809600.0,950200.0,1714800.0,24711200.0,64797800,103138720,6668400,3211000,1047900,23906400,2987900,7006800,5433000.0
2007-07-31,23400.0,10768500.0,3543600.0,1763700.0,1576950.0,29506000.0,45528200,121875278,9482400,5476800,3203400,28249800,2694200,6688400,7779000.0
2007-08-01,53100.0,15366900.0,5659600.0,1266200.0,2458965.0,42847800.0,86169000,123089167,9594300,19142200,1454300,32873200,4001600,10044400,4430400.0
2007-08-02,15400.0,12030800.0,3546400.0,980200.0,2214795.0,23504600.0,68290800,81025282,7948200,10085800,1618700,18611200,2384900,10718400,1779800.0
2007-08-03,32800.0,7893500.0,6032800.0,884600.0,1788345.0,25491200.0,68139400,165871095,5419400,5316000,4452800,28384600,4094700,9537400,6984600.0
2007-08-06,88500.0,10519300.0,4766400.0,2283600.0,2257485.0,40598800.0,109071600,141115193,6596400,4985000,3826700,21913400,3419300,9800800,6146000.0
2007-08-07,35500.0,12526200.0,5381600.0,3315700.0,1785135.0,23738400.0,62339200,122980347,5377800,5314000,3275100,15354400,1435200,9487800,6768200.0
2007-08-08,55000.0,11235800.0,4751600.0,4299800.0,2117790.0,36286200.0,60435200,134714239,7208400,10562600,4770200,24928400,2436400,12134600,8537000.0
2007-08-09,44400.0,12288000.0,4982000.0,1644800.0,1655910.0,37280000.0,65071200,124364360,9365300,7373200,1764900,24525600,2228400,7957600,5257600.0
2007-08-10,17900.0,8758800.0,2872000.0,2019900.0,1536510.0,37286800.0,55367600,94954662,15654300,9740800,2941300,25061800,2373300,11018400,6012200.0
2007-08-13,46600.0,6265500.0,953200.0,1375000.0,1204650.0,17864000.0,39376800,70957671,6220100,5321800,1353100,15341200,2071000,9877800,2758800.0
2007-08-14,36200.0,7102100.0,3852400.0,516600.0,1541400.0,20952400.0,40611000,87599807,4621200,3041400,1639400,13579400,1358700,9503200,3303400.0
2007-08-15,116200.0,10620700.0,3568000.0,1281800.0,1931895.0,30875400.0,52163800,100465603,7857900,6147200,1755700,16452600,2001100,9235000,5500000.0
2007-08-16,881300.0,13364600.0,5766800.0,6803200.0,2973435.0,46285400.0,84094800,201536366,14361500,8078800,2661200,36094400,3455600,14444600,2972800.0
2007-08-17,59400.0,14077300.0,6814000.0,2345100.0,1776270.0,36573000.0,61897400,217975263,11701500,8014800,4028900,37989400,1859200,11844400,5891400.0
2007-08-20,31600.0,8527900.0,2553200.0,1889300.0,1746045.0,23055400.0,65976200,108917403,11070500,4386400,1448700,14353000,1554900,11854400,2105400.0
2007-08-21,14900.0,7303500.0,2526800.0,1969300.0,1356405.0,18159400.0,40832600,58665521,4968200,5712800,558100,13883200,1559200,5679200,1297000.0
2007-08-22,25900.0,6307600.0,2066400.0,2459900.0,1326750.0,20066800.0,36239000,86213085,4456300,3990400,2922400,11637200,2742800,8271000,2335000.0
2007-08-23,19300.0,8610300.0,3548800.0,1189700.0,1019640.0,26994200.0,35967000,63120017,3297300,3812600,1035200,26340200,6065200,3795200,1916200.0
2007-08-24,9200.0,3553600.0,1633200.0,3961400.0,1005195.0,14509400.0,31269000,43523236,4095000,5134800,1351700,12040000,4721600,5526400,3188600.0
2007-08-27,9400.0,5462800.0,1632400.0,1824700.0,800685.0,14320800.0,21383400,24216232,3444800,2937600,1260800,54412200,741500,3659600,1478200.0
2007-08-28,5500.0,5436400.0,1285200.0,896900.0,993450.0,25098800.0,39279000,76694378,4981900,5599200,2099100,22988200,1447900,5259800,1586600.0
2007-08-29,8300.0,4140500.0,864800.0,1124800.0,1098825.0,18946200.0,54728000,61839654,3397500,6544400,1167800,10766200,1300100,3746000,2081200.0
2007-08-30,8900.0,3118100.0,3823200.0,1330700.0,740010.0,26827200.0,33744400,58436186,2472300,8625200,1027300,10056000,1152300,3459000,2275000.0
2007-08-31,11900.0,6399400.0,2277600.0,1362800.0,911535.0,20448200.0,26635400,68156531,4389100,9307200,1578700,11073800,1085200,6452600,1083600.0
2007-09-04,182000.0,3887200.0,2754800.0,1701300.0,1312365.0,23563600.0,31791600,45012131,5069600,8888800,1787300,9258000,896400,6038600,1920000.0
2007-09-05,23600.0,5730700.0,3090400.0,818600.0,1167270.0,19393400.0,32728600,55575588,2298500,4926000,1866800,13255600,868200,8725800,2300600.0
2007-09-06,16500.0,5387900.0,706800.0,1308300.0,1328805.0,14352400.0,36015000,39227662,3230200,4577600,1298300,9554000,2101200,3451200,855600.0
2007-09-07,125900.0,8411700.0,2365600.0,1405400.0,1065900.0,25443600.0,40178600,92815307,6721600,9476000,4722100,11090800,2286100,17765200,9476800.0
2007-09-10,60500.0,6194400.0,2719600.0,563000.0,1425195.0,21717400.0,61778000,73733576,5932500,7000200,5018500,9491600,1057700,11944000,2401600.0
2007-09-11,52800.0,4301600.0,1551200.0,1002800.0,1552635.0,20132400.0,54152400,62354089,4543200,4962400,3407600,10580400,864300,6486000,3890400.0
2007-09-12,6300.0,3256800.0,1844000.0,348900.0,1192980.0,19320400.0,48045600,40071266,3671400,5573400,2135800,6792600,1213100,2349800,2084600.0
2007-09-13,8700.0,6219800.0,1628400.0,243500.0,777045.0,19669400.0,30474800,67115967,3566100,3670800,2333000,8636000,889500,5622200,3625200.0
2007-09-14,15500.0,4478400.0,819600.0,1853700.0,676275.0,12131800.0,28053400,37334014,2426700,5792600,2344400,7779600,1140200,7986600,1545000.0
2007-09-17,18800.0,3207100.0,609600.0,156200.0,854430.0,10125800.0,26959800,50504853,2308200,1858600,603300,5232400,2763000,3090600,2202200.0
2007-09-18,20200.0,7774200.0,5625200.0,1810900.0,1303560.0,17530800.0,37287000,170892836,5280900,6788000,1828300,10630000,2328700,8894800,4892400.0
2007-09-19,30300.0,8303600.0,2390000.0,4041500.0,1780890.0,18245600.0,38740600,92064397,3263700,4144600,3788300,14020000,1623600,10952800,5111800.0
2007-09-20,12000.0,7069600.0,6400400.0,493600.0,958170.0,14040000.0,32586000,79679183,7924500,3706800,1412200,7418000,1046300,5940400,3613200.0
2007-09-21,26700.0,3712100.0,1356400.0,381200.0,1175790.0,8601600.0,24444400,66584544,2176200,7054000,2317300,8169200,1371400,4722000,3965200.0
2007-09-24,9900.0,4217700.0,3956000.0,1067900.0,1136055.0,13718600.0,35679600,60979432,4150100,12531000,951200,8082400,1385100,5671600,4673600.0
2007-09-25,36000.0,4280500.0,1052400.0,1518200.0,1030890.0,13339800.0,34937800,44182190,10901000,5934000,6076300,8202000,1824300,16770200,7425000.0
2007-09-26,14800.0,4204000.0,3892800.0,1352600.0,1439130.0,14736600.0,41332000,65135164,7758200,7763600,2808800,9764400,751700,13297600,2574000.0
2007-09-27,38600.0,3161200.0,2240800.0,421700.0,877230.0,12898400.0,25186200,44072139,3595800,5407600,1408500,10945200,822600,6220600,3609800.0
2007-09-28,23500.0,5388900.0,2232400.0,1284200.0,1083675.0,16506600.0,34826000,37877378,3124700,5307200,825300,7080200,1069200,4967000,3415200.0
2007-10-01,33600.0,4408400.0,3743600.0,940100.0,1028805.0,18960200.0,38886800,61713354,8254500,20283200,5794400,11402400,8322000,6250400,2572200.0
2007-10-02,55300.0,3089000.0,823200.0,371000.0,1071210.0,11891400.0,43783000,36303175,1351600,7112400,2038300,4999000,2193700,9103600,1024200.0
2007-10-03,4800.0,4040700.0,3226800.0,660400.0,879270.0,26509800.0,43850800,52086564,3975500,4107400,6854900,10759400,1216700,15047200,3810600.0
2007-10-04,10400.0,2941100.0,1714400.0,204800.0,1066785.0,13697600.0,31124600,37413783,3475100,10153000,5732400,7332200,1037800,8029200,1351800.0
2007-10-05,54900.0,5803600.0,3587200.0,698600.0,984825.0,16470400.0,32311200,48745754,2919900,3861400,3707600,9970600,1831200,11743000,5210400.0
2007-10-08,7500.0,3051900.0,1222000.0,279500.0,968580.0,7356200.0,26189000,25838567,849600,1730200,2909100,5835200,783600,5501800,1612600.0
2007-10-09,56400.0,3913300.0,3479200.0,413000.0,914100.0,14250000.0,35899200,39621212,1840900,5415000,4467400,8175600,473500,7098600,5166400.0
2007-10-10,14600.0,5401300.0,1564800.0,1187200.0,1648710.0,18766200.0,43909800,40195843,1855000,3587400,2556900,5832000,1435100,4303600,2681200.0
2007-10-11,30200.0,5640000.0,2933200.0,717300.0,2107200.0,31375000.0,64721400,77485418,5550500,9814000,6015200,11032800,4141900,10834200,9570000.0
2007-10-12,14000.0,2955600.0,1278400.0,1190700.0,948375.0,13912400.0,27868600,41217081,4771000,4375000,3744700,7765200,1450300,6294400,2343000.0
2007-10-15,56000.0,5012100.0,4257600.0,1640400.0,1073985.0,15376800.0,37512800,94871077,5630200,10147000,3811300,10624800,2198300,5893000,4510800.0
2007-10-16,10600.0,4397000.0,4242000.0,2015600.0,946110.0,23271400.0,40045600,83487897,4872900,11204400,3147400,9074400,3103000,6700200,2935200.0
2007-10-17,57200.0,6046100.0,3954000.0,3076800.0,1181055.0,27334000.0,46440800,91551809,7526300,13161600,7207900,10155000,2439900,9819600,2023000.0
2007-10-18,25900.0,4759100.0,4840000.0,2645100.0,1202940.0,16024400.0,42443800,88868475,3888600,4794200,12642300,5874600,1320500,9970200,3462200.0
2007-10-19,22100.0,6097700.0,3852000.0,1668500.0,2637525.0,17556400.0,66866800,110383770,5618700,6091800,7279600,12966000,1611200,15145400,4889600.0
2007-10-22,133300.0,7985800.0,3399200.0,5975300.0,1904895.0,15290400.0,62531000,80609696,9143100,6714200,1933100,8822800,1972000,6265000,3370800.0
2007-10-23,25100.0,6291100.0,2324800.0,1024300.0,1596030.0,33628800.0,42582400,60804137,5009200,12859800,1506200,7211600,2164500,10475400,4734400.0
2007-10-24,49900.0,5315100.0,3962800.0,2120100.0,1663305.0,39520400.0,46342600,128715083,7285900,11222600,2160100,10129400,3290700,12349600,5964400.0
2007-10-25,49000.0,7166400.0,3712400.0,1521000.0,1304700.0,36550400.0,40123200,96815442,7023600,6276400,2888900,10816200,2067400,9025400,6541000.0
2007-10-26,20000.0,3895100.0,4892400.0,2113600.0,1003410.0,23933200.0,31556000,97460117,4185100,5234200,1332300,9860600,920400,7117600,2958800.0
2007-10-29,13300.0,2944500.0,2973200.0,1712800.0,769905.0,15071200.0,19328800,46984685,2597100,5021400,1526300,5461400,839400,4356800,5284800.0
2007-10-30,71700.0,3565400.0,3040000.0,2366600.0,1363950.0,16643000.0,49539800,35125231,2207300,5465200,1542000,7014200,1220700,3921400,1789600.0
2007-10-31,17500.0,5673500.0,4255200.0,3178300.0,1582260.0,20678600.0,58567800,104572465,5443400,7755000,2189400,11509600,1654600,7409800,4393000.0
2007-11-01,23500.0,8936900.0,4111200.0,1383000.0,1537485.0,22910200.0,44493000,112372574,6016400,14404600,2617800,12996800,2415500,7494000,8304000.0
2007-11-02,65200.0,9155900.0,2818000.0,2836100.0,1311525.0,16528800.0,56069200,196502191,6475400,10665200,2537000,12822800,2411100,8737600,3644800.0
2007-11-05,65600.0,6723000.0,3008400.0,1567600.0,815640.0,16576800.0,47670600,124899599,7972100,9410200,1753700,20123400,2653000,7736400,6860600.0
2007-11-06,4000.0,6195200.0,1748000.0,1255900.0,880920.0,16282000.0,36266200,101354877,4168900,6754000,1129500,9859800,1337400,4781200,5290600.0
2007-11-07,25200.0,7029000.0,3771600.0,1865700.0,1495815.0,20108600.0,59806600,125349037,10259700,11670800,2671300,21120000,2126000,10409000,15886400.0
2007-11-08,42600.0,9324000.0,6437200.0,3284900.0,1380810.0,30099600.0,74325400,146019004,8635800,28626600,3227300,16941000,3631800,11425600,9223400.0
2007-11-09,59300.0,7891800.0,2602400.0,3238500.0,913035.0,25290600.0,56925800,165222358,5710900,12801200,2385800,11569200,3258800,9484800,17583600.0
2007-11-12,20000.0,5978700.0,5607600.0,1997100.0,1972125.0,21190200.0,63528400,134098862,5374200,14523800,2307100,16557200,2366000,7027400,19087200.0
2007-11-13,62500.0,7518200.0,3629600.0,2119100.0,1556955.0,15277400.0,56002800,161815812,4289600,8956000,1602400,11647800,3230200,6772000,11355600.0
2007-11-14,32100.0,6177900.0,4174000.0,2124300.0,915615.0,19020400.0,44226400,118725765,5033000,12157600,2915100,7871200,2512500,7855800,9197400.0
2007-11-15,15000.0,7255200.0,3613600.0,3344100.0,1617450.0,21651600.0,58108600,134429139,3506800,7741400,4579100,11841800,2426000,5805800,9392800.0
2007-11-16,47600.0,9041400.0,4798800.0,2969500.0,1267845.0,19621000.0,50881800,100659855,7695300,6969600,1555800,8805400,2116400,11178600,5984600.0
2007-11-19,18300.0,6026100.0,3426000.0,3764200.0,1101750.0,18388600.0,35531000,168176266,7974300,9532400,2718600,7318600,1725100,10551600,9159000.0
2007-11-20,48200.0,9575200.0,2662000.0,2176200.0,1209285.0,21221800.0,56381200,179939948,7125500,10510400,3525100,15486800,3843100,7092200,11229200.0
2007-11-21,18900.0,8551100.0,2918000.0,3276100.0,1197645.0,20491600.0,39537400,134808533,4936700,12597600,3356900,11251800,2262600,7003400,7799000.0
2007-11-23,6600.0,2247200.0,483600.0,1081700.0,417885.0,8111200.0,13740200,88425684,1069100,1764200,686700,2328800,1331200,3247200,3537800.0
2007-11-26,109300.0,8136200.0,3473200.0,1595100.0,1349565.0,16513000.0,50628600,127731884,3644400,5631200,2987300,11085400,2070800,16893600,8125200.0
2007-11-27,8600.0,8787300.0,4453600.0,3763100.0,1412505.0,22698400.0,57528000,122877928,6404300,6741000,2612400,12500000,2117100,7271200,4141200.0
2007-11-28,18400.0,8215500.0,3509200.0,2195600.0,1134510.0,29250400.0,45945800,205239337,5381200,8484600,4534000,9764000,1808900,7939000,10518600.0
2007-11-29,3000.0,6977200.0,2375600.0,1414900.0,1081860.0,15292800.0,39496800,107091214,3274500,9349400,2780900,7344000,5502200,6007000,6662400.0
2007-11-30,24600.0,8206000.0,3517600.0,3156400.0,923130.0,17042200.0,34133800,144984226,6791800,7207600,2794800,15875200,2469400,6983200,5073600.0
2007-12-03,43200.0,5246000.0,2857200.0,1838500.0,715515.0,9633000.0,39093200,72568927,3348700,5349400,5158900,7099600,1649900,4839800,4177200.0
2007-12-04,22900.0,6202200.0,2788800.0,696800.0,696240.0,11894000.0,29133400,75393703,3114000,3942800,2187800,15338200,1344500,5976000,6543000.0
2007-12-05,24000.0,8667700.0,2358000.0,1291400.0,940230.0,18378600.0,48980200,107066841,2815800,7732400,1632500,13597600,1904000,7529600,5860400.0
2007-12-06,13100.0,6237500.0,2833200.0,3609900.0,1062150.0,11343800.0,42270000,122098951,2220100,4544000,3177400,8212800,2719100,5234800,13203400.0
2007-12-07,11400.0,11116800.0,3807200.0,834900.0,607245.0,12063800.0,24755400,100382387,3432400,5594600,3010100,12234600,3442900,8197800,4855400.0
2007-12-10,22700.0,6097500.0,1902400.0,1436800.0,573390.0,15719200.0,22776400,97746201,2496100,5049200,980600,6041200,1115800,3517400,2366000.0
2007-12-11,137900.0,9826900.0,6264000.0,2047900.0,905970.0,20939600.0,40003600,168317584,8748500,7334000,3657200,12979000,2243700,8841600,6340000.0
2007-12-12,23700.0,9883300.0,5250800.0,1966300.0,802980.0,19764800.0,48037600,175881956,4597700,7625600,2379800,15409200,2767900,7165000,11904400.0
2007-12-13,27200.0,7341900.0,2439600.0,1485000.0,531825.0,13145400.0,30835600,167576892,3178300,5037600,3219400,9644000,2107400,6926200,3434200.0
2007-12-14,6500.0,7903000.0,1423200.0,1239600.0,711930.0,11258600.0,30176200,86534622,5105000,4215800,2749000,9793200,1130600,3812200,5249400.0
2007-12-17,14700.0,8478800.0,2821200.0,1430200.0,904395.0,15038600.0,54364400,85712684,5244200,3916800,2978300,8340000,1637800,5943400,4868200.0
2007-12-18,843600.0,8550200.0,3846800.0,2537900.0,652305.0,14592600.0,41742800,103492386,5743700,6774800,4009900,8003200,2168500,7779400,8610200.0
2007-12-19,82500.0,6107100.0,2453600.0,1335900.0,744210.0,12649200.0,33666200,135631334,3489600,3816600,1922700,6876800,1663100,6263400,3042400.0
2007-12-20,19100.0,6199200.0,2025200.0,1808100.0,686940.0,12838000.0,26022400,120949197,3717500,3856200,1720800,8566000,2094600,4704800,7017200.0
2007-12-21,11000.0,5328100.0,906800.0,1447400.0,695025.0,9565600.0,33735800,76997942,2760800,6097600,2275200,9957600,2064100,10097600,5908400.0
2007-12-24,11100.0,4013400.0,280000.0,2588600.0,192645.0,4666800.0,38001600,53981935,891200,1674200,882300,4431800,510300,2404600,2095200.0
2007-12-26,29100.0,4928200.0,1500800.0,937000.0,359370.0,6775200.0,27990600,29007653,2219400,4802600,1349100,3882200,1037000,3658800,6922200.0
2007-12-27,25300.0,5923400.0,2048000.0,1705600.0,624465.0,10122200.0,21799600,44473322,2491000,3367400,2449500,5911600,989100,5326800,2920400.0
2007-12-28,3100.0,6037000.0,2696800.0,860600.0,446025.0,8220000.0,20981400,39842546,1541400,2125400,725400,3126000,1060400,1319400,2114600.0
