Date,SPY
1996-01-03,0.0027654908981442627
1996-01-04,-0.009528600125067954
1996-01-05,-0.0020254783471921334
1996-01-08,0.0038055189146832813
1996-01-09,-0.017184808171334387
1996-01-10,-0.013113887879069641
1996-01-11,0.005992687514161821
1996-01-12,-0.00155409898397052
1996-01-15,-0.0020748597721236273
1996-01-16,0.012216828487607856
1996-01-17,-0.00308143577429143
1996-01-18,0.0033486462703089526
1996-01-19,0.006675468105791893
1996-01-22,0.00025501800062333047
1996-01-23,0.0022939481098898096
1996-01-24,0.008140659522644755
1996-01-25,-0.0035320015958201223
1996-01-26,0.008609549350047985
1996-01-29,0.0040168773027600135
1996-01-30,0.008502112167697362
1996-01-31,0.010414025616589218
1996-02-01,0.0036810116660173087
1996-02-02,-0.004156171398534969
1996-02-05,0.008102138916239676
1996-02-06,0.009498489636450724
1996-02-07,0.005789081929896245
1996-02-08,0.010794443136052934
1996-02-09,-0.0002372866577896593
1996-02-12,0.007595853199711122
1996-02-13,-0.002119790067687144
1996-02-14,-0.00873516705899069
1996-02-15,-0.006191784710174564
1996-02-16,-0.004073800354236656
1996-02-20,-0.009865015871760141
1996-02-21,0.012393256377850825
1996-02-22,0.015842641982591887
1996-02-23,-0.0028356194355739772
1996-02-26,-0.014218025633369269
1996-02-27,-0.003125262113897853
1996-02-28,-0.004581286544027896
1996-02-29,-0.009689700592482975
1996-03-01,0.01589971493473552
1996-03-04,0.005779615768317425
1996-03-05,0.00933634413680462
1996-03-06,-0.00877582996540649
1996-03-07,0.005024948211415525
1996-03-08,-0.03238050449152441
1996-03-11,0.011564298594390676
1996-03-12,-0.007783717445628224
1996-03-13,0.006864420911148583
1996-03-14,0.004382735482595157
1996-03-15,-0.0006722214522832948
1996-03-18,0.019249512767738564
1996-03-19,-0.0021516748328972435
1996-03-20,-0.0011981921346131408
1996-03-21,-0.0023984738804545547
1996-03-22,0.002644880865746879
1996-03-25,-0.0019180830943661409
1996-03-26,0.00480530781093802
1996-03-27,-0.009086607683423842
1996-03-28,0.0038611224220181928
1996-03-29,-0.004807421351591956
1996-04-01,0.011593566072405581
1996-04-02,0.0019106207397314723
1996-04-03,0.0
1996-04-04,-0.0007147751632305965
1996-04-08,-0.01717194871054739
1996-04-09,-0.0038824739211597015
1996-04-10,-0.01778328340261437
1996-04-11,-0.0012394770287784684
1996-04-12,0.012664065689474757
1996-04-15,0.00833746296749105
1996-04-16,0.002918501758812697
1996-04-17,-0.0024254373471513935
1996-04-18,0.0014593377075338143
1996-04-19,0.0024266989921974957
1996-04-22,0.007748223168403845
1996-04-23,0.0031231207376967163
1996-04-24,-0.003592441720581263
1996-04-25,0.00456752731806831
1996-04-26,0.00215304813947359
1996-04-29,0.0
1996-04-30,-0.0007158477275522879
1996-05-01,0.0021506459172728754
1996-05-02,-0.017168049402897734
1996-05-03,-0.0014552149653275226
1996-05-06,-0.0009718222253237707
1996-05-07,-0.004134560742598992
1996-05-08,0.012454979083996287
1996-05-09,-0.0007241844955238053
1996-05-10,0.00989636103679059
1996-05-13,0.015057242360481116
1996-05-14,0.00612228932598069
1996-05-15,-0.0011700480343068698
1996-05-16,0.0021089178714635004
1996-05-17,0.005377434482547461
1996-05-20,0.006744027823373022
1996-05-21,-0.0013858191626030525
1996-05-22,0.0094839154588362
1996-05-23,-0.004125239333357289
1996-05-24,0.003912135358584257
1996-05-28,-0.010085042667632438
1996-05-29,-0.006714647608184521
1996-05-30,0.005128805269925207
1996-05-31,-0.007421660644132966
1996-06-03,0.0028037533278317817
1996-06-04,0.00699007168248289
1996-06-05,0.008791701911830208
1996-06-06,-0.007338927104451609
1996-06-07,0.0
1996-06-10,-0.0032353339076928167
1996-06-11,-0.0009263652933311217
1996-06-12,-0.0018561573024961087
1996-06-13,0.0
1996-06-14,-0.004184595870777685
1996-06-17,-0.0007002837906747716
1996-06-18,-0.008175320559904664
1996-06-19,0.0044746290728698845
1996-06-20,-0.000703115533807086
1996-06-21,0.008600768911889656
1996-06-24,0.0018707643901036963
1996-06-25,-0.0011670682303581703
1996-06-26,-0.006777456531937509
1996-06-27,0.007058812488011101
1996-06-28,0.003504952741574474
1996-07-01,0.008614886186729453
1996-07-02,-0.0036937246986575856
1996-07-03,-0.0020856942423352898
1996-07-05,-0.025539532788900754
1996-07-08,-0.004050324648561698
1996-07-09,0.004066796494644587
1996-07-10,0.004050518601760311
1996-07-11,-0.020171083612609997
1996-07-12,0.0007267840167055617
1996-07-15,-0.029525421675294594
1996-07-16,0.0024933211169226865
1996-07-17,0.011940403078460227
1996-07-18,0.013766030803956442
1996-07-19,-0.007274578039635049
1996-07-22,-0.007327388231083587
1996-07-23,-0.012795498365748004
1996-07-24,0.0019937643758649592
1996-07-25,0.00895545417857413
1996-07-26,0.00542420136677757
1996-07-29,-0.011034601700382618
1996-07-30,0.009670261843171879
1996-07-31,0.00736737196182613
1996-08-01,0.016576703295307693
1996-08-02,0.02158260460984196
1996-08-05,-0.005868122733852177
1996-08-06,0.003069447179473217
1996-08-07,0.0025895201037762217
1996-08-08,-0.0016435246771436818
1996-08-09,-0.003292460594522928
1996-08-12,0.007314764501365811
1996-08-13,-0.007964405772439953
1996-08-14,0.003541714179283284
1996-08-15,-0.0018824968399201447
1996-08-16,0.008487069009355475
1996-08-19,0.0004671394066719792
1996-08-20,-0.0007003819340070105
1996-08-21,-0.003507314105024917
1996-08-22,0.009385215256310753
1996-08-23,-0.005346485587592542
1996-08-26,-0.0049074328779454834
1996-08-27,0.0037572492198405527
1996-08-28,-0.0016374708954903783
1996-08-29,-0.00984313349558441
1996-08-30,-0.010413694364524773
1996-09-03,0.0064569720481808535
1996-09-04,0.0009507881530828044
1996-09-05,-0.012108086671644425
1996-09-06,0.014179348213628096
1996-09-09,0.011848253697648303
1996-09-10,-0.0004679193127524739
1996-09-11,0.0056225238923173215
1996-09-12,0.006989926672625213
1996-09-13,0.015270623987358345
1996-09-16,0.0036465862947199223
1996-09-17,-0.002270442857887467
1996-09-18,-0.0025038466387218294
1996-09-19,0.0038787202758201467
1996-09-20,0.0035470981201934926
1996-09-23,-0.00022785776918943235
1996-09-24,-0.00022735652130134731
1996-09-25,0.0006835157163889161
1996-09-26,-0.00045579594865041706
1996-09-27,0.0009109934253768159
1996-09-30,-0.0009101642717092018
1996-10-01,0.005464485408570141
1996-10-02,0.006793896496602558
1996-10-03,-0.0008998372733546312
1996-10-04,0.013507527837808286
1996-10-07,0.001110715458516598
1996-10-08,-0.003994283048743608
1996-10-09,-0.007796805866885581
1996-10-10,-0.0020203618068614926
1996-10-11,0.012373816784686076
1996-10-14,0.001332568711783333
1996-10-15,-0.0013307953355573554
1996-10-16,0.004888364863774086
1996-10-17,0.0026535158256388858
1996-10-18,0.005293879717401362
1996-10-21,-0.001317122404699833
1996-10-22,-0.007029469562464419
1996-10-23,0.0033188775032566564
1996-10-24,-0.00859971591730957
1996-10-25,0.0008898301153996702
1996-10-28,-0.006667162776835989
1996-10-29,0.008053424983897939
1996-10-30,-0.0033289204139637096
1996-10-31,0.009574796896335114
1996-11-01,-0.003528419594356791
1996-11-04,0.006639615981002267
1996-11-05,0.0057172340140434486
1996-11-06,0.0192395113647299
1996-11-07,0.002358858478566761
1996-11-08,0.005563780799098472
1996-11-11,-0.0010634610767731312
1996-11-12,-0.0029832937104977697
1996-11-13,0.004487335561124128
1996-11-14,0.006594254137193278
1996-11-15,0.0012680068221471164
1996-11-18,0.0002115226425374317
1996-11-19,0.0071744415060646105
1996-11-20,0.0016756996822431258
1996-11-21,-0.00146386905401652
1996-11-22,0.00775035469270291
1996-11-25,0.012679235475195227
1996-11-26,-0.0032842129549671695
1996-11-27,-0.0018530243647437716
1996-11-29,0.003714098461453652
1996-12-02,0.00041058642111724275
1996-12-03,-0.017053850024493666
1996-12-04,0.0027178517747461495
1996-12-05,-0.0027104850780663714
1996-12-06,-0.005853242098381339
1996-12-09,0.014718196388775917
1996-12-10,-0.0047654867200948026
1996-12-11,-0.009160892404007304
1996-12-12,-0.016600387075760614
1996-12-13,0.0025645378406902175
1996-12-16,-0.012787904113459647
1996-12-17,0.007988127738359774
1996-12-18,0.007924996691377473
1996-12-19,0.020611336036917338
1996-12-20,0.002194091944803578
1996-12-23,-0.0025045796296994105
1996-12-24,0.00732455357304751
1996-12-26,0.007688473936504625
1996-12-27,0.0012366718182890146
1996-12-30,-0.008649163657497683
1996-12-31,-0.01828008561152228
1997-01-02,0.002539178169462364
1997-01-03,0.014351893232902313
1997-01-06,-0.008738981217113806
1997-01-07,0.012174928611018876
1997-01-08,-0.00871039871324486
1997-01-09,0.00836805728250356
1997-01-10,0.010789025835995503
1997-01-13,-0.001436696288309891
1997-01-14,0.01253788960226565
1997-01-15,-0.0024355129759328076
1997-01-16,0.004069891299552708
1997-01-17,0.006080377472917231
1997-01-20,0.0012084337588029737
1997-01-21,0.008048312087288734
1997-01-22,0.007185881779155023
1997-01-23,-0.013872987832627581
1997-01-24,-0.012861582189687026
1997-01-27,-0.0028498308928067706
1997-01-28,0.0028579756400766154
1997-01-29,0.009771950363066217
1997-01-30,0.012903638292256492
1997-01-31,-0.0011949643868691684
1997-02-03,0.002989579832742617
1997-02-04,0.006159728785551488
1997-02-05,-0.018760250211996565
1997-02-06,0.0066410388548820976
1997-02-07,0.01359441900181646
1997-02-10,-0.00946686636510563
1997-02-11,0.011548889168824461
1997-02-12,0.01417309543824663
1997-02-13,0.010869629827070737
1997-02-14,-0.0023039454814915983
1997-02-18,0.008467075667349278
1997-02-19,-0.006678616661245362
1997-02-20,-0.012103420673296506
1997-02-21,0.00038891948559505174
1997-02-24,0.011858176890588545
1997-02-25,0.0007689663661403223
1997-02-26,-0.009790850707647292
1997-02-27,-0.014928241446720447
1997-02-28,-0.0029517165159403946
1997-03-03,0.006710576634899601
1997-03-04,-0.005490030623951148
1997-03-05,0.016956014463497038
1997-03-06,-0.00581663321017345
1997-03-07,0.008970358661119837
1997-03-10,0.010436819521127294
1997-03-11,-0.005355615538545466
1997-03-12,-0.008845764638995002
1997-03-13,-0.015522588577286833
1997-03-14,0.005124349271491413
1997-03-17,0.0027453313486232034
1997-03-18,-0.010754751189121947
1997-03-19,-0.003360649646479863
1997-03-20,-0.005156391604770105
1997-03-21,0.004629387517121719
1997-03-24,0.013944987844563661
1997-03-25,-0.009823488709513883
1997-03-26,0.004364770678502383
1997-03-27,-0.02647106869163618
1997-03-31,-0.021104046715965885
1997-04-01,0.006426377989185328
1997-04-02,-0.017920301191759913
1997-04-03,0.0054534623344291155
1997-04-04,0.012515700726095424
1997-04-07,0.0039141136084479555
1997-04-08,0.007182782738717863
1997-04-09,-0.008150375716012181
1997-04-10,-0.0036971231852980235
1997-04-11,-0.031753047048230565
1997-04-14,0.013415419406661133
1997-04-15,0.01702030606152083
1997-04-16,0.01157104672283471
1997-04-17,-0.004085257825534039
1997-04-18,0.004922287022711913
1997-04-21,-0.006531011614573923
1997-04-22,0.021980550110754615
1997-04-23,0.0010045320127407553
1997-04-24,-0.0050195542080661015
1997-04-25,-0.011503476950393776
1997-04-28,0.009799534633971652
1997-04-29,0.03154051159989035
1997-04-30,0.004704485236318945
1997-05-01,-0.00117110360010797
1997-05-02,0.017969195105531188
1997-05-05,0.023791210411938435
1997-05-06,-0.0007486556996230131
1997-05-07,-0.021756114938499826
1997-05-08,0.006901069914408753
1997-05-09,0.0068551472952502746
1997-05-12,0.01664178986081466
1997-05-13,-0.004092716878415725
1997-05-14,0.0018678209824829484
1997-05-15,0.006711709234100471
1997-05-16,-0.013704187955297598
1997-05-19,0.003004466453214727
1997-05-20,0.01197998814256862
1997-05-21,-0.0022200043794186053
1997-05-22,-0.003336001708037606
1997-05-23,0.00930043459870089
1997-05-27,0.004054263794136315
1997-05-28,-0.00018405300785573342
1997-05-29,-0.005873978301181637
1997-05-30,0.006463097659735517
1997-06-02,-0.004403277917219506
1997-06-03,-0.0033181740773022828
1997-06-04,-0.0011091465361233732
1997-06-05,0.003702523589311557
1997-06-06,0.01954994316080705
1997-06-09,0.0050652530005139695
1997-06-10,0.003059843669962925
1997-06-11,0.0023325392539188528
1997-06-12,0.01933397940178927
1997-06-13,0.0084295986391838
1997-06-16,0.00034834970115538155
1997-06-17,-0.001392214750767562
1997-06-18,-0.003487208785770246
1997-06-19,0.010322320765127513
1997-06-20,-0.003408052473623635
1997-06-23,-0.024245388650877442
1997-06-24,0.025385212013049552
1997-06-25,-0.006974202553924336
1997-06-26,-0.004915112399930699
1997-06-27,0.0038810652270100388
1997-06-30,-0.006678169395092026
1997-07-01,0.011676652955048716
1997-07-02,0.016440252479202
1997-07-03,0.01376428954287845
1997-07-07,-0.010183682383066217
1997-07-08,0.010459449962719525
1997-07-09,-0.011029500072262555
1997-07-10,0.004460604726683526
1997-07-11,0.0034162334303458053
1997-07-14,0.0030651293006973557
1997-07-15,0.005092418032286217
1997-07-16,0.01317054314598276
1997-07-17,-0.005000154276384783
1997-07-18,-0.021272954763023155
1997-07-21,0.0001708765226537956
1997-07-22,0.02652334648933019
1997-07-23,-0.0008336312174661575
1997-07-24,0.004671482596012355
1997-07-25,-0.0006645172111152675
1997-07-28,-0.0006638960038005681
1997-07-29,0.0033250761042242782
1997-07-30,0.011931226715175658
1997-07-31,-0.0009814272087743658
1997-08-01,-0.003934416085444092
1997-08-04,0.0026328000411171004
1997-08-05,0.0006564880606074741
1997-08-06,0.008202488085428783
1997-08-07,-0.007484319161103592
1997-08-08,-0.02032777274175024
1997-08-11,0.00736214027509785
1997-08-12,-0.015946877792367475
1997-08-13,-0.003038312681482691
1997-08-14,0.0037252091101378504
1997-08-15,-0.03070196295307759
1997-08-18,0.022275808059095237
1997-08-19,0.011576873834953982
1997-08-20,0.015147091173452809
1997-08-21,-0.01757328360811028
1997-08-22,-0.00033784360506317057
1997-08-25,-0.0037132157894523843
1997-08-26,-0.014740813743648773
1997-08-27,0.006018621088855536
1997-08-28,-0.015213465884787558
1997-08-29,0.003992486022342812
1997-09-02,0.032503423010233234
1997-09-03,-0.005358370396566947
1997-09-04,0.006397100167944814
1997-09-05,-0.002843581354031177
1997-09-08,0.004361819157499225
1997-09-09,0.0005011679001960534
1997-09-10,-0.02070113674215801
1997-09-11,-0.005114715220072785
1997-09-12,0.0161070135818997
1997-09-15,-0.001685988487619694
1997-09-16,0.024999755157977033
1997-09-17,0.0
1997-09-18,0.004285037070697273
1997-09-19,0.001691465954219984
1997-09-22,0.005590379660437517
1997-09-23,-0.004578435683228244
1997-09-24,-0.008212957097105122
1997-09-25,-0.006956010761973053
1997-09-26,0.00833910721561204
1997-09-29,0.009593609400080583
1997-09-30,-0.010485240052414802
1997-10-01,0.013244788497209559
1997-10-02,0.005556385175525813
1997-10-03,0.005036789329702529
1997-10-06,0.006628815327280435
1997-10-07,0.009315480086906414
1997-10-08,-0.007001897303435256
1997-10-09,-0.003525379405407425
1997-10-10,-0.0028951592529801173
1997-10-13,0.0009678980169753881
1997-10-14,0.00032244908780554304
1997-10-15,-0.002255132558746653
1997-10-16,-0.015822057966102032
1997-10-17,-0.010170086790604937
1997-10-20,0.014252218237211345
1997-10-21,0.019444939540233186
1997-10-22,-0.006572589180610211
1997-10-23,-0.01968277169338517
1997-10-24,-0.00987512645602695
1997-10-27,-0.0724733357438112
1997-10-28,0.057706085794439144
1997-10-29,-0.002711111141111555
1997-10-30,-0.022086611012840707
1997-10-31,0.023627936361775737
1997-11-03,0.021045488525363476
1997-11-04,0.0
1997-11-05,0.003324671506164556
1997-11-06,-0.0038107193973708764
1997-11-07,-0.010809960956613018
1997-11-10,-0.006052155746008148
1997-11-11,0.0003375406755381505
1997-11-12,-0.020628234908319443
1997-11-13,0.014502545726575944
1997-11-14,0.01361438389697378
1997-11-17,0.01846900327957024
1997-11-18,-0.006264644123659124
1997-11-19,0.004977047896229436
1997-11-20,0.015186604590085917
1997-11-21,0.006828357720695344
1997-11-24,-0.01808698263806141
1997-11-25,0.0026310845796650995
1997-11-26,0.002953035906644974
1997-11-28,0.0009812515724036963
1997-12-01,0.025816985082333543
1997-12-02,-0.006053032986066298
1997-12-03,0.0028855911656742173
1997-12-04,-0.0009593083659786839
1997-12-05,0.012795604800905469
1997-12-08,-0.0028426582582553594
1997-12-09,-0.006018015937539589
1997-12-10,-0.008604446274882105
1997-12-11,-0.01703618264728146
1997-12-12,0.0019619913039230497
1997-12-15,0.01011743045546476
1997-12-16,0.00613902047916981
1997-12-17,-0.005138208698589164
1997-12-18,-0.009683682198841304
1997-12-19,-0.007474573510144689
1997-12-22,0.0064299155364233584
1997-12-23,-0.0178550455150851
1997-12-24,-0.003001373158662668
1997-12-26,0.004014851578801659
1997-12-29,0.019660245059534676
1997-12-30,0.01568626332197387
1997-12-31,-0.0006437980985325442
1998-01-02,0.005151594747771382
1998-01-05,0.0022419497018539847
1998-01-06,-0.015979073583912484
1998-01-07,0.0025982222208476013
1998-01-08,-0.008746572484147341
1998-01-09,-0.03464090881357684
1998-01-12,0.018279822014839908
1998-01-13,0.013963625579858086
1998-01-14,0.004589488554218146
1998-01-15,-0.008322308432046954
1998-01-16,0.0143165169277919
1998-01-20,0.016223396721986916
1998-01-21,-0.009578538600265807
1998-01-22,-0.008865397695343225
1998-01-23,-0.0014634745394601634
1998-01-26,-0.0006515084900002854
1998-01-27,0.010103833349285107
1998-01-28,0.009035129086900406
1998-01-29,0.005437165407768063
1998-01-30,0.0006358584135912615
1998-02-02,0.016529318089240075
1998-02-03,0.0075042500942708035
1998-02-04,-0.0012413002604834134
1998-02-05,-0.0006217297762876051
1998-02-06,0.01119347115687086
1998-02-09,-0.0033810805669438615
1998-02-10,0.009563396836279825
1998-02-11,-0.0009166584805917477
1998-02-12,0.004283545890118701
1998-02-13,-0.005787798062232841
1998-02-17,0.004902647906433133
1998-02-18,0.009145847956697262
1998-02-19,-0.005286951159329534
1998-02-20,0.0074407227004622545
1998-02-23,0.003919791537815298
1998-02-24,-0.007808198969385227
1998-02-25,0.012408845955888204
1998-02-26,0.00568040609850029
1998-02-27,0.0
1998-03-02,-0.002080786660034306
1998-03-03,0.005659153162505204
1998-03-04,-0.0065161388979687596
1998-03-05,-0.009242328859356608
1998-03-06,0.020162243947705605
1998-03-09,-0.0035392367043053374
1998-03-10,0.009472269506953568
1998-03-11,0.004692391969032261
1998-03-12,0.004085798052748224
1998-03-13,-0.0037783687667153343
1998-03-16,0.01079659994465243
1998-03-17,0.0028866245806067337
1998-03-18,0.0037420734657624966
1998-03-19,0.0025810429388999356
1998-03-20,0.008610460540459108
1998-03-23,-0.0022750204420984854
1998-03-24,0.008551569402532655
1998-03-25,-0.003674031990650528
1998-03-26,-0.0005679762635311114
1998-03-27,-0.004257188786359167
1998-03-30,-0.0005703903671816501
1998-03-31,0.0034224896823662476
1998-04-01,0.008101560128429108
1998-04-02,0.010855770828119837
1998-04-03,0.005020605463673444
1998-04-06,-0.008048473800097766
1998-04-07,-0.0067154075637290145
1998-04-08,-0.00563385901676583
1998-04-09,0.007932113323206424
1998-04-13,-0.0028099840061778236
1998-04-14,0.008454710484742112
1998-04-15,0.002795493901369017
1998-04-16,-0.011706160290761658
1998-04-17,0.013254452686005891
1998-04-20,-0.0002780629069698559
1998-04-21,0.004732790388882968
1998-04-22,0.0027702741297421785
1998-04-23,-0.009671141183945076
1998-04-24,-0.010602531637743717
1998-04-27,-0.01889444351830094
1998-04-28,-0.0014367822628302829
1998-04-29,0.006908026953742485
1998-04-30,0.018582258658733197
1998-05-01,0.011226047797961547
1998-05-04,-0.0024980369977871675
1998-05-05,-0.006956136508233901
1998-05-06,-0.011767048384266121
1998-05-07,-0.00793941583238722
1998-05-08,0.01629065072023872
1998-05-11,-0.0033739211980992057
1998-05-12,0.01072207664147884
1998-05-13,0.0025121279044477696
1998-05-14,-0.005012657530473086
1998-05-15,-0.005597703333683257
1998-05-18,-0.00393982616566646
1998-05-19,0.0067814851312681945
1998-05-20,0.009542401598425565
1998-05-21,-0.006394164466912655
1998-05-22,-0.003917007402359007
1998-05-26,-0.016011616844201826
1998-05-27,0.001427616328027126
1998-05-28,0.004560754300373393
1998-05-29,-0.009931966082858512
1998-06-01,0.004586159234533316
1998-06-02,0.0008559227551727666
1998-06-03,-0.01596371157760479
1998-06-04,0.01853988491489189
1998-06-05,0.01934003700621889
1998-06-08,-0.00111559692826102
1998-06-09,0.0030724507743629115
1998-06-10,-0.006405068521451729
1998-06-11,-0.018777942211223864
1998-06-12,0.009425683178376554
1998-06-15,-0.026315768849020316
1998-06-16,0.015403050690137698
1998-06-17,0.02089252936166419
1998-06-18,-0.004485761901761642
1998-06-19,-0.005010067937827101
1998-06-22,0.004826550360902182
1998-06-23,0.011867934443111405
1998-06-24,0.013403784846866662
1998-06-25,-0.0016528913044635551
1998-06-26,0.004140158349353884
1998-06-29,0.003573306891216488
1998-06-30,-0.006847525902520912
1998-07-01,0.011583507582688668
1998-07-02,0.0019083343575563294
1998-07-06,0.01006731433821173
1998-07-07,-0.0018858217190814708
1998-07-08,0.0072877790190570835
1998-07-09,-0.006698483786500731
1998-07-10,0.005395158922951504
1998-07-13,0.00026848498484222105
1998-07-14,0.01126519609113763
1998-07-15,-0.001856495463852914
1998-07-16,0.006909532924965767
1998-07-17,0.0013198344289100383
1998-07-20,0.0
1998-07-21,-0.01739564892542378
1998-07-22,0.0
1998-07-23,-0.01984964856104965
1998-07-24,-0.0008215461626152054
1998-07-27,0.0071212756956420264
1998-07-28,-0.016861486458582653
1998-07-29,-0.003872954184535149
1998-07-30,0.014995961602031427
1998-07-31,-0.02134120317448296
1998-08-03,-0.004193072999739256
1998-08-04,-0.03874242634629388
1998-08-05,0.013726953370864603
1998-08-06,0.004321349105441241
1998-08-07,0.001721034272466726
1998-08-10,-0.005726999974360436
1998-08-11,-0.014977398660902863
1998-08-12,0.016959725538850723
1998-08-13,-0.012076306096692302
1998-08-14,-0.011641593742172773
1998-08-17,0.021201481143205525
1998-08-18,0.018455066974666146
1998-08-19,-0.0025487659188990763
1998-08-20,-0.005960189868046695
1998-08-21,-0.007995732785995857
1998-08-24,0.00633240643479227
1998-08-25,0.002288562389076265
1998-08-26,-0.005707610417373887
1998-08-27,-0.047072404610684515
1998-08-28,-0.003614349335740674
1998-08-31,-0.07134221752182468
1998-09-01,0.04231734367847162
1998-09-02,-0.007183140741432337
1998-09-03,-0.007863963103406202
1998-09-04,-0.008243306986964849
1998-09-08,0.053708784800198694
1998-09-09,-0.02427226610616584
1998-09-10,-0.019900005414692168
1998-09-11,0.03236014296221912
1998-09-14,0.017209332628290275
1998-09-15,0.0060420163521115455
1998-09-16,0.009009601231633635
1998-09-17,-0.028571447017943896
1998-09-18,0.0044542034403844966
1998-09-21,-0.0006125860200940636
1998-09-22,0.008269924559509256
1998-09-23,0.04009713571420903
1998-09-24,-0.024532700625361614
1998-09-25,-0.0011975706860302138
1998-09-28,0.00899296171237518
1998-09-29,-0.0023772239549538776
1998-09-30,-0.030374660924980756
1998-10-01,-0.02887015657056058
1998-10-02,0.01929231493795669
1998-10-05,-0.02016778295966659
1998-10-06,-0.0009499098503504833
1998-10-07,-0.014896963695510412
1998-10-08,-0.005470324551555827
1998-10-09,0.02005823765390291
1998-10-12,0.014589116080001352
1998-10-13,-0.0034381398366072347
1998-10-14,0.009410265998019307
1998-10-15,0.05376030342356075
1998-10-16,0.0002942812768029768
1998-10-19,0.0035383314606760585
1998-10-20,0.005875156277494353
1998-10-21,-0.0035045731287363102
1998-10-22,0.014947192384856978
1998-10-23,-0.012705611140815143
1998-10-26,0.007312071217053795
1998-10-27,-0.005807376948155363
1998-10-28,-0.0017518848085805727
1998-10-29,0.024282992993271524
1998-10-30,0.005426668575133187
1998-11-02,0.017045641063089034
1998-11-03,-0.007262527206207237
1998-11-04,0.010692148640373933
1998-11-05,0.013641336715537689
1998-11-06,0.003020981062142658
1998-11-09,-0.0071194541805605915
1998-11-10,-0.0027578362253055655
1998-11-11,-0.006636871882427786
1998-11-12,-0.0011137727813802512
1998-11-13,0.009755036352172342
1998-11-16,0.007452417975887027
1998-11-17,0.0
1998-11-18,0.006026847413941994
1998-11-19,0.008715529016138701
1998-11-20,0.0075586449149507295
1998-11-23,0.023579708511796804
1998-11-24,-0.0062823396189997105
1998-11-25,0.0
1998-11-27,0.007376285287322704
1998-11-30,-0.02824279296830634
1998-12-01,0.012916746300756454
1998-12-02,-0.0029222622482373284
1998-12-03,-0.016520120085777967
1998-12-04,0.026280221056271147
1998-12-07,0.004751868484117905
1998-12-08,-0.0044666852752736075
1998-12-09,0.0018476340854673978
1998-12-10,-0.014620766145084896
1998-12-11,0.002005140675071404
1998-12-14,-0.02881496574970055
1998-12-15,0.025823806452156317
1998-12-16,-0.0013391925331095456
1998-12-17,0.015956106898791234
1998-12-18,0.004249122797553184
1998-12-21,0.013977093681857733
1998-12-22,0.004421102949806244
1998-12-23,0.02097299889570947
1998-12-24,-0.004310826153424929
1998-12-28,-0.00254754521388878
1998-12-29,0.015832880265568505
1998-12-30,-0.008044261409298148
1998-12-31,0.0
1999-01-04,-0.0022809912826562417
1999-01-05,0.01142953799771651
1999-01-06,0.02410905107600536
1999-01-07,-0.004904604774328858
1999-01-08,0.007393360793091386
1999-01-11,-0.009540092382453125
1999-01-12,-0.018029660832473038
1999-01-13,-0.007042185525829359
1999-01-14,-0.017477157730601878
1999-01-15,0.026037308424156524
1999-01-19,0.006532946077678181
1999-01-20,0.007988135823928877
1999-01-21,-0.02649817531950094
1999-01-22,-0.002289495922255802
1999-01-25,0.010198177484284976
1999-01-26,0.018173164187105684
1999-01-27,-0.011651023014997097
1999-01-28,0.01680482039883824
1999-01-29,0.007647055242603784
1999-02-01,-0.005875572612050739
1999-02-02,-0.0061560831726684695
1999-02-03,0.010158400465883677
1999-02-04,-0.014962053917584983
1999-02-05,-0.011454220088252587
1999-02-08,0.002015587525953322
1999-02-09,-0.02237304973017573
1999-02-10,0.0064279457649190075
1999-02-11,0.02299491000353404
1999-02-12,-0.0119881846893658
1999-02-16,-0.006067070088374038
1999-02-17,-0.001017085015814212
1999-02-18,0.007892054690694428
1999-02-19,0.0042938974728579105
1999-02-22,0.026660047181076507
1999-02-23,-0.0004896152528106601
1999-02-24,-0.01764745699246062
1999-02-25,-0.009481190528759065
1999-02-26,-0.004029497615771205
1999-03-01,0.002781444264562838
1999-03-02,-0.008827029154636512
1999-03-03,0.005343981758315852
1999-03-04,0.01265444645162317
1999-03-05,0.020120421165669145
1999-03-08,0.006491984571495024
1999-03-09,-0.0024342990524179875
1999-03-10,0.008785071868431915
1999-03-11,0.011127365307795678
1999-03-12,-0.009569001783498399
1999-03-15,0.014250753229362756
1999-03-16,-0.0038103934629605263
1999-03-17,-0.004302948636102588
1999-03-18,0.01608577852923987
1999-03-19,-0.016997058317150038
1999-03-22,0.0019268878684597368
1999-03-23,-0.02885938562306012
1999-03-24,0.005695865590888527
1999-03-25,0.020438483001049335
1999-03-26,-0.007239568701970844
1999-03-29,0.020174987817724643
1999-03-30,-0.005241721030496915
1999-03-31,-0.016048390780412203
1999-04-01,0.007546541971295895
1999-04-05,0.023677430800345567
1999-04-06,-0.0023602829794000524
1999-04-07,0.008043726245759775
1999-04-08,0.01267315127992541
1999-04-09,0.0002314809573857879
1999-04-12,0.010658154678061083
1999-04-13,-0.006419156054600306
1999-04-14,-0.016843419040133534
1999-04-15,-0.0037554018063493677
1999-04-16,-0.008480308781924961
1999-04-19,-0.015442926044120453
1999-04-20,0.0125482336936662
1999-04-21,0.028598471496011024
1999-04-22,0.009500021775542322
1999-04-23,-0.0025252425596156147
1999-04-26,0.005752131344004097
1999-04-27,0.004804545990966691
1999-04-28,-0.013661026178532265
1999-04-29,-0.007617556861051256
1999-04-30,-0.008141441687119388
1999-05-03,0.01829245939764479
1999-05-04,-0.014279230382989616
1999-05-05,0.00794412098342856
1999-05-06,-0.006142462853222841
1999-05-07,0.007580133898746011
1999-05-10,-0.0049772314862222
1999-05-11,0.010119804889543449
1999-05-12,0.007830415047817896
1999-05-13,0.004342189617698278
1999-05-14,-0.02593916541096064
1999-05-17,0.003037170837755898
1999-05-18,-0.001863634857889429
1999-05-19,0.007233678157167578
1999-05-20,-0.006023320406518873
1999-05-21,-0.005592629786395409
1999-05-24,-0.01663926364714785
1999-05-25,-0.016206117163823364
1999-05-26,0.011143271375781305
1999-05-27,-0.014374514447259568
1999-05-28,0.0127614202300812
1999-06-01,-0.0034804182391998673
1999-06-02,0.0009634978595891575
1999-06-03,0.005534239279756159
1999-06-04,0.02010057487790018
1999-06-07,0.0025805589337930535
1999-06-08,-0.009827441239064205
1999-06-09,-0.0009446380249585884
1999-06-10,-0.009225075709506592
1999-06-11,-0.008354676045705833
1999-06-14,0.0009623753568690496
1999-06-15,0.006734661769756123
1999-06-16,0.0191113829599332
1999-06-17,0.00937612730171078
1999-06-18,0.0011557405547137911
1999-06-21,0.002326579791733563
1999-06-22,-0.006964171213432513
1999-06-23,-0.004908697891360947
1999-06-24,-0.007516469733963804
1999-06-25,-0.002485550444206619
1999-06-28,0.01221965802263103
1999-06-29,0.009376585687685735
1999-06-30,0.01811416881940997
1999-07-01,0.007527475525617833
1999-07-02,0.009961383354444076
1999-07-06,-0.00022384254061547093
1999-07-07,0.0013450157021870357
1999-07-08,0.000783313255424245
1999-07-09,0.005929308899908392
1999-07-12,-0.004448412916428834
1999-07-13,-0.0035741791452191807
1999-07-14,0.005604479600260337
1999-07-15,0.006355064067075977
1999-07-16,0.0054279051347096985
1999-07-19,-0.006610349130661164
1999-07-20,-0.020519331238953775
1999-07-21,-0.0011325987618002742
1999-07-22,-0.01315042800638
1999-07-23,-0.001952911706585403
1999-07-26,-0.007366202537878341
1999-07-27,0.008349253711923854
1999-07-28,0.0032194496371051873
1999-07-29,-0.013984123310733731
1999-07-30,-0.012323103198323526
1999-08-02,0.0023541481497311167
1999-08-03,-0.00469751280426578
1999-08-04,-0.013685418412603623
1999-08-05,0.009091069238033045
1999-08-06,-0.010905750224892041
1999-08-09,-0.0021570308766016844
1999-08-10,-0.011049551058760154
1999-08-11,0.012144705336595507
1999-08-12,-0.0005997901155336827
1999-08-13,0.02317159343260866
1999-08-16,0.004459033889096409
1999-08-17,0.006542204359388126
1999-08-18,-0.007196325326865205
1999-08-19,-0.008183106574414456
1999-08-20,0.010137027266767351
1999-08-23,0.019136452009710148
1999-08-24,0.003663924908631655
1999-08-25,0.010266303982119585
1999-08-26,-0.01196870440895259
1999-08-27,-0.012114580107948192
1999-08-30,-0.018509919688934895
1999-08-31,-0.0037717078012980965
1999-09-01,0.012304505275269051
1999-09-02,-0.011803861550293893
1999-09-03,0.029212967464296025
1999-09-07,-0.0036772198620375063
1999-09-08,-0.0048445123896676545
1999-09-09,-0.00046339165300768315
1999-09-10,0.008349253711923854
1999-09-13,-0.006784867574159192
1999-09-14,-0.00659953665841384
1999-09-15,-0.015851169255203246
1999-09-16,0.003907785238008277
1999-09-17,0.01263562927202333
1999-09-20,-0.0014017306226309367
1999-09-21,-0.021057564171788945
1999-09-22,-0.001075930096393618
1999-09-23,-0.020935237085994207
1999-09-24,-0.0009777369728036778
1999-09-27,0.006604615561384808
1999-09-28,-0.0019435062344205223
1999-09-29,-0.011931401253814977
1999-09-30,0.015278360328307317
1999-10-01,-0.0021841565946545405
1999-10-04,0.017757404061035764
1999-10-05,-0.0009564235775312291
1999-10-06,0.01531064216361644
1999-10-07,-0.005654487109420847
1999-10-08,0.015165422475862167
1999-10-11,-0.0016336751469527844
1999-10-12,-0.015431490377846191
1999-10-13,-0.025884560049112548
1999-10-14,-0.00024388578340994727
1999-10-15,-0.025603075358912153
1999-10-18,0.007257187841898771
1999-10-19,0.009689448835679348
1999-10-20,0.009842439329605934
1999-10-21,0.005847754471560274
1999-10-22,0.008478568241387485
1999-10-25,-0.0050442225733112744
1999-10-26,-0.012554240014167273
1999-10-27,0.018092896436477268
1999-10-28,0.034101382316492845
1999-10-29,0.0181144637634032
1999-11-01,-0.010492494460773272
1999-11-02,-0.007146460023708334
1999-11-03,0.006733705139865931
1999-11-04,0.00761057592109049
1999-11-05,0.00984174947045302
1999-11-08,0.000906734553613564
1999-11-09,-0.009397847979031537
1999-11-10,0.00742974091824844
1999-11-11,0.005672792003151184
1999-11-12,0.009025461586364747
1999-11-15,0.0023479278837068573
1999-11-16,0.008365950599262373
1999-11-17,0.0026545187244007007
1999-11-18,0.007060861600854507
1999-11-19,-0.0008764513458839884
1999-11-22,-0.00021887904619510845
1999-11-23,-0.008774377994746563
1999-11-24,0.005311590619439643
1999-11-26,-0.0037422201348016326
1999-11-29,-0.0035351528516038844
1999-11-30,-0.011751506497372888
1999-12-01,0.00807707971291416
1999-12-02,0.006009358882966165
1999-12-03,0.018362706122093897
1999-12-06,-0.007386798413674511
1999-12-07,-0.008097963298541289
1999-12-08,-0.006398967441682668
1999-12-09,0.0048856105714720766
1999-12-10,0.003315191591577893
1999-12-13,0.001761826370761721
1999-12-14,-0.009674369685984008
1999-12-15,0.005328502116676459
1999-12-16,0.004416840158727231
1999-12-17,0.006422329248229275
1999-12-20,-0.007227088190931985
1999-12-21,0.015221406906929413
1999-12-22,0.0026072365953309085
1999-12-23,0.015930243018669854
1999-12-27,-0.0013865382596092157
1999-12-28,-0.0006409120639835342
1999-12-29,0.0042751835301666485
1999-12-30,-0.0011705200857748954
1999-12-31,0.001598312092570664
2000-01-03,-0.009787975303297336
2000-01-04,-0.03910529482425884
2000-01-05,0.0017883092500177167
2000-01-06,-0.01607167527706943
2000-01-07,0.058076681730383495
2000-01-10,0.0034302144557114556
2000-01-11,-0.011965040325823018
2000-01-12,-0.009948261797033564
2000-01-13,0.013542960511790492
2000-01-14,0.013577580266464828
2000-01-18,-0.00786757825488793
2000-01-19,0.008144347476654268
2000-01-20,-0.015306432671255532
2000-01-21,-0.002158778714095533
2000-01-24,-0.02834310369462545
2000-01-25,0.011356034355990863
2000-01-26,-0.00792546401534544
2000-01-27,-0.003994905456971898
2000-01-28,-0.031193915153317597
2000-01-31,0.027138533055254488
2000-02-01,0.009852259925198892
2000-02-02,0.0008869218090041819
2000-02-03,0.015064309888094929
2000-02-04,-0.0041470380384101
2000-02-07,-0.001533512275657456
2000-02-08,0.01360818628036009
2000-02-09,-0.021004917694476877
2000-02-10,0.001990868954634406
2000-02-11,-0.0203092240720395
2000-02-14,0.005858739485069542
2000-02-15,0.011312457420599165
2000-02-16,-0.01473049802352
2000-02-17,-0.005170648027019165
2000-02-18,-0.02146878206411096
2000-02-22,-0.0025409861450065296
2000-02-23,0.01180872833876756
2000-02-24,-0.02013721258621015
2000-02-25,-0.0036196500148163446
2000-02-28,0.020977073358168452
2000-02-29,0.009642050486506681
2000-03-01,0.00727606629954991
2000-03-02,0.0006774006780829733
2000-03-03,0.018723049192788332
2000-03-06,-0.009742834047595017
2000-03-07,-0.019342858965274767
2000-03-08,-0.0012542819061549526
2000-03-09,0.029223962068567255
2000-03-10,-0.005323977077160924
2000-03-13,-0.010927595839890225
2000-03-14,-0.01420579146284029
2000-03-15,0.023330705564384324
2000-03-16,0.046713752647698614
2000-03-17,0.006610058832676735
2000-03-20,-0.005104692693208235
2000-03-21,0.02052163645863958
2000-03-22,0.006074238952833655
2000-03-23,0.01707312695467511
2000-03-24,0.005936452983586804
2000-03-27,-0.010582292374522018
2000-03-28,-0.005759322115025722
2000-03-29,0.001034981941796298
2000-03-30,-0.016739034638523886
2000-03-31,0.011349306226360323
2000-04-03,0.005818842796528001
2000-04-04,-0.007438202345908751
2000-04-05,-0.006244644711405067
2000-04-06,0.008693158822890235
2000-04-07,0.0063336089810472895
2000-04-10,-0.003921306785298229
2000-04-11,-0.002900101157565782
2000-04-12,-0.027425234627837525
2000-04-13,-0.013886101659305927
2000-04-14,-0.057192428488422875
2000-04-17,0.03492610727607026
2000-04-18,0.026420813861350867
2000-04-19,-0.009300633719814488
2000-04-20,0.004803363671299854
2000-04-24,-0.010865022702875815
2000-04-25,0.041520677069581735
2000-04-26,-0.011284810910496046
2000-04-27,-0.0033065552990736435
2000-04-28,-0.006207513191823999
2000-05-01,0.013568466578604887
2000-05-02,-0.019973944956811374
2000-05-03,-0.023417586823205827
2000-05-04,0.00754866908455698
2000-05-05,0.0121202394402804
2000-05-08,-0.007511306771101012
2000-05-09,-0.008007352836418735
2000-05-10,-0.022556035525570062
2000-05-11,0.022850638742286877
2000-05-12,0.010838307649646106
2000-05-15,0.017286827738236532
2000-05-16,0.009679678703318206
2000-05-17,-0.010439099201502322
2000-05-18,-0.01227130802765819
2000-05-19,-0.015693082275248793
2000-05-22,-0.007528950158594783
2000-05-23,-0.014725779779077519
2000-05-24,0.01630440967532132
2000-05-25,-0.017156924391491857
2000-05-26,0.0011335316794673922
2000-05-30,0.03260838164836932
2000-05-31,0.0021935801644401565
2000-06-01,0.017505240380792486
2000-06-02,0.017419565251187485
2000-06-05,-0.004861443746244309
2000-06-06,-0.0044603506188171105
2000-06-07,0.0069339157880881075
2000-06-08,-0.003919846249959114
2000-06-09,-0.002127127332915979
2000-06-12,-0.011724757131737928
2000-06-13,0.018766402590843168
2000-06-14,0.0016935622290195074
2000-06-15,0.002114129490655925
2000-06-16,-0.008217216444837305
2000-06-19,0.012790433726038719
2000-06-20,-0.003578025918749894
2000-06-21,-0.0004222497168369088
2000-06-22,-0.01521580590118099
2000-06-23,-0.008584065369329541
2000-06-26,0.012879145761216515
2000-06-27,-0.00737236856831891
2000-06-28,0.0027987467911307906
2000-06-29,-0.009446606837245963
2000-06-30,0.00758569113568619
2000-07-03,0.013766423664062888
2000-07-05,-0.01803568397893529
2000-07-06,0.007779082328621234
2000-07-07,0.016081075505028908
2000-07-10,-0.0016881118367785275
2000-07-11,0.0021137283513832372
2000-07-12,0.006538338171228952
2000-07-13,0.00440094416553638
2000-07-14,0.009805991579461049
2000-07-17,-0.0016531238430882444
2000-07-18,-0.00817474707131427
2000-07-19,-0.008033375372834994
2000-07-20,0.013883248413874894
2000-07-21,-0.01950196495919454
2000-07-24,-0.005712998669412439
2000-07-25,0.0031923071430366434
2000-07-26,-0.009758507676550399
2000-07-27,-0.0034277416397573424
2000-07-28,-0.022570598770961126
2000-07-31,0.006377429959085967
2000-08-01,0.00611940212968376
2000-08-02,0.00499495085089996
2000-08-03,0.006916315969207387
2000-08-04,0.005365861330799193
2000-08-07,0.011955786873714569
2000-08-08,0.003797226834040046
2000-08-09,-0.008406532114815346
2000-08-10,-0.004874913381513024
2000-08-11,0.004685464217795143
2000-08-14,0.012720014952603442
2000-08-15,-0.0008371399829810722
2000-08-16,-0.0035620176745825294
2000-08-17,0.010513009975536391
2000-08-18,-0.0033287560029312546
2000-08-21,0.005427727416521089
2000-08-22,-0.0016612821478516615
2000-08-23,0.003951599305600517
2000-08-24,0.0031081361482043768
2000-08-25,-0.00041322965740009376
2000-08-28,0.0034091197039836096
2000-08-29,0.00020568031862500114
2000-08-30,-0.009572727856655527
2000-08-31,0.01330318727689761
2000-09-01,0.0010252107382022757
2000-09-05,-0.007991836429538046
2000-09-06,-0.01136082989355458
2000-09-07,0.008565975863287889
2000-09-08,-0.00683620567534271
2000-09-11,-0.0014603830961440467
2000-09-12,-0.0073110639118276755
2000-09-13,0.0026298957399406575
2000-09-14,0.005037476307906852
2000-09-15,-0.021877431583040563
2000-09-18,-0.00920432007954941
2000-09-19,0.009073664308494545
2000-09-20,-0.007386298824598181
2000-09-21,-0.015205040241046297
2000-09-22,0.018177553396199864
2000-09-25,-0.007098280987993366
2000-09-26,-0.012781489804510993
2000-09-27,0.005266062402067062
2000-09-28,0.012880240701681478
2000-09-29,-0.009483279811972722
2000-10-02,0.0015234980808327414
2000-10-03,-0.009342209965040649
2000-10-04,0.00833297548549683
2000-10-05,0.003479823782413183
2000-10-06,-0.021672832577084855
2000-10-09,-0.007532408583586281
2000-10-10,-0.016517373425911863
2000-10-11,-0.008398000727148025
2000-10-12,-0.02494826439391018
2000-10-13,0.03333288180287086
2000-10-16,0.0045436510710890055
2000-10-17,-0.02487561280123074
2000-10-18,-0.003710359627775661
2000-10-19,0.037708955533293675
2000-10-20,0.004262639187734063
2000-10-23,0.004466758473152588
2000-10-24,-0.006670941726868773
2000-10-25,-0.023505441662954873
2000-10-26,0.00275078294567499
2000-10-27,0.018976004812758074
2000-10-30,0.00897420947314198
2000-10-31,0.01723357979945095
2000-11-01,-0.0033880370930646775
2000-11-02,0.0016457298739842585
2000-11-03,0.0005469170960623604
2000-11-06,0.007003565984522231
2000-11-07,-0.00021739415810062557
2000-11-08,-0.02217367331248521
2000-11-09,-0.0037795582951815065
2000-11-10,-0.02432478050150777
2000-11-13,-0.007777320118124931
2000-11-14,0.026279782093200366
2000-11-15,0.0031450331573907864
2000-11-16,-0.015674141860976154
2000-11-17,-0.005346299618035233
2000-11-20,-0.014293661632973853
2000-11-21,0.0051044248375293755
2000-11-22,-0.023891791239617377
2000-11-24,0.02045613510283517
2000-11-27,0.008806558745652504
2000-11-28,-0.017229492635166266
2000-11-29,-0.0018700142694813016
2000-11-30,-0.008665211157931285
2000-12-01,-0.0004722236006013958
2000-12-04,0.008508950573673513
2000-12-05,0.03280964199368741
2000-12-06,-0.015997557867310053
2000-12-07,-0.01372062489465331
2000-12-08,0.0023382666658391393
2000-12-11,0.03475670815792298
2000-12-12,-0.004283775775957399
2000-12-13,-0.013696927584622043
2000-12-14,-0.012739782119692955
2000-12-15,-0.022586628183737023
2000-12-18,0.013362339044885152
2000-12-19,-0.02036732673982622
2000-12-20,-0.02896299053593565
2000-12-21,0.006930647576864901
2000-12-22,0.02998991778668736
2000-12-26,0.010740423592171755
2000-12-27,0.007319986817883706
2000-12-28,0.003047182511434432
2000-12-29,-0.018929625607558176
2001-01-02,-0.01810399808729568
2001-01-03,0.048035202659720166
2001-01-04,-0.01076380565809587
2001-01-05,-0.03264322621488058
2001-01-08,0.0077405023357235425
2001-01-09,-0.0026406879340059586
2001-01-10,0.017569538281557717
2001-01-11,0.0009457565185855277
2001-01-12,-0.0018902695704934303
2001-01-16,0.006391764614978257
2001-01-17,0.004587446904048553
2001-01-18,0.009951242906242497
2001-01-19,-0.005679468271798882
2001-01-22,0.006645575110676205
2001-01-23,0.007876041607901785
2001-01-24,0.0029872130463173274
2001-01-25,-0.002520701841715378
2001-01-26,-0.001148292561296782
2001-01-29,0.005335956281376619
2001-01-30,0.008784757516107966
2001-01-31,-0.005660371778924089
2001-02-01,0.006641126384858254
2001-02-02,-0.022692621913081634
2001-02-05,0.00734433770350007
2001-02-06,-0.0029459553948618655
2001-02-07,-0.005170322494063129
2001-02-08,-0.011655912072516927
2001-02-09,-0.009615648655410869
2001-02-12,0.011453066572074455
2001-02-13,-0.00817369189652084
2001-02-14,-0.001512427185556997
2001-02-15,0.009693015924415516
2001-02-16,-0.02204972335714228
2001-02-20,-0.01541298913864686
2001-02-21,-0.021575097901020746
2001-02-22,0.0015123225041335786
2001-02-23,-0.006756259192436498
2001-02-26,0.021286648200296243
2001-02-27,-0.009246064414508592
2001-02-28,-0.019693743249180384
2001-03-01,0.005244112701719761
2001-03-02,-0.007944889423618484
2001-03-05,0.009141494936598216
2001-03-06,0.010742614050497812
2001-03-07,0.007138098003452331
2001-03-08,0.0011028156628141161
2001-03-09,-0.02957850946925078
2001-03-12,-0.04280146380013261
2001-03-13,0.01642935566869297
2001-03-14,-0.019746384681023632
2001-03-15,0.00025427238215836034
2001-03-16,-0.020056441044732698
2001-03-19,0.02034533620070733
2001-03-20,-0.026842382907136586
2001-03-21,-0.01698778025305303
2001-03-22,-0.010154772139183588
2001-03-23,0.030237282913945673
2001-03-26,0.012753475135599546
2001-03-27,0.020441431999252746
2001-03-28,-0.027638623512409866
2001-03-29,0.0038244763995891606
2001-03-30,0.010477654171374473
2001-04-02,-0.02133849219625017
2001-04-03,-0.03336314967776999
2001-04-04,0.004168141534468095
2001-04-05,0.03788884473815157
2001-04-06,-0.01521045161024892
2001-04-09,0.011120342281238482
2001-04-10,0.01824363987169675
2001-04-11,0.0006862375002716359
2001-04-12,0.01816120058461701
2001-04-16,-0.010517580794495385
2001-04-17,0.014115378896088604
2001-04-18,0.03974456978261687
2001-04-19,0.013307230668786474
2001-04-20,-0.00915243469888627
2001-04-23,-0.018152706666166196
2001-04-24,-0.005398823253662255
2001-04-25,0.013077472351317176
2001-04-26,0.004465534304600283
2001-04-27,0.016650897691539823
2001-04-30,0.006996021415515363
2001-05-01,0.0030786708310779343
2001-05-02,-0.0018101286103904268
2001-05-03,-0.012694914597667362
2001-05-04,0.01701121549786211
2001-05-07,-0.008638602924922245
2001-05-08,-0.00047484626201310665
2001-05-09,-0.004200430870746508
2001-05-10,0.002944932137755041
2001-05-11,-0.006903689055985818
2001-05-14,0.00199768312310189
2001-05-15,0.004624706118408595
2001-05-16,0.02357526588151715
2001-05-17,0.0015506066164405752
2001-05-18,0.0045689105287261
2001-05-21,0.014721124585756806
2001-05-22,-0.001291094038768259
2001-05-23,-0.016960379355973054
2001-05-24,0.002940220117457093
2001-05-25,-0.011802935731529463
2001-05-29,-0.007962357119722818
2001-05-30,-0.014007211523764829
2001-05-31,0.005187797466982724
2001-06-01,0.006192620368987267
2001-06-04,0.004813385007606863
2001-06-05,0.011465227393880006
2001-06-06,-0.00830718911425432
2001-06-07,0.0036011698327489405
2001-06-08,-0.00928289682626271
2001-06-11,-0.007086654933222913
2001-06-12,-0.001744615082744816
2001-06-13,-0.00857964904284414
2001-06-14,-0.022436112935675934
2001-06-15,0.0016114092517052203
2001-06-18,-0.004842199106899758
2001-06-19,0.00437114361089086
2001-06-20,0.0052546440309457765
2001-06-21,0.011353523627683382
2001-06-22,-0.007834278513342063
2001-06-25,-0.009197786810745678
2001-06-26,-0.0013966717047904087
2001-06-27,-0.0005760025228792598
2001-06-28,0.005515012856164292
2001-06-29,0.0036846445431868435
2001-07-02,0.012479136625741072
2001-07-03,-0.00024178228302396132
2001-07-05,-0.019500259801129682
2001-07-06,-0.021614146337019635
2001-07-09,0.0054598847050642
2001-07-10,-0.012029784548053368
2001-07-11,0.001014629737248418
2001-07-12,0.023737118921601574
2001-07-13,0.008664031909775272
2001-07-16,-0.012516964855167734
2001-07-17,0.009361642042026608
2001-07-18,-0.006812135040611178
2001-07-19,0.00875995462821022
2001-07-20,-0.005980471610603888
2001-07-23,-0.01969715677933681
2001-07-24,-0.009666995967525738
2001-07-25,0.011035331983238361
2001-07-26,0.010495260359956404
2001-07-27,0.0038217555930402103
2001-07-30,0.00033130155436467135
2001-07-31,0.004137530810061962
2001-08-01,0.006262590744213092
2001-08-02,0.004095228334236145
2001-08-03,-0.00546447609340317
2001-08-06,-0.013449171519187564
2001-08-07,0.00390656890914487
2001-08-08,-0.01854747760877473
2001-08-09,0.002952486892752182
2001-08-10,0.0034494171212968716
2001-08-13,0.0002508926873723283
2001-08-14,-0.00041904851712759594
2001-08-15,-0.008635918429265366
2001-08-16,0.003467886565976741
2001-08-17,-0.016013356686103264
2001-08-20,0.009250385828346364
2001-08-21,-0.017058462225696625
2001-08-22,0.010361184761100262
2001-08-23,-0.0035895978055398015
2001-08-24,0.020754462196083123
2001-08-27,-0.005965087937103042
2001-08-28,-0.014622551314028787
2001-08-29,-0.008920656946082794
2001-08-30,-0.01921455320920662
2001-08-31,0.007324728581987294
2001-09-04,-0.00639488976844782
2001-09-05,0.0024681113830105073
2001-09-06,-0.025769283668006238
2001-09-07,-0.018506809746741903
2001-09-10,0.01223324970629669
2001-09-17,-0.05224889708554181
2001-09-18,-0.0023969727405631636
2001-09-19,-0.02018260534275962
2001-09-20,-0.031780125443987006
2001-09-21,-0.010789362817387738
2001-09-24,0.03515622735099666
2001-09-25,0.010427008054564313
2001-09-26,-0.0035379892116770284
2001-09-27,0.008679502103030368
2001-09-28,0.021218224390542995
2001-10-01,-0.0016279252741595585
2001-10-02,0.012563367462611552
2001-10-03,0.016765033104479077
2001-10-04,0.0008383565777529967
2001-10-05,-0.0019551530551062957
2001-10-08,-0.006527655272117627
2001-10-09,-0.005350648499445332
2001-10-10,0.022272946159620943
2001-10-11,0.015509657208719885
2001-10-12,-0.004545595372275613
2001-10-15,-0.001826193844403745
2001-10-16,0.006312438718999669
2001-10-17,-0.02127473973908911
2001-10-18,-0.002136214741315756
2001-10-19,-0.0006517652380524375
2001-10-22,0.019748557183794535
2001-10-23,-0.00511550315609155
2001-10-24,-0.0026627618931318597
2001-10-25,0.017953139618451797
2001-10-26,-0.002261939025804738
2001-10-29,-0.02601508349785764
2001-10-30,-0.012005666653441938
2001-10-31,-0.003391016937075886
2001-11-01,0.0256146760159488
2001-11-02,0.006819547743290855
2001-11-05,0.013089228594722835
2001-11-06,0.015540293054047805
2001-11-07,-0.001334941263535172
2001-11-08,0.00311818036889866
2001-11-09,0.0010659720482892876
2001-11-12,-0.006121759071050947
2001-11-13,0.02249411781665045
2001-11-14,0.0009604379389676065
2001-11-15,0.0018313144307742224
2001-11-16,-0.004439820629137725
2001-11-19,0.012329502504506484
2001-11-20,-0.008378685785282114
2001-11-21,-0.0066201929850076
2001-11-23,0.01438113592147694
2001-11-26,0.0021609960537083417
2001-11-27,-0.004312877297381057
2001-11-28,-0.018106421829591324
2001-11-29,0.013499264830835633
2001-11-30,-0.0071380952819062315
2001-12-03,-0.005962806331756942
2001-12-04,0.016935839655909835
2001-12-05,0.018301550145592316
2001-12-06,-0.0005111944918034794
2001-12-07,-0.006646903323492159
2001-12-10,-0.0187028979069902
2001-12-11,-0.0020108331051087447
2001-12-12,0.0011385674564028392
2001-12-13,-0.01942569656257931
2001-12-14,0.009548317035873222
2001-12-17,0.010341702548677612
2001-12-18,0.005949976645572841
2001-12-19,0.007044512486811705
2001-12-20,-0.009845691758655795
2001-12-21,0.006065212845366874
2001-12-24,-0.0019139103738966545
2001-12-26,0.005491267175037118
2001-12-27,0.00606856520563448
2001-12-28,-0.0005170571768779997
2001-12-31,-0.014655763844504732
2002-01-02,0.010761289259189732
2002-01-03,0.011339152937619001
2002-01-04,0.006675961736937186
2002-01-07,-0.007056570074516655
2002-01-08,-0.0023122650054295812
2002-01-09,-0.00815281612131924
2002-01-10,0.004412648924597251
2002-01-11,-0.00982138032910218
2002-01-14,-0.006263094229236987
2002-01-15,0.008141783738997876
2002-01-16,-0.020234369725039447
2002-01-17,0.007533854883427393
2002-01-18,-0.00457396248819808
2002-01-22,-0.006893986124803186
2002-01-23,0.007653751393407848
2002-01-24,0.0030909415086219916
2002-01-25,-0.00026453821931293753
2002-01-28,0.0027299772659956645
2002-01-29,-0.031442144286454754
2002-01-30,0.014417868370313114
2002-01-31,0.011710132025127162
2002-02-01,-0.004682847813876401
2002-02-04,-0.024855490418640547
2002-02-05,-0.006190683079061676
2002-02-06,-0.0043050589835897934
2002-02-07,-0.006255090916335582
2002-02-08,0.019162749607746443
2002-02-11,0.012262575056917413
2002-02-12,-0.0031411217436347894
2002-02-13,0.01062217401595622
2002-02-14,-0.0018703187352412387
2002-02-15,-0.010441200712737242
2002-02-19,-0.01920797068513791
2002-02-20,0.016826091327742265
2002-02-21,-0.020707232352390137
2002-02-22,0.01237379907243219
2002-02-25,0.016508080968237415
2002-02-26,-0.0020637378139818363
2002-02-27,0.003866604486048475
2002-02-28,-0.004478541971412731
2002-03-01,0.023301751086210798
2002-03-04,0.017672393388042718
2002-03-05,-0.0031972458272379045
2002-03-06,0.011873897302942193
2002-03-07,-0.002141352366495375
2002-03-08,0.004206061352201029
2002-03-11,0.0021370605671104936
2002-03-12,-0.0005970443930516378
2002-03-13,-0.00964426508609395
2002-03-14,-0.0013786835474071113
2002-03-15,0.009528592722461537
2002-03-18,0.00017095715166370873
2002-03-19,0.006686215158010267
2002-03-20,-0.0188170454951897
2002-03-21,0.0004340558655191451
2002-03-22,-0.0021688259568857227
2002-03-25,-0.012429899745339923
2002-03-26,0.005809163022480579
2002-03-27,0.0026252028770041846
2002-03-28,-0.0004363882052621504
2002-04-01,0.00043657872306757106
2002-04-02,-0.005498779771238693
2002-04-03,-0.007021024340048143
2002-04-04,-0.004154749937995805
2002-04-05,0.00017762461843706667
2002-04-08,0.002130279179243466
2002-04-09,-0.006995625826910157
2002-04-10,0.011325204802197453
2002-04-11,-0.024865614123400825
2002-04-12,0.007505259571609413
2002-04-15,-0.007628226173707731
2002-04-16,0.023784795147888893
2002-04-17,-0.0021196392172658785
2002-04-18,-0.0043380165986823815
2002-04-19,0.003645260275087825
2002-04-22,-0.016654566551937755
2002-04-23,-0.004324042409314943
2002-04-24,-0.010043634273297353
2002-04-25,0.0005483197031739273
2002-04-26,-0.01900033491260744
2002-04-29,-0.004935840664206825
2002-04-30,0.009358139370529095
2002-05-01,0.012237591249420365
2002-05-02,-0.0038465425159673883
2002-05-03,-0.010849230351935968
2002-05-06,-0.019613290907996017
2002-05-07,-0.0035083648399591993
2002-05-08,0.037202630062349584
2002-05-09,-0.011558593133494832
2002-05-10,-0.01884006880522704
2002-05-13,0.020337307289930218
2002-05-14,0.021785479249694983
2002-05-15,-0.0039013524495784546
2002-05-16,0.005191545378704587
2002-05-17,0.004892611779841127
2002-05-20,-0.010820657981553294
2002-05-21,-0.009115442188549427
2002-05-22,0.0022083655836704352
2002-05-23,0.010648026842767555
2002-05-24,-0.01280668847557731
2002-05-28,-0.005428324672441365
2002-05-29,-0.007400655718378446
2002-05-30,-0.0027956214943384294
2002-05-31,0.002055641948638387
2002-06-03,-0.026580590460411724
2002-06-04,0.00249150748356719
2002-06-05,0.009366087271028611
2002-06-06,-0.020358369243293595
2002-06-07,-0.0011597079059847415
2002-06-10,0.003870714172913736
2002-06-11,-0.01715813821489165
2002-06-12,0.006080820682798915
2002-06-13,-0.010041006990329837
2002-06-14,-0.0014772485365792676
2002-06-17,0.026824851559107854
2002-06-18,0.008163164926667132
2002-06-19,-0.02333972968932141
2002-06-20,-0.012778331474653681
2002-06-21,-0.015635565989603917
2002-06-24,0.005237866757566989
2002-06-25,-0.0224451889936379
2002-06-26,0.0016400559839202522
2002-06-27,0.017498939565778526
2002-06-28,-0.004727700712040761
2002-07-01,-0.019502074688796722
2002-07-02,-0.021230498924086905
2002-07-03,0.005686003701768305
2002-07-05,0.039786228907384036
2002-07-08,-0.012485658025762847
2002-07-09,-0.02518608268483047
2002-07-10,-0.036402076534047145
2002-07-11,0.008141711282848796
2002-07-12,-0.010982709350240594
2002-07-15,0.005334086792563086
2002-07-16,-0.019276688965864097
2002-07-17,0.001988216648094232
2002-07-18,-0.0324003075931818
2002-07-19,-0.035194035139927915
2002-07-22,-0.02963062549200912
2002-07-23,-0.02737186742065989
2002-07-24,0.059662370720646285
2002-07-25,-0.008498509452257386
2002-07-26,0.01904765371114414
2002-07-29,0.04871461184219439
2002-07-30,0.01303333567804743
2002-07-31,0.002418961086115168
2002-08-01,-0.026107658667487432
2002-08-02,-0.022414760789814303
2002-08-05,-0.03479710994962448
2002-08-06,0.03366352741666945
2002-08-07,0.017439531728260738
2002-08-08,0.03234900020407938
2002-08-09,0.0037383589606807544
2002-08-12,-0.007339190860567557
2002-08-13,-0.018207922539997368
2002-08-14,0.036529619411375336
2002-08-15,0.013879030807643522
2002-08-16,-0.0029945679360137145
2002-08-19,0.023385806007919285
2002-08-20,-0.010586862693292898
2002-08-21,0.014408275179724317
2002-08-22,0.00971263376171061
2002-08-23,-0.021514850855937517
2002-08-26,0.006977490574511469
2002-08-27,-0.011547480522491216
2002-08-28,-0.021877664485073556
2002-08-29,0.0004339060037155118
2002-08-30,-0.003906650807709244
2002-09-03,-0.03813447786285651
2002-09-04,0.014272691090650325
2002-09-05,-0.00848806167491134
2002-09-06,0.013741518628636262
2002-09-09,0.007333528357533536
2002-09-10,0.011471190213077298
2002-09-11,-0.006216081242610971
2002-09-12,-0.018434752223802087
2002-09-13,0.0024599118178305623
2002-09-16,0.002452891983252714
2002-09-17,-0.022916456136667374
2002-09-18,-0.010019727642061493
2002-09-19,-0.02587689792058845
2002-09-20,0.00033180471779115095
2002-09-23,-0.008179534800321187
2002-09-24,-0.01613702400550765
2002-09-25,0.024783954629405525
2002-09-26,0.016361428935043554
2002-09-27,-0.034760838434735764
2002-09-30,-0.01160170007463135
2002-10-01,0.048050886114394675
2002-10-02,-0.029981735641228635
2002-10-03,-0.01010232695914548
2002-10-04,-0.018345189600239564
2002-10-07,-0.020668415487641978
2002-10-08,0.015670424380913595
2002-10-09,-0.028244505469895875
2002-10-10,0.032394440825834536
2002-10-11,0.04378067355619497
2002-10-14,0.0055842119780553645
2002-10-15,0.04809185288345019
2002-10-16,-0.024238963217113607
2002-10-17,0.019873179387467577
2002-10-18,0.004191087712057673
2002-10-21,0.0172605564160484
2002-10-22,-0.007207906750242077
2002-10-23,0.007595660739576626
2002-10-24,-0.020398829457915713
2002-10-25,0.020823606658848304
2002-10-28,-0.006540886690301062
2002-10-29,-0.011605801078141131
2002-10-30,0.009710332266706923
2002-10-31,-0.010176221819120701
2002-11-01,0.01976965968019484
2002-11-04,0.00952642664429737
2002-11-05,0.00790125309136469
2002-11-06,0.012956124931430946
2002-11-07,-0.024505548802422172
2002-11-08,-0.012230253965342608
2002-11-11,-0.015504756621885663
2002-11-12,0.007931304602948552
2002-11-13,0.0010112872686829366
2002-11-14,0.01886620067371636
2002-11-15,0.007384176659238184
2002-11-18,-0.0100651866703374
2002-11-19,-0.0013260329284160433
2002-11-20,0.022243620138829412
2002-11-21,0.01862102908498553
2002-11-22,-0.007121044949115696
2002-11-25,0.000643278891567789
2002-11-26,-0.01904238922751278
2002-11-27,0.02813475704469992
2002-11-29,-0.0031816550715387804
2002-12-02,0.001596029718813341
2002-12-03,-0.013385696727178042
2002-12-04,-0.0045221827462004205
2002-12-05,-0.011032940032676741
2002-12-06,0.0065619150292821615
2002-12-09,-0.02749046933970367
2002-12-10,0.01340801136167058
2002-12-11,0.0008814688074976207
2002-12-12,-0.00010986895290376886
2002-12-13,-0.015754256503325292
2002-12-16,0.025856151033487373
2002-12-17,-0.008728433259322266
2002-12-18,-0.011557756051148171
2002-12-19,-0.007127511739047687
2002-12-20,0.01426945218186515
2002-12-23,0.00033339868404924644
2002-12-24,-0.007442775281877423
2002-12-26,0.00044745491438669127
2002-12-27,-0.022486086329687405
2002-12-30,0.00835449514806963
2002-12-31,0.001362446724267663
2003-01-02,0.03218802563301737
2003-01-03,0.0030743726489625978
2003-01-06,0.01762500785860044
2003-01-07,-0.0024743301560945508
2003-01-08,-0.014450153058484405
2003-01-09,0.015538038612692207
2003-01-10,0.0026931498613353977
2003-01-13,-0.0003224000836700158
2003-01-14,0.003224915370076298
2003-01-15,-0.009964863886565922
2003-01-16,-0.004112147906712216
2003-01-17,-0.014779698952336884
2003-01-21,-0.015552587928376216
2003-01-22,-0.012100498847413044
2003-01-23,0.006124852659027624
2003-01-24,-0.02626593361541285
2003-01-27,-0.013660111882615622
2003-01-28,0.007393418635068372
2003-01-29,0.0075741638431483516
2003-01-30,-0.02370535427738918
2003-01-31,0.019305640457963236
2003-02-03,0.0019757372534761064
2003-02-04,-0.009857315739687733
2003-02-05,-0.006207591170285909
2003-02-06,-0.004714669837192487
2003-02-07,-0.01219622632972639
2003-02-10,0.0070727561894645685
2003-02-11,-0.006904248086463505
2003-02-12,-0.015941328616492667
2003-02-13,0.003045041802015369
2003-02-14,0.0218577998165832
2003-02-18,0.017587960567927885
2003-02-19,-0.0052554089144419835
2003-02-20,-0.009978827506230581
2003-02-21,0.010079408181842053
2003-02-24,-0.01620085881154365
2003-02-25,0.007995210199816638
2003-02-26,-0.0145617913005055
2003-02-27,0.013214878166387445
2003-02-28,0.006640219050570995
2003-03-03,-0.009540621787976988
2003-03-04,-0.01593534237549843
2003-03-05,0.008459228111272088
2003-03-06,-0.008388269823377259
2003-03-07,0.006888379436290837
2003-03-10,-0.024004264852305557
2003-03-11,-0.009837226146040878
2003-03-12,0.006706107892339386
2003-03-13,0.0345421583378962
2003-03-14,0.0032199951977898156
2003-03-17,0.031498770726487546
2003-03-18,0.005876891805562057
2003-03-19,0.007675548418131228
2003-03-20,0.002160322353151445
2003-03-21,0.021345012585507472
2003-03-24,-0.03323324779125936
2003-03-25,0.009574514430129577
2003-03-26,-0.005027807316701827
2003-03-27,0.0008038961683525248
2003-03-28,-0.005048822076865966
2003-03-31,-0.022719413067556316
2003-04-01,0.015341458824541077
2003-04-02,0.024174422632880166
2003-04-03,-0.004766385177326193
2003-04-04,0.005929743621257311
2003-04-07,-0.0019271185415291603
2003-04-08,0.0015899480914758346
2003-04-09,-0.013153412981698587
2003-04-10,0.005515254337613573
2003-04-11,-0.004113818654685297
2003-04-14,0.02065452629325515
2003-04-15,0.0093306599706946
2003-04-16,-0.017041410911532662
2003-04-17,0.01484433813303565
2003-04-21,0.0010043302471041127
2003-04-22,0.01885120502892068
2003-04-23,0.009196839575600357
2003-04-24,-0.008896285398071635
2003-04-25,-0.012368416941943017
2003-04-28,0.01728933461534865
2003-04-29,0.0034861643956562993
2003-04-30,-0.002171346278149633
2003-05-01,-0.00010868995093238354
2003-05-02,0.014254197627258769
2003-05-05,-0.0019305650097025673
2003-05-06,0.00945910334168154
2003-05-07,-0.0055376249066668715
2003-05-08,-0.010065321004446126
2003-05-09,0.01384611706512473
2003-05-12,0.012268764585428027
2003-05-13,-0.0017919692897502282
2003-05-14,-0.0021113712501799053
2003-05-15,0.006348927499413293
2003-05-16,-0.0025233539857586473
2003-05-19,-0.023400651947023343
2003-05-20,-0.002051432132929687
2003-05-21,0.002055649157665762
2003-05-22,0.009929875746941486
2003-05-23,0.002030641967559532
2003-05-27,0.01749112973007594
2003-05-28,0.0028301905723677745
2003-05-29,-0.0026131847982802103
2003-05-30,0.016034507203064985
2003-06-02,0.004125654259785394
2003-06-03,0.004109060719038604
2003-06-04,0.014424877319877849
2003-06-05,0.004941327946637264
2003-06-06,-0.003913854906651415
2003-06-09,-0.010174978585882788
2003-06-10,0.010177896792368912
2003-06-11,0.010578960639766821
2003-06-12,0.0030911289619188764
2003-06-13,-0.010436535485373821
2003-06-16,0.021092628330629637
2003-06-17,0.0
2003-06-18,-0.0008850764469801042
2003-06-19,-0.015260446414292583
2003-06-20,-0.0022073851644089926
2003-06-23,-0.010257420208245493
2003-06-24,0.001015464186357784
2003-06-25,-0.010048119025678592
2003-06-26,0.013021250982206523
2003-06-27,-0.011538441286581214
2003-06-30,-0.000307306035260857
2003-07-01,0.009218581057758524
2003-07-02,0.012585212006298363
2003-07-03,-0.010323260783567156
2003-07-07,0.01984924302464197
2003-07-08,0.004469056194294607
2003-07-09,-0.005635184305557428
2003-07-10,-0.012726278182296547
2003-07-11,0.009465896948657848
2003-07-14,0.004888837477350583
2003-07-15,-0.0021835928009150685
2003-07-16,-0.005871198026900171
2003-07-17,-0.014210886566983216
2003-07-18,0.010253553116768899
2003-07-21,-0.01235973344111374
2003-07-22,0.009055148536548874
2003-07-23,0.0007057407357540235
2003-07-24,-0.0075566078672921755
2003-07-25,0.01766566616667098
2003-07-28,-0.003691157968458203
2003-07-29,-0.004606556264909578
2003-07-30,-0.0024143664047293623
2003-07-31,0.0023195959221000706
2003-08-01,-0.008854340898696522
2003-08-04,0.0
2003-08-05,-0.021215557234258497
2003-08-06,0.005807371238743864
2003-08-07,0.010518091775876037
2003-08-08,0.0028574906883529483
2003-08-11,0.0037640386856461205
2003-08-12,0.00912349822576175
2003-08-13,-0.005123391420810308
2003-08-14,0.0027263999252944426
2003-08-15,0.003121299619153195
2003-08-18,0.008633021725873213
2003-08-19,0.0037820698456441093
2003-08-20,-0.004065031797569341
2003-08-21,0.003185427366087401
2003-08-22,-0.009923569015611755
2003-08-25,0.0016036853244947302
2003-08-26,0.001801373027785269
2003-08-27,0.0002994387803592069
2003-08-28,0.006191320698867742
2003-08-29,0.0067489268859752816
2003-09-02,0.013407368422732047
2003-09-03,0.005447232424021786
2003-09-04,0.0004832976536408573
2003-09-05,-0.0056081728960631905
2003-09-08,0.008265938272359996
2003-09-09,-0.006558961859162382
2003-09-10,-0.010096843633611075
2003-09-11,0.002941983833885553
2003-09-12,0.0018581186876138744
2003-09-15,-0.0035134511148910974
2003-09-16,0.014594590799526186
2003-09-17,-0.0019312056401964428
2003-09-18,0.011801437759613398
2003-09-19,-0.00508625299212484
2003-09-22,-0.01080372161515275
2003-09-23,0.0038032963473890735
2003-09-24,-0.017777793191729563
2003-09-25,-0.008208570682686878
2003-09-26,-0.003291057309438683
2003-09-29,0.00980506814301707
2003-09-30,-0.0097098622816858
2003-10-01,0.021311162420861063
2003-10-02,0.003624164526509821
2003-10-03,0.009174951326220038
2003-10-06,0.0045462140131304896
2003-10-07,0.0038512400323160723
2003-10-08,-0.002493392889925561
2003-10-09,0.00269197246281605
2003-10-10,0.0027808261704236337
2003-10-13,0.0031560423227070533
2003-10-14,0.0035271773139964324
2003-10-15,-0.0026594964920026998
2003-10-16,0.00399988241124527
2003-10-17,-0.010909776626920387
2003-10-20,0.007481283260610816
2003-10-21,-0.0017135454954606555
2003-10-22,-0.012588265244596886
2003-10-23,-0.0018349150396630431
2003-10-24,0.0022259588973168043
2003-10-27,0.00048265048833195934
2003-10-28,0.01360548904825265
2003-10-29,0.001333208345051018
2003-10-30,0.002091313766592995
2003-10-31,-0.0009485239204271023
2003-11-03,0.006553336525423559
2003-11-04,-0.0021707303663425215
2003-11-05,0.0007563667217806991
2003-11-06,0.005291218305517376
2003-11-07,-0.0074249779466281085
2003-11-10,-0.004071381782442152
2003-11-11,-0.0002847909480057087
2003-11-12,0.011221944590902533
2003-11-13,0.00028203566061502094
2003-11-14,-0.008461932510484882
2003-11-17,-0.0050258104737745946
2003-11-18,-0.010387533905677149
2003-11-19,0.008474311225151743
2003-11-20,-0.008976174388589442
2003-11-21,0.004142951007557016
2003-11-24,0.013242661860128235
2003-11-25,0.0037889037766336564
2003-11-26,0.0035846714143561442
2003-11-28,0.0007518125405665543
2003-12-01,0.010803513770909934
2003-12-02,-0.002509325282086361
2003-12-03,-0.0015839558852942526
2003-12-04,0.004106097598459035
2003-12-05,-0.0069702409754998085
2003-12-08,0.00673807194957976
2003-12-09,-0.007715934226936061
2003-12-10,-9.365083989054668e-05
2003-12-11,0.01124336155134853
2003-12-12,0.0019458373049108246
2003-12-15,-0.0049933775553813176
2003-12-16,0.005204241096872231
2003-12-17,0.0031433894324319755
2003-12-18,0.011244420220362539
2003-12-19,-0.002783599685616922
2003-12-22,0.006979055885495633
2003-12-23,0.0006379208233955325
2003-12-24,-0.001002181002412894
2003-12-26,0.000729542563115082
2003-12-29,0.013309016954593078
2003-12-30,0.0001798331552531618
2003-12-31,0.0008992102991229878
2004-01-02,-0.0004489952148378773
2004-01-05,0.010878211373987146
2004-01-06,0.0009788423461347673
2004-01-07,0.0033757507906235773
2004-01-08,0.003984654947435606
2004-01-09,-0.008731388414803143
2004-01-12,0.007384968792538027
2004-01-13,-0.005829453678920737
2004-01-14,0.008351105705825201
2004-01-15,0.0024670711293901526
2004-01-16,0.003955088090873193
2004-01-20,-0.00026250000752581215
2004-01-21,0.00788098240125712
2004-01-22,-0.0026067514823558957
2004-01-23,-0.003222723792192461
2004-01-26,0.012583886230858266
2004-01-27,-0.01027036764337097
2004-01-28,-0.011422922807364788
2004-01-29,0.0009703070080895326
2004-01-30,0.0
2004-02-02,0.0043178572406177285
2004-02-03,-0.0016669970488871755
2004-02-04,-0.008173613659016588
2004-02-05,0.0029242323179168306
2004-02-06,0.011220759260405222
2004-02-09,0.00026239611317246947
2004-02-10,0.00323223253330851
2004-02-11,0.010622461153439566
2004-02-12,-0.003618420695300495
2004-02-13,-0.004496709483032046
2004-02-17,0.009033146393501612
2004-02-18,-0.004390051426936936
2004-02-19,-0.0037176670100931286
2004-02-20,-0.003037514840163902
2004-02-23,-0.002524739785874086
2004-02-24,-0.001744903404632181
2004-02-25,0.004196430924426231
2004-02-26,0.0006094865564707508
2004-02-27,0.0006954764512312472
2004-03-01,0.009911374926355077
2004-03-02,-0.00585360953510472
2004-03-03,0.001818801187282837
2004-03-04,0.0025922680581926816
2004-03-05,0.0033625989894909836
2004-03-08,-0.012201275193452155
2004-03-09,-0.00400153548567217
2004-03-10,-0.01676809719872341
2004-03-11,-0.012968238094859919
2004-03-12,0.013138622884666828
2004-03-15,-0.012258080675104699
2004-03-16,0.005305642398960142
2004-03-17,0.011181356162644596
2004-03-18,0.0002654663020036363
2004-03-19,-0.014333099160525942
2004-03-22,-0.012695820611509423
2004-03-23,-0.0017330789636902377
2004-03-24,0.0008222859528619342
2004-03-25,0.01323626792463406
2004-03-26,0.0002701209493563006
2004-03-29,0.014050417602232912
2004-03-30,0.003375039096299437
2004-03-31,0.0011501122458996704
2004-04-01,0.006013100358180479
2004-04-02,0.0075578837764802564
2004-04-05,0.005496017551865462
2004-04-06,-0.0032098652149920026
2004-04-07,-0.0023502610716363836
2004-04-08,-0.002267911267672673
2004-04-12,0.003935321074621134
2004-04-13,-0.014022747010388636
2004-04-14,0.001589894574391515
2004-04-15,-0.0037920413268437425
2004-04-16,0.007702035995281076
2004-04-19,0.0
2004-04-20,-0.01677946767450378
2004-04-21,0.006700982424298507
2004-04-22,0.014023416087857399
2004-04-23,0.0009628688151974707
2004-04-26,-0.0013988169434536735
2004-04-27,0.0008754727307698218
2004-04-28,-0.012948720767319788
2004-04-29,-0.008775053266587007
2004-04-30,-0.007779454681318687
2004-05-03,0.010724424967679225
2004-05-04,-0.0008025626599778013
2004-05-05,0.006425250553784956
2004-05-06,-0.008600926258271469
2004-05-07,-0.016545880431894422
2004-05-10,-0.010276086062506407
2004-05-11,0.008453602166523577
2004-05-12,0.006377937054480087
2004-05-13,-0.004165064586164724
2004-05-14,0.00045495881745183375
2004-05-17,-0.008542506070279066
2004-05-18,0.005041183467313637
2004-05-19,-0.003465741246737597
2004-05-20,0.0032028740568037506
2004-05-21,0.001733137106326943
2004-05-24,0.004189134214043433
2004-05-25,0.01432874032753828
2004-05-26,0.003487133694971778
2004-05-27,0.005612923513422574
2004-05-28,-8.895334098735219e-05
2004-06-01,-0.001328751204620393
2004-06-02,0.0037263453834714966
2004-06-03,-0.009192832197821854
2004-06-04,0.007939838370341956
2004-06-07,0.015223712680769053
2004-06-08,0.0013950693078279564
2004-06-09,-0.009315714586322521
2004-06-10,0.004921238205455536
2004-06-14,-0.009881978629234789
2004-06-15,0.007065821662809668
2004-06-16,-0.00017501045103907042
2004-06-17,-0.0014911055683104468
2004-06-18,0.0018865838112425148
2004-06-21,-0.003784491317634142
2004-06-22,0.005035867865824439
2004-06-23,0.008614110784348927
2004-06-24,-0.003137902477969967
2004-06-25,-0.004807679393060149
2004-06-28,-0.0034260105681479525
2004-06-29,0.004142600308287392
2004-06-30,0.005354691358986807
2004-07-01,-0.013882725258791306
2004-07-02,-0.0005311470751390157
2004-07-06,-0.008770550163965773
2004-07-07,0.0029491810186865752
2004-07-08,-0.006950330702036767
2004-07-09,0.0026024294924715807
2004-07-12,0.00044767056987193854
2004-07-13,0.0007151378931247176
2004-07-14,-0.003039504091299716
2004-07-15,-0.006455842419520907
2004-07-16,-0.0008125705516872639
2004-07-19,-0.004245024521839835
2004-07-20,0.012699446367153477
2004-07-21,-0.0184524757334108
2004-07-22,0.0027381021495722635
2004-07-23,-0.008372820064690312
2004-07-26,-0.0019274934897220986
2004-07-27,0.009379593492344629
2004-07-28,0.00300624161116958
2004-07-29,0.004268956122958079
2004-07-30,0.002441752977517142
2004-08-02,0.002074793177814671
2004-08-03,-0.007742719369278617
2004-08-04,-9.107876289016215e-05
2004-08-05,-0.016334119725160856
2004-08-06,-0.014298132889863147
2004-08-09,0.0014040294430790468
2004-08-10,0.012896790576006456
2004-08-11,-0.0020301102746912436
2004-08-12,-0.010909641885162746
2004-08-13,0.0019629553350002382
2004-08-16,0.010355718769867739
2004-08-17,0.005632349386828661
2004-08-18,0.010283814598955887
2004-08-19,-0.0029085309426009065
2004-08-20,0.007018263813731718
2004-08-23,-0.00253439376194875
2004-08-24,0.001361245492636387
2004-08-25,0.006796768845607426
2004-08-26,0.0
2004-08-27,0.0031502352765708785
2004-08-30,-0.008254976242435652
2004-08-31,0.005247506677535707
2004-09-01,0.0018902991445768347
2004-09-02,0.011318453482404456
2004-09-03,-0.004085453031493325
2004-09-07,0.006599533463929275
2004-09-08,-0.002480947937303024
2004-09-09,-0.0008880760350786776
2004-09-10,0.005156228847077227
2004-09-13,0.0032729881490951573
2004-09-14,0.0020276191242538655
2004-09-15,-0.007566582834947266
2004-09-16,0.0030141745404304032
2004-09-17,0.00425132210041701
2004-09-20,-0.006009730717507655
2004-09-21,0.0043568677349639096
2004-09-22,-0.01248234276748017
2004-09-23,-0.005378731698316708
2004-09-24,0.004596339619607814
2004-09-27,-0.006369194241714782
2004-09-28,0.004785257954784017
2004-09-29,0.00503195551974156
2004-09-30,-0.0007149331859216401
2004-10-01,0.01691075955785415
2004-10-04,0.0016716599734118986
2004-10-05,0.0005272526711082026
2004-10-06,0.006848483594127597
2004-10-07,-0.010725846412987017
2004-10-08,-0.008285522508191923
2004-10-11,0.004088475549733683
2004-10-12,-0.0038945564394162746
2004-10-13,-0.008797415312955414
2004-10-14,-0.008069326196275206
2004-10-15,0.00560407900903237
2004-10-18,0.003774925299608878
2004-10-19,-0.008416835457001448
2004-10-20,-0.001986899603541148
2004-10-21,0.0065146312580064425
2004-10-22,-0.011236953287154239
2004-10-25,-0.0011812682022878107
2004-10-26,0.015291911163930694
2004-10-27,0.012013404338120148
2004-10-28,0.00301190151911368
2004-10-29,-0.0001763795720423067
2004-11-01,0.0027382703162386335
2004-11-02,0.00035235712338010927
2004-11-03,0.012593652659324217
2004-11-04,0.013654754492089749
2004-11-05,0.006263249199699672
2004-11-08,-0.0014496452423060635
2004-11-09,-0.001963989715328962
2004-11-10,0.0007697264959485306
2004-11-11,0.007609373479995352
2004-11-12,0.00789077956378681
2004-11-15,0.0024564738442351963
2004-11-16,-0.007158920536162849
2004-11-17,0.005938373889406767
2004-11-18,0.0013492780471442423
2004-11-19,-0.011116758703602514
2004-11-22,0.004769078938188009
2004-11-23,0.0015261485838875544
2004-11-24,0.002369318119330499
2004-11-26,-0.0007598243359407952
2004-11-29,-0.004562985527344243
2004-11-30,0.0006790965636946922
2004-12-01,0.011366764640702742
2004-12-02,0.0008385710854852402
2004-12-03,-0.0006705409876582857
2004-12-06,-0.00033525855892457823
2004-12-07,-0.009311237269670647
2004-12-08,0.0058425368294530156
2004-12-09,0.003535557816601198
2004-12-10,0.0010065869403803607
2004-12-13,0.008715328315086923
2004-12-14,0.0034894314911568802
2004-12-15,0.0007450416700383045
2004-12-16,-0.0005792116308985795
2004-12-17,-0.0066699385460976535
2004-12-20,0.00025113481485616873
2004-12-21,0.00770056957610854
2004-12-22,0.0024092277280260976
2004-12-23,0.000745383362182217
2004-12-27,-0.0020699294760024856
2004-12-28,0.005476202474472336
2004-12-29,0.001485451485367939
2004-12-30,-0.0018951843504665389
2004-12-31,-0.0021463210454689685
2005-01-03,-0.004715667462955264
2005-01-04,-0.012219408986055114
2005-01-05,-0.006900912019807803
2005-01-06,0.005084417203359948
2005-01-07,-0.001433150417167739
2005-01-10,0.004728188509928399
2005-01-11,-0.006891526296762707
2005-01-12,0.0033005137727761813
2005-01-13,-0.00801199798262997
2005-01-14,0.0052710023252116045
2005-01-18,0.010402643483647056
2005-01-19,-0.010462829658776762
2005-01-20,-0.006090481499944844
2005-01-21,-0.0061278027693468795
2005-01-24,-0.0019690306013069314
2005-01-25,0.0028309815159690555
2005-01-26,0.0029950422308171465
2005-01-27,0.0017057939141915668
2005-01-28,0.0
2005-01-31,0.006216598878334256
2005-02-01,0.0063471428243724315
2005-02-02,0.0030272390985437436
2005-02-03,-0.002599136456408524
2005-02-04,0.010676259202298422
2005-02-07,-0.001331052455665005
2005-02-08,0.0011661880768181199
2005-02-09,-0.007487001155847883
2005-02-10,0.003604086824999575
2005-02-11,0.008601819871153493
2005-02-14,-0.0007448281796493816
2005-02-15,0.003728594342859104
2005-02-16,0.0006604421870748389
2005-02-17,-0.008084961079763975
2005-02-18,0.0013304911853906365
2005-02-22,-0.014868192663481605
2005-02-23,0.0071672103469409
2005-02-24,0.00661332045783114
2005-02-25,0.00989689946350758
2005-02-28,-0.0065881978535911045
2005-03-01,0.004973894234355125
2005-03-02,-0.0004948534866296983
2005-03-03,0.0004122107957460486
2005-03-04,0.012457442460629409
2005-03-07,0.0004887135845148549
2005-03-08,-0.0037462257233811247
2005-03-09,-0.011117746055694044
2005-03-10,0.002231905859426897
2005-03-11,-0.007010867326738501
2005-03-14,0.00623004299222929
2005-03-15,-0.008254890841548956
2005-03-16,-0.00849042340715045
2005-03-17,0.0020149480613407267
2005-03-18,-0.002969183752908444
2005-03-21,-0.0037118768529378343
2005-03-22,-0.0101607927380033
2005-03-23,0.0008557918806146869
2005-03-24,0.0011966054208705224
2005-03-28,0.001451291084807238
2005-03-29,-0.0066494565855776955
2005-03-30,0.014159824791071252
2005-03-31,-0.001861970378347233
2005-04-01,-0.004493134365326501
2005-04-04,0.0017031911962579471
2005-04-05,0.004760788655860049
2005-04-06,0.003468933298034438
2005-04-07,0.005396576742927817
2005-04-08,-0.010399433202328834
2005-04-11,0.0007627479013752048
2005-04-12,0.005165542595899186
2005-04-13,-0.01179430459462183
2005-04-14,-0.013043805889831117
2005-04-15,-0.013993151867366382
2005-04-18,0.003066155228598433
2005-04-19,0.007947811027782192
2005-04-20,-0.01395079161554691
2005-04-21,0.01942053322567494
2005-04-22,-0.003792729894475655
2005-04-25,0.006576152161924531
2005-04-26,-0.009713784884161525
2005-04-27,0.003905753125827749
2005-04-28,-0.012537489590193851
2005-04-29,0.013572600995980677
2005-05-02,0.005615590515332336
2005-05-03,0.0017185509081727446
2005-05-04,0.007718770311889722
2005-05-05,-0.0003405686046469292
2005-05-06,-0.003150092944337324
2005-05-09,0.006234367438461508
2005-05-10,-0.010354475110636141
2005-05-11,0.005488852090290042
2005-05-12,-0.011003586863157833
2005-05-13,-0.0019832890482193166
2005-05-16,0.00933302173242101
2005-05-17,0.006678395838346951
2005-05-18,0.0102904248826996
2005-05-19,0.004209086670348583
2005-05-20,-0.001425040422632362
2005-05-23,0.0055406098686676675
2005-05-24,-0.002337760190978977
2005-05-25,-0.0007530798886232759
2005-05-26,0.005359875333408981
2005-05-27,0.0016661129754123039
2005-05-31,-0.006403502054349031
2005-06-01,0.008537019881707408
2005-06-02,0.002157560787673818
2005-06-03,-0.005051424786408409
2005-06-06,-0.0009155343778076697
2005-06-07,0.0007495054859676387
2005-06-08,-0.0018309077900635629
2005-06-09,0.004753508280450847
2005-06-10,-0.0023241775275512078
2005-06-13,0.0031611429847502315
2005-06-14,0.002322529671296758
2005-06-15,0.0019027161186853103
2005-06-16,0.0025602313080586026
2005-06-17,0.003705176098988794
2005-06-20,0.0003296062846034342
2005-06-21,0.0005768277378774833
2005-06-22,0.0008233152442196356
2005-06-23,-0.014066347224071851
2005-06-24,-0.007341807220100027
2005-06-27,0.0014288244992572974
2005-06-28,0.008392902142960068
2005-06-29,-0.002663776420340991
2005-06-30,-0.005424095210506796
2005-07-01,0.0029369263011251867
2005-07-05,0.008031473203763184
2005-07-06,-0.008382164314534757
2005-07-07,0.003933180844791995
2005-07-08,0.011421601221330402
2005-07-11,0.005110259523818161
2005-07-12,0.002624400048569786
2005-07-13,0.0013904005686085075
2005-07-14,0.0039207076521878825
2005-07-15,-0.0005691964498482083
2005-07-18,-0.003989005981238192
2005-07-19,0.005475888898322623
2005-07-20,0.0034140295107982777
2005-07-21,-0.005832760630022804
2005-07-22,0.006681910562175597
2005-07-25,-0.00283318485056705
2005-07-26,0.0012178660570150157
2005-07-27,0.003648611203711516
2005-07-28,0.006300655618991957
2005-07-29,-0.006663291026766327
2005-08-01,-0.0007269669948688495
2005-08-02,0.005984560339654443
2005-08-03,0.0026530811783458397
2005-08-04,-0.008017894840525508
2005-08-05,-0.006789786370554052
2005-08-08,-0.00187163364505738
2005-08-09,0.006033627216759596
2005-08-10,-0.0004864109670797978
2005-08-11,0.003972796584799099
2005-08-12,-0.0061376489659489275
2005-08-15,0.006175552338372858
2005-08-16,-0.013002516066609626
2005-08-17,-8.17143170696033e-05
2005-08-18,-8.217753671557748e-05
2005-08-19,0.002292119859760744
2005-08-22,0.0
2005-08-23,-0.001878262942052511
2005-08-24,-0.008917087452921968
2005-08-25,0.003632138099532556
2005-08-26,-0.0068264143113813125
2005-08-29,0.007701490551463408
2005-08-30,-0.005259764361382979
2005-08-31,0.012639706335099143
2005-09-01,-0.000734392297655706
2005-09-02,-0.001796065289801696
2005-09-06,0.011695384511773765
2005-09-07,0.0016978568830132712
2005-09-08,-0.0033090947336875676
2005-09-09,0.008906884858919106
2005-09-12,-0.002006001796903356
2005-09-13,-0.005548702204155043
2005-09-14,-0.003639439669757105
2005-09-15,-0.00048712170299702873
2005-09-16,0.00711114831916837
2005-09-19,-0.003319772116865072
2005-09-20,-0.008449517318084965
2005-09-21,-0.009339816834064485
2005-09-22,0.003556196263071687
2005-09-23,0.0008238170574905723
2005-09-26,0.0011528702681975478
2005-09-27,-0.00024655679506135897
2005-09-28,0.0009873844768388818
2005-09-29,0.008136562608667797
2005-09-30,0.0030980302571088636
2005-10-03,-0.003575904902601734
2005-10-04,-0.011256040135864565
2005-10-05,-0.013117036492530265
2005-10-06,-0.0035939692421542713
2005-10-07,0.0034390619309845327
2005-10-10,-0.008444179934555152
2005-10-11,-0.0014332289911900276
2005-10-12,-0.00785237239683767
2005-10-13,-0.0005963784782164749
2005-10-14,0.010559652999018176
2005-10-17,0.003708055923531628
2005-10-18,-0.010830748542685509
2005-10-19,0.016636185303802398
2005-10-20,-0.017616095564772172
2005-10-21,0.003909054985957061
2005-10-24,0.01549125086588421
2005-10-25,-0.0020002035769337567
2005-10-26,-0.002923536735155108
2005-10-27,-0.010639435589055335
2005-10-28,0.014395039463304782
2005-10-31,0.002754368719630751
2005-11-01,0.002996983224329952
2005-11-02,0.010457360845618213
2005-11-03,0.004270663594577728
2005-11-04,-0.0013081547766277124
2005-11-07,0.0009828561570632832
2005-11-08,0.0
2005-11-09,0.0013087639370905624
2005-11-10,0.007762342521318466
2005-11-11,0.0034047900550620014
2005-11-14,-0.0005656741289686851
2005-11-15,-0.0036382267931334145
2005-11-16,0.002028828038071806
2005-11-17,0.009312687377042606
2005-11-18,0.003930780257563438
2005-11-21,0.0050348843146004185
2005-11-22,0.0042941341888442786
2005-11-23,0.005779705607214414
2005-11-25,0.000787616103403721
2005-11-28,-0.007079557848812867
2005-11-29,-0.0011092985145804146
2005-11-30,-0.0053924565879356345
2005-12-01,0.01020639411933666
2005-12-02,0.0012626025661781615
2005-12-05,-0.0021282233084158886
2005-12-06,0.0018961203089300493
2005-12-07,-0.00583520429873341
2005-12-08,-0.0006345760307741033
2005-12-09,0.0026189245249761406
2005-12-12,0.0009499365580283303
2005-12-13,0.006801315240776873
2005-12-14,0.003927236168274284
2005-12-15,-0.0028947862552418657
2005-12-16,-0.003218618081383462
2005-12-19,-0.00514430665301524
2005-12-20,0.0009544234661573725
2005-12-21,0.001590038068513433
2005-12-22,0.005236962949094481
2005-12-23,0.0005521201798748265
2005-12-27,-0.010176458027974067
2005-12-28,0.0022314525317557177
2005-12-29,-0.004453320030500918
2005-12-30,-0.005431805015785662
2006-01-03,0.01758920558893573
2006-01-04,0.004735263569297432
2006-01-05,0.000628566507198336
2006-01-06,0.008321799500100369
2006-01-09,0.002569048115872219
2006-01-10,0.0010101035242391365
2006-01-11,0.0031800429561734678
2006-01-12,-0.003943286485741715
2006-01-13,-0.0009322977634635965
2006-01-17,-0.0027197996553678383
2006-01-18,-0.003973915447398113
2006-01-19,0.003833354647041043
2006-01-20,-0.01823739728489915
2006-01-23,0.003573104627497825
2006-01-24,0.0010274807610719527
2006-01-25,0.0008698378486009517
2006-01-26,0.005526261368524743
2006-01-27,0.009265077380074871
2006-01-30,-0.0007777844938523515
2006-01-31,-0.007318809870562326
2006-02-01,0.0069807920515725375
2006-02-02,-0.011605588856169358
2006-02-03,-0.0049647790357184585
2006-02-06,0.0026137244076100963
2006-02-07,-0.008846665080160188
2006-02-08,0.009084959836527684
2006-02-09,-0.0016585859843112338
2006-02-10,0.0018196768681240094
2006-02-13,-0.0018163716586327983
2006-02-14,0.010600778387698018
2006-02-15,0.0035224518673511174
2006-02-16,0.00748829065554224
2006-02-17,-0.0027101189296570016
2006-02-21,-0.0024841911985516996
2006-02-22,0.006070301197829364
2006-02-23,-0.0014696679012219382
2006-02-24,0.0025567391280150176
2006-02-27,0.00038644855993896776
2006-02-28,-0.009501169398336118
2006-03-01,0.008889867994803069
2006-03-02,-7.705735886676113e-05
2006-03-03,-0.0046380656463098635
2006-03-06,-0.004582255149339853
2006-03-07,-0.0015601459412923901
2006-03-08,0.002109786085879195
2006-03-09,-0.006706351832853508
2006-03-10,0.00949927430555797
2006-03-13,0.0018661802720001397
2006-03-14,0.010479029715848576
2006-03-15,0.004455354762685104
2006-03-16,0.002064770521747361
2006-03-17,0.0008352896244259167
2006-03-20,-0.0016070730428983104
2006-03-21,-0.0062885543044326475
2006-03-22,0.006096191470955414
2006-03-23,-0.002070860459533974
2006-03-24,0.0007687399180089649
2006-03-27,-0.001459196437599286
2006-03-28,-0.006152820787918678
2006-03-29,0.006268179501019544
2006-03-30,-0.0017688678746113906
2006-03-31,0.00023118973409030907
2006-04-03,-0.0007704825890182398
2006-04-04,0.006398146089630519
2006-04-05,0.0034466474107017753
2006-04-06,-0.001068640803677079
2006-04-07,-0.010162948176038467
2006-04-10,0.001544160386690141
2006-04-11,-0.008478303127739784
2006-04-12,0.001865425137910881
2006-04-13,-0.0013190569174383882
2006-04-17,-0.0003884653003498606
2006-04-18,0.015855406685808315
2006-04-19,0.0019130065070689373
2006-04-20,0.0013747886096484585
2006-04-21,0.00015228339890160925
2006-04-24,-0.0018297245676552887
2006-04-25,-0.004125120585105169
2006-04-26,0.0002299256267015437
2006-04-27,0.0048314647623104445
2006-04-28,0.0033580849733028106
2006-05-01,-0.008138987511058904
2006-05-02,0.007515480534132202
2006-05-03,-0.0037294583386993096
2006-05-04,0.003590352020180765
2006-05-05,0.008831306484121226
2006-05-08,-0.0012074822698805443
2006-05-09,0.0019640318117430944
2006-05-10,-0.0005277508723702251
2006-05-11,-0.01207093135923254
2006-05-12,-0.013058474246924079
2006-05-15,0.002012298144137281
2006-05-16,-0.00146762141538892
2006-05-17,-0.019024033027919107
2006-05-18,-0.005045387135985457
2006-05-19,0.00705186017343129
2006-05-22,-0.007631273758413104
2006-05-23,-0.00761158337551715
2006-05-24,0.007988944810945586
2006-05-25,0.012363992720976213
2006-05-26,0.005089227601917212
2006-05-30,-0.017760133669611045
2006-05-31,0.011181865838386873
2006-06-01,0.009568033024511369
2006-06-02,0.0020974036046916833
2006-06-05,-0.014573526376094437
2006-06-06,-0.0024386613160042314
2006-06-07,-0.007491687188269536
2006-06-08,-0.0008740283945087857
2006-06-09,-0.003181049495967647
2006-06-12,-0.010849626273476853
2006-06-13,-0.01161337543787877
2006-06-14,0.007751747886789229
2006-06-15,0.0212145005879818
2006-06-16,-0.007287320481324522
2006-06-19,-0.007861504162872679
2006-06-20,0.003395786452728089
2006-06-21,0.007413598400749288
2006-06-22,-0.004399521279622287
2006-06-23,-0.0001601788085109357
2006-06-26,0.004419406318696861
2006-06-27,-0.008640510314466665
2006-06-28,0.006779216370527141
2006-06-29,0.02020017704333421
2006-06-30,7.845026369546204e-05
2006-07-03,0.004085637890967719
2006-07-05,-0.005711866377744568
2006-07-06,0.002911798969951196
2006-07-07,-0.006512832380759281
2006-07-10,0.0018952175146005334
2006-07-11,0.004415105066212233
2006-07-12,-0.010674282515332423
2006-07-13,-0.01626369212095502
2006-07-14,-0.0038708375018086105
2006-07-17,-0.001457548489861904
2006-07-18,0.005107755405319825
2006-07-19,0.013874826070701118
2006-07-20,-0.006842169697109157
2006-07-21,-0.0070497138498364365
2006-07-24,0.018233473737058414
2006-07-25,0.003565120125574195
2006-07-26,0.001342240531026162
2006-07-27,-0.0009461379700574923
2006-07-28,0.010022783653721001
2006-07-31,-0.0010159082166362188
2006-08-01,-0.004927660692889968
2006-08-02,0.006760401761215951
2006-08-03,0.0026544612165084747
2006-08-04,-0.0017132662279168986
2006-08-07,-0.002340110675018492
2006-08-08,-0.0038308690098326492
2006-08-09,-0.003374728639800817
2006-08-10,0.0030709479605512957
2006-08-11,-0.002826466179853826
2006-08-14,0.0007877480286668792
2006-08-15,0.011957895680754893
2006-08-16,0.008318375781085852
2006-08-17,0.0025438190663904514
2006-08-18,0.005076246099741999
2006-08-21,-0.004285125462230921
2006-08-22,-7.689452572456901e-05
2006-08-23,-0.0027668154643835097
2006-08-24,-0.0008474916266493215
2006-08-25,0.001234360115476285
2006-08-28,0.004775749980180155
2006-08-29,0.001150428988760277
2006-08-30,0.0006124486118517236
2006-08-31,-0.00015282970660557282
2006-09-01,0.005970413954964782
2006-09-05,0.0019021590242973563
2006-09-06,-0.008810196838334172
2006-09-07,-0.004596796711475171
2006-09-08,0.0028479746123790672
2006-09-11,0.0009979730958633581
2006-09-12,0.009815314064921754
2006-09-13,0.004024384996723862
2006-09-14,7.592772111975066e-05
2006-09-15,0.002346949914135976
2006-09-18,0.0013639742281223999
2006-09-19,-0.0024973922016424677
2006-09-20,0.00531052836317536
2006-09-21,-0.004829731998500009
2006-09-22,-0.0030330770477696722
2006-09-25,0.007681995466298108
2006-09-26,0.00830286629061816
2006-09-27,0.0011981904938271892
2006-09-28,-0.0003737620508889039
2006-09-29,-0.0008233022197409179
2006-10-02,-0.0037423439523932567
2006-10-03,0.002103643987608983
2006-10-04,0.011697451961423244
2006-10-05,0.0019274383202754208
2006-10-06,-0.0012577864991770715
2006-10-09,0.0005925070767862639
2006-10-10,0.0013326947857539295
2006-10-11,-0.0011826555469134359
2006-10-12,0.008659736131843454
2006-10-13,0.0025678900288743645
2006-10-16,0.0015369793886632621
2006-10-17,-0.003142364159553379
2006-10-18,0.0013198784655907847
2006-10-19,0.0016106056959088733
2006-10-20,0.0002190174808809342
2006-10-23,0.004603941866063721
2006-10-24,0.0029828641878020257
2006-10-25,0.003408074772514702
2006-10-26,0.003108304741951118
2006-10-27,-0.00626905367497832
2006-10-30,-0.0007250794489744861
2006-10-31,-0.0001450577701279654
2006-11-01,-0.006749570128778859
2006-11-02,-0.0005843384848244204
2006-11-03,-0.00175451906528723
2006-11-06,0.011278610693813862
2006-11-07,0.0038383315700183385
2006-11-08,0.002164410320995458
2006-11-09,-0.005255273242237513
2006-11-10,0.00043471874763101326
2006-11-13,0.0024594152672714475
2006-11-14,0.007504238378150951
2006-11-15,0.0028648740278385265
2006-11-16,0.002571309315847037
2006-11-17,0.0002848041959493397
2006-11-20,0.0005702232939401863
2006-11-21,0.000995729956420499
2006-11-22,0.0019911858371322033
2006-11-24,-0.004045076273382131
2006-11-27,-0.01375142996243417
2006-11-28,0.004334999927475325
2006-11-29,0.010429860483348152
2006-11-30,0.00042739879515796275
2006-12-01,-0.0022060413589077843
2006-12-04,0.007630941936516145
2006-12-05,0.004317607755228492
2006-12-06,-0.0008456446646796234
2006-12-07,-0.0043732596296102155
2006-12-08,0.001841693941000866
2006-12-11,0.0028999362282542407
2006-12-12,-0.0007761272251628482
2006-12-13,0.001059072369637315
2006-12-14,0.008810420553386988
2006-12-15,9.095701956796098e-05
2006-12-18,-0.0027399739488634944
2006-12-19,0.001902099150874248
2006-12-20,-0.0005626336626909367
2006-12-21,-0.003658490500498379
2006-12-22,-0.006142554055372229
2006-12-26,0.005897111479306938
2006-12-27,0.006568358826961829
2006-12-28,-0.002105087464762234
2006-12-29,-0.004149237331461331
2007-01-03,-0.0017645495264970723
2007-01-04,0.002121678300422092
2007-01-05,-0.007976310430786615
2007-01-08,0.004625214262550692
2007-01-09,-0.0008502607309966992
2007-01-10,0.003331784643975766
2007-01-11,0.004380631229801368
2007-01-12,0.007597308020270477
2007-01-16,-0.0019548154603146184
2007-01-17,0.0004191456184898801
2007-01-18,-0.0033558572075550464
2007-01-19,0.001964263677847411
2007-01-22,-0.0030802689629984004
2007-01-23,0.002949552822763435
2007-01-24,0.008052859672120993
2007-01-25,-0.01173949613912506
2007-01-26,-0.0009142699181703406
2007-01-29,-0.0005626844184820623
2007-01-30,0.0052089452565735606
2007-01-31,0.006723361025435137
2007-02-01,0.005982690553042236
2007-02-02,0.0013828867372314146
2007-02-05,0.0002768098674399422
2007-02-06,0.000275834293858912
2007-02-07,0.0022086871182112056
2007-02-08,-0.0013084968524710305
2007-02-09,-0.007447402425739047
2007-02-12,-0.0034039898895777965
2007-02-13,0.00843514258211786
2007-02-14,0.006567132875316073
2007-02-15,0.0013046040240618506
2007-02-16,-0.0004799742664129969
2007-02-20,0.0021271529167319336
2007-02-21,-0.000411123135948932
2007-02-22,-0.0007533047958621086
2007-02-23,-0.003907729672292248
2007-02-26,-0.0008952164359556924
2007-02-27,-0.039057050900686674
2007-02-28,0.01025034842892536
2007-03-01,-0.0029798256563297043
2007-03-02,-0.013095046219922635
2007-03-05,-0.009519156082827274
2007-03-06,0.017109637123750465
2007-03-07,-0.0010019425210144872
2007-03-08,0.008455268926210291
2007-03-09,0.0002838894582870566
2007-03-12,0.001491653883576305
2007-03-13,-0.01943381104915154
2007-03-14,0.007450411565755211
2007-03-15,0.0013637400196069294
2007-03-16,-0.0028001691460884937
2007-03-19,0.012055500571320321
2007-03-20,0.005491654741638374
2007-03-21,0.01645782205813706
2007-03-22,-0.0007682615429316364
2007-03-23,0.0014673489937622186
2007-03-26,-0.001325221948859423
2007-03-27,-0.0023744655773063617
2007-03-28,-0.007279637163600139
2007-03-29,0.0010576015194951882
2007-03-30,0.000211342515262114
2007-04-02,0.0011262114994141648
2007-04-03,0.010763155829913496
2007-04-04,0.0011137177592774883
2007-04-05,0.0027110940867312028
2007-04-09,0.0013864264786325187
2007-04-10,0.0011770778567035123
2007-04-11,-0.004080398034819632
2007-04-12,0.004443914436147667
2007-04-13,0.0045627775291798844
2007-04-16,0.009495857239642858
2007-04-17,0.0026586470348957114
2007-04-18,0.0012237689526568563
2007-04-19,-0.000271697807452953
2007-04-20,0.009441385198502683
2007-04-23,-0.003768489181865897
2007-04-24,0.00040537225919301534
2007-04-25,0.00918223363229309
2007-04-26,0.0011366670795400768
2007-04-27,-0.0008014804963328848
2007-04-30,-0.008292583846361223
2007-05-01,0.002562354015792856
2007-05-02,0.005851779587015882
2007-05-03,0.0054168089340340675
2007-05-04,0.003791408957732001
2007-05-07,0.00019845112158178857
2007-05-08,-0.0013254420210588869
2007-05-09,0.002720221036242254
2007-05-10,-0.010452376689412346
2007-05-11,0.008557169237777273
2007-05-14,-0.0021874135774253567
2007-05-15,0.00026523924774024543
2007-05-16,0.006841128287270903
2007-05-17,-0.001978961282385727
2007-05-18,0.008724066828743604
2007-05-21,-0.0005236391861143108
2007-05-22,-0.000787074853454417
2007-05-23,0.0001315424834711365
2007-05-24,-0.009052974018352367
2007-05-25,0.0041704821136567816
2007-05-29,0.003626240695253191
2007-05-30,0.008144116037324345
2007-05-31,-0.0010416216988581306
2007-06-01,0.004957003724026965
2007-06-04,0.00012914315585477176
2007-06-05,-0.0039577511624013795
2007-06-06,-0.010749943383917882
2007-06-07,-0.018045375464123548
2007-06-08,0.01301103963704442
2007-06-11,0.00172152585712948
2007-06-12,-0.010905690753040709
2007-06-13,0.014968263986889108
2007-06-14,0.006386381374568817
2007-06-15,0.005689893788413558
2007-06-18,-0.001176045513038737
2007-06-19,0.0024851541865538174
2007-06-20,-0.013896687796449703
2007-06-21,0.005557416801987847
2007-06-22,-0.009409209957766063
2007-06-25,-0.0047821394735994005
2007-06-26,-0.010278386126161165
2007-06-27,0.014229039779129593
2007-06-28,-0.00013288019065482715
2007-06-29,0.00033220884242313176
2007-07-02,0.009040920661220975
2007-07-03,0.003623330208012421
2007-07-05,-0.001050351897556645
2007-07-06,0.005257069325113273
2007-07-09,0.0007839757716030515
2007-07-10,-0.014238427192040048
2007-07-11,0.00708969312890706
2007-07-12,0.015790424744893672
2007-07-13,0.002979560482763599
2007-07-16,-0.00012947854687128668
2007-07-17,-0.0005166605834684423
2007-07-18,-0.0018092120361733466
2007-07-19,0.003884019233935332
2007-07-20,-0.010124422224259577
2007-07-23,0.003062320729824819
2007-07-24,-0.017341085309788395
2007-07-25,0.002048920438367352
2007-07-26,-0.023679482159553844
2007-07-27,-0.019659302544124957
2007-07-30,0.015642801911142312
2007-07-31,-0.011262801151976753
2007-08-01,0.004872033781639917
2007-08-02,0.007990604805019785
2007-08-03,-0.025745570942392604
2007-08-06,0.016759058651765857
2007-08-07,0.010669854145463287
2007-08-08,0.013940670979364578
2007-08-09,-0.029633753123646467
2007-08-10,-0.004676497993851392
2007-08-13,0.0035931841724978764
2007-08-14,-0.015286404063964532
2007-08-15,-0.013774801664198089
2007-08-16,0.0075152163883893675
2007-08-17,0.018367788525804896
2007-08-20,-0.00048429711955511046
2007-08-21,0.002005092494452576
2007-08-22,0.011867917126410887
2007-08-23,-0.0008866514918780544
2007-08-24,0.012353843892676908
2007-08-27,-0.00930386577102904
2007-08-28,-0.02198027218427201
2007-08-29,0.019621098765356226
2007-08-30,-0.0026610706384483374
2007-08-31,0.009852585660330648
2007-09-04,0.010095677455169705
2007-09-05,-0.00865319505585338
2007-09-06,0.002301115028589429
2007-09-07,-0.013906857367001813
2007-09-10,-0.0019170158122306935
2007-09-11,0.011660530704331817
2007-09-12,0.002576653094581438
2007-09-13,0.0070328689150265244
2007-09-14,-6.677968622659236e-05
2007-09-17,-0.0053729435596628905
2007-09-18,0.02943991914706201
2007-09-19,0.005902835523913907
2007-09-20,-0.007042439337337725
2007-09-21,0.0026985771196645914
2007-09-24,-0.0018423493375993027
2007-09-25,-0.0019775134722297416
2007-09-26,0.005284030339077761
2007-09-27,0.005913684030054878
2007-09-28,-0.0033308550976580698
2007-10-01,0.011272167707278902
2007-10-02,-0.0013608100856693506
2007-10-03,-0.002011777318821739
2007-10-04,0.0015607884907311576
2007-10-05,0.011881423055744023
2007-10-08,-0.005325874048975554
2007-10-09,0.00941834395017116
2007-10-10,-0.0016615195816034323
2007-10-11,-0.004800803146158605
2007-10-12,0.005531799822592776
2007-10-15,-0.008443967170214117
2007-10-16,-0.007934947142964388
2007-10-17,0.0030563816035917846
2007-10-18,-0.0036302336423872372
2007-10-19,-0.026156975304925
2007-10-22,0.005813083047355949
2007-10-23,0.008104102619236553
2007-10-24,-0.0018450394159170713
2007-10-25,0.0023763763848700936
2007-10-26,0.011723137726904698
2007-10-29,0.0033196412946643328
2007-10-30,-0.006942204677973685
2007-10-31,0.010388025550843727
2007-11-01,-0.023407219262800205
2007-11-02,0.00112488468176708
2007-11-05,-0.007605426845177399
2007-11-06,0.013462001775336185
2007-11-07,-0.027355959439605004
2007-11-08,-0.005070164932980181
2007-11-09,-0.01372673670088409
2007-11-12,-0.00992161086104959
2007-11-13,0.030480227797431647
2007-11-14,-0.002768596341546803
2007-11-15,-0.014423976637879865
2007-11-16,0.0017174526855989747
2007-11-19,-0.01392398636945491
2007-11-20,0.006121202263581926
2007-11-21,-0.020464044311942597
2007-11-23,0.017291640158791033
2007-11-26,-0.022063075429768042
2007-11-27,0.011493769835220435
2007-11-28,0.03198427922939917
2007-11-29,0.00033961829815343236
2007-11-30,0.010055765823423268
2007-12-03,-0.006592406415316776
2007-12-04,-0.008938264577563526
2007-12-05,0.016739683947378348
2007-12-06,0.014313477796132457
2007-12-07,-0.00019876941789509495
2007-12-10,0.007753051621332663
2007-12-11,-0.027420148673037104
2007-12-12,0.009871371350240521
2007-12-13,-0.0020758496889201616
2007-12-14,-0.012679265186543609
2007-12-17,-0.014269267725483537
2007-12-18,0.005583415204225783
2007-12-19,0.0
2007-12-20,0.006306784297756218
2007-12-21,0.014415481544372
2007-12-24,0.00742571818278126
2007-12-26,0.002144366546882326
2007-12-27,-0.01257085779566669
2007-12-28,-0.002505629675913945
2007-12-31,-0.0074001456650962805
