time,open,high,low,close,Volume
2017-08-10,0.7579,0.7579,0.7455,0.7459,367.0
2017-08-11,0.746,0.7464,0.7434,0.7457,510.0
2017-08-14,0.7459,0.7489,0.7457,0.7489,707.0
2017-08-15,0.7503,0.7509,0.748,0.748,946.0
2017-08-16,0.7477,0.7484,0.7451,0.7481,1065.0
2017-08-17,0.7485,0.7497999999999999,0.7445,0.7446,1134.0
2017-08-18,0.7415,0.7435,0.7411,0.7429,2490.0
2017-08-21,0.7427999999999999,0.7434,0.7416,0.7417999999999999,2601.0
2017-08-22,0.7415,0.7417,0.7386,0.7387,3128.0
2017-08-23,0.7385,0.7397,0.737,0.7387999999999999,5824.0
2017-08-24,0.7395,0.7424,0.7386,0.7416,6563.0
2017-08-25,0.7417,0.7433,0.7417,0.7431,5386.0
2017-08-28,0.7434,0.751,0.743,0.751,5662.0
2017-08-29,0.7517999999999999,0.7529,0.747,0.747,5223.0
2017-08-30,0.7487,0.7526,0.7483,0.7526,4413.0
2017-08-31,0.753,0.7605,0.7527999999999999,0.7581,5359.0
2017-09-01,0.7587999999999999,0.7622000000000001,0.7586,0.762,5720.0
2017-09-05,0.7619,0.7637999999999999,0.7605,0.763,4580.0
2017-09-06,0.7623,0.7635,0.7613,0.7635,4564.0
2017-09-07,0.7635,0.7739,0.7633,0.77,6142.0
2017-09-08,0.771,0.7764,0.7709,0.7751,6318.0
2017-09-11,0.7747999999999999,0.7796000000000001,0.769,0.769,7003.0
2017-09-12,0.769,0.7727999999999999,0.7667,0.7726000000000001,9529.0
2017-09-13,0.7739,0.7785,0.7737,0.7785,7169.0
2017-09-14,0.779,0.7855,0.779,0.7845,7736.0
2017-09-15,0.7846000000000001,0.7865,0.7823,0.7845,7175.0
2017-09-18,0.7852,0.7932,0.7852,0.7918999999999999,6221.0
2017-09-19,0.7921,0.7958999999999999,0.7921,0.7925,6312.0
2017-09-20,0.7925,0.7933,0.7891,0.7898999999999999,6765.0
2017-09-21,0.7898999999999999,0.7907000000000001,0.786,0.7872,4674.0
2017-09-22,0.786,0.7877000000000001,0.7844,0.7856000000000001,6515.0
2017-09-25,0.7856000000000001,0.7873,0.7852,0.786,5199.0
2017-09-26,0.786,0.787,0.7846000000000001,0.787,4518.0
2017-09-27,0.787,0.7876000000000001,0.7864,0.787,3205.0
2017-09-28,0.7868999999999999,0.7924,0.7866000000000001,0.788,7975.0
2017-09-29,0.7885,0.7918,0.7883,0.7903,7060.0
2017-10-02,0.7908,0.7925,0.787,0.7883,6062.0
2017-10-03,0.7872,0.7892,0.7837999999999999,0.7845,7262.0
2017-10-04,0.7842,0.792,0.7835,0.792,8062.0
2017-10-05,0.7925,0.7963,0.7915,0.793,10122.0
2017-10-06,0.794,0.796,0.7916,0.7958,9045.0
2017-10-09,0.7976,0.799,0.7965,0.799,8325.0
2017-10-10,0.7982,0.802,0.7978,0.802,6643.0
2017-10-11,0.8032999999999999,0.8075,0.8,0.8042,9921.0
2017-10-12,0.805,0.8081,0.805,0.807,8397.0
2017-10-13,0.8072999999999999,0.814,0.8064,0.814,9827.0
2017-10-16,0.8156,0.8166,0.8122999999999999,0.8135,7671.0
2017-10-17,0.8129,0.8174,0.8122,0.8174,6126.0
2017-10-18,0.8184,0.8208,0.815,0.815,6053.0
2017-10-19,0.816,0.8191,0.816,0.8172,5647.0
2017-10-20,0.8179,0.8195,0.8135,0.8139,11038.0
2017-10-23,0.814,0.8145,0.8072,0.8082,10316.0
2017-10-24,0.8082,0.813,0.8067000000000001,0.813,15474.0
2017-10-25,0.8145,0.8206,0.8125,0.8206,12204.0
2017-10-26,0.8205,0.824,0.8158,0.8208,17377.0
2017-10-27,0.8222999999999999,0.831,0.8191,0.831,18567.0
2017-10-30,0.834,0.8398,0.831,0.8362,15450.0
2017-10-31,0.8342,0.8373999999999999,0.8305,0.8319,19633.0
2017-11-01,0.8305,0.8358,0.8302999999999999,0.8358,15611.0
2017-11-02,0.8365,0.8398,0.83,0.83,22192.0
2017-11-03,0.8287,0.838,0.8282,0.838,20823.0
2017-11-06,0.841,0.845,0.8382999999999999,0.845,16841.0
2017-11-07,0.8461000000000001,0.8506,0.844,0.847,20580.0
2017-11-08,0.8465,0.857,0.8465,0.857,20034.0
2017-11-09,0.8568,0.8609,0.8562000000000001,0.8573,18926.0
2017-11-10,0.857,0.861,0.8555,0.8573,18344.0
2017-11-13,0.8575,0.8637999999999999,0.8575,0.8635,7471.0
2017-11-14,0.8655,0.8719,0.8635,0.8697,9399.0
2017-11-15,0.8715,0.8802000000000001,0.8685,0.877,7473.0
2017-11-16,0.878,0.8881,0.877,0.8881,6160.0
2017-11-17,0.8975,0.908,0.8915,0.903,13311.0
2017-11-20,0.9049,0.93,0.9041,0.93,10205.0
2017-11-21,0.935,0.9658,0.9338,0.958,14988.0
2017-11-22,0.9603,0.976,0.9593,0.975,15357.0
2017-11-23,0.983,0.9875,0.94,0.95,15836.0
2017-11-24,0.947,0.954,0.9352,0.938,12871.0
2017-11-27,0.94,0.946,0.9371,0.946,9354.0
2017-11-28,0.9459,0.9499,0.94,0.9465,9158.0
2017-11-29,0.949,0.96,0.9465,0.96,7116.0
2017-11-30,0.9631,0.9729,0.958,0.958,10314.0
2017-12-01,0.9592,0.9646,0.958,0.9636,7557.0
2017-12-04,0.9675,0.988,0.9652,0.988,7269.0
2017-12-05,0.992,0.992,0.9516,0.955,13736.0
2017-12-06,0.953,0.9539,0.9234,0.949,19866.0
2017-12-07,0.9489,0.9529,0.9306,0.937,17187.0
2017-12-08,0.935,0.943,0.929,0.936,16021.0
2017-12-11,0.9285,0.929,0.9,0.9,13634.0
2017-12-12,0.906,0.9179,0.86,0.905,26110.0
2017-12-13,0.914,0.9168,0.895,0.91,24962.0
2017-12-14,0.9069,0.928,0.9052,0.928,20361.0
2017-12-15,0.935,0.939,0.927,0.935,16825.0
2017-12-18,0.94,0.958,0.938,0.958,13261.0
2017-12-19,0.9568,0.9619,0.9412,0.9425,15668.0
2017-12-20,0.9448,0.9535,0.9411,0.949,12353.0
2017-12-21,0.948,0.9536,0.9378,0.9378,7596.0
2017-12-22,0.95,0.956,0.9491,0.956,15441.0
2017-12-25,0.9582,0.9613,0.9563,0.9613,9454.0
2017-12-26,0.9619,0.976,0.9614,0.976,12333.0
2017-12-27,0.975,0.9788,0.96,0.966,14534.0
2017-12-28,0.9681,0.9793,0.9652,0.9779,13077.0
2017-12-29,0.98,0.9888,0.978,0.98,16735.0
2018-01-02,0.9839,0.999,0.9808,0.999,11347.0
2018-01-03,1.0025,1.0152,1.002,1.0128,16134.0
2018-01-04,1.0148,1.0239,1.0128,1.0239,13815.0
2018-01-05,1.0241,1.025,1.007,1.012,16296.0
2018-01-08,1.0083,1.031,1.0057,1.03,13326.0
2018-01-09,1.0343,1.043,1.0255,1.042,17655.0
2018-01-10,1.0425,1.0488,1.035,1.04,17692.0
2018-01-11,1.0375,1.054,1.0331,1.0528,16763.0
2018-01-12,1.0531,1.0583,1.0466,1.0515,19166.0
2018-01-15,1.05,1.059,1.0460999999999998,1.059,15375.0
2018-01-16,1.059,1.0651,1.0502,1.058,15517.0
2018-01-17,1.0599,1.0607,1.024,1.024,11550.0
2018-01-18,1.021,1.0443,1.0132,1.0443,12075.0
2018-01-19,1.057,1.0639,1.0525,1.0525,20020.0
2018-01-22,1.056,1.0898,1.056,1.0898,19173.0
2018-01-23,1.0875,1.103,1.0871,1.1,10305.0
2018-01-24,1.1,1.1068,1.0981,1.103,10735.0
2018-01-25,1.106,1.1235,1.1059,1.119,18230.0
2018-01-26,1.1202,1.1239,1.105,1.111,22144.0
2018-01-29,1.1135,1.1165999999999998,1.0918,1.093,18590.0
2018-01-30,1.086,1.105,1.078,1.105,23466.0
2018-01-31,1.103,1.112,1.085,1.085,23687.0
2018-02-01,1.0863,1.091,1.0725,1.08,25179.0
2018-02-02,1.082,1.087,1.0756,1.087,23420.0
2018-02-05,1.081,1.0819,1.042,1.042,23907.0
2018-02-06,1.0148,1.035,0.978,1.0,34837.0
2018-02-07,1.0288,1.0317,1.015,1.02,27374.0
2018-02-08,1.0199,1.0232,1.0045,1.0045,22948.0
2018-02-09,0.957,1.0,0.957,1.0,28547.0
2018-02-12,1.01,1.039,1.0076,1.039,13958.0
2018-02-13,1.0460999999999998,1.0587,1.0448,1.0535,8526.0
2018-02-21,1.0742,1.0925,1.0742,1.082,16094.0
2018-02-22,1.0715,1.0845,1.0599,1.0599,27033.0
2018-02-23,1.073,1.106,1.072,1.106,27435.0
2018-02-26,1.121,1.1279,1.099,1.1082,26368.0
2018-02-27,1.117,1.12,1.093,1.112,36321.0
2018-02-28,1.1022,1.1125,1.098,1.105,27133.0
2018-03-01,1.098,1.115,1.0962,1.1055,33683.0
2018-03-02,1.097,1.109,1.0923,1.109,26006.0
2018-03-05,1.115,1.1197,1.0755,1.0755,22423.0
2018-03-06,1.0864,1.11,1.0811,1.11,30557.0
2018-03-07,1.1099,1.111,1.074,1.087,33011.0
2018-03-08,1.0951,1.112,1.0922,1.1056,33867.0
2018-03-09,1.114,1.12,1.0965,1.106,31874.0
2018-03-12,1.117,1.1195,1.1062,1.1118,23088.0
2018-03-13,1.1085,1.116,1.0982,1.116,28875.0
2018-03-14,1.1157,1.1175,1.1101,1.1139,15889.0
2018-03-15,1.1098,1.113,1.107,1.1095,9003.0
2018-03-16,1.123,1.1265999999999998,1.1211,1.1265999999999998,14259.0
2018-03-19,1.128,1.137,1.1268,1.1311,14895.0
2018-03-20,1.1277,1.1365999999999998,1.1265,1.132,16426.0
2018-03-21,1.1341,1.1423,1.134,1.1399,17643.0
2018-03-22,1.146,1.1484,1.139,1.139,17855.0
2018-03-23,1.1241,1.1276,1.1196,1.126,24527.0
2018-03-26,1.1256,1.148,1.1251,1.14,18497.0
2018-03-27,1.1545,1.1545,1.144,1.1469,19508.0
2018-03-28,1.1433,1.149,1.1411,1.1465,16640.0
2018-03-29,1.1485,1.1499,1.1413,1.1428,15467.0
2018-03-30,1.144,1.147,1.1393,1.1452,14884.0
2018-04-02,1.148,1.1634,1.147,1.162,17198.0
2018-04-03,1.1612,1.163,1.1565,1.1626,15942.0
2018-04-04,1.1681,1.1705,1.162,1.162,16690.0
2018-04-05,1.167,1.17,1.1633,1.17,15374.0
2018-04-06,1.1695,1.1738,1.1686,1.17,13578.0
2018-04-09,1.1709,1.1783,1.1705,1.1783,10699.0
2018-04-10,1.1779000000000002,1.1798,1.1723,1.174,14991.0
2018-04-11,1.175,1.1756,1.14,1.14,21598.0
2018-04-12,1.1385,1.145,1.128,1.141,29480.0
2018-04-13,1.1452,1.1477,1.125,1.125,25078.0
2018-04-16,1.124,1.1328,1.1231,1.125,18355.0
2018-04-17,1.1273,1.1335,1.1202,1.1335,20613.0
2018-04-18,1.1365999999999998,1.1369,1.1121,1.1122,18712.0
2018-04-19,1.1138,1.1148,1.065,1.065,18501.0
2018-04-20,1.073,1.0969,1.0600999999999998,1.0969,45743.0
2018-04-23,1.0989,1.099,1.0305,1.035,41255.0
2018-04-24,1.04,1.0647,1.031,1.044,53536.0
2018-04-26,1.0475,1.0485,1.004,1.0145,52271.0
2018-04-27,1.014,1.038,1.0101,1.031,62038.0
2018-05-02,1.033,1.034,1.0001,1.0081,58624.0
2018-05-03,1.0049,1.0215,0.9915,1.019,68891.0
2018-05-04,1.0201,1.0219,1.007,1.013,54438.0
2018-05-07,1.017,1.056,1.016,1.056,44783.0
2018-05-08,1.0545,1.067,1.047,1.05,68286.0
2018-05-09,1.048,1.061,1.041,1.042,68699.0
2018-05-10,1.0445,1.048,1.008,1.014,66720.0
2018-05-11,1.01,1.0349000000000002,0.9981,1.034,71435.0
2018-05-14,1.037,1.0568,1.0286,1.0568,63703.0
2018-05-15,1.0551,1.0729000000000002,1.047,1.047,65821.0
2018-05-16,1.049,1.0535,1.024,1.032,53866.0
2018-05-17,1.0318,1.033,1.006,1.006,48160.0
2018-05-18,1.0138,1.0298,0.993,1.0269,69922.0
2018-05-21,1.028,1.0349000000000002,0.9925,0.9925,81025.0
2018-05-22,0.991,0.9965,0.9546,0.964,84001.0
2018-05-23,0.9635,0.982,0.9461,0.9725,86276.0
2018-05-24,0.973,0.9749,0.9481,0.957,85277.0
2018-05-25,0.9571,0.9665,0.93,0.93,76618.0
2018-05-28,0.9261,0.9275,0.8806,0.8835,71052.0
2018-05-29,0.881,0.9359,0.8801,0.924,94873.0
2018-05-30,0.923,0.931,0.895,0.908,113359.0
2018-05-31,0.912,0.9457,0.9081,0.9405,90673.0
2018-06-01,0.9377,0.9638,0.9366,0.9575,85724.0
2018-06-04,0.9536,0.9845,0.953,0.9805,78215.0
2018-06-05,0.984,0.992,0.9775,0.99,79309.0
2018-06-06,0.993,1.019,0.9868,1.019,69173.0
2018-06-07,1.02,1.0278,1.011,1.016,83969.0
2018-06-08,1.016,1.0203,1.0103,1.0179,66510.0
2018-06-11,1.0158,1.0317,1.012,1.0171,66844.0
2018-06-12,1.0145,1.0145,0.9951,1.0058,89829.0
2018-06-13,1.0074,1.0185,1.0026,1.0185,83785.0
2018-06-14,1.0188,1.0214,1.002,1.002,73466.0
2018-06-15,1.0,1.008,0.9942,1.008,74736.0
2018-06-18,1.006,1.0081,0.97,0.97,78352.0
2018-06-19,0.9642,0.965,0.9081,0.9379,104565.0
2018-06-20,0.945,0.9635,0.935,0.961,113319.0
2018-06-21,0.962,0.963,0.9425,0.954,69828.0
2018-06-22,0.94,0.9696,0.9374,0.9672,112249.0
2018-06-25,0.9729,0.988,0.9722,0.9732,83134.0
2018-06-26,0.969,0.9692,0.9496,0.968,109891.0
2018-06-27,0.9751,0.9769,0.945,0.945,120943.0
2018-06-28,0.945,0.9525,0.9261,0.941,140490.0
2018-06-29,0.9432,0.9519,0.9367,0.9432,118223.0
2018-07-02,0.94,0.9423,0.9125,0.921,128952.0
2018-07-03,0.924,0.9259,0.8901,0.8901,138450.0
2018-07-04,0.8894,0.898,0.8786,0.893,147237.0
2018-07-05,0.894,0.8945,0.8561,0.866,140761.0
2018-07-06,0.871,0.904,0.8573,0.895,163341.0
2018-07-09,0.907,0.9168,0.884,0.884,146717.0
2018-07-10,0.8909,0.9108,0.8825,0.889,162556.0
2018-07-11,0.877,0.8779,0.8532000000000001,0.871,153804.0
2018-07-12,0.872,0.8916000000000001,0.87,0.876,147074.0
2018-07-13,0.883,0.902,0.8826,0.902,155462.0
2018-07-16,0.91,0.9148,0.898,0.908,139667.0
2018-07-17,0.902,0.918,0.8971,0.918,136753.0
2018-07-18,0.923,0.9341,0.9205,0.9341,84471.0
2018-07-19,0.936,0.9425,0.933,0.941,64497.0
2018-07-20,0.9323,0.946,0.9275,0.945,100734.0
2018-07-23,0.938,0.9481,0.925,0.925,102432.0
2018-07-24,0.93,0.9339,0.9152,0.924,138258.0
2018-07-25,0.9272,0.9315,0.911,0.911,121062.0
2018-07-26,0.9121,0.9198,0.9042,0.9198,123125.0
2018-07-27,0.919,0.9267,0.9182,0.925,97568.0
2018-07-30,0.9264,0.9408,0.9262,0.9375,77330.0
2018-07-31,0.938,0.9456,0.9352,0.9385,104633.0
2018-08-01,0.939,0.9431,0.9315,0.934,97696.0
2018-08-02,0.932,0.9382,0.9231,0.9382,98563.0
2018-08-03,0.9382,0.9449,0.935,0.935,74712.0
2018-08-06,0.937,0.939,0.93,0.9346,95205.0
2018-08-07,0.9351,0.938,0.9316,0.9345,83809.0
2018-08-08,0.9352,0.9435,0.9348,0.9435,64108.0
2018-08-09,0.946,0.9508,0.9402,0.9402,79080.0
2018-08-10,0.939,0.9476,0.9358,0.9465,85062.0
2018-08-13,0.9435,0.9546,0.9422,0.953,81541.0
2018-08-14,0.9551,0.962,0.9521,0.9593,79266.0
2018-08-15,0.958,0.9624,0.9466,0.9466,89449.0
2018-08-16,0.9424,0.9475,0.9355,0.947,71410.0
2018-08-17,0.953,0.9548,0.9446,0.947,98531.0
2018-08-20,0.9462,0.9515,0.9425,0.945,88210.0
2018-08-21,0.9447,0.9585,0.944,0.9585,83718.0
2018-08-22,0.9596,0.9606,0.9535,0.957,87588.0
2018-08-23,0.957,0.9635,0.9558,0.9606,84610.0
2018-08-24,0.9591,0.963,0.9563,0.9585,73122.0
2018-08-27,0.9608,0.9652,0.9607,0.9632,56268.0
2018-08-28,0.966,0.9677,0.9643,0.9656,54821.0
2018-08-29,0.966,0.9662,0.9619,0.962,47353.0
2018-08-30,0.961,0.9705,0.9606,0.9705,47804.0
2018-08-31,0.97,0.9733,0.9635,0.9657,62804.0
2018-09-04,0.9645,0.966,0.956,0.956,64838.0
2018-09-05,0.9525,0.9545,0.9401,0.944,87717.0
2018-09-06,0.9451,0.9459,0.933,0.9347,94376.0
2018-09-07,0.9355,0.9465,0.9303,0.9435,99446.0
2018-09-10,0.9445,0.9448,0.9346,0.9362,82105.0
2018-09-11,0.9368,0.9531,0.9358,0.9531,84494.0
2018-09-12,0.955,0.963,0.95,0.95,103483.0
2018-09-13,0.953,0.9595,0.9486,0.953,126627.0
2018-09-14,0.956,0.9609,0.9535,0.9585,91254.0
2018-09-17,0.9554,0.9564,0.949,0.9505,75317.0
2018-09-18,0.948,0.962,0.947,0.962,76287.0
2018-09-19,0.9643,0.9669,0.9597,0.9628,71919.0
2018-09-20,0.9635,0.971,0.9622,0.971,52525.0
2018-09-21,0.9759,0.9805,0.9685,0.98,76966.0
2018-09-24,0.9781,0.985,0.9771,0.9815,69909.0
2018-09-25,0.9822,0.9839,0.9794,0.9806,62209.0
2018-09-26,0.9814,0.9884,0.9801,0.981,64336.0
2018-09-27,0.983,0.9873,0.9809,0.9858,77757.0
2018-09-28,0.9875,0.9904,0.9861,0.9874,60396.0
2018-10-01,0.989,0.9913,0.9849,0.9849,50646.0
2018-10-02,0.9845,0.9885,0.9811,0.984,61385.0
2018-10-03,0.9845,0.9873,0.9826,0.9865,57468.0
2018-10-04,0.9872,0.992,0.9865,0.992,49998.0
2018-10-05,0.9901,0.9909,0.9823,0.9826,53977.0
2018-10-08,0.979,0.9795,0.972,0.9732,64737.0
2018-10-09,0.9743,0.9764,0.9702,0.9735,62027.0
2018-10-10,0.973,0.9739,0.9702,0.9716,43355.0
2018-10-11,0.952,0.959,0.9202,0.9202,129141.0
2018-10-12,0.91,0.9445,0.9029,0.944,148760.0
2018-10-15,0.9395,0.942,0.919,0.919,134430.0
2018-10-16,0.9255,0.938,0.9246,0.9351,121759.0
2018-10-17,0.953,0.953,0.9423,0.9455,93709.0
2018-10-18,0.941,0.9419,0.9363,0.9376,62813.0
2018-10-19,0.922,0.9329,0.9193,0.9322,116399.0
2018-10-22,0.9352,0.9372,0.9205,0.9215,102024.0
2018-10-23,0.912,0.9147,0.8902,0.901,136594.0
2018-10-24,0.909,0.9108,0.885,0.885,161827.0
2018-10-25,0.86,0.888,0.856,0.8865,184367.0
2018-10-26,0.8925,0.8941,0.87,0.87,191779.0
2018-10-29,0.875,0.881,0.8683,0.878,191419.0
2018-10-30,0.8755,0.8815,0.8725,0.876,159289.0
2018-10-31,0.884,0.904,0.8826,0.904,118224.0
2018-11-01,0.9043,0.9049,0.8765,0.884,178898.0
2018-11-02,0.8935,0.91,0.8912,0.9065,175235.0
2018-11-05,0.8964,0.904,0.889,0.899,158585.0
2018-11-06,0.905,0.9065,0.894,0.894,161568.0
2018-11-07,0.8965,0.8995,0.8853,0.8947999999999999,162816.0
2018-11-08,0.906,0.9069,0.8936000000000001,0.8936000000000001,119033.0
2018-11-09,0.893,0.8937999999999999,0.88,0.88,132579.0
2018-11-12,0.879,0.8879,0.875,0.885,127313.0
2018-11-13,0.8671,0.8781,0.8667999999999999,0.8727999999999999,138814.0
2018-11-14,0.8704,0.8759,0.8645,0.871,117102.0
2018-11-15,0.8641,0.8691,0.863,0.8667999999999999,67895.0
2018-11-16,0.8681,0.8749,0.8676,0.87,121319.0
2018-11-19,0.873,0.881,0.8721,0.881,89525.0
2018-11-20,0.8787999999999999,0.8837,0.8765,0.8813,117888.0
2018-11-21,0.876,0.895,0.8751,0.895,114488.0
2018-11-22,0.8927999999999999,0.8967999999999999,0.8895,0.892,114410.0
2018-11-23,0.8922,0.8927999999999999,0.886,0.8867999999999999,98860.0
2018-11-26,0.8879,0.891,0.8827999999999999,0.8904,102089.0
2018-11-27,0.8905,0.8939,0.8844,0.8844,103148.0
2018-11-28,0.8861,0.8916000000000001,0.8841,0.8903,105558.0
2018-11-29,0.897,0.8979,0.8852000000000001,0.8852000000000001,102906.0
2018-11-30,0.8862000000000001,0.8899,0.8805,0.8875,124714.0
2018-12-03,0.8967,0.9157,0.8963,0.915,105875.0
2018-12-04,0.9125,0.9178,0.904,0.9128,144157.0
2018-12-05,0.9062,0.9194,0.9054,0.9155,157723.0
2018-12-06,0.912,0.9145,0.9026,0.909,143614.0
2018-12-07,0.913,0.9204,0.9125,0.9141,125888.0
2018-12-10,0.911,0.9144,0.9084,0.9139,116921.0
2018-12-11,0.9165,0.9167,0.9095,0.9141,117500.0
2018-12-12,0.917,0.923,0.9165,0.9208,96037.0
2018-12-13,0.9228,0.926,0.921,0.9239,92408.0
2018-12-14,0.9215,0.9223,0.9131,0.9131,82231.0
2018-12-17,0.912,0.9125,0.897,0.897,101062.0
2018-12-18,0.893,0.8946000000000001,0.8835,0.8946000000000001,122686.0
2018-12-19,0.896,0.8961,0.8784,0.8845,122924.0
2018-12-20,0.8773,0.8854,0.8761,0.8785,80638.0
2018-12-21,0.8766,0.8796,0.8711,0.8795,143153.0
2018-12-24,0.8797999999999999,0.8819,0.8742000000000001,0.877,108772.0
2018-12-25,0.8601,0.8686,0.855,0.8677,150895.0
2018-12-26,0.8699,0.872,0.863,0.863,152700.0
2018-12-27,0.879,0.879,0.8675,0.8675,139593.0
2018-12-28,0.87,0.8706,0.855,0.855,120906.0
2019-01-02,0.856,0.8573,0.8398,0.8427,93065.0
2019-01-03,0.8452999999999999,0.8459,0.82,0.824,186737.0
2019-01-04,0.822,0.8385,0.8141,0.834,190101.0
2019-01-07,0.8405,0.8462000000000001,0.8322,0.842,167223.0
2019-01-08,0.8411000000000001,0.8433999999999999,0.835,0.8408,164901.0
2019-01-09,0.8452000000000001,0.8518,0.8449,0.8475,153409.0
2019-01-10,0.845,0.8485,0.8405,0.8405,127039.0
2019-01-11,0.845,0.8495,0.8418,0.8456,113695.0
2019-01-14,0.8446,0.8478,0.8428,0.8465,88977.0
2019-01-15,0.85,0.86,0.8492000000000001,0.86,102201.0
2019-01-16,0.8613999999999999,0.8633,0.8585,0.8607,91175.0
2019-01-17,0.8605,0.8613999999999999,0.85,0.85,25125.0
2019-01-18,0.8445,0.8471000000000001,0.841,0.841,117714.0
2019-01-21,0.8442000000000001,0.8623999999999999,0.8441000000000001,0.862,124449.0
2019-01-22,0.8634,0.8634,0.8527,0.854,129617.0
2019-01-23,0.8531,0.8635,0.8517,0.8608,147020.0
2019-01-24,0.8605,0.8667999999999999,0.859,0.8617,166608.0
2019-01-25,0.865,0.869,0.8635,0.8679,129033.0
2019-01-28,0.8703,0.8725,0.8637,0.865,113209.0
2019-01-29,0.8621,0.87,0.8606,0.87,109982.0
2019-01-30,0.8715,0.8727999999999999,0.867,0.8682000000000001,122547.0
2019-01-31,0.8731,0.8747999999999999,0.866,0.8669,103481.0
2019-02-01,0.8664,0.8687999999999999,0.8625,0.8685,91446.0
2019-02-11,0.868,0.878,0.868,0.878,63804.0
2019-02-12,0.8781,0.89,0.8777999999999999,0.885,119240.0
2019-02-13,0.888,0.896,0.8856,0.8945,137697.0
2019-02-14,0.8939,0.8967999999999999,0.8906000000000001,0.8921,122562.0
2019-02-15,0.8905,0.8926000000000001,0.887,0.8896000000000001,87710.0
2019-02-18,0.8979,0.8996000000000001,0.8956000000000001,0.8995,67201.0
2019-02-19,0.9,0.9088,0.9,0.9001,84749.0
2019-02-20,0.9015,0.9089,0.8995,0.9089,87347.0
2019-02-21,0.9081,0.925,0.908,0.925,37825.0
2019-02-22,0.913,0.9245,0.9115,0.9194,124838.0
2019-02-25,0.926,0.9382,0.9255,0.937,114068.0
2019-02-26,0.934,0.9351,0.9188,0.9229,140349.0
2019-02-27,0.9278,0.9325,0.9205,0.923,132041.0
2019-02-28,0.923,0.9237,0.9,0.9,150089.0
2019-03-01,0.9061,0.9126,0.9016,0.91,153034.0
2019-03-04,0.915,0.9273,0.915,0.9269,119586.0
2019-03-05,0.922,0.9305,0.9175,0.9175,163684.0
2019-03-06,0.914,0.9189,0.9055,0.918,163768.0
2019-03-07,0.9199,0.9256,0.908,0.908,180793.0
2019-03-08,0.904,0.9066,0.8951,0.899,158087.0
2019-03-11,0.904,0.9124,0.902,0.9118,137706.0
2019-03-12,0.919,0.93,0.9155,0.93,129418.0
2019-03-13,0.9278,0.9336,0.9266,0.927,131532.0
2019-03-14,0.93,0.9304,0.9245,0.926,128306.0
2019-03-15,0.9276,0.928,0.9221,0.927,93781.0
2019-03-18,0.932,0.9375,0.9312,0.9351,71031.0
2019-03-19,0.934,0.9351,0.9248,0.9261,96669.0
2019-03-20,0.922,0.9252,0.9163,0.9252,81860.0
2019-03-21,0.9252,0.9268,0.908,0.908,43787.0
2019-03-22,0.8956000000000001,0.9008,0.891,0.8974,134932.0
2019-03-25,0.882,0.885,0.8737999999999999,0.883,115852.0
2019-03-26,0.8871,0.8886000000000001,0.878,0.88,124485.0
2019-03-27,0.8839,0.8875,0.8817999999999999,0.884,97998.0
2019-03-28,0.8813,0.8859,0.8804,0.8832000000000001,90089.0
2019-03-29,0.8879,0.8911,0.884,0.884,103474.0
2019-04-01,0.8907999999999999,0.8907999999999999,0.887,0.89,64539.0
2019-04-02,0.8951,0.896,0.8851,0.8851,84449.0
2019-04-03,0.8869,0.888,0.8825,0.888,89475.0
2019-04-04,0.887,0.8896000000000001,0.8844,0.888,96497.0
2019-04-05,0.8889,0.889,0.8866,0.888,60717.0
2019-04-08,0.8885,0.8947999999999999,0.8882000000000001,0.8947999999999999,71697.0
2019-04-09,0.8955,0.8962,0.8857999999999999,0.887,102480.0
2019-04-10,0.8829,0.8862000000000001,0.8811,0.8852000000000001,100449.0
2019-04-11,0.885,0.8855,0.8811,0.8831,84577.0
2019-04-12,0.8832000000000001,0.8855,0.8819,0.885,60016.0
2019-04-16,0.8817999999999999,0.8854,0.879,0.8854,70041.0
2019-04-17,0.885,0.8865,0.8821,0.883,61812.0
2019-04-18,0.882,0.8832000000000001,0.877,0.877,38596.0
2019-04-19,0.8676,0.8684,0.8655,0.8662000000000001,55777.0
2019-04-22,0.8651,0.8656,0.8599,0.8619,70407.0
2019-04-23,0.8611,0.8679,0.8611,0.8655,84389.0
2019-04-24,0.8685,0.8734,0.8679,0.8727999999999999,80829.0
2019-04-25,0.8721,0.8729,0.867,0.8686,76615.0
2019-04-26,0.8681,0.877,0.8679,0.877,101989.0
2019-05-02,0.8794,0.8795,0.8747,0.8776,63394.0
2019-05-03,0.8752000000000001,0.88,0.8751,0.88,78071.0
2019-05-06,0.8709,0.871,0.8642000000000001,0.8666,85333.0
2019-05-07,0.871,0.8744,0.8677,0.8737,108009.0
2019-05-08,0.867,0.8746,0.867,0.8733,91122.0
2019-05-09,0.873,0.8753,0.871,0.871,79617.0
2019-05-10,0.877,0.8773,0.8717999999999999,0.8767,78281.0
2019-05-13,0.8764,0.8789,0.8761,0.8773,41338.0
2019-05-14,0.8759,0.883,0.8745,0.883,43050.0
2019-05-15,0.8839,0.893,0.8836,0.8921,38094.0
2019-05-16,0.8935,0.896,0.89,0.89,33074.0
2019-05-17,0.8937,0.895,0.8912,0.8926000000000001,66549.0
2019-05-20,0.8937999999999999,0.9095,0.8935,0.9089,98830.0
2019-05-21,0.912,0.9142,0.9066,0.9106,102021.0
2019-05-22,0.9117,0.9128,0.9063,0.9082,90296.0
2019-05-23,0.9058,0.9086,0.9037,0.9079,82873.0
2019-05-24,0.908,0.912,0.8997999999999999,0.901,97833.0
2019-05-27,0.8982,0.9038,0.898,0.9024,80407.0
2019-05-28,0.903,0.9057,0.8966000000000001,0.903,93218.0
2019-05-29,0.9016,0.904,0.898,0.898,92325.0
2019-05-30,0.898,0.9002,0.8967999999999999,0.8989,72448.0
2019-05-31,0.8975,0.898,0.878,0.878,97234.0
2019-06-03,0.875,0.8753,0.8552000000000001,0.859,101224.0
2019-06-04,0.8619,0.8663,0.8561,0.865,121426.0
2019-06-05,0.8721,0.8727,0.8645,0.8664,99414.0
2019-06-06,0.8667999999999999,0.8667999999999999,0.8536,0.8665,136732.0
2019-06-07,0.8682000000000001,0.8747999999999999,0.867,0.8747999999999999,86821.0
2019-06-10,0.8781,0.8833,0.875,0.8785,96942.0
2019-06-11,0.8771,0.8809,0.8757,0.877,87100.0
2019-06-12,0.875,0.8762000000000001,0.8687,0.8687,95576.0
2019-06-13,0.8656,0.8657999999999999,0.858,0.865,125696.0
2019-06-14,0.8657,0.8659,0.8589,0.8589,92807.0
2019-06-17,0.8606,0.8609,0.8525,0.854,87715.0
2019-06-18,0.8515,0.8529,0.8481000000000001,0.8516,74663.0
2019-06-19,0.8575,0.8579,0.8542000000000001,0.8568,39628.0
2019-06-20,0.8569,0.8677999999999999,0.8562000000000001,0.865,38661.0
2019-06-21,0.8837999999999999,0.885,0.879,0.885,77707.0
2019-06-24,0.8845,0.8894,0.8816,0.8816,86004.0
2019-06-25,0.8797,0.8816,0.8751,0.8751,97557.0
2019-06-26,0.8736,0.8757,0.8719,0.8726,82131.0
2019-06-27,0.873,0.8735,0.8569,0.8569,98489.0
2019-06-28,0.8545,0.8679,0.8462000000000001,0.8679,134483.0
2019-07-01,0.877,0.8892,0.8762000000000001,0.8884,83943.0
2019-07-02,0.8865,0.8867,0.8732000000000001,0.874,162600.0
2019-07-03,0.8715,0.875,0.8662000000000001,0.874,136789.0
2019-07-04,0.8789,0.888,0.8784,0.886,112697.0
2019-07-05,0.887,0.887,0.8822000000000001,0.8825,99465.0
2019-07-08,0.8775,0.879,0.8667999999999999,0.8735,102246.0
2019-07-09,0.8713,0.8755,0.8667999999999999,0.8745,118718.0
2019-07-10,0.8795,0.8832000000000001,0.8764,0.8776,95626.0
2019-07-11,0.884,0.8857999999999999,0.8792000000000001,0.88,121912.0
2019-07-12,0.8837999999999999,0.8842000000000001,0.873,0.8736,109775.0
2019-07-15,0.8702000000000001,0.879,0.8702000000000001,0.879,102320.0
2019-07-16,0.8772000000000001,0.8825,0.8767999999999999,0.8807999999999999,87075.0
2019-07-17,0.8813,0.883,0.8769,0.878,67671.0
2019-07-18,0.876,0.877,0.8707999999999999,0.8707999999999999,26981.0
2019-07-19,0.8805,0.8825,0.8784,0.8805,74222.0
2019-07-22,0.878,0.8809,0.8747,0.8747999999999999,68774.0
2019-07-23,0.877,0.8875,0.8751,0.886,106424.0
2019-07-24,0.8875,0.8895,0.8832000000000001,0.885,103712.0
2019-07-25,0.8843,0.8893,0.8839,0.885,89546.0
2019-07-26,0.885,0.8862000000000001,0.8827,0.8862000000000001,65647.0
2019-07-29,0.886,0.8883,0.8823,0.8859,81725.0
2019-07-30,0.8877,0.8885,0.8745,0.8745,92544.0
2019-07-31,0.8733,0.885,0.8732000000000001,0.885,92561.0
2019-08-01,0.8813,0.8839,0.8765,0.8825,125727.0
2019-08-02,0.8767999999999999,0.8817999999999999,0.8754,0.8805,91989.0
2019-08-05,0.8771,0.8789,0.8733,0.874,80808.0
2019-08-06,0.863,0.8689,0.8606,0.868,114874.0
2019-08-07,0.868,0.8691,0.8634,0.865,88394.0
2019-08-08,0.8681,0.8713,0.8652000000000001,0.8692000000000001,89059.0
2019-08-09,0.8715,0.8725,0.8696,0.8697,69862.0
2019-08-12,0.8702000000000001,0.8754,0.8695,0.8747,47781.0
2019-08-13,0.8724,0.8734,0.869,0.8721,46468.0
2019-08-14,0.8765,0.8797,0.8764,0.8776,38827.0
2019-08-15,0.8687999999999999,0.8904,0.8677,0.8904,29669.0
2019-08-16,0.8771,0.8893,0.876,0.8791,100304.0
2019-08-19,0.8819,0.8847999999999999,0.88,0.8835,83239.0
2019-08-20,0.8827,0.8844,0.881,0.8823,66158.0
2019-08-21,0.8829,0.8879,0.8827,0.8873,82587.0
2019-08-22,0.8885,0.89,0.8846,0.8866,64602.0
2019-08-23,0.8877,0.8897,0.8861,0.8877999999999999,52534.0
2019-08-26,0.8815,0.8857999999999999,0.8807999999999999,0.8855,76157.0
2019-08-27,0.8867999999999999,0.8877,0.881,0.881,60271.0
2019-08-28,0.882,0.8829,0.8783,0.8809,73645.0
2019-08-29,0.8809,0.8846,0.88,0.8846,57345.0
2019-08-30,0.887,0.8874,0.8841,0.886,51742.0
2019-09-03,0.8855,0.8866,0.8829,0.8831,36193.0
2019-09-04,0.8844,0.8873,0.8827999999999999,0.887,54121.0
2019-09-05,0.8887,0.8887999999999999,0.8856,0.886,47696.0
2019-09-06,0.8864,0.8877,0.8854,0.8869,42575.0
2019-09-09,0.887,0.8875,0.8857999999999999,0.886,22299.0
2019-09-10,0.886,0.8864,0.8825,0.8826,44570.0
2019-09-11,0.883,0.8847,0.8826,0.8847,38377.0
2019-09-12,0.886,0.8879,0.8857,0.8871,35880.0
2019-09-13,0.8873,0.9024,0.8873,0.9016,62852.0
2019-09-16,0.9024,0.9042,0.9004,0.9022,41296.0
2019-09-17,0.9012,0.9088,0.9012,0.908,48471.0
2019-09-18,0.9081,0.9119,0.9056,0.9105,51253.0
2019-09-19,0.9118,0.9171,0.9086,0.9171,42939.0
2019-09-20,0.9144,0.9153,0.9115,0.914,51552.0
2019-09-23,0.9137,0.9165,0.907,0.907,57886.0
2019-09-24,0.9073,0.9114,0.9068,0.9099,70421.0
2019-09-25,0.9085,0.9133,0.9059,0.9111,70160.0
2019-09-26,0.9125,0.9167,0.9113,0.9161,72656.0
2019-09-27,0.9155,0.9245,0.9152,0.923,87144.0
2019-09-30,0.926,0.936,0.9221,0.9221,94594.0
2019-10-01,0.9236,0.93,0.9217,0.93,95532.0
2019-10-02,0.929,0.9315,0.9182,0.9208,100075.0
2019-10-03,0.9168,0.926,0.9142,0.926,86857.0
2019-10-04,0.9258,0.9268,0.9172,0.9186,94539.0
2019-10-07,0.919,0.9201,0.9114,0.9122,68447.0
2019-10-08,0.9127,0.9189,0.9112,0.9166,84929.0
2019-10-09,0.916,0.9188,0.9113,0.9148,73897.0
2019-10-10,0.915,0.9183,0.913,0.913,76849.0
2019-10-11,0.9156,0.9174,0.9137,0.9155,69772.0
2019-10-14,0.9199,0.9254,0.9185,0.9227,57511.0
2019-10-15,0.9227,0.9245,0.9211,0.9242,52361.0
2019-10-16,0.9264,0.9276,0.9235,0.9236,52186.0
2019-10-17,0.924,0.9262,0.9188,0.9188,47138.0
2019-10-18,0.9233,0.9242,0.919,0.9214,49030.0
2019-10-21,0.9205,0.9207,0.9175,0.9181,47353.0
2019-10-22,0.9199,0.9208,0.918,0.9192,45364.0
2019-10-23,0.9192,0.9195,0.9173,0.9195,42755.0
2019-10-24,0.9204,0.9258,0.92,0.9258,46732.0
2019-10-25,0.9257,0.927,0.9241,0.9259,48835.0
2019-10-28,0.9276,0.9295,0.9252,0.9265,47232.0
2019-10-29,0.927,0.9278,0.9256,0.926,32620.0
2019-10-30,0.9255,0.9318,0.925,0.9284,65856.0
2019-10-31,0.9297,0.9312,0.9246,0.9265,60370.0
2019-11-01,0.9269,0.935,0.9261,0.9335,65676.0
2019-11-04,0.937,0.9388,0.9353,0.937,55674.0
2019-11-05,0.937,0.9397,0.9362,0.938,48988.0
2019-11-06,0.9372,0.9403,0.9371,0.9379,43372.0
2019-11-07,0.9379,0.9418,0.9369,0.9418,36326.0
2019-11-08,0.942,0.9431,0.9401,0.9425,41631.0
2019-11-11,0.9413,0.9418,0.9386,0.9392,31339.0
2019-11-12,0.9401,0.9444,0.9394,0.9429,53717.0
2019-11-13,0.9415,0.9426,0.9355,0.9372,63492.0
2019-11-14,0.9379,0.9384,0.9331,0.9347,50119.0
2019-11-15,0.9353,0.9371,0.9317,0.9338,65798.0
2019-11-18,0.9345,0.9351,0.9278,0.929,53604.0
2019-11-19,0.9296,0.9304,0.9271,0.9297,52256.0
2019-11-20,0.9292,0.9296,0.921,0.921,55407.0
2019-11-21,0.918,0.9188,0.899,0.899,60441.0
2019-11-22,0.909,0.9105,0.8931,0.9015,88463.0
2019-11-25,0.9025,0.9034,0.8945,0.9029,94785.0
2019-11-26,0.9048,0.9073,0.9035,0.9055,57442.0
2019-11-27,0.9057,0.9067,0.8977999999999999,0.8995,74963.0
2019-11-28,0.897,0.8972,0.8877,0.8923,81160.0
2019-11-29,0.891,0.8947,0.8897999999999999,0.8911,68240.0
2019-12-02,0.8923,0.893,0.878,0.878,83446.0
2019-12-03,0.8753,0.8844,0.8711,0.8751,131387.0
2019-12-04,0.8715,0.8877999999999999,0.8715,0.8877999999999999,119092.0
2019-12-05,0.8876000000000001,0.8895,0.8836,0.885,70075.0
2019-12-06,0.8856,0.8886000000000001,0.8842000000000001,0.8847,67658.0
2019-12-09,0.8853,0.8875,0.8755,0.8792000000000001,65351.0
2019-12-10,0.8787,0.8797,0.872,0.877,92670.0
2019-12-11,0.877,0.884,0.8706,0.884,93878.0
2019-12-12,0.8841,0.8873,0.8824,0.885,63920.0
2019-12-13,0.8883,0.8889,0.881,0.8815,68484.0
2019-12-16,0.8807999999999999,0.8825,0.8756,0.8774,64690.0
2019-12-17,0.878,0.878,0.868,0.868,73442.0
2019-12-18,0.867,0.868,0.8607,0.8615,76760.0
2019-12-19,0.8617999999999999,0.8677,0.859,0.8612000000000001,75009.0
2019-12-20,0.866,0.8705,0.8645,0.8694,69556.0
2019-12-23,0.8707,0.8759,0.8681,0.8681,76689.0
2019-12-24,0.8677999999999999,0.8716,0.8627999999999999,0.8715,99011.0
2019-12-25,0.873,0.876,0.8715,0.8737999999999999,67487.0
2019-12-26,0.874,0.8775,0.8711,0.8711,72415.0
2019-12-27,0.8702000000000001,0.8793,0.8686,0.8793,72451.0
2019-12-30,0.8805,0.8817999999999999,0.8767,0.8783,56581.0
2019-12-31,0.8782000000000001,0.8797999999999999,0.8747999999999999,0.8763,62291.0
2020-01-02,0.8775,0.8863,0.8765,0.8863,70480.0
2020-01-03,0.8871,0.8879,0.8795,0.8795,70389.0
2020-01-06,0.8775,0.8835,0.8716,0.872,83770.0
2020-01-07,0.8739,0.8777999999999999,0.8716,0.875,83997.0
2020-01-08,0.868,0.871,0.8634,0.8637,90489.0
2020-01-09,0.8691,0.8762000000000001,0.8687,0.8747999999999999,75461.0
2020-01-10,0.8761,0.8844,0.8754,0.8787,82465.0
2020-01-13,0.881,0.8831,0.8776,0.8795,69842.0
2020-01-14,0.8805,0.8857999999999999,0.8801,0.8823,74369.0
2020-01-15,0.882,0.8843,0.8801,0.8837999999999999,59791.0
2020-01-16,0.8865,0.8923,0.8855,0.8921,54457.0
2020-01-17,0.895,0.8955,0.8895,0.8935,70607.0
2020-01-20,0.893,0.8972,0.8916000000000001,0.8969,60257.0
2020-01-21,0.896,0.9046,0.896,0.9022,63328.0
2020-01-22,0.9027,0.9091,0.9018,0.909,64281.0
2020-01-30,0.9036,0.904,0.873,0.873,105632.0
2020-01-31,0.879,0.8794,0.845,0.852,139324.0
2020-02-03,0.8471000000000001,0.85,0.811,0.841,183620.0
2020-02-04,0.8448,0.851,0.8312,0.8422000000000001,194912.0
2020-02-05,0.8485,0.8495,0.8357,0.8418,139923.0
2020-02-06,0.846,0.8613999999999999,0.844,0.8605,140367.0
2020-02-07,0.8563999999999999,0.8593999999999999,0.8506,0.857,125635.0
2020-02-10,0.851,0.8515,0.8456,0.8461000000000001,107072.0
2020-02-11,0.849,0.8565,0.8471000000000001,0.8503,103659.0
2020-02-12,0.8491000000000001,0.8647,0.8491000000000001,0.8566,128526.0
2020-02-13,0.8555,0.8569,0.8496,0.8551,131133.0
2020-02-14,0.8595,0.864,0.8583,0.8617999999999999,126261.0
2020-02-17,0.8632000000000001,0.8654,0.8595,0.8637999999999999,86306.0
2020-02-18,0.8627,0.864,0.856,0.856,74707.0
2020-02-19,0.8579,0.8657999999999999,0.8565,0.8657999999999999,82723.0
2020-02-20,0.8675,0.8735,0.8657999999999999,0.8717,64539.0
2020-02-21,0.868,0.872,0.8613999999999999,0.8627999999999999,112375.0
2020-02-24,0.85,0.8507,0.829,0.829,128478.0
2020-02-25,0.825,0.8422000000000001,0.82,0.841,162837.0
2020-02-26,0.825,0.8415,0.824,0.8366,179965.0
2020-02-27,0.8345,0.8472000000000001,0.8324,0.8472000000000001,156792.0
2020-02-28,0.833,0.8379,0.8166,0.8301000000000001,203810.0
2020-03-02,0.8348,0.8449,0.8315,0.8396,118761.0
2020-03-03,0.8465,0.8493999999999999,0.838,0.838,136611.0
2020-03-04,0.8362,0.8423999999999999,0.8346,0.8411000000000001,123322.0
2020-03-05,0.8451000000000001,0.8483999999999999,0.836,0.836,105182.0
2020-03-06,0.8289,0.834,0.8222999999999999,0.8322999999999999,141416.0
2020-03-09,0.7962,0.798,0.7741,0.7741,131999.0
2020-03-10,0.768,0.7918999999999999,0.7602000000000001,0.7815,207615.0
2020-03-11,0.7788999999999999,0.784,0.7268,0.745,212493.0
2020-03-12,0.718,0.7219,0.694,0.694,194113.0
2020-03-13,0.668,0.729,0.661,0.7122999999999999,228204.0
2020-03-16,0.699,0.705,0.668,0.6748999999999999,186102.0
2020-03-17,0.682,0.705,0.6752,0.7006,216320.0
2020-03-18,0.6999,0.7045,0.6817000000000001,0.688,174759.0
2020-03-19,0.686,0.688,0.6718,0.678,139677.0
2020-03-20,0.6728,0.6778,0.668,0.6721,145359.0
2020-03-23,0.642,0.6449,0.6251,0.6251,97093.0
2020-03-24,0.6345,0.6369,0.62,0.626,210798.0
2020-03-25,0.6399,0.6495,0.6362000000000001,0.6483,167871.0
2020-03-26,0.6421,0.6439,0.6255,0.6261,176064.0
2020-03-27,0.6323,0.635,0.605,0.615,204113.0
2020-03-30,0.6049,0.6049,0.5787,0.583,202159.0
2020-03-31,0.592,0.6027,0.56,0.5787,226261.0
2020-04-01,0.583,0.6012000000000001,0.5775,0.59,218566.0
2020-04-03,0.604,0.6157999999999999,0.6032000000000001,0.6139,181611.0
2020-04-06,0.6399,0.6567999999999999,0.6363,0.6567999999999999,123780.0
2020-04-07,0.6758,0.682,0.6583,0.677,228037.0
2020-04-08,0.661,0.675,0.6567999999999999,0.675,193063.0
2020-04-09,0.681,0.6895,0.678,0.6802,194931.0
2020-04-10,0.6802,0.686,0.6721,0.682,210246.0
2020-04-13,0.6761,0.6965,0.6761,0.6897000000000001,202584.0
2020-04-14,0.6971,0.7058,0.688,0.7052,186742.0
2020-04-15,0.7059,0.7195,0.7058,0.7175,151019.0
2020-04-16,0.7169,0.7283999999999999,0.714,0.7252000000000001,102626.0
2020-04-17,0.723,0.7245,0.7105,0.7165,178181.0
2020-04-20,0.7135,0.7185,0.71,0.71,159470.0
2020-04-21,0.7035,0.7039,0.668,0.6701,230517.0
2020-04-22,0.6626000000000001,0.6897000000000001,0.6591,0.6869,258419.0
2020-04-23,0.691,0.696,0.6789,0.6789,260194.0
2020-04-24,0.68,0.6985,0.675,0.6971,235828.0
2020-04-27,0.7069,0.71,0.688,0.6925,209723.0
2020-04-28,0.689,0.7015,0.6842,0.694,240653.0
2020-04-29,0.696,0.7071000000000001,0.6926,0.7025,223231.0
2020-05-04,0.6801,0.6957000000000001,0.6781,0.684,202008.0
2020-05-05,0.689,0.698,0.6882,0.6952999999999999,190570.0
2020-05-06,0.696,0.718,0.6952999999999999,0.718,179060.0
2020-05-07,0.718,0.7469,0.7175,0.742,212402.0
2020-05-08,0.748,0.7925,0.7231000000000001,0.744,276292.0
2020-05-11,0.7583,0.775,0.7481,0.7622000000000001,241815.0
2020-05-12,0.7591,0.766,0.7497999999999999,0.7591,261592.0
2020-05-13,0.755,0.781,0.7481,0.7703,274565.0
2020-05-14,0.7621,0.774,0.7597999999999999,0.768,220617.0
2020-05-15,0.773,0.777,0.763,0.7667,185787.0
2020-05-18,0.7697999999999999,0.788,0.7671,0.788,157405.0
2020-05-19,0.8052999999999999,0.8137000000000001,0.7925,0.7995,158811.0
2020-05-20,0.799,0.8075,0.794,0.8075,153550.0
2020-05-21,0.8075,0.864,0.8051,0.864,90311.0
2020-05-22,0.789,0.7945,0.7689,0.7689,183398.0
2020-05-25,0.7765,0.786,0.7723,0.782,196856.0
2020-05-26,0.79,0.8094,0.7881,0.8094,181518.0
2020-05-27,0.8109,0.813,0.7811,0.7828999999999999,208309.0
2020-05-28,0.788,0.7965,0.7783,0.79,234116.0
2020-05-29,0.7886,0.7928,0.7761,0.785,185260.0
2020-06-01,0.7948999999999999,0.812,0.7935,0.811,147528.0
2020-06-02,0.8139,0.8152,0.8006,0.8081,205836.0
2020-06-03,0.8201,0.8218,0.811,0.819,204025.0
2020-06-04,0.821,0.8222999999999999,0.8132999999999999,0.815,131414.0
2020-06-05,0.813,0.825,0.8092999999999999,0.825,143854.0
2020-06-08,0.832,0.845,0.831,0.8365,159338.0
2020-06-09,0.8365,0.8388,0.827,0.827,157697.0
2020-06-10,0.8295,0.8408,0.8259,0.8392999999999999,185721.0
2020-06-11,0.8339,0.8388,0.795,0.795,191947.0
2020-06-12,0.7835,0.8064,0.7781,0.805,300905.0
2020-06-15,0.7965,0.8035,0.7652,0.775,208388.0
2020-06-16,0.7938999999999999,0.8015,0.7908,0.798,212214.0
2020-06-17,0.7988,0.8029,0.7931,0.8007000000000001,176293.0
2020-06-18,0.7941,0.8036,0.7908,0.7971,100844.0
2020-06-19,0.79,0.8,0.789,0.7986,130018.0
2020-06-22,0.8002,0.8058,0.793,0.7978999999999999,156049.0
2020-06-23,0.7911,0.8004,0.7911,0.796,175272.0
2020-06-24,0.796,0.7983,0.7835,0.785,143297.0
2020-06-25,0.7762,0.7827999999999999,0.775,0.781,172194.0
2020-06-26,0.7878,0.7885,0.7761,0.7781,142205.0
2020-06-29,0.7767000000000001,0.7767000000000001,0.7536,0.763,218029.0
2020-06-30,0.769,0.7704,0.751,0.7525,197428.0
2020-07-01,0.7559,0.7699,0.7531,0.7686000000000001,197988.0
2020-07-02,0.7706000000000001,0.778,0.7626000000000001,0.773,219722.0
2020-07-03,0.7747999999999999,0.7765,0.7687,0.7727999999999999,167568.0
2020-07-06,0.7803,0.7983,0.7803,0.7983,128165.0
2020-07-07,0.7978,0.8062999999999999,0.7916,0.794,192970.0
2020-07-08,0.7931,0.8021,0.7911,0.8021,182464.0
2020-07-09,0.8019,0.8202999999999999,0.801,0.8152,201766.0
2020-07-10,0.8197000000000001,0.8197000000000001,0.7988999999999999,0.8037000000000001,216441.0
2020-07-13,0.811,0.813,0.7987000000000001,0.803,198350.0
2020-07-14,0.7995,0.8052,0.7923,0.8042,192988.0
2020-07-15,0.815,0.822,0.8125,0.817,172911.0
2020-07-16,0.8141,0.8174,0.81,0.816,96189.0
2020-07-17,0.811,0.8134,0.8054,0.8079,162893.0
2020-07-20,0.8049,0.806,0.7955,0.7965,137102.0
2020-07-21,0.799,0.805,0.7935,0.805,155450.0
2020-07-22,0.804,0.8054,0.791,0.792,146210.0
2020-07-23,0.7935,0.7985,0.7876000000000001,0.7971,175591.0
2020-07-24,0.7926,0.7933,0.759,0.765,234252.0
2020-07-27,0.746,0.747,0.7116,0.7116,255235.0
2020-07-28,0.715,0.7483,0.715,0.7417,322020.0
2020-07-29,0.728,0.733,0.6982999999999999,0.7207,354161.0
2020-07-30,0.7263,0.7409,0.7239,0.7302000000000001,345555.0
2020-07-31,0.718,0.7355,0.7102,0.725,344925.0
2020-08-03,0.732,0.7459,0.7305,0.742,234799.0
2020-08-04,0.758,0.762,0.7511,0.762,234993.0
2020-08-05,0.7587,0.7798999999999999,0.7567,0.7775,230438.0
2020-08-06,0.7776000000000001,0.7867999999999999,0.7684,0.776,262783.0
2020-08-07,0.773,0.7835,0.772,0.7806000000000001,263978.0
2020-08-10,0.7872,0.7945,0.7824,0.7824,178671.0
2020-08-11,0.7878999999999999,0.7888999999999999,0.7786000000000001,0.787,209054.0
2020-08-12,0.783,0.791,0.7825,0.791,174045.0
2020-08-13,0.7938,0.7996,0.7921,0.7983,144356.0
2020-08-14,0.7987000000000001,0.8034,0.7884,0.7935,188374.0
2020-08-17,0.7927000000000001,0.796,0.7816000000000001,0.7925,195848.0
2020-08-18,0.794,0.795,0.785,0.788,195165.0
2020-08-19,0.7888,0.7941,0.7861,0.793,137310.0
2020-08-20,0.7896,0.7931,0.7812,0.785,147705.0
2020-08-21,0.7852,0.7928999999999999,0.7828999999999999,0.7928999999999999,145073.0
2020-08-24,0.8011,0.8155,0.8011,0.8155,141150.0
2020-08-25,0.824,0.8245,0.813,0.813,178048.0
2020-08-26,0.8125,0.819,0.8112999999999999,0.8132,158386.0
2020-08-27,0.813,0.819,0.8125,0.819,126461.0
2020-08-28,0.8222999999999999,0.8314,0.8222999999999999,0.823,143347.0
2020-08-31,0.829,0.8305,0.8215,0.8241,140217.0
2020-09-01,0.8217000000000001,0.838,0.821,0.8373999999999999,143785.0
2020-09-03,0.8473999999999999,0.85,0.8366,0.85,172267.0
2020-09-04,0.8386,0.8466,0.8366,0.8448,171193.0
2020-09-07,0.848,0.848,0.8217000000000001,0.8217000000000001,164502.0
2020-09-08,0.8248,0.8309,0.8177000000000001,0.8295,215574.0
2020-09-09,0.819,0.8312,0.8149,0.83,223531.0
2020-09-10,0.8314,0.8365,0.8235,0.8235,157280.0
2020-09-11,0.825,0.8302,0.8212,0.8279,141856.0
2020-09-14,0.8321000000000001,0.8365,0.8309,0.834,100334.0
2020-09-15,0.834,0.8359,0.832,0.833,74780.0
2020-09-16,0.8321000000000001,0.8346,0.8316,0.8346,56137.0
2020-09-17,0.8332999999999999,0.8366,0.8271000000000001,0.831,70142.0
2020-09-18,0.8349,0.848,0.8334,0.8462999999999999,111328.0
2020-09-21,0.8462000000000001,0.8568,0.8458,0.848,130603.0
2020-09-22,0.8462999999999999,0.8535,0.8451000000000001,0.85,134879.0
2020-09-23,0.8543,0.8587,0.851,0.8541,132366.0
2020-09-24,0.85,0.8542000000000001,0.8476,0.8531,110306.0
2020-09-25,0.856,0.8569,0.8485,0.8549,100626.0
2020-09-28,0.8582000000000001,0.8629,0.8561,0.8629,92142.0
2020-09-29,0.865,0.8682000000000001,0.8541,0.8541,121353.0
2020-09-30,0.855,0.8603,0.8513,0.8598,158810.0
2020-10-01,0.864,0.867,0.8617,0.867,114067.0
2020-10-02,0.8656,0.8675,0.854,0.8615,132045.0
2020-10-05,0.8667999999999999,0.8697999999999999,0.864,0.8687999999999999,89923.0
2020-10-06,0.8717999999999999,0.872,0.864,0.8677,120138.0
2020-10-07,0.8672000000000001,0.873,0.8666,0.867,109263.0
2020-10-08,0.869,0.8694,0.8645,0.8687,106731.0
2020-10-09,0.8693,0.8717,0.8681,0.8716,79669.0
2020-10-12,0.875,0.8787999999999999,0.873,0.875,90602.0
2020-10-13,0.874,0.8769,0.8725,0.8764,72574.0
2020-10-14,0.8766,0.8947999999999999,0.8766,0.8947999999999999,93254.0
2020-10-15,0.898,0.903,0.8931,0.8992,95986.0
2020-10-16,0.893,0.898,0.8886000000000001,0.8951,137000.0
2020-10-19,0.898,0.9034,0.8965,0.9034,95455.0
2020-10-20,0.9005,0.9112,0.8996000000000001,0.9112,108100.0
2020-10-21,0.9138,0.9184,0.906,0.9085,122699.0
2020-10-22,0.9065,0.924,0.9038,0.924,122931.0
2020-10-23,0.927,0.9373,0.9254,0.935,125668.0
2020-10-26,0.9359,0.9495,0.927,0.927,127361.0
2020-10-27,0.9269,0.9319,0.9167,0.92,178135.0
2020-10-28,0.9213,0.9219,0.8942,0.8959,179579.0
2020-10-29,0.892,0.8995,0.8795,0.8875,215546.0
2020-10-30,0.891,0.8966000000000001,0.8751,0.8966000000000001,215946.0
2020-11-02,0.9001,0.907,0.8954,0.904,134228.0
2020-11-03,0.909,0.9109,0.9033,0.9083,117427.0
2020-11-04,0.9083,0.9183,0.9066,0.9123,125832.0
2020-11-05,0.9144,0.92,0.9095,0.9102,131648.0
2020-11-06,0.9112,0.9128,0.9032,0.9083,112103.0
2020-11-09,0.914,0.923,0.9138,0.923,98304.0
2020-11-10,0.9345,0.9354,0.921,0.921,130274.0
2020-11-11,0.9225,0.923,0.912,0.9214,140162.0
2020-11-12,0.921,0.928,0.9206,0.9279,106758.0
2020-11-13,0.9271,0.936,0.9265,0.9359,90068.0
2020-11-16,0.941,0.9426,0.916,0.9169,183716.0
2020-11-17,0.918,0.938,0.918,0.938,124391.0
2020-11-18,0.938,0.9425,0.9301,0.936,146005.0
2020-11-19,0.9359,0.9463,0.9354,0.9442,82732.0
2020-11-20,0.9501,0.954,0.9444,0.9524,90552.0
2020-11-23,0.9529,0.961,0.9484,0.9594,106812.0
2020-11-24,0.9609,0.9654,0.9521,0.964,153972.0
2020-11-25,0.9662,0.97,0.96,0.96,127581.0
2020-11-26,0.9599,0.9759,0.9582,0.9702,114082.0
2020-11-27,0.9702,0.9759,0.9672,0.9745,90902.0
2020-11-30,0.9755,0.9756,0.966,0.966,92465.0
2020-12-01,0.9605,0.981,0.9596,0.9803,114299.0
2020-12-02,0.9795,0.986,0.979,0.979,99864.0
2020-12-03,0.9801,0.989,0.98,0.988,86101.0
2020-12-04,0.9892,0.9927,0.983,0.987,96277.0
2020-12-07,0.9895,0.9962,0.9862,0.9945,80839.0
2020-12-08,0.9944,0.9973,0.99,0.993,97422.0
2020-12-09,0.995,1.008,0.995,1.008,93382.0
2020-12-10,1.0075,1.0105,0.9973,1.002,110228.0
2020-12-11,1.003,1.0094,0.9986,1.0081,97171.0
2020-12-14,1.0121,1.026,1.0121,1.026,90407.0
2020-12-15,1.0265,1.0275,1.0105,1.0147,123512.0
2020-12-16,1.0186,1.0299,1.0176,1.028,132991.0
2020-12-17,1.025,1.0274,1.0116,1.0163,144728.0
2020-12-18,1.026,1.0445,1.025,1.0435,120418.0
2020-12-21,1.0432,1.0598,1.0426,1.057,134380.0
2020-12-22,1.057,1.0631,1.0507,1.0603,150716.0
2020-12-23,1.063,1.0676,1.051,1.055,136370.0
2020-12-24,1.0585,1.0607,1.0263,1.0426,230996.0
2020-12-25,1.045,1.0649000000000002,1.034,1.0649000000000002,158420.0
2020-12-28,1.0695,1.0738,1.0566,1.066,164755.0
2020-12-29,1.066,1.073,1.0633,1.0671,116122.0
2020-12-30,1.066,1.0791,1.0645,1.0700999999999998,129572.0
2020-12-31,1.0724,1.0839,1.0689000000000002,1.0839,138170.0
2021-01-04,1.091,1.115,1.0902,1.1094000000000002,116484.0
2021-01-05,1.1065,1.1157,1.1001,1.111,151856.0
2021-01-06,1.1165,1.1325,1.1141,1.125,163112.0
2021-01-07,1.1348,1.1489,1.1242,1.1489,172555.0
2021-01-08,1.1467,1.1766,1.146,1.1766,191787.0
2021-01-11,1.1809,1.1968,1.1772,1.1930999999999998,123682.0
2021-01-12,1.1979000000000002,1.198,1.1842,1.1919000000000002,159585.0
2021-01-13,1.195,1.2016,1.179,1.192,150208.0
2021-01-14,1.1908,1.1956,1.182,1.1889,157233.0
2021-01-15,1.1913,1.1949,1.1881,1.1905,94376.0
2021-01-18,1.1930999999999998,1.1941,1.177,1.177,91660.0
2021-01-19,1.178,1.179,1.0947,1.1048,220843.0
2021-01-20,1.11,1.125,1.0673,1.125,247726.0
2021-01-21,1.1288,1.1515,1.113,1.1507,148284.0
2021-01-22,1.183,1.1892,1.1681,1.1735,186904.0
2021-01-25,1.172,1.1784,1.1664,1.1730999999999998,133912.0
2021-01-26,1.1718,1.1733,1.115,1.133,242403.0
2021-01-27,1.1275,1.1348,1.078,1.0822,285857.0
2021-01-28,1.05,1.05,1.0065,1.0065,154602.0
2021-01-29,0.974,1.0769000000000002,0.9663,1.0769000000000002,250006.0
2021-02-01,1.065,1.0758,1.03,1.03,239917.0
2021-02-02,1.039,1.0985999999999998,1.031,1.092,237857.0
2021-02-03,1.1002,1.143,1.097,1.1249,211524.0
2021-02-04,1.1265999999999998,1.134,1.1062,1.115,274032.0
2021-02-05,1.125,1.146,1.1222,1.1399,165836.0
2021-02-08,1.1382,1.1395,1.075,1.092,260500.0
2021-02-09,1.1,1.1429,1.095,1.1303,203704.0
2021-02-17,1.1405,1.1766,1.1401,1.1766,117832.0
2021-02-18,1.183,1.1873,1.1666,1.1873,120131.0
2021-02-19,1.176,1.1933,1.1689,1.178,168285.0
2021-02-22,1.1824,1.1998,1.1690999999999998,1.1730999999999998,183570.0
2021-02-23,1.1781,1.1979000000000002,1.1762,1.1864,214381.0
2021-02-24,1.1913,1.1998,1.1482,1.162,208243.0
2021-02-25,1.177,1.182,1.1597,1.182,207220.0
2021-02-26,1.1618,1.1799000000000002,1.1461,1.174,200027.0
2021-03-01,1.1835,1.194,1.1824,1.193,104843.0
2021-03-02,1.1981,1.2015,1.186,1.194,137512.0
2021-03-03,1.1922,1.2005,1.1902,1.1995,125104.0
2021-03-04,1.1959000000000002,1.2007,1.165,1.1813,186086.0
2021-03-05,1.1689,1.1754,1.1597,1.169,169038.0
2021-03-08,1.1806,1.1834,1.1606,1.165,157416.0
2021-03-09,1.1650999999999998,1.171,1.149,1.1585,190726.0
2021-03-10,1.1619000000000002,1.1789,1.1562,1.1789,175676.0
2021-03-11,1.185,1.1943,1.1841,1.1913,126937.0
2021-03-12,1.1929,1.1942000000000002,1.1835,1.19,118929.0
2021-03-15,1.189,1.192,1.1866,1.1888,79779.0
2021-03-16,1.1910999999999998,1.1915,1.1801,1.1862,98266.0
2021-03-17,1.1841,1.1978,1.1827,1.1978,116835.0
2021-03-18,1.2041,1.212,1.203,1.2115,83601.0
2021-03-19,1.2039000000000002,1.2105,1.1992,1.208,114105.0
2021-03-22,1.2076,1.2099000000000002,1.1924,1.1924,127426.0
2021-03-23,1.1957,1.1959000000000002,1.1799000000000002,1.1845,138578.0
2021-03-24,1.1785,1.179,1.155,1.1709,162190.0
2021-03-25,1.172,1.1779000000000002,1.1581,1.162,209777.0
2021-03-26,1.1642,1.175,1.1438,1.173,225707.0
2021-03-29,1.1767999999999998,1.187,1.1666,1.183,166664.0
2021-03-30,1.1828,1.1944,1.1790999999999998,1.1912,130595.0
2021-03-31,1.1925,1.1999000000000002,1.189,1.1919000000000002,154028.0
2021-04-01,1.193,1.237,1.1918,1.2355,158449.0
2021-04-02,1.241,1.249,1.2325,1.234,135248.0
2021-04-05,1.241,1.2586,1.2395,1.257,140627.0
2021-04-06,1.2568,1.259,1.246,1.2521,159608.0
2021-04-07,1.2495,1.2566,1.2475999999999998,1.252,101647.0
2021-04-08,1.2531,1.2589,1.241,1.2432,125107.0
2021-04-09,1.2448,1.2539,1.2385,1.2519,113707.0
2021-04-12,1.26,1.2819,1.2571,1.2746,123106.0
2021-04-13,1.2802,1.2960999999999998,1.267,1.271,190747.0
2021-04-14,1.268,1.293,1.2655,1.292,177208.0
2021-04-15,1.2948,1.2989000000000002,1.2825,1.2839,154811.0
2021-04-16,1.2835,1.2855,1.2561,1.2735,204021.0
2021-04-19,1.276,1.312,1.2715999999999998,1.312,185665.0
2021-04-20,1.316,1.334,1.2821,1.3,280266.0
2021-04-22,1.301,1.3128,1.2612,1.2612,247552.0
2021-04-23,1.2609,1.2967,1.2491,1.2967,272343.0
2021-04-26,1.297,1.3064,1.2497,1.254,265871.0
2021-04-27,1.253,1.2778,1.253,1.265,253877.0
2021-04-28,1.268,1.2887,1.261,1.275,222974.0
2021-04-29,1.285,1.305,1.2822,1.301,193860.0
2021-05-04,1.278,1.3271,1.2732,1.32,193972.0
2021-05-05,1.3232000000000002,1.3527,1.3200999999999998,1.3359,224033.0
2021-05-06,1.3406,1.3439,1.3271,1.3365,253034.0
2021-05-07,1.3362,1.3398,1.314,1.3238,209572.0
2021-05-10,1.3232000000000002,1.375,1.3228,1.375,189654.0
2021-05-11,1.3735,1.385,1.3483,1.3501,274860.0
2021-05-12,1.3475,1.384,1.3384,1.3821,302367.0
2021-05-13,1.376,1.3837000000000002,1.3601,1.3639,273637.0
2021-05-14,1.3722,1.3917,1.369,1.374,248354.0
2021-05-17,1.3821,1.3883,1.365,1.367,189026.0
2021-05-18,1.3719,1.3796,1.3605999999999998,1.375,212394.0
2021-05-19,1.3733,1.4074,1.3731,1.4049,181066.0
2021-05-20,1.4071,1.425,1.3971,1.425,149062.0
2021-05-21,1.4124,1.423,1.4064,1.414,194846.0
2021-05-24,1.415,1.4285,1.4142,1.426,166655.0
2021-05-25,1.427,1.4433,1.4235,1.438,143103.0
2021-05-26,1.439,1.453,1.4367,1.453,169576.0
2021-05-27,1.453,1.456,1.43,1.43,173927.0
2021-05-28,1.4342,1.4648,1.4336,1.4625,176803.0
2021-05-31,1.4599000000000002,1.4808,1.443,1.4795,211791.0
2021-06-01,1.485,1.4974,1.4757,1.4875999999999998,166167.0
2021-06-02,1.4875,1.4944000000000002,1.468,1.4818,212421.0
2021-06-03,1.4865,1.5075,1.4831,1.504,181274.0
2021-06-04,1.5046,1.5109,1.4955,1.5059,185937.0
2021-06-07,1.507,1.5092,1.473,1.485,195761.0
2021-06-08,1.4881,1.4984000000000002,1.4,1.4299000000000002,266105.0
2021-06-09,1.4399000000000002,1.4738,1.426,1.459,301935.0
2021-06-10,1.4609,1.47,1.438,1.453,344106.0
2021-06-11,1.4589,1.4949,1.4562,1.4932,231157.0
2021-06-14,1.4942,1.5093,1.4852,1.4975,202777.0
2021-06-15,1.4981,1.5058,1.4861,1.491,244831.0
2021-06-16,1.4907,1.4943,1.4615,1.4689,252886.0
2021-06-17,1.462,1.4728,1.452,1.4639000000000002,179293.0
2021-06-18,1.47,1.4917,1.469,1.485,212425.0
2021-06-21,1.476,1.487,1.471,1.4741,199586.0
2021-06-22,1.4848,1.5009,1.4832,1.4904000000000002,151809.0
2021-06-23,1.4925,1.5041,1.484,1.4904000000000002,207102.0
2021-06-24,1.4975999999999998,1.503,1.478,1.488,205558.0
2021-06-25,1.4965,1.505,1.484,1.505,187228.0
2021-06-28,1.5091,1.5255,1.5075,1.5238,146579.0
2021-06-29,1.5241,1.5354,1.5223,1.5339,167492.0
2021-06-30,1.5341,1.5429000000000002,1.528,1.5292,166164.0
2021-07-01,1.532,1.549,1.5255,1.549,192481.0
2021-07-02,1.551,1.558,1.547,1.5560999999999998,181560.0
2021-07-05,1.56,1.568,1.5334,1.568,220816.0
2021-07-06,1.566,1.5693,1.501,1.501,209651.0
2021-07-07,1.515,1.5369000000000002,1.492,1.535,293790.0
2021-07-08,1.5325,1.538,1.5,1.513,304982.0
2021-07-09,1.509,1.53,1.48,1.497,304132.0
2021-07-12,1.503,1.5038,1.401,1.4439000000000002,398800.0
2021-07-13,1.442,1.4588,1.416,1.4469,355237.0
2021-07-14,1.4485,1.451,1.3953,1.409,321671.0
2021-07-15,1.4108,1.4401,1.403,1.4318,246696.0
2021-07-16,1.4350999999999998,1.449,1.4342,1.44,252074.0
2021-07-19,1.4148,1.415,1.3665999999999998,1.368,308084.0
2021-07-20,1.374,1.4094,1.3581,1.405,358331.0
2021-07-21,1.411,1.4177,1.395,1.402,266534.0
2021-07-22,1.4045999999999998,1.437,1.402,1.4270999999999998,243782.0
2021-07-23,1.4247999999999998,1.4305,1.401,1.401,339320.0
2021-07-26,1.3999,1.417,1.383,1.4081,314541.0
2021-07-27,1.413,1.426,1.4051,1.4053,295627.0
2021-07-28,1.4051,1.418,1.4,1.4078,315029.0
2021-07-29,1.416,1.4310999999999998,1.414,1.4310999999999998,266397.0
2021-07-30,1.4306,1.4466,1.4272,1.445,235586.0
2021-08-02,1.4466,1.4581,1.4423,1.4479000000000002,216811.0
2021-08-03,1.4497,1.475,1.4470999999999998,1.475,308827.0
2021-08-04,1.473,1.481,1.4616,1.4709,253070.0
2021-08-05,1.468,1.4914,1.4661,1.4871,249598.0
2021-08-06,1.4872999999999998,1.4912,1.4715,1.4729,216366.0
2021-08-09,1.4699,1.5035,1.468,1.5005,198106.0
2021-08-10,1.5012,1.5075,1.4855,1.4941,274461.0
2021-08-11,1.496,1.5055,1.486,1.486,244986.0
2021-08-12,1.4869,1.493,1.4724000000000002,1.4771,274294.0
2021-08-13,1.48,1.485,1.4633,1.485,271182.0
2021-08-16,1.4852,1.5041,1.4852,1.503,171376.0
2021-08-17,1.5078,1.5085,1.4875,1.493,211704.0
2021-08-18,1.495,1.5052,1.4851,1.4909,233286.0
2021-08-19,1.493,1.5029,1.4843,1.5,182275.0
2021-08-20,1.4928,1.4932,1.425,1.445,291240.0
2021-08-23,1.4444,1.4477,1.4081,1.4112,355898.0
2021-08-24,1.415,1.4277,1.407,1.4150999999999998,320767.0
2021-08-25,1.4178,1.432,1.41,1.4315,278294.0
2021-08-26,1.4304,1.432,1.4021,1.4067,243290.0
2021-08-27,1.4095,1.4229,1.39,1.42,354844.0
2021-08-30,1.423,1.4353,1.4225,1.4329,196331.0
2021-08-31,1.4330999999999998,1.4345,1.421,1.427,192383.0
2021-09-01,1.4270999999999998,1.435,1.4226,1.4286,212896.0
2021-09-06,1.4338,1.445,1.431,1.4446,148530.0
2021-09-07,1.4452,1.4498,1.436,1.441,170759.0
2021-09-08,1.4417,1.442,1.4276,1.4310999999999998,192479.0
2021-09-09,1.4307,1.446,1.4298,1.446,159355.0
2021-09-10,1.4472,1.4533,1.4423,1.4470999999999998,153049.0
2021-09-13,1.4453,1.4488,1.4370999999999998,1.442,136105.0
2021-09-14,1.441,1.4452,1.4345,1.4365,134355.0
2021-09-15,1.4375,1.451,1.4348,1.4475,134646.0
2021-09-16,1.4479000000000002,1.4538,1.4457,1.4498,106700.0
2021-09-17,1.4443,1.4578,1.4433,1.4568,134748.0
2021-09-20,1.46,1.467,1.452,1.452,144551.0
2021-09-21,1.446,1.4474,1.4254,1.44,228417.0
2021-09-22,1.4414,1.4439000000000002,1.4336,1.4408,161234.0
2021-09-23,1.4478,1.4555,1.4455,1.45,143800.0
2021-09-24,1.4546,1.456,1.4461,1.4499000000000002,142418.0
2021-09-27,1.4523,1.4544,1.434,1.434,132944.0
2021-09-28,1.43,1.4544,1.4295,1.4544,163465.0
2021-09-29,1.4490999999999998,1.4525,1.4334,1.4492,236111.0
2021-09-30,1.451,1.4585,1.448,1.452,183857.0
2021-10-01,1.441,1.4465,1.436,1.441,180114.0
2021-10-04,1.441,1.4448,1.434,1.4403,137078.0
2021-10-05,1.4379000000000002,1.4498,1.4376,1.449,117088.0
2021-10-06,1.4512,1.4535,1.4470999999999998,1.452,105801.0
2021-10-07,1.4574,1.4595,1.4528,1.4548,94624.0
2021-10-08,1.458,1.477,1.4574,1.4745,118668.0
2021-10-11,1.4755,1.5148,1.4755,1.5135,132442.0
2021-10-12,1.5135,1.514,1.4995,1.51,161659.0
2021-10-13,1.513,1.5226,1.5021,1.5031,175902.0
2021-10-14,1.5085,1.5149,1.5,1.5059,179589.0
2021-10-15,1.51,1.5167,1.5003,1.5045,148017.0
2021-10-18,1.5051,1.522,1.5051,1.5105,148905.0
2021-10-19,1.5111,1.5135,1.5031,1.5106,151954.0
2021-10-20,1.513,1.5175,1.451,1.504,166752.0
2021-10-21,1.5072,1.5095,1.489,1.489,135082.0
2021-10-22,1.4952,1.4969,1.4853,1.492,119964.0
2021-10-25,1.495,1.495,1.478,1.478,132334.0
2021-10-26,1.477,1.4891,1.4682,1.489,151082.0
2021-10-27,1.4883,1.5265,1.4875,1.5233,157322.0
2021-10-28,1.5233,1.5359,1.5172,1.5323,150253.0
2021-10-29,1.532,1.54,1.5265,1.5337,151803.0
2021-11-01,1.535,1.5357,1.5181,1.5227,124238.0
2021-11-02,1.522,1.5287,1.5186,1.5241,120853.0
2021-11-03,1.5244000000000002,1.5383,1.5201,1.5285,174162.0
2021-11-04,1.5305,1.5352,1.5231,1.5298,142712.0
2021-11-05,1.5293,1.5396,1.5265,1.5351,99948.0
2021-11-08,1.5376,1.5455,1.5336,1.5377,112026.0
2021-11-09,1.538,1.539,1.5205,1.5255,131279.0
2021-11-10,1.525,1.5349000000000002,1.5186,1.5293,114035.0
2021-11-11,1.5275999999999998,1.53,1.506,1.513,184754.0
2021-11-12,1.5146,1.532,1.5051,1.5307,149193.0
2021-11-15,1.533,1.5366,1.5214,1.5278,118479.0
2021-11-16,1.5278,1.5295,1.5146,1.5173,153589.0
2021-11-17,1.5161,1.5233,1.5142,1.5204000000000002,104400.0
2021-11-18,1.5219,1.5223,1.5041,1.5041,99965.0
2021-11-19,1.5058,1.5232,1.488,1.5025,159956.0
2021-11-22,1.5035999999999998,1.5219,1.4984000000000002,1.5125,151792.0
2021-11-23,1.5126,1.5289,1.509,1.5289,109728.0
2021-11-24,1.5335,1.565,1.5295999999999998,1.5620999999999998,150549.0
2021-11-25,1.5645,1.575,1.5615,1.5666,124797.0
2021-11-26,1.5646,1.577,1.553,1.5567,144438.0
2021-11-29,1.548,1.552,1.5362,1.5519,154630.0
2021-11-30,1.556,1.5637,1.5333,1.5371,169222.0
2021-12-01,1.5369000000000002,1.5539,1.5303,1.5539,164930.0
2021-12-02,1.5499,1.5544,1.5396,1.54,137071.0
2021-12-03,1.545,1.5479,1.509,1.509,155487.0
2021-12-06,1.5081,1.5135,1.4661,1.4802,202912.0
2021-12-07,1.49,1.512,1.487,1.512,166399.0
2021-12-08,1.5157,1.5184000000000002,1.508,1.511,152650.0
2021-12-09,1.5128,1.533,1.51,1.532,128284.0
2021-12-10,1.531,1.5325,1.5125,1.5205,164139.0
2021-12-13,1.5269,1.5274,1.5161,1.5259,119311.0
2021-12-14,1.5239,1.53,1.5132,1.5185,149559.0
2021-12-15,1.5185,1.5275,1.5141,1.5201,125529.0
2021-12-16,1.5255,1.527,1.4602,1.51,124612.0
2021-12-17,1.514,1.5249,1.5126,1.52,132974.0
2021-12-20,1.512,1.5175,1.4952,1.508,135638.0
2021-12-21,1.511,1.5195,1.5089,1.5125,121868.0
2021-12-22,1.5155999999999998,1.5197,1.5,1.508,132208.0
2021-12-23,1.5067000000000002,1.5078,1.4751,1.4882,195699.0
2021-12-24,1.488,1.512,1.4842,1.509,143620.0
2021-12-27,1.5135,1.5188,1.5013,1.516,125770.0
2021-12-28,1.518,1.5245,1.5095,1.5202,142193.0
2021-12-29,1.522,1.5264000000000002,1.517,1.519,104588.0
2021-12-30,1.5189,1.5335,1.5182,1.5255,102713.0
2021-12-31,1.5279,1.542,1.5273,1.537,112972.0
2022-01-04,1.5449000000000002,1.563,1.5429000000000002,1.5585,82662.0
2022-01-05,1.5576,1.5605,1.5480999999999998,1.549,81630.0
2022-01-06,1.544,1.557,1.5435,1.5451,94415.0
2022-01-07,1.5479,1.548,1.5331,1.5396,109279.0
2022-01-10,1.54,1.5403,1.5131,1.5131,107307.0
2022-01-11,1.515,1.5187,1.4995,1.5035999999999998,129109.0
2022-01-12,1.5001,1.5289,1.4861,1.5289,177369.0
2022-01-13,1.5301,1.5419,1.5224000000000002,1.5257,151811.0
2022-01-14,1.5195,1.5323,1.515,1.5201,142052.0
2022-01-17,1.5229,1.5254,1.4782,1.48,178669.0
2022-01-18,1.475,1.4899,1.4662,1.4825,172531.0
2022-01-19,1.4829,1.4965,1.4765,1.482,164016.0
2022-01-20,1.4838,1.4958,1.4801,1.4926,110419.0
2022-01-21,1.493,1.5038,1.4908,1.4989,126276.0
2022-01-24,1.496,1.496,1.466,1.4682,158883.0
2022-01-25,1.4687,1.5039,1.4652,1.5039,208041.0
2022-01-26,1.51,1.525,1.509,1.519,159574.0
2022-01-27,1.5133,1.5165,1.4985,1.512,140195.0
2022-01-28,1.5182,1.5345,1.5171,1.528,146392.0
2022-02-07,1.5439,1.548,1.53,1.5328,83370.0
2022-02-08,1.5328,1.5437,1.5274,1.5355,111985.0
2022-02-09,1.54,1.5559,1.54,1.541,133395.0
2022-02-10,1.544,1.5445,1.5285,1.5425,135635.0
2022-02-11,1.5389000000000002,1.5459,1.5349000000000002,1.543,123536.0
2022-02-14,1.5355,1.536,1.5101,1.5101,155910.0
2022-02-15,1.5111,1.5275,1.511,1.522,135768.0
2022-02-16,1.528,1.5324,1.5145,1.521,154199.0
2022-02-17,1.522,1.5402,1.5213,1.5402,132651.0
2022-02-18,,,,1.5364,
2022-02-21,1.5232,1.5315,1.521,1.53,103489.0
2022-02-22,1.5179,1.5197,1.5014,1.5175,177125.0
2022-02-23,1.5261,1.535,1.5244000000000002,1.5293,116662.0
2022-02-24,1.52,1.5262,1.5025,1.5147,204657.0
2022-02-25,1.526,1.5299,1.517,1.517,127879.0
2022-02-28,1.511,1.5188,1.5075999999999998,1.5112,128545.0
2022-03-01,1.5178,1.5182,1.5121,1.5155999999999998,107865.0
2022-03-02,1.512,1.513,1.4958,1.502,173354.0
2022-03-03,1.5085,1.5175,1.5028,1.5175,139237.0
2022-03-04,1.5148,1.5175,1.51,1.513,117730.0
2022-03-07,1.496,1.5078,1.496,1.5042,121171.0
2022-03-08,1.4987,1.4994,1.4842,1.4903,147557.0
2022-03-09,1.494,1.4958,1.4862,1.4908,132245.0
2022-03-10,1.5005,1.5019,1.49,1.49,110620.0
2022-03-11,1.4867,1.4875,1.4711,1.476,154986.0
2022-03-14,1.4752,1.476,1.456,1.4634,157699.0
2022-03-15,1.4621,1.4697,1.4579000000000002,1.4645,146815.0
2022-03-16,1.471,1.4751,1.4652,1.4718,119620.0
2022-03-17,1.4775,1.4788,1.468,1.4722,113309.0
2022-03-18,,,,1.4775,
2022-03-21,1.4797,1.4961,1.4791,1.4949,109890.0
2022-03-22,1.4981,1.5055,1.494,1.5,116675.0
2022-03-23,1.5027,1.5102,1.4948,1.4972,135207.0
2022-03-24,1.4955,1.4995,1.491,1.494,123052.0
2022-03-25,1.4971,1.4971,1.488,1.494,118347.0
2022-03-28,1.4891,1.4908,1.4755,1.4835,122542.0
2022-03-29,1.4855,1.4935,1.4845,1.4934,100343.0
2022-03-30,1.4894,1.5039,1.4861,1.4898,165435.0
2022-03-31,1.492,1.4994,1.49,1.496,92519.0
2022-04-01,1.493,1.528,1.4922,1.525,157870.0
2022-04-04,1.5294,1.5373,1.5266,1.5284,103234.0
2022-04-05,1.5269,1.5327,1.5235,1.5253,105702.0
2022-04-06,1.519,1.5506,1.5178,1.5403,189989.0
2022-04-07,1.543,1.5445,1.5294,1.5298,145311.0
2022-04-08,1.5284,1.5353,1.5239,1.5239,135137.0
2022-04-12,1.5259,1.5266,1.5072,1.5094,168130.0
2022-04-13,1.5114,1.5212,1.5113,1.5197,133661.0
2022-04-14,1.5222,1.5246,1.509,1.5125,128856.0
2022-04-15,1.5118,1.5174,1.4926,1.4926,168960.0
2022-04-18,1.4948,1.4948,1.4731,1.479,2584.0
2022-04-19,1.479,1.484,1.455,1.4578,12304.0
2022-04-20,1.462,1.462,1.433,1.439,14907.0
2022-04-21,1.4449,1.4557,1.432,1.45,26273.0
2022-04-22,1.4423,1.4598,1.4347,1.445,226792.0
2022-04-25,1.4429,1.4456,1.3453,1.3531,283121.0
2022-04-26,1.3561,1.3932,1.3271,1.391,393901.0
2022-04-27,1.379,1.406,1.3581,1.401,311802.0
2022-04-28,1.3997,1.4067,1.388,1.392,256204.0
2022-04-29,1.395,1.4216,1.3896,1.409,247602.0
2022-05-04,1.4083,1.41,1.383,1.383,212170.0
2022-05-05,1.392,1.4036,1.3725999999999998,1.4025,231376.0
2022-05-06,1.382,1.3963,1.3588,1.362,301422.0
2022-05-09,1.3537,1.3558,1.3,1.3080999999999998,328581.0
2022-05-10,1.2997999999999998,1.3409,1.2911,1.335,361688.0
2022-05-11,1.335,1.349,1.3182,1.337,297741.0
2022-05-12,1.334,1.334,1.262,1.27,346875.0
2022-05-13,1.272,1.2880999999999998,1.2147,1.225,438129.0
2022-05-16,1.24,1.2619,1.212,1.212,354554.0
2022-05-17,1.22,1.283,1.2043,1.2809,364556.0
2022-05-18,1.2809,1.3048,1.2653,1.281,411644.0
2022-05-19,1.255,1.2929000000000002,1.2517,1.283,309742.0
2022-05-20,1.283,1.2992,1.2598,1.2768,317137.0
2022-05-23,1.289,1.289,1.2381,1.2531,324795.0
2022-05-24,1.253,1.2711,1.234,1.267,389720.0
2022-05-25,1.275,1.306,1.2685,1.2993,318793.0
2022-05-26,1.302,1.3105,1.2920999999999998,1.3009000000000002,279405.0
2022-05-27,1.3060999999999998,1.3288,1.3051,1.3225,255713.0
2022-05-30,1.3297,1.331,1.3196,1.3256,204143.0
2022-05-31,1.3262,1.3268,1.3105,1.3205,225070.0
2022-06-01,1.3185,1.3375,1.316,1.326,326533.0
2022-06-02,1.311,1.33,1.311,1.315,253099.0
2022-06-03,1.318,1.3239,1.3056,1.3185,233565.0
2022-06-06,1.3207,1.332,1.315,1.315,224785.0
2022-06-07,1.315,1.3155,1.2933,1.315,278664.0
2022-06-08,1.321,1.342,1.3198,1.333,267430.0
2022-06-09,1.3324,1.339,1.327,1.3353,264559.0
2022-06-10,1.328,1.3338,1.3111,1.3111,232693.0
2022-06-13,1.284,1.2899,1.2574,1.2602,332829.0
2022-06-14,1.2548,1.2725,1.25,1.2683,353777.0
2022-06-15,1.268,1.2705,1.2353,1.2513,357051.0
2022-06-16,1.261,1.2865,1.2607000000000002,1.286,284892.0
2022-06-17,1.2475,1.249,1.2152,1.2452,455234.0
2022-06-20,1.2448,1.2494,1.212,1.212,405214.0
2022-06-21,1.2168,1.24,1.2105,1.228,504864.0
2022-06-22,1.2337,1.2409,1.216,1.216,404908.0
2022-06-23,1.222,1.2303,1.2163,1.2278,337136.0
2022-06-24,1.236,1.2379,1.226,1.227,244016.0
2022-06-27,1.236,1.2479,1.234,1.2479,219072.0
2022-06-28,1.246,1.2665,1.2427,1.261,259004.0
2022-06-29,1.255,1.2629,1.2511,1.2605,290695.0
2022-06-30,1.262,1.2648,1.2401,1.2401,256951.0
2022-07-01,1.241,1.2435,1.2215,1.242,332852.0
2022-07-04,1.247,1.2521,1.2381,1.242,245644.0
2022-07-05,1.2483,1.2519,1.234,1.2349,332002.0
2022-07-06,1.2348,1.2348,1.2134,1.218,399286.0
2022-07-07,1.2157,1.2262,1.213,1.225,319536.0
2022-07-08,1.2305,1.2318,1.2235,1.225,210770.0
2022-07-11,1.221,1.2218,1.1970999999999998,1.2007,228673.0
2022-07-12,1.202,1.216,1.2019000000000002,1.2135,224734.0
2022-07-13,1.215,1.2201,1.2095,1.21,251969.0
2022-07-14,1.2068,1.2179,1.2044,1.2157,242699.0
2022-07-15,1.219,1.2218,1.2092,1.2101,220851.0
2022-07-18,1.2182,1.221,1.2122,1.2154,179182.0
2022-07-19,1.2139000000000002,1.2164,1.2081,1.213,196947.0
2022-07-20,1.2235,1.2308,1.2214,1.2261,189723.0
2022-07-21,1.2253,1.242,1.2252,1.2341,203851.0
2022-07-22,1.2305,1.234,1.2233,1.2255999999999998,206418.0
2022-07-25,1.2219,1.2247,1.2172,1.2219,187113.0
2022-07-26,1.2221,1.2255,1.2173,1.2189,154394.0
2022-07-27,1.216,1.223,1.213,1.223,163202.0
2022-07-28,1.2288,1.2372999999999998,1.2283,1.2315999999999998,164382.0
2022-07-29,1.2368,1.2369,1.2291,1.2307,167089.0
2022-08-01,1.2321,1.246,1.231,1.2444000000000002,201273.0
2022-08-02,1.2447,1.2494,1.2383,1.2459,185715.0
2022-08-03,1.2454,1.2529,1.242,1.25,220995.0
2022-08-04,1.256,1.26,1.2522,1.2575,194731.0
2022-08-05,1.259,1.2645,1.2547,1.2645,177460.0
2022-08-08,1.2635,1.2678,1.2613,1.266,136604.0
2022-08-09,1.2645,1.2758,1.2641,1.2727,195809.0
2022-08-10,1.271,1.2738,1.2686,1.2706,139226.0
2022-08-11,1.2827,1.288,1.268,1.268,201773.0
2022-08-12,1.268,1.2801,1.2662,1.2801,169296.0
2022-08-15,1.2852,1.2945,1.2847,1.293,183149.0
2022-08-16,1.2967,1.2975,1.2914,1.2969000000000002,181175.0
2022-08-17,1.2997999999999998,1.3112,1.2985,1.309,186828.0
2022-08-18,1.3069000000000002,1.3129000000000002,1.3046,1.3048,161249.0
2022-08-19,1.2920999999999998,1.2920999999999998,1.2761,1.281,191773.0
2022-08-22,1.275,1.2789,1.2703,1.271,182989.0
2022-08-23,1.2657,1.2831,1.2644000000000002,1.2831,186697.0
2022-08-24,1.282,1.2878,1.2784,1.2852,189828.0
2022-08-25,1.287,1.3043,1.2869000000000002,1.303,186414.0
2022-08-26,1.3052,1.3059,1.29,1.293,216003.0
2022-08-29,1.2709,1.286,1.2647,1.286,236496.0
2022-08-30,1.2887,1.2957,1.2803,1.287,248903.0
2022-08-31,1.282,1.2985,1.2775999999999998,1.2939,260355.0
2022-09-05,1.294,1.2985,1.2825,1.286,237070.0
2022-09-06,1.2875,1.2959,1.2866,1.29,230645.0
2022-09-07,1.283,1.2868,1.265,1.265,251300.0
2022-09-08,1.2695,1.2755999999999998,1.2634,1.2641,297182.0
2022-09-09,1.269,1.275,1.2592,1.275,251090.0
2022-09-12,1.281,1.2832,1.2751,1.2768,153315.0
2022-09-13,1.2783,1.2788,1.272,1.272,147214.0
2022-09-14,1.252,1.262,1.248,1.259,194063.0
2022-09-15,1.261,1.2635,1.2566,1.2622,147137.0
2022-09-16,1.2541,1.2543,1.2332,1.237,175111.0
2022-09-19,1.239,1.239,1.218,1.2235,263820.0
2022-09-20,1.228,1.2354,1.2216,1.2327,228800.0
2022-09-21,1.228,1.229,1.2135,1.2196,297328.0
2022-09-22,1.208,1.225,1.2037,1.225,266297.0
2022-09-23,1.2219,1.223,1.204,1.21,281222.0
2022-09-26,1.199,1.199,1.1736,1.192,312371.0
2022-09-27,1.1907,1.1963,1.183,1.185,300289.0
2022-09-28,1.1735,1.178,1.1609,1.165,349877.0
2022-09-29,1.1769,1.1769,1.148,1.148,271924.0
2022-09-30,1.1439,1.1647,1.1364,1.15,340512.0
2022-10-03,1.145,1.147,1.0968,1.1025999999999998,380554.0
2022-10-04,1.1135,1.125,1.0939,1.102,412460.0
2022-10-05,1.114,1.1344,1.1133,1.1152,371725.0
2022-10-06,1.1185,1.1194000000000002,1.08,1.08,415369.0
2022-10-07,1.065,1.072,1.025,1.0322,446339.0
2022-10-10,1.0101,1.05,1.0061,1.0325,424593.0
2022-10-11,1.024,1.0275999999999998,0.9797,0.989,434143.0
2022-10-12,0.9967,1.0389000000000002,0.995,1.0251,419387.0
2022-10-13,1.0275,1.0396,1.0046,1.0396,499633.0
2022-10-14,1.06,1.067,1.0437,1.048,300190.0
2022-10-17,1.036,1.05,1.0174,1.05,308351.0
2022-10-18,1.0551,1.0698,1.0489000000000002,1.0579,352172.0
2022-10-19,1.0587,1.0595,1.0455,1.053,331477.0
2022-10-20,1.0452,1.0597,1.0397,1.058,280262.0
2022-10-21,1.0386,1.0388,0.9816,0.985,417973.0
2022-10-24,0.9955,0.996,0.9302,0.942,462554.0
2022-10-25,0.94,0.985,0.9321,0.961,644884.0
2022-10-26,0.97,0.9766,0.9544,0.9675,469459.0
2022-10-27,0.9755,1.025,0.9721,1.025,474823.0
2022-10-28,1.0272,1.0369000000000002,1.0136,1.016,445015.0
2022-10-31,1.0238,1.0279,0.9843,1.024,481272.0
2022-11-01,1.0301,1.047,1.018,1.018,478966.0
2022-11-02,1.0151,1.0288,1.003,1.021,487889.0
2022-11-03,1.011,1.024,1.0011,1.0011,393434.0
2022-11-04,0.9952,0.9962,0.9581,0.98,491068.0
2022-11-07,0.9802,0.991,0.95,0.95,429399.0
2022-11-08,0.9451,0.9855,0.935,0.9721,435319.0
2022-11-09,0.9769,0.988,0.9555,0.959,410520.0
2022-11-10,0.951,0.9596,0.9054,0.9128,469249.0
2022-11-11,0.9341,0.9598,0.9305,0.938,533652.0
2022-11-14,0.934,0.938,0.9127,0.932,592403.0
2022-11-15,0.926,0.9269,0.8846,0.895,533665.0
2022-11-16,0.8761,0.9576,0.8606,0.9576,566744.0
2022-11-17,0.953,0.9738,0.9502,0.9725,291529.0
2022-11-18,0.9601,0.9755,0.9385,0.963,525965.0
2022-11-21,0.9693,0.971,0.9382,0.9382,443488.0
2022-11-22,0.933,0.99,0.926,0.926,588279.0
2022-11-23,0.933,0.948,0.9158,0.9241,541427.0
2022-11-24,0.921,0.9398,0.918,0.9389,445450.0
2022-11-25,0.9465,0.969,0.9453,0.969,363721.0
2022-11-28,0.975,1.008,0.9724,0.9937,381565.0
2022-11-29,0.9923,1.0155,0.9866,1.0155,411056.0
2022-11-30,1.02,1.0313,1.0097,1.0279,403846.0
2022-12-01,1.041,1.0598,1.029,1.029,415110.0
2022-12-02,1.029,1.101,1.025,1.101,430013.0
2022-12-05,1.108,1.128,1.0867,1.104,472192.0
2022-12-06,1.103,1.103,1.046,1.046,477035.0
2022-12-07,1.04,1.0622,1.0341,1.0533,503186.0
2022-12-08,1.0528,1.1055,1.0515,1.055,536826.0
2022-12-09,1.0588,1.084,1.0460999999999998,1.07,566948.0
2022-12-12,1.07,1.0743,1.0352,1.0352,405984.0
2022-12-13,1.0394,1.058,1.026,1.058,440942.0
2022-12-14,1.068,1.0713,1.0485,1.0596,382549.0
2022-12-15,1.0594,1.079,1.0566,1.0651,278784.0
2022-12-16,1.0592,1.076,1.0537999999999998,1.06,298058.0
2022-12-19,1.0533,1.076,1.045,1.045,294376.0
2022-12-20,1.0415,1.044,1.0063,1.027,414837.0
2022-12-21,1.03,1.039,1.009,1.037,407905.0
2022-12-22,1.0435,1.0456,1.026,1.0377,363417.0
2022-12-23,1.0311,1.045,1.0162,1.0348,364086.0
2022-12-26,1.0303,1.032,0.9864,0.9864,379662.0
2022-12-27,0.99,1.011,0.9821,1.001,410156.0
2022-12-28,0.998,1.0179,0.9909,1.008,382256.0
2022-12-29,1.003,1.0145,0.993,0.993,348826.0
2022-12-30,0.9979,1.0103,0.9952,1.0045,274298.0
2023-01-03,0.9998,1.0455,0.9998,1.0455,318703.0
2023-01-04,1.0460999999999998,1.0542,1.0385,1.0427,341378.0
2023-01-05,1.045,1.061,1.0432,1.0537999999999998,262657.0
2023-01-06,1.0535,1.068,1.046,1.051,333870.0
2023-01-09,1.059,1.064,1.05,1.0536,266210.0
2023-01-10,1.0511,1.0628,1.0474,1.0566,290594.0
2023-01-11,1.0619,1.073,1.0606,1.0627,260926.0
2023-01-12,1.067,1.0691,1.0562,1.0652,239097.0
2023-01-13,1.071,1.0757,1.0622,1.0691,240686.0
2023-01-16,1.0707,1.0758,1.0642,1.0752000000000002,207203.0
2023-01-17,1.08,1.1074000000000002,1.0785,1.107,270106.0
2023-01-18,1.1036,1.1224,1.1036,1.1173,267205.0
2023-01-19,1.1144,1.124,1.1128,1.121,220815.0
2023-01-27,1.1389,1.1458,1.1223,1.127,178930.0
2023-01-30,1.125,1.129,1.1098,1.1098,209140.0
2023-01-31,1.1084,1.1269,1.0975,1.125,215071.0
2023-02-01,1.1299,1.1305999999999998,1.0845,1.0885,321317.0
2023-02-02,1.09,1.1013,1.0762,1.088,353621.0
2023-02-03,1.0935,1.0935,1.08,1.0819,236022.0
2023-02-06,1.078,1.0951,1.0685,1.0906,284739.0
2023-02-07,1.0911,1.0939,1.0620999999999998,1.0673,278669.0
2023-02-08,1.07,1.084,1.0655,1.072,289877.0
2023-02-09,1.0686,1.077,1.057,1.057,371900.0
2023-02-10,1.0569000000000002,1.059,1.0440999999999998,1.045,267210.0
2023-02-13,1.0429000000000002,1.046,1.0216,1.0386,289504.0
2023-02-14,1.041,1.041,1.0261,1.0309,276789.0
2023-02-15,1.031,1.051,1.0275999999999998,1.037,348400.0
2023-02-16,1.041,1.0537,1.0386,1.0523,240686.0
2023-02-17,1.051,1.0526,1.0405,1.049,294696.0
2023-02-20,1.05,1.091,1.0499,1.088,296182.0
2023-02-21,1.0896,1.0927,1.0760999999999998,1.0760999999999998,284158.0
2023-02-22,1.0648,1.0706,1.0438,1.0438,309129.0
2023-02-23,1.0458,1.048,1.025,1.048,356692.0
2023-02-24,1.045,1.0477,1.0121,1.02,329590.0
2023-02-27,1.0174,1.02,1.0031,1.011,317053.0
2023-02-28,1.0145,1.0228,1.0057,1.008,306067.0
2023-03-01,1.0036,1.035,0.9981,1.032,407520.0
2023-03-02,1.031,1.036,1.0201,1.024,336940.0
2023-03-03,1.028,1.0321,1.0052,1.0052,362071.0
2023-03-06,1.0136,1.036,1.01,1.01,374052.0
2023-03-07,1.02,1.041,1.0186,1.0279,448337.0
2023-03-08,1.017,1.038,1.0136,1.038,359046.0
2023-03-09,1.0427,1.0578,1.036,1.0507,346144.0
2023-03-10,1.0429000000000002,1.0497999999999998,1.0311,1.0497999999999998,336515.0
2023-03-13,1.0435,1.0547,1.043,1.048,319637.0
2023-03-14,1.0438,1.0472,1.0326,1.0379,273841.0
2023-03-15,1.0513,1.069,1.0513,1.063,313927.0
2023-03-16,1.058,1.0595,1.0411,1.043,292482.0
2023-03-17,1.0563,1.0578,1.0412,1.0451,298289.0
2023-03-20,1.04,1.0400999999999998,1.0171,1.0224,291579.0
2023-03-21,1.028,1.0315,1.013,1.0305,414086.0
2023-03-22,1.0380999999999998,1.0415,1.0306,1.0345,369992.0
2023-03-23,1.027,1.0399,1.027,1.0389000000000002,287132.0
2023-03-24,1.0419,1.054,1.0412,1.0431,318363.0
2023-03-27,1.0455,1.0525,1.0406,1.0473,312228.0
2023-03-28,1.0526,1.06,1.0500999999999998,1.0515,307755.0
2023-03-29,1.0497999999999998,1.056,1.0485,1.056,263448.0
2023-03-30,1.0609000000000002,1.0673,1.0608,1.0645,244450.0
2023-03-31,1.0645,1.0754,1.0645,1.066,306844.0
2023-04-03,1.082,1.085,1.077,1.083,219390.0
2023-04-04,1.085,1.0855,1.0783,1.0802,198225.0
2023-04-05,1.0818,1.0840999999999998,1.0774,1.0840999999999998,148406.0
2023-04-06,1.0838,1.0867,1.073,1.073,161467.0
2023-04-07,1.076,1.076,1.068,1.0751,187621.0
2023-04-10,1.0755,1.0795,1.0706,1.0728,163946.0
2023-04-11,1.07,1.0785,1.0652,1.076,222805.0
2023-04-12,1.0779,1.0779,1.071,1.075,187451.0
2023-04-13,1.0745,1.075,1.0697,1.07,139140.0
2023-04-14,1.072,1.0748,1.0631,1.0631,209116.0
2023-04-17,1.0635,1.0648,1.0578,1.0645,183715.0
2023-04-18,1.0654,1.0655,1.0600999999999998,1.063,159671.0
2023-04-19,1.063,1.0637,1.0533,1.055,125340.0
2023-04-20,1.055,1.0554,1.0486,1.0539,149234.0
2023-04-21,1.0478,1.0478,1.04,1.04,162134.0
2023-04-24,1.038,1.0474,1.0369000000000002,1.0409000000000002,205199.0
2023-04-25,1.042,1.0443,1.0305,1.0307,188006.0
2023-04-26,1.0289,1.0377,1.0255999999999998,1.0375,222852.0
2023-04-27,1.0364,1.0392,1.0324,1.035,189036.0
2023-04-28,1.039,1.044,1.0373,1.0425,166214.0
2023-05-04,1.0419,1.0425,1.031,1.035,160855.0
2023-05-05,1.0321,1.0359,1.0305,1.0335,167575.0
2023-05-08,1.0375,1.0425,1.0363,1.0418,139125.0
2023-05-09,1.0419,1.046,1.0411,1.0422,121169.0
2023-05-10,1.043,1.052,1.0423,1.0506,147882.0
2023-05-11,1.0516,1.055,1.05,1.0516,137394.0
2023-05-12,1.0502,1.0649000000000002,1.0483,1.0649000000000002,177605.0
2023-05-15,1.068,1.0718,1.065,1.0665,141528.0
2023-05-16,1.0683,1.0694,1.0643,1.067,135694.0
2023-05-17,1.0658,1.0747,1.065,1.065,171758.0
2023-05-18,1.067,1.0763,1.0665,1.0742,145136.0
2023-05-19,1.0649000000000002,1.0649000000000002,1.0525,1.0625,230092.0
2023-05-22,1.0629000000000002,1.068,1.0606,1.0653,154764.0
2023-05-23,1.0674,1.0708,1.0557,1.0595,177914.0
2023-05-24,1.0616,1.064,1.0545,1.0560999999999998,183818.0
2023-05-25,1.054,1.0594,1.0526,1.057,164523.0
2023-05-26,1.0578,1.0589000000000002,1.0543,1.0565,121117.0
2023-05-29,1.0599,1.0685,1.0593,1.068,129671.0
2023-05-30,1.0695,1.0707,1.064,1.0682,139764.0
2023-05-31,1.0678,1.0685,1.059,1.0626,132710.0
2023-06-01,1.062,1.065,1.0567,1.065,151091.0
2023-06-02,1.0695,1.0848,1.0684,1.0788,212092.0
2023-06-05,1.0828,1.092,1.0825,1.0872,150708.0
2023-06-06,1.0851,1.0966,1.0840999999999998,1.0961,154939.0
2023-06-07,1.099,1.1004,1.0932,1.098,157620.0
2023-06-08,1.0991,1.1004,1.089,1.089,146445.0
2023-06-09,1.09,1.0953,1.086,1.0953,145563.0
2023-06-12,1.0983,1.15,1.0912,1.1083,157940.0
2023-06-13,1.109,1.1165,1.1065999999999998,1.1155,172876.0
2023-06-14,1.1157,1.1237,1.1121,1.1121,184858.0
2023-06-15,1.1095,1.118,1.1082,1.1093,149860.0
2023-06-16,1.1042,1.1228,1.1,1.1025999999999998,245434.0
2023-06-19,1.1001,1.104,1.0942,1.0965,187012.0
2023-06-20,1.096,1.1,1.0900999999999998,1.1,161836.0
2023-06-21,1.1018,1.1155,1.0956,1.1155,194488.0
2023-06-22,1.115,1.121,1.1102,1.114,180672.0
2023-06-23,1.1142,1.1235,1.1125,1.1191,214094.0
2023-06-26,1.118,1.1244,1.1117,1.123,219408.0
2023-06-27,1.1255,1.1259,1.1208,1.1252,133742.0
2023-06-28,1.127,1.136,1.1265,1.1324,141293.0
2023-06-29,1.1322,1.1325,1.115,1.115,190316.0
2023-06-30,1.1156,1.1199,1.1144,1.1173,152591.0
2023-07-03,1.1207,1.1222,1.1158,1.1175,130472.0
2023-07-04,1.116,1.1269,1.1135,1.123,159070.0
2023-07-05,1.123,1.13,1.1227,1.124,134799.0
2023-07-06,1.1225,1.1243,1.1112,1.116,163443.0
2023-07-07,1.114,1.125,1.1137,1.125,152034.0
2023-07-10,1.126,1.1365,1.126,1.1365,157129.0
2023-07-11,1.139,1.1445,1.1365,1.138,147276.0
2023-07-12,1.1393,1.1434000000000002,1.1352,1.1418,165457.0
2023-07-13,1.146,1.155,1.1456,1.155,163911.0
2023-07-14,1.1585,1.1621,1.1444,1.1621,180895.0
2023-07-17,1.1604,1.1668,1.1592,1.1618,136277.0
2023-07-18,1.162,1.165,1.1579000000000002,1.165,143209.0
2023-07-19,1.168,1.1703,1.1641,1.1641,123483.0
2023-07-20,1.1639000000000002,1.1657,1.159,1.1650999999999998,123619.0
2023-07-21,1.1649,1.1849,1.1623,1.1849,136587.0
2023-07-24,1.185,1.1939000000000002,1.182,1.1914,136184.0
2023-07-25,1.1932,1.1984,1.1903,1.194,158840.0
2023-07-26,1.194,1.199,1.1923,1.197,117954.0
2023-07-27,1.198,1.1996,1.1901,1.1938,161279.0
2023-07-28,1.1918,1.21,1.1912,1.21,190079.0
2023-07-31,1.214,1.2342,1.2137,1.2342,136135.0
2023-08-01,1.2352,1.2419,1.22,1.22,169285.0
2023-08-02,1.221,1.229,1.218,1.218,154997.0
2023-08-03,1.2168,1.2238,1.205,1.2084,191841.0
2023-08-04,1.2118,1.235,1.2116,1.2346,195548.0
2023-08-07,1.2379,1.2502,1.2353,1.2502,190560.0
2023-08-08,1.2545,1.2549,1.2412999999999998,1.248,200419.0
2023-08-09,1.248,1.2489,1.234,1.24,203999.0
2023-08-10,1.238,1.2423,1.2244000000000002,1.226,234176.0
2023-08-11,1.23,1.2423,1.2223,1.2395,248162.0
2023-08-14,1.2424000000000002,1.246,1.2353,1.2391,208826.0
2023-08-15,1.2418,1.2419,1.2355,1.241,148544.0
2023-08-16,1.2455,1.26,1.2432999999999998,1.2553,187178.0
2023-08-17,1.2525,1.262,1.2523,1.2535,152666.0
2023-08-18,1.2381,1.2406,1.173,1.188,284171.0
2023-08-21,1.1850999999999998,1.203,1.182,1.1909,297585.0
2023-08-22,1.194,1.1998,1.1609,1.196,404474.0
2023-08-23,1.202,1.2046,1.173,1.1806,358052.0
2023-08-24,1.1836,1.2053,1.1802,1.198,284347.0
2023-08-25,1.1950999999999998,1.1995,1.188,1.1945,264401.0
2023-08-28,1.2016,1.2144,1.1981,1.211,194028.0
2023-08-29,1.2136,1.2164,1.2050999999999998,1.2118,192052.0
2023-08-30,1.2144,1.2255,1.212,1.2242,215449.0
2023-08-31,1.224,1.2355,1.2231,1.233,182301.0
2023-09-05,1.2377,1.2463,1.2365,1.2425,139488.0
2023-09-06,1.2408,1.263,1.2372,1.263,198718.0
2023-09-07,1.2621,1.2657,1.2481,1.2552,216993.0
2023-09-08,1.2551,1.2592,1.248,1.2499,189993.0
2023-09-11,1.259,1.2618,1.201,1.233,230817.0
2023-09-12,1.2302,1.257,1.2283,1.257,226387.0
2023-09-13,1.257,1.261,1.2352,1.245,272841.0
2023-09-14,1.2463,1.2519,1.2261,1.235,286980.0
2023-09-15,1.2383,1.2449,1.2335999999999998,1.2405,260300.0
2023-09-18,1.236,1.2363,1.2125,1.222,257215.0
2023-09-19,1.2251,1.2294,1.2135,1.222,246151.0
2023-09-20,1.2229,1.2377,1.2216,1.2315999999999998,196356.0
2023-09-21,1.23,1.2324000000000002,1.2170999999999998,1.2206,150699.0
2023-09-22,1.2001,1.202,1.1762,1.1926,325672.0
2023-09-25,1.1861,1.1957,1.162,1.1625,236394.0
2023-09-26,1.161,1.176,1.1516,1.1516,382289.0
2023-09-27,1.1521,1.1649,1.146,1.1637,314931.0
2023-09-28,1.1655,1.167,1.138,1.1625,370686.0
2023-09-29,1.1657,1.1732,1.1606,1.1606,254431.0
2023-10-02,1.1625,1.172,1.1577,1.1668,206705.0
2023-10-03,1.1588,1.1588,1.1276,1.1313,343988.0
2023-10-04,1.1218,1.1435,1.1161,1.1325,303952.0
2023-10-05,1.133,1.1364,1.12,1.12,250256.0
2023-10-06,1.1225,1.1427,1.12,1.1384,240680.0
2023-10-09,1.1364,1.148,1.1325,1.145,223403.0
2023-10-10,1.156,1.1619000000000002,1.1533,1.157,193719.0
2023-10-11,1.157,1.166,1.1531,1.166,173702.0
2023-10-12,1.1686,1.1689,1.1581,1.1615,162139.0
2023-10-13,1.155,1.164,1.1461,1.1610999999999998,207612.0
2023-10-16,1.158,1.1598,1.143,1.1465,191927.0
2023-10-17,1.1514000000000002,1.159,1.1349,1.1349,220520.0
2023-10-18,1.139,1.143,1.113,1.125,264662.0
2023-10-19,1.124,1.1253,1.111,1.112,217804.0
2023-10-20,1.101,1.123,1.0969,1.117,265883.0
2023-10-23,1.1169,1.1173,1.0937,1.1049,294508.0
2023-10-24,1.109,1.1215,1.102,1.112,278023.0
2023-10-25,1.1162999999999998,1.1229,1.1092,1.1092,242088.0
2023-10-26,1.1022,1.103,1.052,1.06,427749.0
2023-10-27,1.0651,1.0698,1.05,1.0685,369861.0
2023-10-30,1.0598,1.0666,1.0399,1.0399,285307.0
2023-10-31,1.0439,1.0535,1.0355,1.0397,354611.0
2023-11-01,1.0468,1.053,1.039,1.0475,316798.0
2023-11-02,1.0575,1.087,1.0548,1.087,304657.0
2023-11-03,1.0920999999999998,1.095,1.0846,1.087,283785.0
2023-11-06,1.0959,1.106,1.0954000000000002,1.106,245723.0
2023-11-07,1.1016,1.1028,1.094,1.0954000000000002,225271.0
2023-11-08,1.0945,1.1369,1.0863,1.134,339848.0
2023-11-09,1.1351,1.139,1.1234000000000002,1.125,311476.0
2023-11-10,1.115,1.1243,1.106,1.1085,322149.0
2023-11-13,1.1091,1.1162999999999998,1.0996,1.107,283821.0
2023-11-14,1.1159,1.1235,1.1101,1.12,273964.0
2023-11-15,1.141,1.1518,1.133,1.134,278283.0
2023-11-16,1.1284,1.133,1.1222,1.1251,191870.0
2023-11-17,1.142,1.142,1.095,1.105,359199.0
2023-11-20,1.0819,1.117,1.0803,1.102,351409.0
2023-11-21,1.108,1.1125,1.101,1.111,289714.0
2023-11-22,1.1118,1.1149,1.0962,1.112,281618.0
2023-11-23,1.1182999999999998,1.1185,1.08,1.08,302446.0
2023-11-24,1.083,1.0865,1.066,1.0849000000000002,333397.0
2023-11-27,1.084,1.085,1.076,1.076,212341.0
2023-11-28,1.0774,1.0926,1.0683,1.087,287009.0
2023-11-29,1.087,1.099,1.087,1.0920999999999998,209420.0
2023-11-30,1.0900999999999998,1.0983,1.0755,1.076,270477.0
2023-12-01,1.081,1.0949,1.0774,1.0900999999999998,252210.0
2023-12-04,1.097,1.1168,1.0942,1.107,255111.0
2023-12-05,1.1056,1.1085,1.0961,1.099,217358.0
2023-12-06,1.1032,1.1118,1.1012,1.1111,185649.0
2023-12-07,1.1095,1.118,1.0974000000000002,1.112,367351.0
2023-12-08,1.112,1.119,1.109,1.112,234846.0
2023-12-11,1.1156,1.12,1.1122999999999998,1.117,159663.0
2023-12-12,1.1215,1.1227,1.1132,1.1188,178567.0
2023-12-13,1.123,1.1234000000000002,1.1063,1.107,206967.0
2023-12-14,1.1128,1.1135,1.1032,1.1039,207145.0
2023-12-15,1.1054000000000002,1.1087,1.0967,1.0993,223612.0
2023-12-18,1.0978,1.0995,1.082,1.082,225820.0
2023-12-19,1.082,1.0913,1.0780999999999998,1.0913,227937.0
2023-12-20,1.092,1.0975,1.0902,1.0961,151091.0
2023-12-21,1.0935,1.096,1.089,1.0947,131873.0
2023-12-22,1.1,1.1,1.0933,1.0977,170928.0
2023-12-25,1.0963,1.1197,1.0963,1.115,180213.0
2023-12-26,1.1154000000000002,1.1215,1.1133,1.1215,132812.0
2023-12-27,1.1218,1.1264,1.1169,1.1169,136184.0
2023-12-28,1.1182999999999998,1.136,1.117,1.1329,157785.0
2023-12-29,1.1332,1.1396,1.1305,1.1345999999999998,162096.0
2024-01-02,1.1385,1.1418,1.131,1.1335,167307.0
2024-01-03,1.1305,1.1483,1.1264,1.1483,173569.0
2024-01-04,1.146,1.1716,1.1455,1.1565,260804.0
2024-01-05,1.1561,1.166,1.1542,1.166,199452.0
2024-01-08,1.1664,1.1734,1.1605,1.162,182329.0
2024-01-09,1.166,1.166,1.1586,1.163,149850.0
2024-01-10,1.1628,1.1708,1.1593,1.1630999999999998,202057.0
2024-01-11,1.165,1.1767,1.1628,1.1681,208571.0
2024-01-12,1.1659000000000002,1.1698,1.151,1.1659000000000002,292209.0
2024-01-15,1.1689,1.1754,1.1627,1.1627,168219.0
2024-01-16,1.158,1.172,1.1575,1.172,175939.0
2024-01-17,1.1710999999999998,1.18,1.1643,1.166,228003.0
2024-01-18,1.1681,1.1778,1.1658,1.1728,171101.0
2024-01-19,1.181,1.19,1.1803,1.19,188161.0
2024-01-22,1.1948,1.1964,1.186,1.194,169558.0
2024-01-23,1.1927,1.1946,1.1805,1.184,179695.0
2024-01-24,1.1834,1.1905,1.1787999999999998,1.1807,201972.0
2024-01-25,1.181,1.184,1.175,1.1805,182856.0
2024-01-26,1.1829,1.189,1.181,1.187,155805.0
2024-01-29,1.1886,1.1895,1.1816,1.1836,114408.0
2024-01-30,1.184,1.1873,1.1827,1.186,81386.0
2024-01-31,1.1862,1.1885,1.1656,1.171,177010.0
2024-02-01,1.1689,1.1805,1.1686,1.1772,160396.0
2024-02-02,1.1799000000000002,1.1824,1.1747999999999998,1.1810999999999998,132910.0
2024-02-05,1.1826,1.2139000000000002,1.1813,1.2025,170249.0
2024-02-06,1.2014,1.206,1.2005,1.2039000000000002,111601.0
2024-02-07,1.2067,1.2198,1.2052,1.219,136049.0
2024-02-15,1.2249,1.2279,1.2178,1.2178,103152.0
2024-02-16,1.2255999999999998,1.2323,1.2226,1.232,130613.0
2024-02-19,1.2315999999999998,1.2439,1.2305,1.2405,146806.0
2024-02-20,1.2414,1.2439,1.2374,1.2402,133487.0
2024-02-21,1.2352,1.2483,1.2351,1.24,195135.0
2024-02-22,1.2401,1.2426,1.2355,1.238,133024.0
2024-02-23,1.2405,1.254,1.225,1.2251,271852.0
2024-02-26,1.2288,1.2315,1.2221,1.2303,143409.0
2024-02-27,1.231,1.2425,1.2303,1.241,179208.0
2024-02-28,1.2429,1.2662,1.2414,1.2662,224084.0
2024-02-29,1.2662,1.2715,1.255,1.2628,218472.0
2024-03-01,1.265,1.269,1.2591,1.2668,182964.0
2024-03-04,1.2702,1.272,1.2633,1.2684000000000002,155236.0
2024-03-05,1.267,1.279,1.2641,1.2785,173437.0
2024-03-06,1.2769,1.282,1.2551,1.2668,248155.0
2024-03-07,1.2678,1.2784,1.2642,1.2734,226526.0
2024-03-08,1.2745,1.276,1.2487,1.2538,341569.0
2024-03-11,1.2503,1.2546,1.2308,1.231,220566.0
2024-03-12,1.2329,1.243,1.232,1.2398,228488.0
2024-03-13,1.241,1.2739,1.2402,1.2713,245044.0
2024-03-14,1.2715999999999998,1.273,1.2525,1.2608,253064.0
2024-03-15,1.2571,1.268,1.2412999999999998,1.26,297841.0
2024-03-18,1.2579,1.2598,1.2184,1.2309,349568.0
2024-03-19,1.2328,1.2358,1.2242,1.23,255708.0
2024-03-20,1.233,1.262,1.228,1.2555,289691.0
2024-03-21,1.2602,1.276,1.2602,1.2757,179921.0
2024-03-22,1.287,1.2947,1.2757,1.2845,270641.0
2024-03-25,1.281,1.288,1.2672,1.2689,225890.0
2024-03-26,1.268,1.2909000000000002,1.2655,1.285,210720.0
2024-03-27,1.286,1.2894,1.2795999999999998,1.288,194509.0
2024-03-28,1.294,1.3069000000000002,1.2937,1.3069000000000002,196707.0
2024-03-29,1.3067,1.3076,1.2953,1.2980999999999998,188233.0
2024-04-01,1.2922,1.2995,1.283,1.2904,223772.0
2024-04-02,1.285,1.292,1.2741,1.29,270424.0
2024-04-03,1.2848,1.2882,1.2691,1.2719,241517.0
2024-04-04,1.2755999999999998,1.2803,1.265,1.265,260485.0
2024-04-05,1.254,1.265,1.2512,1.2521,229109.0
2024-04-08,1.2561,1.2595999999999998,1.2472,1.2542,214820.0
2024-04-09,1.258,1.2643,1.2542,1.2642,167195.0
2024-04-10,1.265,1.2729,1.2589,1.2601,200459.0
2024-04-11,1.2508,1.2651,1.2508,1.263,193451.0
2024-04-12,1.2655,1.286,1.2601,1.286,255196.0
2024-04-15,1.2815,1.2869000000000002,1.232,1.2363,310619.0
2024-04-16,1.2349,1.2379,1.2124,1.23,385513.0
2024-04-17,1.2338,1.2339,1.2065,1.2146,244121.0
2024-04-19,1.2001,1.2117,1.1917,1.1917,343787.0
2024-04-22,1.2,1.2155,1.2,1.2053,276424.0
2024-04-23,1.21,1.2125,1.187,1.2006,304445.0
2024-04-24,1.208,1.2345,1.2070999999999998,1.2305,297553.0
2024-04-25,1.2262,1.2307,1.2211,1.227,244018.0
2024-04-26,1.2215,1.241,1.2205,1.2324000000000002,326266.0
2024-05-02,1.2302,1.2425,1.2268,1.2424000000000002,210606.0
2024-05-03,1.25,1.2549,1.2465,1.2495999999999998,194260.0
2024-05-06,1.2564000000000002,1.2758,1.2562,1.27,210181.0
2024-05-07,1.273,1.2777,1.2662,1.276,205385.0
2024-05-08,1.273,1.279,1.261,1.279,262214.0
2024-05-09,1.277,1.2819,1.267,1.269,235911.0
2024-05-10,1.2742,1.2804,1.2586,1.2704000000000002,292561.0
2024-05-13,1.272,1.275,1.2618,1.266,198589.0
2024-05-14,1.2698,1.2794,1.2691,1.2744000000000002,218730.0
2024-05-15,1.2773,1.2937,1.2773,1.2860999999999998,202500.0
2024-05-16,1.2958,1.3111,1.294,1.3098,180049.0
2024-05-17,1.3068,1.3084,1.3017,1.3079,176193.0
2024-05-20,1.315,1.3198,1.3100999999999998,1.3100999999999998,156958.0
2024-05-21,1.3077,1.3120999999999998,1.297,1.3120999999999998,176305.0
2024-05-22,1.3103,1.3123,1.2874,1.2922,233324.0
2024-05-23,1.2888,1.3,1.283,1.3,240988.0
2024-05-24,1.2934,1.304,1.2712,1.2777,332506.0
2024-05-27,1.2798,1.2819,1.2724000000000002,1.2762,199465.0
2024-05-28,1.2797,1.2925,1.2791,1.2925,209266.0
2024-05-29,1.292,1.2924,1.2758,1.2775,248515.0
2024-05-30,1.2699,1.2714,1.2561,1.27,251791.0
2024-05-31,1.2705,1.2752,1.2665,1.27,202776.0
2024-06-03,1.2827,1.2986,1.2806,1.2915,196207.0
2024-06-04,1.2929000000000002,1.3026,1.2911,1.295,204490.0
2024-06-05,1.3014,1.3096,1.295,1.295,202210.0
2024-06-06,1.2955,1.3068,1.2920999999999998,1.2987,244921.0
2024-06-07,1.306,1.31,1.2977,1.308,228346.0
2024-06-10,1.313,1.3142,1.305,1.3109000000000002,170460.0
2024-06-11,1.315,1.3154,1.3003,1.305,218672.0
2024-06-12,1.3022,1.332,1.3013,1.3307,233683.0
2024-06-13,1.331,1.339,1.3247,1.335,205010.0
2024-06-14,1.3335,1.3359,1.317,1.317,204010.0
2024-06-17,1.3155,1.316,1.305,1.308,218205.0
2024-06-18,1.3122,1.3225,1.3085,1.3085,221266.0
2024-06-19,1.3099,1.3258,1.2987,1.317,278065.0
2024-06-20,1.3176,1.3279,1.3163,1.3237,217494.0
2024-06-21,1.3226,1.3236,1.3112,1.3209000000000002,250436.0
2024-06-24,1.314,1.3174,1.2855,1.2907,295693.0
2024-06-25,1.294,1.294,1.28,1.2877,248091.0
2024-06-26,1.288,1.2918,1.275,1.29,247917.0
2024-06-27,1.285,1.292,1.2806,1.289,210340.0
2024-06-28,1.2916,1.2928,1.2711,1.2743,233786.0
2024-07-01,1.2772,1.2858,1.2717,1.285,180350.0
2024-07-02,1.2847,1.299,1.2835,1.2952,227913.0
2024-07-03,1.2971,1.31,1.2945,1.307,178940.0
2024-07-04,1.307,1.3135,1.3033,1.3086,170552.0
2024-07-05,1.3085,1.3169000000000002,1.307,1.3163,194337.0
2024-07-08,1.317,1.3179,1.3056,1.314,182373.0
2024-07-09,1.3160999999999998,1.322,1.3045,1.3205,246307.0
2024-07-10,1.3189000000000002,1.322,1.3094,1.31,208591.0
2024-07-11,1.316,1.3179,1.3055,1.3057,188486.0
2024-07-12,1.3049000000000002,1.31,1.298,1.3,207770.0
2024-07-15,1.302,1.3056,1.2925,1.299,142879.0
2024-07-16,1.3015,1.3088,1.2985,1.3027,179097.0
2024-07-17,1.309,1.322,1.2944,1.3032,271812.0
2024-07-18,1.3032,1.305,1.2872,1.2975,208453.0
2024-07-19,1.3045,1.312,1.2951,1.2971,225170.0
2024-07-22,1.2913,1.3046,1.291,1.3,271467.0
2024-07-23,1.3014,1.3037999999999998,1.28,1.2842,213270.0
2024-07-24,1.2833,1.2876,1.2733,1.2835,251117.0
2024-07-25,1.2752,1.2792,1.2706,1.2766,207819.0
2024-07-26,1.2786,1.285,1.2768,1.285,164429.0
2024-07-29,1.2899,1.2948,1.2878,1.2878,137191.0
2024-07-30,1.2860999999999998,1.2924,1.2842,1.2924,174782.0
2024-07-31,1.292,1.3043,1.291,1.3043,204705.0
2024-08-01,1.306,1.3062,1.2705,1.275,254539.0
2024-08-02,1.2653,1.2778,1.2563,1.2759,271372.0
2024-08-05,1.257,1.263,1.2266,1.233,366001.0
2024-08-06,1.2448,1.2563,1.2371,1.2495999999999998,276324.0
2024-08-07,1.2522,1.2555999999999998,1.2455,1.25,240957.0
2024-08-08,1.2483,1.2514,1.2372999999999998,1.2401,259864.0
2024-08-09,1.249,1.2666,1.2473,1.2649,245888.0
2024-08-12,1.2625,1.2705,1.2587000000000002,1.27,226622.0
2024-08-13,1.269,1.2703,1.2622,1.267,197966.0
2024-08-14,1.2709,1.274,1.268,1.268,178968.0
2024-08-15,1.268,1.2697,1.263,1.2677,113347.0
2024-08-16,1.2715999999999998,1.29,1.2681,1.288,226539.0
2024-08-19,1.289,1.3007,1.2882,1.298,193822.0
2024-08-20,1.3016,1.3088,1.2983,1.302,199742.0
2024-08-21,1.3008,1.3146,1.2971,1.3124,222658.0
2024-08-22,1.3127,1.3167,1.3102,1.3142,187742.0
2024-08-23,1.3116,1.3188,1.3100999999999998,1.3153,182558.0
2024-08-26,1.3208,1.3231,1.3162,1.317,152481.0
2024-08-27,1.3169000000000002,1.3238,1.3152,1.3218,156114.0
2024-08-28,1.3206,1.3248,1.317,1.3220999999999998,166949.0
2024-08-29,1.3211,1.3302,1.3203,1.3268,165014.0
2024-08-30,1.3289000000000002,1.335,1.328,1.3327,123414.0
2024-09-04,1.3208,1.3216,1.3073,1.314,174577.0
2024-09-05,1.3160999999999998,1.3186,1.3042,1.3077,168484.0
2024-09-06,1.3076,1.3113,1.3056,1.309,150932.0
2024-09-09,1.2991,1.309,1.2985,1.3077,154640.0
2024-09-10,1.3105,1.3136,1.289,1.2940999999999998,201089.0
2024-09-11,1.2945,1.2975,1.2865,1.293,203153.0
2024-09-12,1.3,1.3034,1.2975,1.2975,161493.0
2024-09-13,1.3,1.3002,1.2912,1.2940999999999998,193826.0
2024-09-16,1.297,1.2974,1.282,1.282,168579.0
2024-09-17,1.283,1.3057999999999998,1.2822,1.3057999999999998,184839.0
2024-09-18,1.305,1.3185,1.3032,1.3119,217794.0
2024-09-19,1.314,1.3202,1.3126,1.3169000000000002,120978.0
2024-09-20,1.3298,1.3383,1.3275,1.33,176360.0
2024-09-23,1.331,1.3326,1.3245,1.3255,129997.0
2024-09-24,1.326,1.3354,1.322,1.335,165206.0
2024-09-25,1.3356,1.35,1.3356,1.344,182000.0
2024-09-26,1.346,1.3667,1.3452,1.3564,224845.0
2024-09-27,1.3577,1.3638,1.3508,1.3555,223803.0
2024-09-30,1.3525999999999998,1.357,1.3497,1.357,142672.0
2024-10-01,1.3613,1.3747,1.36,1.36,196465.0
2024-10-02,1.3533,1.3614000000000002,1.3516,1.3571,183317.0
2024-10-03,1.36,1.3769,1.349,1.349,299348.0
2024-10-04,1.3519,1.3527,1.343,1.343,205863.0
2024-10-07,1.3475,1.3494000000000002,1.3316,1.34,203511.0
2024-10-08,1.3400999999999998,1.35,1.3366,1.3417,224012.0
2024-10-09,1.3441,1.3585,1.3424,1.3583,212669.0
2024-10-10,1.3634000000000002,1.3734000000000002,1.3622999999999998,1.3662,209063.0
2024-10-11,1.3662,1.368,1.3585,1.3665999999999998,171571.0
2024-10-14,1.376,1.3768,1.3585,1.359,210937.0
2024-10-15,1.36,1.3696,1.3545,1.358,232945.0
2024-10-16,1.3559,1.3596,1.3505,1.3545999999999998,172569.0
2024-10-17,1.358,1.3619,1.3471,1.3583,162811.0
2024-10-18,1.375,1.378,1.3638,1.3659,257597.0
2024-10-21,1.364,1.3699,1.3625,1.3639,165731.0
2024-10-22,1.36,1.3634000000000002,1.35,1.3522,195827.0
2024-10-23,1.353,1.3556,1.345,1.354,210171.0
2024-10-24,1.3528,1.3541,1.3360999999999998,1.338,233341.0
2024-10-25,1.3385,1.3398,1.327,1.3272,226084.0
2024-10-28,1.33,1.3324,1.3272,1.332,130507.0
2024-10-29,1.334,1.3412,1.334,1.3394,164121.0
2024-10-30,1.3418,1.3427,1.3312,1.342,186935.0
2024-10-31,1.339,1.3479,1.3337,1.3435,202412.0
2024-11-01,1.3402,1.3405,1.3252000000000002,1.3304,215897.0
2024-11-04,1.3328,1.3329000000000002,1.317,1.3185,213933.0
2024-11-05,1.3196,1.3242,1.3172,1.319,142162.0
2024-11-06,1.325,1.341,1.324,1.341,214890.0
2024-11-07,1.342,1.3436,1.3338,1.3347,190000.0
2024-11-08,1.3375,1.3405,1.318,1.324,220730.0
2024-11-11,1.324,1.3244,1.3057999999999998,1.3200999999999998,233948.0
2024-11-12,1.3211,1.3235,1.3024,1.31,246958.0
2024-11-13,1.304,1.3135,1.2982,1.3073,265510.0
2024-11-14,1.3053,1.31,1.2929000000000002,1.2929000000000002,251563.0
2024-11-15,1.2928,1.2928,1.2755999999999998,1.2755999999999998,253504.0
2024-11-18,1.2715,1.2807,1.2618,1.2732,245512.0
2024-11-19,1.2729,1.2749,1.2622,1.2623,265393.0
2024-11-20,1.26,1.2804,1.2534,1.27,322061.0
2024-11-21,1.2678,1.2838,1.2644000000000002,1.2813,215891.0
2024-11-22,1.2947,1.3017999999999998,1.2912,1.298,236753.0
2024-11-25,1.2988,1.301,1.2943,1.2984,178667.0
2024-11-26,1.2960999999999998,1.312,1.296,1.307,196395.0
2024-11-27,1.3076,1.3093,1.3042,1.3078,143160.0
2024-11-28,1.3100999999999998,1.319,1.3049000000000002,1.3055,199664.0
2024-11-29,1.305,1.3187,1.3043,1.318,207782.0
2024-12-02,1.3229000000000002,1.3238,1.3091,1.3135,149799.0
2024-12-03,1.3159,1.3184,1.3053,1.314,223575.0
2024-12-04,1.3123,1.3129000000000002,1.3026,1.303,208588.0
2024-12-05,1.3037999999999998,1.3458,1.3022,1.345,297674.0
2024-12-06,1.3426,1.3489,1.3406,1.342,184613.0
2024-12-09,1.342,1.3519,1.3359,1.3399,168276.0
2024-12-10,1.3399,1.3456,1.3365,1.343,179171.0
2024-12-11,1.3406,1.3477,1.333,1.3386,186349.0
2024-12-12,1.3409,1.3516,1.3364,1.3395,216591.0
2024-12-13,1.336,1.3393,1.3300999999999998,1.335,193475.0
2024-12-16,1.333,1.3384,1.3272,1.335,167520.0
2024-12-17,1.3366,1.3366,1.3262,1.331,175869.0
2024-12-18,1.329,1.335,1.3287,1.331,142102.0
2024-12-19,1.315,1.322,1.3115,1.3123,171914.0
2024-12-20,1.3162,1.3212000000000002,1.3145,1.3212000000000002,136674.0
2024-12-23,1.3255,1.3314,1.3255,1.328,112685.0
2024-12-24,1.3255,1.3285,1.3215,1.328,130166.0
2024-12-25,1.3336,1.3559,1.332,1.3501,215245.0
2024-12-26,1.3512,1.3512,1.3472,1.3507,114675.0
2024-12-27,1.3529,1.3576,1.3485,1.3485,122641.0
2024-12-30,1.3468,1.3474000000000002,1.3412,1.3452,94948.0
2024-12-31,1.3449,1.3521,1.3442,1.3455,135212.0
2025-01-02,1.3478,1.3515,1.3363,1.3469,153177.0
2025-01-03,1.3458,1.3458,1.324,1.324,172932.0
2025-01-06,1.324,1.331,1.3189000000000002,1.3189000000000002,148400.0
2025-01-07,1.319,1.328,1.315,1.3184,174014.0
2025-01-08,1.3184,1.3229000000000002,1.3111,1.3225,186377.0
2025-01-09,1.323,1.3249000000000002,1.31,1.3145,186134.0
2025-01-10,1.317,1.3174,1.2912,1.2956,202986.0
2025-01-13,1.2865,1.2995,1.286,1.2995,181090.0
2025-01-14,1.3015,1.3015,1.2853,1.2912,191279.0
2025-01-15,1.2939,1.3024,1.2911,1.2966,201483.0
2025-01-16,1.3045,1.3098,1.295,1.2951,162714.0
2025-01-17,1.309,1.3208,1.3075,1.3208,183914.0
2025-01-20,1.319,1.3269000000000002,1.319,1.3245,139833.0
2025-01-21,1.3248,1.3333,1.3165,1.3228,181676.0
2025-01-22,1.3280999999999998,1.3288,1.3188,1.3205,186092.0
2025-01-23,1.3202,1.348,1.3202,1.339,234042.0
2025-01-24,1.3400999999999998,1.3465,1.3375,1.3439,156520.0
2025-02-03,1.331,1.3323,1.3135,1.318,177185.0
2025-02-04,1.3254,1.3311,1.3205,1.3285,172016.0
2025-02-05,1.3315,1.338,1.3294,1.3335,160904.0
2025-02-06,1.3355,1.3449,1.3353,1.3399,158566.0
2025-02-07,1.3386,1.3475,1.3349000000000002,1.3433,170155.0
2025-02-10,1.3333,1.3377,1.3251,1.3305,185266.0
2025-02-11,1.333,1.3342,1.3276,1.3340999999999998,143632.0
2025-02-12,1.3375,1.342,1.3295,1.3295,139180.0
2025-02-13,1.3319,1.3385,1.3262,1.3375,181417.0
2025-02-14,1.3455,1.3505999999999998,1.3400999999999998,1.3418,163646.0
2025-02-17,1.342,1.3420999999999998,1.3353,1.3353,120605.0
2025-02-18,1.3352,1.3484,1.3313,1.3389000000000002,202864.0
2025-02-19,1.3373,1.3473,1.3354,1.3445,177765.0
2025-02-20,1.345,1.3529,1.3445,1.35,126860.0
2025-02-21,1.345,1.3564,1.3443,1.3538,166983.0
2025-02-24,1.3501,1.3668,1.3501,1.3662999999999998,170128.0
2025-02-25,1.367,1.367,1.3576,1.3598,157253.0
2025-02-26,1.3625,1.3639,1.3591,1.3619,121657.0
2025-02-27,1.3635,1.364,1.3507,1.364,170339.0
2025-02-28,1.358,1.3614000000000002,1.3466,1.357,203877.0
2025-03-03,1.363,1.3658,1.3561,1.361,158067.0
2025-03-04,1.3554000000000002,1.37,1.3514000000000002,1.367,200190.0
2025-03-05,1.365,1.3748,1.3645,1.3652,168137.0
2025-03-06,1.367,1.377,1.367,1.3754000000000002,190645.0
2025-03-07,1.3748,1.387,1.3732,1.3852,178116.0
2025-03-10,1.3868,1.3949,1.3856,1.3894000000000002,149946.0
2025-03-11,1.379,1.392,1.3755,1.392,189794.0
2025-03-12,1.3949,1.3956,1.3871,1.3885,173729.0
2025-03-13,1.39,1.3938,1.3841,1.3855,201319.0
2025-03-14,1.3836,1.3938,1.3822,1.385,193169.0
2025-03-17,1.3871,1.3918,1.386,1.3903,129550.0
2025-03-18,1.3945999999999998,1.3953,1.3856,1.3875,136687.0
2025-03-19,1.3859,1.3859,1.3765999999999998,1.377,170296.0
2025-03-20,1.3781,1.383,1.3715,1.3765,168737.0
2025-03-21,1.375,1.3764,1.37,1.3739,140468.0
2025-03-24,1.376,1.39,1.3674000000000002,1.39,205980.0
2025-03-25,1.3912,1.3924,1.384,1.3867,163716.0
2025-03-26,1.388,1.3935,1.3756,1.3769,209392.0
2025-03-27,1.375,1.3804,1.3735,1.3748,170429.0
2025-03-28,1.3744,1.376,1.3651,1.3651,169888.0
2025-03-31,1.3573,1.3603,1.3547,1.36,133610.0
2025-04-01,1.3622,1.3678,1.3591,1.366,130446.0
2025-04-02,1.3672,1.375,1.3672,1.3716,139222.0
2025-04-03,1.347,1.3479,1.2755999999999998,1.2755999999999998,317691.0
2025-04-04,1.2525,1.2725,1.2033,1.2671,430454.0
2025-04-08,1.245,1.2475999999999998,1.1785,1.1785,378696.0
2025-04-09,1.1151,1.218,1.115,1.178,580281.0
2025-04-10,1.2604000000000002,1.2604000000000002,1.2522,1.2604000000000002,48891.0
2025-04-11,1.28,1.308,1.2631,1.307,334703.0
2025-04-14,1.3138,1.3204,1.3053,1.317,215798.0
2025-04-15,1.3102,1.3167,1.2996,1.3077,275452.0
2025-04-16,1.302,1.3135,1.2856,1.29,245654.0
2025-04-17,1.2872,1.296,1.2841,1.296,210259.0
2025-04-18,1.3024,1.3189000000000002,1.29,1.29,217811.0
2025-04-21,1.2948,1.2986,1.2865,1.291,226177.0
2025-04-22,1.285,1.2975,1.2125,1.292,421002.0
2025-04-23,1.315,1.3173,1.2953,1.301,313201.0
2025-04-24,1.304,1.3129000000000002,1.297,1.307,233288.0
2025-04-25,1.3144,1.315,1.307,1.3119,197439.0
2025-04-28,1.3153,1.316,1.3060999999999998,1.312,144326.0
2025-04-29,1.3120999999999998,1.3125,1.3062,1.3062,118296.0
2025-05-05,1.3132,1.3182,1.308,1.3164,90344.0
2025-05-06,1.3175,1.3314,1.3162,1.3175,170560.0
2025-05-07,1.319,1.326,1.3171,1.325,142075.0
2025-05-08,1.3279,1.3565,1.3253,1.355,194153.0
2025-05-09,1.3542,1.3574000000000002,1.3468,1.3505,177280.0
2025-05-12,1.356,1.379,1.3528,1.374,216949.0
2025-05-13,1.379,1.38,1.372,1.38,144786.0
2025-05-14,1.3785999999999998,1.399,1.378,1.3965,237131.0
2025-05-15,1.3965,1.4029,1.3865999999999998,1.4007,163755.0
2025-05-16,1.3979,1.3989,1.3842,1.3842,195833.0
2025-05-19,1.379,1.3929,1.3731,1.3801,190970.0
2025-05-20,1.384,1.4088,1.3822,1.408,237112.0
2025-05-21,1.4072,1.423,1.4072,1.4145,186482.0
2025-05-22,1.408,1.4219000000000002,1.402,1.402,215668.0
2025-05-23,1.404,1.4094,1.4005,1.4065,155741.0
2025-05-26,1.4094,1.418,1.3080999999999998,1.4165,262333.0
2025-05-27,1.4174,1.42,1.4076,1.4155,168177.0
2025-05-28,1.4209,1.4287999999999998,1.4186,1.4212,172978.0
2025-05-29,1.4279000000000002,1.4309,1.417,1.4237,158896.0
2025-05-30,1.42,1.4225,1.415,1.4195,119850.0
2025-06-02,1.4110999999999998,1.418,1.4086,1.4150999999999998,149682.0
2025-06-03,1.419,1.441,1.4181,1.4349,190811.0
2025-06-04,1.437,1.4372,1.4261,1.43,129091.0
2025-06-05,1.4283,1.432,1.4247,1.427,118012.0
2025-06-06,1.427,1.427,1.4,1.4136,175389.0
2025-06-09,1.4159000000000002,1.4166,1.397,1.397,149897.0
2025-06-10,1.3952,1.4113,1.3925999999999998,1.3969,234556.0
2025-06-11,1.4002,1.4028,1.3943,1.4018,159545.0
2025-06-12,1.4,1.426,1.3992,1.4092,206833.0
2025-06-13,1.399,1.3999,1.382,1.3959,262073.0
2025-06-16,1.3985999999999998,1.4167,1.3935,1.4167,172220.0
2025-06-17,1.4185,1.4302,1.4152,1.421,188457.0
2025-06-18,1.424,1.4335,1.4213,1.4274,160161.0
2025-06-19,1.4289,1.441,1.4265,1.4408,146287.0
2025-06-20,1.4267999999999998,1.4298,1.4205,1.4242,141241.0
2025-06-23,1.418,1.4356,1.414,1.4336,191017.0
2025-06-24,1.444,1.461,1.4432,1.449,199519.0
2025-06-25,1.4519000000000002,1.4576,1.4463,1.4502000000000002,159652.0
2025-06-26,1.4497,1.4577,1.4470999999999998,1.4488,142410.0
2025-06-27,1.4532,1.4635,1.4487,1.46,175334.0
2025-06-30,1.4679,1.469,1.4626,1.4626,93980.0
2025-07-01,1.4636,1.4687,1.4563,1.4592,148538.0
2025-07-02,1.4614,1.4718,1.4587,1.4697,156707.0
2025-07-03,1.4599000000000002,1.4793,1.454,1.471,219718.0
2025-07-04,1.472,1.4748,1.4694,1.4722,122818.0
2025-07-07,1.4755999999999998,1.4929,1.4755999999999998,1.4929,173016.0
2025-07-08,1.494,1.512,1.491,1.512,181740.0
2025-07-09,1.513,1.5345,1.513,1.533,246053.0
2025-07-10,1.5375,1.6399,1.5356,1.5679,219870.0
2025-07-11,1.5717,1.6025,1.5713,1.5959,248763.0
2025-07-14,1.6005,1.6085,1.57,1.6012,290975.0
2025-07-15,1.606,1.6118,1.594,1.594,172069.0
2025-07-16,1.5923,1.619,1.5903,1.618,186399.0
2025-07-17,1.6215,1.6445,1.6193,1.638,205356.0
2025-07-18,1.632,1.638,1.6192,1.638,263382.0
2025-07-21,1.637,1.649,1.621,1.6245,259627.0
2025-07-22,1.6205999999999998,1.655,1.6105999999999998,1.655,262279.0
2025-07-23,1.661,1.6645,1.6416,1.653,277689.0
2025-07-24,1.656,1.6579000000000002,1.6365,1.6555,252754.0
2025-07-25,1.6562,1.6750999999999998,1.65,1.673,220295.0
2025-07-28,1.6758,1.6935,1.6722,1.693,187508.0
2025-07-29,1.6928,1.6938,1.621,1.621,368368.0
2025-07-30,1.625,1.6345,1.5976,1.6233,369811.0
2025-07-31,1.6268,1.6316,1.593,1.6073,372945.0
2025-08-01,1.6012,1.615,1.5942,1.615,269595.0
2025-08-04,1.605,1.655,1.6021,1.6535,278270.0
2025-08-05,1.6615,1.7377,1.635,1.6896,423561.0
2025-08-06,1.6882,1.728,1.6805,1.7195,351833.0
2025-08-07,1.722,1.7399,1.71,1.7248,297996.0
2025-08-08,1.7277,1.7322,1.7055,1.7232,267798.0
2025-08-11,1.729,1.7457,1.7232,1.7375,256016.0
2025-08-12,1.736,1.7506,1.736,1.7494,221955.0
2025-08-13,1.7575999999999998,1.7595,1.7201,1.746,364118.0
2025-08-14,1.749,1.793,1.7485,1.793,308272.0
2025-08-15,1.7995,1.8136,1.7662,1.781,331290.0
2025-08-18,1.7863,1.7876,1.7693,1.7805,226074.0
2025-08-19,1.7826,1.839,1.7821,1.8159,321138.0
2025-08-20,1.814,1.8312,1.775,1.8311,429156.0
2025-08-21,1.8344,1.8785,1.8311,1.8769,269885.0
2025-08-22,1.859,1.8599,1.7813,1.805,548631.0
2025-08-25,1.8201,1.825,1.7732,1.783,385100.0
2025-08-26,1.776,1.852,1.7725,1.852,376161.0
2025-08-27,1.8588,1.8696,1.8431,1.8464,365348.0
2025-08-28,1.8485,1.865,1.826,1.8629,382899.0
2025-08-29,1.8679,1.8788,1.8595,1.861,236427.0
2025-09-03,1.8562,1.8631,1.8405,1.855,259168.0
2025-09-04,1.8582,1.8837,1.8436,1.8831,273665.0
2025-09-05,1.889,1.898,1.8451,1.8451,304496.0
2025-09-08,1.8445,1.8446,1.8,1.8,334568.0
2025-09-09,1.802,1.825,1.7952,1.825,353772.0
2025-09-10,1.8252,1.8308,1.806,1.8248,327940.0
2025-09-11,1.8269,1.8621,1.7778,1.8535,504756.0
2025-09-12,1.857,1.8712,1.8355,1.859,371948.0
2025-09-15,1.8591,1.8776,1.8506,1.876,258243.0
2025-09-16,1.8888,1.895,1.867,1.876,299822.0
2025-09-17,1.874,1.885,1.8702,1.8737,246608.0
2025-09-18,1.877,1.877,1.852,1.8566,242578.0
2025-09-19,1.8547,1.8557,1.8382,1.8482,284018.0
2025-09-22,1.8482,1.852,1.8005,1.8151,370638.0
2025-09-23,1.8139,1.8326,1.8081,1.8121,287551.0
2025-09-24,1.812,1.8755,1.7953,1.849,391561.0
2025-09-25,1.849,1.8579,1.8422,1.8494,231079.0
2025-09-26,1.8451,1.864,1.84,1.84,244881.0
2025-09-29,1.84,1.868,1.8352,1.8552,269995.0
2025-09-30,1.855,1.8644,1.8416,1.8544,297095.0
2025-10-01,1.858,1.8723,1.8533,1.864,218650.0
2025-10-02,1.8675,1.8816,1.84,1.8528,246038.0
2025-10-03,1.854,1.8678,1.844,1.8569,265745.0
2025-10-06,1.8645,1.92,1.864,1.9186,305487.0
2025-10-07,1.9227,1.9258,1.9083,1.9113,211879.0
2025-10-08,1.93,1.944,1.9031,1.919,319186.0
2025-10-09,1.9216,1.9436,1.9155,1.9366,301704.0
2025-10-10,1.94,1.9759,1.9362,1.9759,269526.0
2025-10-13,1.9656,2.021,1.9577,2.0136,276463.0
2025-10-14,2.013,2.041,2.0031,2.0142,346746.0
2025-10-15,2.0187,2.034,2.0135,2.022,281542.0
2025-10-16,2.0215,2.026,2.009,2.0127,226777.0
2025-10-17,2.0159,2.0175,1.96,1.968,280515.0
2025-10-20,1.9691,1.9699,1.861,1.861,350597.0
2025-10-21,1.8737,1.933,1.86,1.9002,496865.0
2025-10-22,1.908,1.926,1.8551,1.926,401911.0
2025-10-23,1.924,1.959,1.913,1.9435,367424.0
2025-10-24,1.9455,1.9543,1.9039,1.9374,412641.0
2025-10-27,1.952,1.9566,1.8915,1.8915,413484.0
2025-10-28,1.885,1.9479,1.8711,1.9409,411337.0
2025-10-29,1.9438,1.9647,1.9361,1.947,274890.0
2025-10-30,1.947,1.9484,1.9105,1.927,333332.0
2025-10-31,1.928,1.928,1.8875,1.892,344227.0
2025-11-03,1.8931,1.915,1.8551,1.86,412307.0
2025-11-04,1.855,1.9077,1.851,1.898,369282.0
2025-11-05,1.893,1.899,1.877,1.886,290770.0
2025-11-06,1.8896,1.8955,1.8665,1.8665,327783.0
2025-11-07,1.862,1.8648,1.819,1.8278,285898.0
2025-11-10,1.825,1.8505,1.8013,1.8013,290775.0
2025-11-11,1.8079,1.838,1.8042,1.815,363337.0
2025-11-12,1.821,1.8759,1.8197,1.8706,295937.0
2025-11-13,1.8706,1.8787,1.852,1.863,296977.0
2025-11-14,1.854,1.88,1.8513,1.8697,237240.0
2025-11-17,1.8737,1.8965,1.8715,1.8952,249298.0
2025-11-18,1.896,1.898,1.8783,1.898,262967.0
2025-11-19,1.893,1.8965,1.878,1.8858,191911.0
2025-11-20,1.8898,1.9079,1.8879,1.8981,202342.0
2025-11-21,1.876,1.8936,1.8602,1.8924,267558.0
2025-11-24,1.896,1.925,1.8942,1.911,219485.0
2025-11-25,1.912,1.9225,1.9,1.9081,213823.0
2025-11-26,1.9125,1.931,1.9096,1.9249,252444.0
2025-11-27,1.9292,1.934,1.915,1.921,224302.0
2025-11-28,1.923,1.932,1.908,1.923,205120.0
2025-12-01,1.9239,1.9398,1.9222,1.9332,197020.0
2025-12-02,1.9283,1.947,1.916,1.947,255739.0
2025-12-03,1.9483,1.9819,1.9483,1.972,213478.0
2025-12-04,1.9749,1.9861,1.9655,1.977,212389.0
2025-12-05,1.983,1.9865,1.9698,1.9765,201106.0
2025-12-08,1.9765,1.9926,1.976,1.984,193078.0
2025-12-09,1.9859,1.9871,1.9538,1.97,320449.0
2025-12-10,1.9651,1.9679,1.9315,1.935,272571.0
2025-12-11,1.9444,1.9444,1.9162,1.9191,335498.0
2025-12-12,1.925,1.9259,1.867,1.871,308918.0
2025-12-15,1.8684,1.887,1.856,1.8685,293599.0
2025-12-16,1.8705,1.9268,1.8569,1.9126,402534.0
2025-12-17,1.914,1.9184,1.893,1.8981,251627.0
2025-12-18,1.8965,1.902,1.884,1.8991,206174.0
2025-12-19,1.911,1.9426,1.9094,1.9369,217839.0
2025-12-22,1.9448,1.9973,1.9409,1.997,238545.0
2025-12-23,2.002,2.0259,1.9972,2.015,246118.0
2025-12-24,2.0194,2.0249,2.0022,2.022,280975.0
2025-12-25,2.023,2.0485,1.95,1.95,278828.0
2025-12-26,1.944,1.9897,1.9261,1.969,419216.0
2025-12-29,1.969,2.004,1.961,1.9902,261936.0
2025-12-30,1.9935,2.0141,1.985,2.0141,270269.0
2025-12-31,2.021,2.0377,2.0138,2.029,202596.0
