time,open,high,low,close,Volume
2017-08-10,0.7579,0.7579,0.7455,0.7459,367
2017-08-11,0.746,0.7464,0.7434,0.7457,510
2017-08-14,0.7459,0.7489,0.7457,0.7489,707
2017-08-15,0.7503,0.7509,0.748,0.748,946
2017-08-16,0.7477,0.7484,0.7451,0.7481,1065
2017-08-17,0.7485,0.7497999999999999,0.7445,0.7446,1134
2017-08-18,0.7415,0.7435,0.7411,0.7429,2490
2017-08-21,0.7427999999999999,0.7434,0.7416,0.7417999999999999,2601
2017-08-22,0.7415,0.7417,0.7386,0.7387,3128
2017-08-23,0.7385,0.7397,0.737,0.7387999999999999,5824
2017-08-24,0.7395,0.7424,0.7386,0.7416,6563
2017-08-25,0.7417,0.7433,0.7417,0.7431,5386
2017-08-28,0.7434,0.751,0.743,0.751,5662
2017-08-29,0.7517999999999999,0.7529,0.747,0.747,5223
2017-08-30,0.7487,0.7526,0.7483,0.7526,4413
2017-08-31,0.753,0.7605,0.7527999999999999,0.7581,5359
2017-09-01,0.7587999999999999,0.7622000000000001,0.7586,0.762,5720
2017-09-05,0.7619,0.7637999999999999,0.7605,0.763,4580
2017-09-06,0.7623,0.7635,0.7613,0.7635,4564
2017-09-07,0.7635,0.7739,0.7633,0.77,6142
2017-09-08,0.771,0.7764,0.7709,0.7751,6318
2017-09-11,0.7747999999999999,0.7796000000000001,0.769,0.769,7003
2017-09-12,0.769,0.7727999999999999,0.7667,0.7726000000000001,9529
2017-09-13,0.7739,0.7785,0.7737,0.7785,7169
2017-09-14,0.779,0.7855,0.779,0.7845,7736
2017-09-15,0.7846000000000001,0.7865,0.7823,0.7845,7175
2017-09-18,0.7852,0.7932,0.7852,0.7918999999999999,6221
2017-09-19,0.7921,0.7958999999999999,0.7921,0.7925,6312
2017-09-20,0.7925,0.7933,0.7891,0.7898999999999999,6765
2017-09-21,0.7898999999999999,0.7907000000000001,0.786,0.7872,4674
2017-09-22,0.786,0.7877000000000001,0.7844,0.7856000000000001,6515
2017-09-25,0.7856000000000001,0.7873,0.7852,0.786,5199
2017-09-26,0.786,0.787,0.7846000000000001,0.787,4518
2017-09-27,0.787,0.7876000000000001,0.7864,0.787,3205
2017-09-28,0.7868999999999999,0.7924,0.7866000000000001,0.788,7975
2017-09-29,0.7885,0.7918,0.7883,0.7903,7060
2017-10-02,0.7908,0.7925,0.787,0.7883,6062
2017-10-03,0.7872,0.7892,0.7837999999999999,0.7845,7262
2017-10-04,0.7842,0.792,0.7835,0.792,8062
2017-10-05,0.7925,0.7963,0.7915,0.793,10122
2017-10-06,0.794,0.796,0.7916,0.7958,9045
2017-10-09,0.7976,0.799,0.7965,0.799,8325
2017-10-10,0.7982,0.802,0.7978,0.802,6643
2017-10-11,0.8032999999999999,0.8075,0.8,0.8042,9921
2017-10-12,0.805,0.8081,0.805,0.807,8397
2017-10-13,0.8072999999999999,0.814,0.8064,0.814,9827
2017-10-16,0.8156,0.8166,0.8122999999999999,0.8135,7671
2017-10-17,0.8129,0.8174,0.8122,0.8174,6126
2017-10-18,0.8184,0.8208,0.815,0.815,6053
2017-10-19,0.816,0.8191,0.816,0.8172,5647
2017-10-20,0.8179,0.8195,0.8135,0.8139,11038
2017-10-23,0.814,0.8145,0.8072,0.8082,10316
2017-10-24,0.8082,0.813,0.8067000000000001,0.813,15474
2017-10-25,0.8145,0.8206,0.8125,0.8206,12204
2017-10-26,0.8205,0.824,0.8158,0.8208,17377
2017-10-27,0.8222999999999999,0.831,0.8191,0.831,18567
2017-10-30,0.834,0.8398,0.831,0.8362,15450
2017-10-31,0.8342,0.8373999999999999,0.8305,0.8319,19633
2017-11-01,0.8305,0.8358,0.8302999999999999,0.8358,15611
2017-11-02,0.8365,0.8398,0.83,0.83,22192
2017-11-03,0.8287,0.838,0.8282,0.838,20823
2017-11-06,0.841,0.845,0.8382999999999999,0.845,16841
2017-11-07,0.8461000000000001,0.8506,0.844,0.847,20580
2017-11-08,0.8465,0.857,0.8465,0.857,20034
2017-11-09,0.8568,0.8609,0.8562000000000001,0.8573,18926
2017-11-10,0.857,0.861,0.8555,0.8573,18344
2017-11-13,0.8575,0.8637999999999999,0.8575,0.8635,7471
2017-11-14,0.8655,0.8719,0.8635,0.8697,9399
2017-11-15,0.8715,0.8802000000000001,0.8685,0.877,7473
2017-11-16,0.878,0.8881,0.877,0.8881,6160
2017-11-17,0.8975,0.908,0.8915,0.903,13311
2017-11-20,0.9048999999999999,0.93,0.9041,0.93,10205
2017-11-21,0.935,0.9658,0.9338,0.958,14988
2017-11-22,0.9602999999999999,0.976,0.9592999999999999,0.975,15357
2017-11-23,0.983,0.9875,0.94,0.95,15836
2017-11-24,0.947,0.954,0.9352,0.938,12871
2017-11-27,0.94,0.946,0.9371,0.946,9354
2017-11-28,0.9459,0.9499,0.94,0.9465,9158
2017-11-29,0.949,0.96,0.9465,0.96,7116
2017-11-30,0.9631000000000001,0.9729,0.958,0.958,10314
2017-12-01,0.9592,0.9646,0.958,0.9636,7557
2017-12-04,0.9675,0.988,0.9652000000000001,0.988,7269
2017-12-05,0.992,0.992,0.9516,0.955,13736
2017-12-06,0.953,0.9539,0.9234,0.949,19866
2017-12-07,0.9489,0.9529,0.9306,0.937,17187
2017-12-08,0.935,0.943,0.929,0.936,16021
2017-12-11,0.9285,0.929,0.9,0.9,13634
2017-12-12,0.906,0.9178999999999999,0.86,0.905,26110
2017-12-13,0.914,0.9168,0.895,0.91,24962
2017-12-14,0.9068999999999999,0.928,0.9052,0.928,20361
2017-12-15,0.935,0.939,0.927,0.935,16825
2017-12-18,0.94,0.958,0.938,0.958,13261
2017-12-19,0.9568,0.9619,0.9412,0.9425,15668
2017-12-20,0.9448,0.9535,0.9411,0.949,12353
2017-12-21,0.948,0.9536,0.9378,0.9378,7596
2017-12-22,0.95,0.956,0.9491,0.956,15441
2017-12-25,0.9582,0.9612999999999999,0.9562999999999999,0.9612999999999999,9454
2017-12-26,0.9619,0.976,0.9614,0.976,12333
2017-12-27,0.975,0.9788,0.96,0.966,14534
2017-12-28,0.9681000000000001,0.9793,0.9652000000000001,0.9779,13077
2017-12-29,0.98,0.9887999999999999,0.978,0.98,16735
2018-01-02,0.9839,0.999,0.9808,0.999,11347
2018-01-03,1.0025,1.0152,1.002,1.0128,16134
2018-01-04,1.0148,1.0239,1.0128,1.0239,13815
2018-01-05,1.0241,1.025,1.007,1.012,16296
2018-01-08,1.0083,1.031,1.0057,1.03,13326
2018-01-09,1.0343,1.043,1.0255,1.042,17655
2018-01-10,1.0425,1.0488,1.035,1.04,17692
2018-01-11,1.0375,1.054,1.0331,1.0528,16763
2018-01-12,1.0531,1.0583,1.0466,1.0515,19166
2018-01-15,1.05,1.059,1.0460999999999998,1.059,15375
2018-01-16,1.059,1.0651,1.0502,1.058,15517
2018-01-17,1.0599,1.0607,1.024,1.024,11550
2018-01-18,1.021,1.0443,1.0132,1.0443,12075
2018-01-19,1.057,1.0639,1.0525,1.0525,20020
2018-01-22,1.056,1.0897999999999999,1.056,1.0897999999999999,19173
2018-01-23,1.0875,1.103,1.0871,1.1,10305
2018-01-24,1.1,1.1068,1.0980999999999999,1.103,10735
2018-01-25,1.106,1.1235,1.1059,1.119,18230
2018-01-26,1.1202,1.1239000000000001,1.105,1.111,22144
2018-01-29,1.1135,1.1165999999999998,1.0917999999999999,1.093,18590
2018-01-30,1.086,1.105,1.078,1.105,23466
2018-01-31,1.103,1.112,1.085,1.085,23687
2018-02-01,1.0863,1.091,1.0725,1.08,25179
2018-02-02,1.082,1.087,1.0756,1.087,23420
2018-02-05,1.081,1.0819,1.042,1.042,23907
2018-02-06,1.0148,1.035,0.978,1.0,34837
2018-02-07,1.0288,1.0317,1.015,1.02,27374
2018-02-08,1.0199,1.0232,1.0045,1.0045,22948
2018-02-09,0.957,1.0,0.957,1.0,28547
2018-02-12,1.01,1.039,1.0076,1.039,13958
2018-02-13,1.0460999999999998,1.0587,1.0448,1.0535,8526
2018-02-21,1.0742,1.0925,1.0742,1.082,16094
2018-02-22,1.0715,1.0845,1.0599,1.0599,27033
2018-02-23,1.073,1.106,1.072,1.106,27435
2018-02-26,1.121,1.1279000000000001,1.099,1.1082,26368
2018-02-27,1.117,1.12,1.093,1.112,36321
2018-02-28,1.1022,1.1125,1.098,1.105,27133
2018-03-01,1.098,1.115,1.0962,1.1055,33683
2018-03-02,1.097,1.109,1.0923,1.109,26006
2018-03-05,1.115,1.1197000000000001,1.0755,1.0755,22423
2018-03-06,1.0864,1.11,1.0811,1.11,30557
2018-03-07,1.1099,1.111,1.074,1.087,33011
2018-03-08,1.0951,1.112,1.0922,1.1056,33867
2018-03-09,1.114,1.12,1.0965,1.106,31874
2018-03-12,1.117,1.1195,1.1062,1.1118,23088
2018-03-13,1.1085,1.116,1.0982,1.116,28875
2018-03-14,1.1157000000000001,1.1175,1.1100999999999999,1.1139000000000001,15889
2018-03-15,1.1098,1.113,1.107,1.1095,9003
2018-03-16,1.123,1.1265999999999998,1.1211,1.1265999999999998,14259
2018-03-19,1.128,1.137,1.1268,1.1311,14895
2018-03-20,1.1277000000000001,1.1365999999999998,1.1265,1.132,16426
2018-03-21,1.1340999999999999,1.1422999999999999,1.134,1.1399000000000001,17643
2018-03-22,1.146,1.1484,1.139,1.139,17855
2018-03-23,1.1240999999999999,1.1276,1.1196,1.126,24527
2018-03-26,1.1256,1.148,1.1251,1.14,18497
2018-03-27,1.1545,1.1545,1.144,1.1469,19508
2018-03-28,1.1433,1.149,1.1411,1.1465,16640
2018-03-29,1.1485,1.1499000000000001,1.1413,1.1428,15467
2018-03-30,1.144,1.147,1.1393,1.1452,14884
2018-04-02,1.148,1.1634,1.147,1.162,17198
2018-04-03,1.1612,1.163,1.1565,1.1625999999999999,15942
2018-04-04,1.1681,1.1705,1.162,1.162,16690
2018-04-05,1.167,1.17,1.1633,1.17,15374
2018-04-06,1.1695,1.1738,1.1685999999999999,1.17,13578
2018-04-09,1.1709,1.1783,1.1705,1.1783,10699
2018-04-10,1.1779000000000002,1.1798,1.1723,1.174,14991
2018-04-11,1.175,1.1756,1.14,1.14,21598
2018-04-12,1.1385,1.145,1.128,1.141,29480
2018-04-13,1.1452,1.1477,1.125,1.125,25078
2018-04-16,1.124,1.1328,1.1231,1.125,18355
2018-04-17,1.1273,1.1335,1.1202,1.1335,20613
2018-04-18,1.1365999999999998,1.1369,1.1120999999999999,1.1122,18712
2018-04-19,1.1138,1.1148,1.065,1.065,18501
2018-04-20,1.073,1.0969,1.0600999999999998,1.0969,45743
2018-04-23,1.0989,1.099,1.0305,1.035,41255
2018-04-24,1.04,1.0647,1.031,1.044,53536
2018-04-26,1.0475,1.0485,1.004,1.0145,52271
2018-04-27,1.014,1.038,1.0101,1.031,62038
2018-05-02,1.033,1.034,1.0001,1.0081,58624
2018-05-03,1.0049,1.0215,0.9915,1.019,68891
2018-05-04,1.0201,1.0219,1.007,1.013,54438
2018-05-07,1.017,1.056,1.016,1.056,44783
2018-05-08,1.0545,1.067,1.047,1.05,68286
2018-05-09,1.048,1.061,1.041,1.042,68699
2018-05-10,1.0445,1.048,1.008,1.014,66720
2018-05-11,1.01,1.0349000000000002,0.9981,1.034,71435
2018-05-14,1.037,1.0568,1.0286,1.0568,63703
2018-05-15,1.0551,1.0729000000000002,1.047,1.047,65821
2018-05-16,1.049,1.0535,1.024,1.032,53866
2018-05-17,1.0318,1.033,1.006,1.006,48160
2018-05-18,1.0138,1.0298,0.993,1.0269000000000001,69922
2018-05-21,1.028,1.0349000000000002,0.9925,0.9925,81025
2018-05-22,0.991,0.9965,0.9546,0.964,84001
2018-05-23,0.9635,0.982,0.9461,0.9725,86276
2018-05-24,0.973,0.9749,0.9481,0.957,85277
2018-05-25,0.9571000000000001,0.9665,0.93,0.93,76618
2018-05-28,0.9261,0.9275,0.8806,0.8835,71052
2018-05-29,0.881,0.9359,0.8801,0.924,94873
2018-05-30,0.923,0.931,0.895,0.908,113359
2018-05-31,0.912,0.9457000000000001,0.9081,0.9405,90673
2018-06-01,0.9377000000000001,0.9638,0.9366,0.9575,85724
2018-06-04,0.9536,0.9845,0.953,0.9805,78215
2018-06-05,0.984,0.992,0.9775,0.99,79309
2018-06-06,0.993,1.019,0.9867999999999999,1.019,69173
2018-06-07,1.02,1.0278,1.011,1.016,83969
2018-06-08,1.016,1.0203,1.0103,1.0179,66510
2018-06-11,1.0158,1.0317,1.012,1.0171000000000001,66844
2018-06-12,1.0145,1.0145,0.9951,1.0058,89829
2018-06-13,1.0074,1.0185,1.0026,1.0185,83785
2018-06-14,1.0188,1.0214,1.002,1.002,73466
2018-06-15,1.0,1.008,0.9942000000000001,1.008,74736
2018-06-18,1.006,1.0081,0.97,0.97,78352
2018-06-19,0.9642000000000001,0.965,0.9081,0.9379,104565
2018-06-20,0.945,0.9635,0.935,0.961,113319
2018-06-21,0.962,0.963,0.9425,0.954,69828
2018-06-22,0.94,0.9696,0.9374,0.9672000000000001,112249
2018-06-25,0.9729,0.988,0.9722000000000001,0.9732000000000001,83134
2018-06-26,0.969,0.9692000000000001,0.9496,0.968,109891
2018-06-27,0.9751000000000001,0.9769,0.945,0.945,120943
2018-06-28,0.945,0.9525,0.9261,0.941,140490
2018-06-29,0.9432,0.9519,0.9367000000000001,0.9432,118223
2018-07-02,0.94,0.9422999999999999,0.9125,0.921,128952
2018-07-03,0.924,0.9259,0.8901,0.8901,138450
2018-07-04,0.8894,0.898,0.8786,0.893,147237
2018-07-05,0.894,0.8945,0.8561,0.866,140761
2018-07-06,0.871,0.904,0.8573,0.895,163341
2018-07-09,0.907,0.9168,0.884,0.884,146717
2018-07-10,0.8909,0.9107999999999999,0.8825,0.889,162556
2018-07-11,0.877,0.8779,0.8532000000000001,0.871,153804
2018-07-12,0.872,0.8916000000000001,0.87,0.876,147074
2018-07-13,0.883,0.902,0.8826,0.902,155462
2018-07-16,0.91,0.9148,0.898,0.908,139667
2018-07-17,0.902,0.918,0.8971,0.918,136753
2018-07-18,0.923,0.9341,0.9205,0.9341,84471
2018-07-19,0.936,0.9425,0.933,0.941,64497
2018-07-20,0.9322999999999999,0.946,0.9275,0.945,100734
2018-07-23,0.938,0.9481,0.925,0.925,102432
2018-07-24,0.93,0.9339,0.9152,0.924,138258
2018-07-25,0.9272,0.9315,0.911,0.911,121062
2018-07-26,0.9121,0.9198,0.9042,0.9198,123125
2018-07-27,0.919,0.9267000000000001,0.9182,0.925,97568
2018-07-30,0.9264,0.9408,0.9262,0.9375,77330
2018-07-31,0.938,0.9456,0.9352,0.9385,104633
2018-08-01,0.939,0.9431,0.9315,0.934,97696
2018-08-02,0.932,0.9382,0.9231,0.9382,98563
2018-08-03,0.9382,0.9449,0.935,0.935,74712
2018-08-06,0.937,0.939,0.93,0.9346,95205
2018-08-07,0.9351,0.938,0.9316,0.9345,83809
2018-08-08,0.9352,0.9435,0.9348,0.9435,64108
2018-08-09,0.946,0.9508,0.9402,0.9402,79080
2018-08-10,0.939,0.9476,0.9358,0.9465,85062
2018-08-13,0.9435,0.9546,0.9422,0.953,81541
2018-08-14,0.9551000000000001,0.962,0.9521000000000001,0.9592999999999999,79266
2018-08-15,0.958,0.9623999999999999,0.9466,0.9466,89449
2018-08-16,0.9424,0.9475,0.9355,0.947,71410
2018-08-17,0.953,0.9548,0.9446,0.947,98531
2018-08-20,0.9462,0.9515,0.9425,0.945,88210
2018-08-21,0.9447000000000001,0.9585,0.944,0.9585,83718
2018-08-22,0.9596,0.9606,0.9535,0.957,87588
2018-08-23,0.957,0.9635,0.9558,0.9606,84610
2018-08-24,0.9591000000000001,0.963,0.9562999999999999,0.9585,73122
2018-08-27,0.9608,0.9652000000000001,0.9607,0.9632000000000001,56268
2018-08-28,0.966,0.9677,0.9642999999999999,0.9656,54821
2018-08-29,0.966,0.9662000000000001,0.9619,0.962,47353
2018-08-30,0.961,0.9705,0.9606,0.9705,47804
2018-08-31,0.97,0.9732999999999999,0.9635,0.9657,62804
2018-09-04,0.9645,0.966,0.956,0.956,64838
2018-09-05,0.9525,0.9545,0.9401,0.944,87717
2018-09-06,0.9451,0.9459,0.933,0.9347000000000001,94376
2018-09-07,0.9355,0.9465,0.9302999999999999,0.9435,99446
2018-09-10,0.9445,0.9448,0.9346,0.9362,82105
2018-09-11,0.9368,0.9531000000000001,0.9358,0.9531000000000001,84494
2018-09-12,0.955,0.963,0.95,0.95,103483
2018-09-13,0.953,0.9595,0.9486,0.953,126627
2018-09-14,0.956,0.9609,0.9535,0.9585,91254
2018-09-17,0.9554,0.9564,0.949,0.9505,75317
2018-09-18,0.948,0.962,0.947,0.962,76287
2018-09-19,0.9642999999999999,0.9669,0.9597,0.9628,71919
2018-09-20,0.9635,0.971,0.9622,0.971,52525
2018-09-21,0.9759,0.9805,0.9685,0.98,76966
2018-09-24,0.9781,0.985,0.9771,0.9815,69909
2018-09-25,0.9822000000000001,0.9839,0.9793999999999999,0.9806,62209
2018-09-26,0.9813999999999999,0.9884,0.9801,0.981,64336
2018-09-27,0.983,0.9873,0.9809,0.9858,77757
2018-09-28,0.9875,0.9904,0.9861,0.9873999999999999,60396
2018-10-01,0.989,0.9913,0.9849,0.9849,50646
2018-10-02,0.9845,0.9885,0.9811,0.984,61385
2018-10-03,0.9845,0.9873,0.9826,0.9865,57468
2018-10-04,0.9872000000000001,0.992,0.9865,0.992,49998
2018-10-05,0.9901,0.9909,0.9823,0.9826,53977
2018-10-08,0.979,0.9795,0.972,0.9732000000000001,64737
2018-10-09,0.9742999999999999,0.9763999999999999,0.9702000000000001,0.9735,62027
2018-10-10,0.973,0.9739,0.9702000000000001,0.9716,43355
2018-10-11,0.952,0.959,0.9202,0.9202,129141
2018-10-12,0.91,0.9445,0.9028999999999999,0.944,148760
2018-10-15,0.9395,0.942,0.919,0.919,134430
2018-10-16,0.9255,0.938,0.9246,0.9351,121759
2018-10-17,0.953,0.953,0.9422999999999999,0.9455,93709
2018-10-18,0.941,0.9419,0.9362999999999999,0.9376,62813
2018-10-19,0.922,0.9329,0.9193,0.9322,116399
2018-10-22,0.9352,0.9372,0.9205,0.9215,102024
2018-10-23,0.912,0.9147000000000001,0.8902,0.901,136594
2018-10-24,0.909,0.9107999999999999,0.885,0.885,161827
2018-10-25,0.86,0.888,0.856,0.8865,184367
2018-10-26,0.8925,0.8941,0.87,0.87,191779
2018-10-29,0.875,0.881,0.8683,0.878,191419
2018-10-30,0.8755,0.8815,0.8725,0.876,159289
2018-10-31,0.884,0.904,0.8826,0.904,118224
2018-11-01,0.9043,0.9048999999999999,0.8765,0.884,178898
2018-11-02,0.8935,0.91,0.8912,0.9065,175235
2018-11-05,0.8964,0.904,0.889,0.899,158585
2018-11-06,0.905,0.9065,0.894,0.894,161568
2018-11-07,0.8965,0.8995,0.8853,0.8947999999999999,162816
2018-11-08,0.906,0.9068999999999999,0.8936000000000001,0.8936000000000001,119033
2018-11-09,0.893,0.8937999999999999,0.88,0.88,132579
2018-11-12,0.879,0.8879,0.875,0.885,127313
2018-11-13,0.8671,0.8781,0.8667999999999999,0.8727999999999999,138814
2018-11-14,0.8704,0.8759,0.8645,0.871,117102
2018-11-15,0.8641,0.8691,0.863,0.8667999999999999,67895
2018-11-16,0.8681,0.8749,0.8676,0.87,121319
2018-11-19,0.873,0.881,0.8721,0.881,89525
2018-11-20,0.8787999999999999,0.8837,0.8765,0.8813,117888
2018-11-21,0.876,0.895,0.8751,0.895,114488
2018-11-22,0.8927999999999999,0.8967999999999999,0.8895,0.892,114410
2018-11-23,0.8922,0.8927999999999999,0.886,0.8867999999999999,98860
2018-11-26,0.8879,0.891,0.8827999999999999,0.8904,102089
2018-11-27,0.8905,0.8939,0.8844,0.8844,103148
2018-11-28,0.8861,0.8916000000000001,0.8841,0.8903,105558
2018-11-29,0.897,0.8979,0.8852000000000001,0.8852000000000001,102906
2018-11-30,0.8862000000000001,0.8899,0.8805,0.8875,124714
2018-12-03,0.8967,0.9157000000000001,0.8963,0.915,105875
2018-12-04,0.9125,0.9178,0.904,0.9128,144157
2018-12-05,0.9062,0.9194,0.9054,0.9155,157723
2018-12-06,0.912,0.9145,0.9026000000000001,0.909,143614
2018-12-07,0.913,0.9204,0.9125,0.9141,125888
2018-12-10,0.911,0.9144,0.9084,0.9138999999999999,116921
2018-12-11,0.9165,0.9167000000000001,0.9095,0.9141,117500
2018-12-12,0.917,0.923,0.9165,0.9208,96037
2018-12-13,0.9228,0.926,0.921,0.9238999999999999,92408
2018-12-14,0.9215,0.9223,0.9131,0.9131,82231
2018-12-17,0.912,0.9125,0.897,0.897,101062
2018-12-18,0.893,0.8946000000000001,0.8835,0.8946000000000001,122686
2018-12-19,0.896,0.8961,0.8784,0.8845,122924
2018-12-20,0.8773,0.8854,0.8761,0.8785,80638
2018-12-21,0.8766,0.8796,0.8711,0.8795,143153
2018-12-24,0.8797999999999999,0.8819,0.8742000000000001,0.877,108772
2018-12-25,0.8601,0.8686,0.855,0.8677,150895
2018-12-26,0.8699,0.872,0.863,0.863,152700
2018-12-27,0.879,0.879,0.8675,0.8675,139593
2018-12-28,0.87,0.8706,0.855,0.855,120906
2019-01-02,0.856,0.8573,0.8398,0.8427,93065
2019-01-03,0.8452999999999999,0.8459,0.82,0.824,186737
2019-01-04,0.822,0.8385,0.8141,0.834,190101
2019-01-07,0.8405,0.8462000000000001,0.8322,0.842,167223
2019-01-08,0.8411000000000001,0.8433999999999999,0.835,0.8408,164901
2019-01-09,0.8452000000000001,0.8518,0.8449,0.8475,153409
2019-01-10,0.845,0.8485,0.8405,0.8405,127039
2019-01-11,0.845,0.8495,0.8418,0.8456,113695
2019-01-14,0.8446,0.8478,0.8428,0.8465,88977
2019-01-15,0.85,0.86,0.8492000000000001,0.86,102201
2019-01-16,0.8613999999999999,0.8633,0.8585,0.8607,91175
2019-01-17,0.8605,0.8613999999999999,0.85,0.85,25125
2019-01-18,0.8445,0.8471000000000001,0.841,0.841,117714
2019-01-21,0.8442000000000001,0.8623999999999999,0.8441000000000001,0.862,124449
2019-01-22,0.8634,0.8634,0.8527,0.854,129617
2019-01-23,0.8531,0.8635,0.8517,0.8608,147020
2019-01-24,0.8605,0.8667999999999999,0.859,0.8617,166608
2019-01-25,0.865,0.869,0.8635,0.8679,129033
2019-01-28,0.8703,0.8725,0.8637,0.865,113209
2019-01-29,0.8621,0.87,0.8606,0.87,109982
2019-01-30,0.8715,0.8727999999999999,0.867,0.8682000000000001,122547
2019-01-31,0.8731,0.8747999999999999,0.866,0.8669,103481
2019-02-01,0.8664,0.8687999999999999,0.8625,0.8685,91446
2019-02-11,0.868,0.878,0.868,0.878,63804
2019-02-12,0.8781,0.89,0.8777999999999999,0.885,119240
2019-02-13,0.888,0.896,0.8856,0.8945,137697
2019-02-14,0.8939,0.8967999999999999,0.8906000000000001,0.8921,122562
2019-02-15,0.8905,0.8926000000000001,0.887,0.8896000000000001,87710
2019-02-18,0.8979,0.8996000000000001,0.8956000000000001,0.8995,67201
2019-02-19,0.9,0.9087999999999999,0.9,0.9001,84749
2019-02-20,0.9015,0.9088999999999999,0.8995,0.9088999999999999,87347
2019-02-21,0.9081,0.925,0.908,0.925,37825
2019-02-22,0.913,0.9245,0.9115,0.9194,124838
2019-02-25,0.926,0.9382,0.9255,0.937,114068
2019-02-26,0.934,0.9351,0.9188,0.9228999999999999,140349
2019-02-27,0.9278,0.9325,0.9205,0.923,132041
2019-02-28,0.923,0.9237000000000001,0.9,0.9,150089
2019-03-01,0.9061,0.9126000000000001,0.9016000000000001,0.91,153034
2019-03-04,0.915,0.9272999999999999,0.915,0.9269,119586
2019-03-05,0.922,0.9305,0.9175,0.9175,163684
2019-03-06,0.914,0.9188999999999999,0.9055,0.918,163768
2019-03-07,0.9198999999999999,0.9256,0.908,0.908,180793
2019-03-08,0.904,0.9066000000000001,0.8951,0.899,158087
2019-03-11,0.904,0.9124,0.902,0.9117999999999999,137706
2019-03-12,0.919,0.93,0.9155,0.93,129418
2019-03-13,0.9278,0.9336,0.9266,0.927,131532
2019-03-14,0.93,0.9304,0.9245,0.926,128306
2019-03-15,0.9276,0.928,0.9221,0.927,93781
2019-03-18,0.932,0.9375,0.9312,0.9351,71031
2019-03-19,0.934,0.9351,0.9248,0.9261,96669
2019-03-20,0.922,0.9252,0.9163,0.9252,81860
2019-03-21,0.9252,0.9268,0.908,0.908,43787
2019-03-22,0.8956000000000001,0.9007999999999999,0.891,0.8974,134932
2019-03-25,0.882,0.885,0.8737999999999999,0.883,115852
2019-03-26,0.8871,0.8886000000000001,0.878,0.88,124485
2019-03-27,0.8839,0.8875,0.8817999999999999,0.884,97998
2019-03-28,0.8813,0.8859,0.8804,0.8832000000000001,90089
2019-03-29,0.8879,0.8911,0.884,0.884,103474
2019-04-01,0.8907999999999999,0.8907999999999999,0.887,0.89,64539
2019-04-02,0.8951,0.896,0.8851,0.8851,84449
2019-04-03,0.8869,0.888,0.8825,0.888,89475
2019-04-04,0.887,0.8896000000000001,0.8844,0.888,96497
2019-04-05,0.8889,0.889,0.8866,0.888,60717
2019-04-08,0.8885,0.8947999999999999,0.8882000000000001,0.8947999999999999,71697
2019-04-09,0.8955,0.8962,0.8857999999999999,0.887,102480
2019-04-10,0.8829,0.8862000000000001,0.8811,0.8852000000000001,100449
2019-04-11,0.885,0.8855,0.8811,0.8831,84577
2019-04-12,0.8832000000000001,0.8855,0.8819,0.885,60016
2019-04-16,0.8817999999999999,0.8854,0.879,0.8854,70041
2019-04-17,0.885,0.8865,0.8821,0.883,61812
2019-04-18,0.882,0.8832000000000001,0.877,0.877,38596
2019-04-19,0.8676,0.8684,0.8655,0.8662000000000001,55777
2019-04-22,0.8651,0.8656,0.8599,0.8619,70407
2019-04-23,0.8611,0.8679,0.8611,0.8655,84389
2019-04-24,0.8685,0.8734,0.8679,0.8727999999999999,80829
2019-04-25,0.8721,0.8729,0.867,0.8686,76615
2019-04-26,0.8681,0.877,0.8679,0.877,101989
2019-05-02,0.8794,0.8795,0.8747,0.8776,63394
2019-05-03,0.8752000000000001,0.88,0.8751,0.88,78071
2019-05-06,0.8709,0.871,0.8642000000000001,0.8666,85333
2019-05-07,0.871,0.8744,0.8677,0.8737,108009
2019-05-08,0.867,0.8746,0.867,0.8733,91122
2019-05-09,0.873,0.8753,0.871,0.871,79617
2019-05-10,0.877,0.8773,0.8717999999999999,0.8767,78281
2019-05-13,0.8764,0.8789,0.8761,0.8773,41338
2019-05-14,0.8759,0.883,0.8745,0.883,43050
2019-05-15,0.8839,0.893,0.8836,0.8921,38094
2019-05-16,0.8935,0.896,0.89,0.89,33074
2019-05-17,0.8937,0.895,0.8912,0.8926000000000001,66549
2019-05-20,0.8937999999999999,0.9095,0.8935,0.9088999999999999,98830
2019-05-21,0.912,0.9142,0.9066000000000001,0.9106000000000001,102021
2019-05-22,0.9117000000000001,0.9128,0.9063,0.9082,90296
2019-05-23,0.9057999999999999,0.9086000000000001,0.9037000000000001,0.9078999999999999,82873
2019-05-24,0.908,0.912,0.8997999999999999,0.901,97833
2019-05-27,0.8982,0.9037999999999999,0.898,0.9024,80407
2019-05-28,0.903,0.9057000000000001,0.8966000000000001,0.903,93218
2019-05-29,0.9016000000000001,0.904,0.898,0.898,92325
2019-05-30,0.898,0.9002,0.8967999999999999,0.8989,72448
2019-05-31,0.8975,0.898,0.878,0.878,97234
2019-06-03,0.875,0.8753,0.8552000000000001,0.859,101224
2019-06-04,0.8619,0.8663,0.8561,0.865,121426
2019-06-05,0.8721,0.8727,0.8645,0.8664,99414
2019-06-06,0.8667999999999999,0.8667999999999999,0.8536,0.8665,136732
2019-06-07,0.8682000000000001,0.8747999999999999,0.867,0.8747999999999999,86821
2019-06-10,0.8781,0.8833,0.875,0.8785,96942
2019-06-11,0.8771,0.8809,0.8757,0.877,87100
2019-06-12,0.875,0.8762000000000001,0.8687,0.8687,95576
2019-06-13,0.8656,0.8657999999999999,0.858,0.865,125696
2019-06-14,0.8657,0.8659,0.8589,0.8589,92807
2019-06-17,0.8606,0.8609,0.8525,0.854,87715
2019-06-18,0.8515,0.8529,0.8481000000000001,0.8516,74663
2019-06-19,0.8575,0.8579,0.8542000000000001,0.8568,39628
2019-06-20,0.8569,0.8677999999999999,0.8562000000000001,0.865,38661
2019-06-21,0.8837999999999999,0.885,0.879,0.885,77707
2019-06-24,0.8845,0.8894,0.8816,0.8816,86004
2019-06-25,0.8797,0.8816,0.8751,0.8751,97557
2019-06-26,0.8736,0.8757,0.8719,0.8726,82131
2019-06-27,0.873,0.8735,0.8569,0.8569,98489
2019-06-28,0.8545,0.8679,0.8462000000000001,0.8679,134483
2019-07-01,0.877,0.8892,0.8762000000000001,0.8884,83943
2019-07-02,0.8865,0.8867,0.8732000000000001,0.874,162600
2019-07-03,0.8715,0.875,0.8662000000000001,0.874,136789
2019-07-04,0.8789,0.888,0.8784,0.886,112697
2019-07-05,0.887,0.887,0.8822000000000001,0.8825,99465
2019-07-08,0.8775,0.879,0.8667999999999999,0.8735,102246
2019-07-09,0.8713,0.8755,0.8667999999999999,0.8745,118718
2019-07-10,0.8795,0.8832000000000001,0.8764,0.8776,95626
2019-07-11,0.884,0.8857999999999999,0.8792000000000001,0.88,121912
2019-07-12,0.8837999999999999,0.8842000000000001,0.873,0.8736,109775
2019-07-15,0.8702000000000001,0.879,0.8702000000000001,0.879,102320
2019-07-16,0.8772000000000001,0.8825,0.8767999999999999,0.8807999999999999,87075
2019-07-17,0.8813,0.883,0.8769,0.878,67671
2019-07-18,0.876,0.877,0.8707999999999999,0.8707999999999999,26981
2019-07-19,0.8805,0.8825,0.8784,0.8805,74222
2019-07-22,0.878,0.8809,0.8747,0.8747999999999999,68774
2019-07-23,0.877,0.8875,0.8751,0.886,106424
2019-07-24,0.8875,0.8895,0.8832000000000001,0.885,103712
2019-07-25,0.8843,0.8893,0.8839,0.885,89546
2019-07-26,0.885,0.8862000000000001,0.8827,0.8862000000000001,65647
2019-07-29,0.886,0.8883,0.8823,0.8859,81725
2019-07-30,0.8877,0.8885,0.8745,0.8745,92544
2019-07-31,0.8733,0.885,0.8732000000000001,0.885,92561
2019-08-01,0.8813,0.8839,0.8765,0.8825,125727
2019-08-02,0.8767999999999999,0.8817999999999999,0.8754,0.8805,91989
2019-08-05,0.8771,0.8789,0.8733,0.874,80808
2019-08-06,0.863,0.8689,0.8606,0.868,114874
2019-08-07,0.868,0.8691,0.8634,0.865,88394
2019-08-08,0.8681,0.8713,0.8652000000000001,0.8692000000000001,89059
2019-08-09,0.8715,0.8725,0.8696,0.8697,69862
2019-08-12,0.8702000000000001,0.8754,0.8695,0.8747,47781
2019-08-13,0.8724,0.8734,0.869,0.8721,46468
2019-08-14,0.8765,0.8797,0.8764,0.8776,38827
2019-08-15,0.8687999999999999,0.8904,0.8677,0.8904,29669
2019-08-16,0.8771,0.8893,0.876,0.8791,100304
2019-08-19,0.8819,0.8847999999999999,0.88,0.8835,83239
2019-08-20,0.8827,0.8844,0.881,0.8823,66158
2019-08-21,0.8829,0.8879,0.8827,0.8873,82587
2019-08-22,0.8885,0.89,0.8846,0.8866,64602
2019-08-23,0.8877,0.8897,0.8861,0.8877999999999999,52534
2019-08-26,0.8815,0.8857999999999999,0.8807999999999999,0.8855,76157
2019-08-27,0.8867999999999999,0.8877,0.881,0.881,60271
2019-08-28,0.882,0.8829,0.8783,0.8809,73645
2019-08-29,0.8809,0.8846,0.88,0.8846,57345
2019-08-30,0.887,0.8874,0.8841,0.886,51742
2019-09-03,0.8855,0.8866,0.8829,0.8831,36193
2019-09-04,0.8844,0.8873,0.8827999999999999,0.887,54121
2019-09-05,0.8887,0.8887999999999999,0.8856,0.886,47696
2019-09-06,0.8864,0.8877,0.8854,0.8869,42575
2019-09-09,0.887,0.8875,0.8857999999999999,0.886,22299
2019-09-10,0.886,0.8864,0.8825,0.8826,44570
2019-09-11,0.883,0.8847,0.8826,0.8847,38377
2019-09-12,0.886,0.8879,0.8857,0.8871,35880
2019-09-13,0.8873,0.9024,0.8873,0.9016000000000001,62852
2019-09-16,0.9024,0.9042,0.9004,0.9022,41296
2019-09-17,0.9012,0.9087999999999999,0.9012,0.908,48471
2019-09-18,0.9081,0.9118999999999999,0.9056000000000001,0.9105,51253
2019-09-19,0.9117999999999999,0.9171,0.9086000000000001,0.9171,42939
2019-09-20,0.9144,0.9153,0.9115,0.914,51552
2019-09-23,0.9137000000000001,0.9165,0.907,0.907,57886
2019-09-24,0.9073,0.9114,0.9067999999999999,0.9098999999999999,70421
2019-09-25,0.9085,0.9133,0.9058999999999999,0.9111,70160
2019-09-26,0.9125,0.9167000000000001,0.9113,0.9161,72656
2019-09-27,0.9155,0.9245,0.9152,0.923,87144
2019-09-30,0.926,0.936,0.9221,0.9221,94594
2019-10-01,0.9236,0.93,0.9217000000000001,0.93,95532
2019-10-02,0.929,0.9315,0.9182,0.9208,100075
2019-10-03,0.9168,0.926,0.9142,0.926,86857
2019-10-04,0.9258,0.9268,0.9172,0.9186,94539
2019-10-07,0.919,0.9201,0.9114,0.9122,68447
2019-10-08,0.9127000000000001,0.9188999999999999,0.9112,0.9166,84929
2019-10-09,0.916,0.9188,0.9113,0.9148,73897
2019-10-10,0.915,0.9183,0.913,0.913,76849
2019-10-11,0.9156,0.9174,0.9137000000000001,0.9155,69772
2019-10-14,0.9198999999999999,0.9254,0.9185,0.9227000000000001,57511
2019-10-15,0.9227000000000001,0.9245,0.9211,0.9242,52361
2019-10-16,0.9264,0.9276,0.9235,0.9236,52186
2019-10-17,0.924,0.9262,0.9188,0.9188,47138
2019-10-18,0.9233,0.9242,0.919,0.9214,49030
2019-10-21,0.9205,0.9207000000000001,0.9175,0.9181,47353
2019-10-22,0.9198999999999999,0.9208,0.918,0.9192,45364
2019-10-23,0.9192,0.9195,0.9173,0.9195,42755
2019-10-24,0.9204,0.9258,0.92,0.9258,46732
2019-10-25,0.9257000000000001,0.927,0.9241,0.9259,48835
2019-10-28,0.9276,0.9295,0.9252,0.9265,47232
2019-10-29,0.927,0.9278,0.9256,0.926,32620
2019-10-30,0.9255,0.9318,0.925,0.9284,65856
2019-10-31,0.9297000000000001,0.9312,0.9246,0.9265,60370
2019-11-01,0.9269,0.935,0.9261,0.9335,65676
2019-11-04,0.937,0.9388,0.9352999999999999,0.937,55674
2019-11-05,0.937,0.9397000000000001,0.9362,0.938,48988
2019-11-06,0.9372,0.9402999999999999,0.9371,0.9379,43372
2019-11-07,0.9379,0.9418,0.9369,0.9418,36326
2019-11-08,0.942,0.9431,0.9401,0.9425,41631
2019-11-11,0.9412999999999999,0.9418,0.9386,0.9392,31339
2019-11-12,0.9401,0.9444,0.9394,0.9429,53717
2019-11-13,0.9415,0.9426,0.9355,0.9372,63492
2019-11-14,0.9379,0.9384,0.9331,0.9347000000000001,50119
2019-11-15,0.9352999999999999,0.9371,0.9317000000000001,0.9338,65798
2019-11-18,0.9345,0.9351,0.9278,0.929,53604
2019-11-19,0.9296,0.9304,0.9271,0.9297000000000001,52256
2019-11-20,0.9292,0.9296,0.921,0.921,55407
2019-11-21,0.918,0.9188,0.899,0.899,60441
2019-11-22,0.909,0.9105,0.8931,0.9015,88463
2019-11-25,0.9025,0.9034,0.8945,0.9028999999999999,94785
2019-11-26,0.9047999999999999,0.9073,0.9035,0.9055,57442
2019-11-27,0.9057000000000001,0.9067000000000001,0.8977999999999999,0.8995,74963
2019-11-28,0.897,0.8972,0.8877,0.8923,81160
2019-11-29,0.891,0.8947,0.8897999999999999,0.8911,68240
2019-12-02,0.8923,0.893,0.878,0.878,83446
2019-12-03,0.8753,0.8844,0.8711,0.8751,131387
2019-12-04,0.8715,0.8877999999999999,0.8715,0.8877999999999999,119092
2019-12-05,0.8876000000000001,0.8895,0.8836,0.885,70075
2019-12-06,0.8856,0.8886000000000001,0.8842000000000001,0.8847,67658
2019-12-09,0.8853,0.8875,0.8755,0.8792000000000001,65351
2019-12-10,0.8787,0.8797,0.872,0.877,92670
2019-12-11,0.877,0.884,0.8706,0.884,93878
2019-12-12,0.8841,0.8873,0.8824,0.885,63920
2019-12-13,0.8883,0.8889,0.881,0.8815,68484
2019-12-16,0.8807999999999999,0.8825,0.8756,0.8774,64690
2019-12-17,0.878,0.878,0.868,0.868,73442
2019-12-18,0.867,0.868,0.8607,0.8615,76760
2019-12-19,0.8617999999999999,0.8677,0.859,0.8612000000000001,75009
2019-12-20,0.866,0.8705,0.8645,0.8694,69556
2019-12-23,0.8707,0.8759,0.8681,0.8681,76689
2019-12-24,0.8677999999999999,0.8716,0.8627999999999999,0.8715,99011
2019-12-25,0.873,0.876,0.8715,0.8737999999999999,67487
2019-12-26,0.874,0.8775,0.8711,0.8711,72415
2019-12-27,0.8702000000000001,0.8793,0.8686,0.8793,72451
2019-12-30,0.8805,0.8817999999999999,0.8767,0.8783,56581
2019-12-31,0.8782000000000001,0.8797999999999999,0.8747999999999999,0.8763,62291
2020-01-02,0.8775,0.8863,0.8765,0.8863,70480
2020-01-03,0.8871,0.8879,0.8795,0.8795,70389
2020-01-06,0.8775,0.8835,0.8716,0.872,83770
2020-01-07,0.8739,0.8777999999999999,0.8716,0.875,83997
2020-01-08,0.868,0.871,0.8634,0.8637,90489
2020-01-09,0.8691,0.8762000000000001,0.8687,0.8747999999999999,75461
2020-01-10,0.8761,0.8844,0.8754,0.8787,82465
2020-01-13,0.881,0.8831,0.8776,0.8795,69842
2020-01-14,0.8805,0.8857999999999999,0.8801,0.8823,74369
2020-01-15,0.882,0.8843,0.8801,0.8837999999999999,59791
2020-01-16,0.8865,0.8923,0.8855,0.8921,54457
2020-01-17,0.895,0.8955,0.8895,0.8935,70607
2020-01-20,0.893,0.8972,0.8916000000000001,0.8969,60257
2020-01-21,0.896,0.9046000000000001,0.896,0.9022,63328
2020-01-22,0.9027000000000001,0.9091,0.9017999999999999,0.909,64281
2020-01-30,0.9036000000000001,0.904,0.873,0.873,105632
2020-01-31,0.879,0.8794,0.845,0.852,139324
2020-02-03,0.8471000000000001,0.85,0.811,0.841,183620
2020-02-04,0.8448,0.851,0.8312,0.8422000000000001,194912
2020-02-05,0.8485,0.8495,0.8357,0.8418,139923
2020-02-06,0.846,0.8613999999999999,0.844,0.8605,140367
2020-02-07,0.8563999999999999,0.8593999999999999,0.8506,0.857,125635
2020-02-10,0.851,0.8515,0.8456,0.8461000000000001,107072
2020-02-11,0.849,0.8565,0.8471000000000001,0.8503,103659
2020-02-12,0.8491000000000001,0.8647,0.8491000000000001,0.8566,128526
2020-02-13,0.8555,0.8569,0.8496,0.8551,131133
2020-02-14,0.8595,0.864,0.8583,0.8617999999999999,126261
2020-02-17,0.8632000000000001,0.8654,0.8595,0.8637999999999999,86306
2020-02-18,0.8627,0.864,0.856,0.856,74707
2020-02-19,0.8579,0.8657999999999999,0.8565,0.8657999999999999,82723
2020-02-20,0.8675,0.8735,0.8657999999999999,0.8717,64539
2020-02-21,0.868,0.872,0.8613999999999999,0.8627999999999999,112375
2020-02-24,0.85,0.8507,0.829,0.829,128478
2020-02-25,0.825,0.8422000000000001,0.82,0.841,162837
2020-02-26,0.825,0.8415,0.824,0.8366,179965
2020-02-27,0.8345,0.8472000000000001,0.8324,0.8472000000000001,156792
2020-02-28,0.833,0.8379,0.8166,0.8301000000000001,203810
2020-03-02,0.8348,0.8449,0.8315,0.8396,118761
2020-03-03,0.8465,0.8493999999999999,0.838,0.838,136611
2020-03-04,0.8362,0.8423999999999999,0.8346,0.8411000000000001,123322
2020-03-05,0.8451000000000001,0.8483999999999999,0.836,0.836,105182
2020-03-06,0.8289,0.834,0.8222999999999999,0.8322999999999999,141416
2020-03-09,0.7962,0.798,0.7741,0.7741,131999
2020-03-10,0.768,0.7918999999999999,0.7602000000000001,0.7815,207615
2020-03-11,0.7788999999999999,0.784,0.7268,0.745,212493
2020-03-12,0.718,0.7219,0.694,0.694,194113
2020-03-13,0.668,0.729,0.661,0.7122999999999999,228204
2020-03-16,0.699,0.705,0.668,0.6748999999999999,186102
2020-03-17,0.682,0.705,0.6752,0.7006,216320
2020-03-18,0.6999,0.7045,0.6817000000000001,0.688,174759
2020-03-19,0.686,0.688,0.6718,0.678,139677
2020-03-20,0.6728,0.6778,0.668,0.6721,145359
2020-03-23,0.642,0.6449,0.6251,0.6251,97093
2020-03-24,0.6345,0.6369,0.62,0.626,210798
2020-03-25,0.6399,0.6495,0.6362000000000001,0.6483,167871
2020-03-26,0.6421,0.6439,0.6255,0.6261,176064
2020-03-27,0.6323,0.635,0.605,0.615,204113
2020-03-30,0.6049,0.6049,0.5787,0.583,202159
2020-03-31,0.592,0.6027,0.56,0.5787,226261
2020-04-01,0.583,0.6012000000000001,0.5775,0.59,218566
2020-04-03,0.604,0.6157999999999999,0.6032000000000001,0.6139,181611
2020-04-06,0.6399,0.6567999999999999,0.6363,0.6567999999999999,123780
2020-04-07,0.6758,0.682,0.6583,0.677,228037
2020-04-08,0.661,0.675,0.6567999999999999,0.675,193063
2020-04-09,0.681,0.6895,0.678,0.6802,194931
2020-04-10,0.6802,0.686,0.6721,0.682,210246
2020-04-13,0.6761,0.6965,0.6761,0.6897000000000001,202584
2020-04-14,0.6971,0.7058,0.688,0.7052,186742
2020-04-15,0.7059,0.7195,0.7058,0.7175,151019
2020-04-16,0.7169,0.7283999999999999,0.714,0.7252000000000001,102626
2020-04-17,0.723,0.7245,0.7105,0.7165,178181
2020-04-20,0.7135,0.7185,0.71,0.71,159470
2020-04-21,0.7035,0.7039,0.668,0.6701,230517
2020-04-22,0.6626000000000001,0.6897000000000001,0.6591,0.6869,258419
2020-04-23,0.691,0.696,0.6789,0.6789,260194
2020-04-24,0.68,0.6985,0.675,0.6971,235828
2020-04-27,0.7069,0.71,0.688,0.6925,209723
2020-04-28,0.689,0.7015,0.6842,0.694,240653
2020-04-29,0.696,0.7071000000000001,0.6926,0.7025,223231
2020-05-04,0.6801,0.6957000000000001,0.6781,0.684,202008
2020-05-05,0.689,0.698,0.6882,0.6952999999999999,190570
2020-05-06,0.696,0.718,0.6952999999999999,0.718,179060
2020-05-07,0.718,0.7469,0.7175,0.742,212402
2020-05-08,0.748,0.7925,0.7231000000000001,0.744,276292
2020-05-11,0.7583,0.775,0.7481,0.7622000000000001,241815
2020-05-12,0.7591,0.766,0.7497999999999999,0.7591,261592
2020-05-13,0.755,0.781,0.7481,0.7703,274565
2020-05-14,0.7621,0.774,0.7597999999999999,0.768,220617
2020-05-15,0.773,0.777,0.763,0.7667,185787
2020-05-18,0.7697999999999999,0.788,0.7671,0.788,157405
2020-05-19,0.8052999999999999,0.8137000000000001,0.7925,0.7995,158811
2020-05-20,0.799,0.8075,0.794,0.8075,153550
2020-05-21,0.8075,0.864,0.8051,0.864,90311
2020-05-22,0.789,0.7945,0.7689,0.7689,183398
2020-05-25,0.7765,0.786,0.7723,0.782,196856
2020-05-26,0.79,0.8094,0.7881,0.8094,181518
2020-05-27,0.8109,0.813,0.7811,0.7828999999999999,208309
2020-05-28,0.788,0.7965,0.7783,0.79,234116
2020-05-29,0.7886,0.7928,0.7761,0.785,185260
2020-06-01,0.7948999999999999,0.812,0.7935,0.811,147528
2020-06-02,0.8139,0.8152,0.8006,0.8081,205836
2020-06-03,0.8201,0.8218,0.811,0.819,204025
2020-06-04,0.821,0.8222999999999999,0.8132999999999999,0.815,131414
2020-06-05,0.813,0.825,0.8092999999999999,0.825,143854
2020-06-08,0.832,0.845,0.831,0.8365,159338
2020-06-09,0.8365,0.8388,0.827,0.827,157697
2020-06-10,0.8295,0.8408,0.8259,0.8392999999999999,185721
2020-06-11,0.8339,0.8388,0.795,0.795,191947
2020-06-12,0.7835,0.8064,0.7781,0.805,300905
2020-06-15,0.7965,0.8035,0.7652,0.775,208388
2020-06-16,0.7938999999999999,0.8015,0.7908,0.798,212214
2020-06-17,0.7988,0.8029,0.7931,0.8007000000000001,176293
2020-06-18,0.7941,0.8036,0.7908,0.7971,100844
2020-06-19,0.79,0.8,0.789,0.7986,130018
2020-06-22,0.8002,0.8058,0.793,0.7978999999999999,156049
2020-06-23,0.7911,0.8004,0.7911,0.796,175272
2020-06-24,0.796,0.7983,0.7835,0.785,143297
2020-06-25,0.7762,0.7827999999999999,0.775,0.781,172194
2020-06-26,0.7878,0.7885,0.7761,0.7781,142205
2020-06-29,0.7767000000000001,0.7767000000000001,0.7536,0.763,218029
2020-06-30,0.769,0.7704,0.751,0.7525,197428
2020-07-01,0.7559,0.7699,0.7531,0.7686000000000001,197988
2020-07-02,0.7706000000000001,0.778,0.7626000000000001,0.773,219722
2020-07-03,0.7747999999999999,0.7765,0.7687,0.7727999999999999,167568
2020-07-06,0.7803,0.7983,0.7803,0.7983,128165
2020-07-07,0.7978,0.8062999999999999,0.7916,0.794,192970
2020-07-08,0.7931,0.8021,0.7911,0.8021,182464
2020-07-09,0.8019,0.8202999999999999,0.801,0.8152,201766
2020-07-10,0.8197000000000001,0.8197000000000001,0.7988999999999999,0.8037000000000001,216441
2020-07-13,0.811,0.813,0.7987000000000001,0.803,198350
2020-07-14,0.7995,0.8052,0.7923,0.8042,192988
2020-07-15,0.815,0.822,0.8125,0.817,172911
2020-07-16,0.8141,0.8174,0.81,0.816,96189
2020-07-17,0.811,0.8134,0.8054,0.8079,162893
2020-07-20,0.8049,0.806,0.7955,0.7965,137102
2020-07-21,0.799,0.805,0.7935,0.805,155450
2020-07-22,0.804,0.8054,0.791,0.792,146210
2020-07-23,0.7935,0.7985,0.7876000000000001,0.7971,175591
2020-07-24,0.7926,0.7933,0.759,0.765,234252
2020-07-27,0.746,0.747,0.7116,0.7116,255235
2020-07-28,0.715,0.7483,0.715,0.7417,322020
2020-07-29,0.728,0.733,0.6982999999999999,0.7207,354161
2020-07-30,0.7263,0.7409,0.7239,0.7302000000000001,345555
2020-07-31,0.718,0.7355,0.7102,0.725,344925
2020-08-03,0.732,0.7459,0.7305,0.742,234799
2020-08-04,0.758,0.762,0.7511,0.762,234993
2020-08-05,0.7587,0.7798999999999999,0.7567,0.7775,230438
2020-08-06,0.7776000000000001,0.7867999999999999,0.7684,0.776,262783
2020-08-07,0.773,0.7835,0.772,0.7806000000000001,263978
2020-08-10,0.7872,0.7945,0.7824,0.7824,178671
2020-08-11,0.7878999999999999,0.7888999999999999,0.7786000000000001,0.787,209054
2020-08-12,0.783,0.791,0.7825,0.791,174045
2020-08-13,0.7938,0.7996,0.7921,0.7983,144356
2020-08-14,0.7987000000000001,0.8034,0.7884,0.7935,188374
2020-08-17,0.7927000000000001,0.796,0.7816000000000001,0.7925,195848
2020-08-18,0.794,0.795,0.785,0.788,195165
2020-08-19,0.7888,0.7941,0.7861,0.793,137310
2020-08-20,0.7896,0.7931,0.7812,0.785,147705
2020-08-21,0.7852,0.7928999999999999,0.7828999999999999,0.7928999999999999,145073
2020-08-24,0.8011,0.8155,0.8011,0.8155,141150
2020-08-25,0.824,0.8245,0.813,0.813,178048
2020-08-26,0.8125,0.819,0.8112999999999999,0.8132,158386
2020-08-27,0.813,0.819,0.8125,0.819,126461
2020-08-28,0.8222999999999999,0.8314,0.8222999999999999,0.823,143347
2020-08-31,0.829,0.8305,0.8215,0.8241,140217
2020-09-01,0.8217000000000001,0.838,0.821,0.8373999999999999,143785
2020-09-03,0.8473999999999999,0.85,0.8366,0.85,172267
2020-09-04,0.8386,0.8466,0.8366,0.8448,171193
2020-09-07,0.848,0.848,0.8217000000000001,0.8217000000000001,164502
2020-09-08,0.8248,0.8309,0.8177000000000001,0.8295,215574
2020-09-09,0.819,0.8312,0.8149,0.83,223531
2020-09-10,0.8314,0.8365,0.8235,0.8235,157280
2020-09-11,0.825,0.8302,0.8212,0.8279,141856
2020-09-14,0.8321000000000001,0.8365,0.8309,0.834,100334
2020-09-15,0.834,0.8359,0.832,0.833,74780
2020-09-16,0.8321000000000001,0.8346,0.8316,0.8346,56137
2020-09-17,0.8332999999999999,0.8366,0.8271000000000001,0.831,70142
2020-09-18,0.8349,0.848,0.8334,0.8462999999999999,111328
2020-09-21,0.8462000000000001,0.8568,0.8458,0.848,130603
2020-09-22,0.8462999999999999,0.8535,0.8451000000000001,0.85,134879
2020-09-23,0.8543,0.8587,0.851,0.8541,132366
2020-09-24,0.85,0.8542000000000001,0.8476,0.8531,110306
2020-09-25,0.856,0.8569,0.8485,0.8549,100626
2020-09-28,0.8582000000000001,0.8629,0.8561,0.8629,92142
2020-09-29,0.865,0.8682000000000001,0.8541,0.8541,121353
2020-09-30,0.855,0.8603,0.8513,0.8598,158810
2020-10-01,0.864,0.867,0.8617,0.867,114067
2020-10-02,0.8656,0.8675,0.854,0.8615,132045
2020-10-05,0.8667999999999999,0.8697999999999999,0.864,0.8687999999999999,89923
2020-10-06,0.8717999999999999,0.872,0.864,0.8677,120138
2020-10-07,0.8672000000000001,0.873,0.8666,0.867,109263
2020-10-08,0.869,0.8694,0.8645,0.8687,106731
2020-10-09,0.8693,0.8717,0.8681,0.8716,79669
2020-10-12,0.875,0.8787999999999999,0.873,0.875,90602
2020-10-13,0.874,0.8769,0.8725,0.8764,72574
2020-10-14,0.8766,0.8947999999999999,0.8766,0.8947999999999999,93254
2020-10-15,0.898,0.903,0.8931,0.8992,95986
2020-10-16,0.893,0.898,0.8886000000000001,0.8951,137000
2020-10-19,0.898,0.9034,0.8965,0.9034,95455
2020-10-20,0.9005,0.9112,0.8996000000000001,0.9112,108100
2020-10-21,0.9138,0.9184,0.906,0.9085,122699
2020-10-22,0.9065,0.924,0.9037999999999999,0.924,122931
2020-10-23,0.927,0.9372999999999999,0.9254,0.935,125668
2020-10-26,0.9359,0.9495,0.927,0.927,127361
2020-10-27,0.9269,0.9319,0.9167000000000001,0.92,178135
2020-10-28,0.9213,0.9218999999999999,0.8942,0.8959,179579
2020-10-29,0.892,0.8995,0.8795,0.8875,215546
2020-10-30,0.891,0.8966000000000001,0.8751,0.8966000000000001,215946
2020-11-02,0.9001,0.907,0.8954,0.904,134228
2020-11-03,0.909,0.9108999999999999,0.9033,0.9083,117427
2020-11-04,0.9083,0.9183,0.9066000000000001,0.9123,125832
2020-11-05,0.9144,0.92,0.9095,0.9102,131648
2020-11-06,0.9112,0.9128,0.9032,0.9083,112103
2020-11-09,0.914,0.923,0.9138,0.923,98304
2020-11-10,0.9345,0.9354,0.921,0.921,130274
2020-11-11,0.9225,0.923,0.912,0.9214,140162
2020-11-12,0.921,0.928,0.9206,0.9279,106758
2020-11-13,0.9271,0.936,0.9265,0.9359,90068
2020-11-16,0.941,0.9426,0.916,0.9168999999999999,183716
2020-11-17,0.918,0.938,0.918,0.938,124391
2020-11-18,0.938,0.9425,0.9301,0.936,146005
2020-11-19,0.9359,0.9462999999999999,0.9354,0.9442,82732
2020-11-20,0.9501000000000001,0.954,0.9444,0.9524,90552
2020-11-23,0.9529,0.961,0.9484,0.9594,106812
2020-11-24,0.9609,0.9653999999999999,0.9521000000000001,0.964,153972
2020-11-25,0.9662000000000001,0.97,0.96,0.96,127581
2020-11-26,0.9599,0.9759,0.9582,0.9702000000000001,114082
2020-11-27,0.9702000000000001,0.9759,0.9672000000000001,0.9745,90902
2020-11-30,0.9755,0.9756,0.966,0.966,92465
2020-12-01,0.9605,0.981,0.9596,0.9803,114299
2020-12-02,0.9795,0.986,0.979,0.979,99864
2020-12-03,0.9801,0.989,0.98,0.988,86101
2020-12-04,0.9892000000000001,0.9927,0.983,0.987,96277
2020-12-07,0.9895,0.9962000000000001,0.9862000000000001,0.9945,80839
2020-12-08,0.9944,0.9973,0.99,0.993,97422
2020-12-09,0.995,1.008,0.995,1.008,93382
2020-12-10,1.0075,1.0105,0.9973,1.002,110228
2020-12-11,1.003,1.0094,0.9986,1.0081,97171
2020-12-14,1.0121,1.026,1.0121,1.026,90407
2020-12-15,1.0265,1.0275,1.0105,1.0147,123512
2020-12-16,1.0186,1.0299,1.0176,1.028,132991
2020-12-17,1.025,1.0274,1.0116,1.0163,144728
2020-12-18,1.026,1.0445,1.025,1.0435,120418
2020-12-21,1.0432000000000001,1.0597999999999999,1.0426,1.057,134380
2020-12-22,1.057,1.0631,1.0507,1.0603,150716
2020-12-23,1.063,1.0675999999999999,1.051,1.055,136370
2020-12-24,1.0585,1.0607,1.0263,1.0426,230996
2020-12-25,1.045,1.0649000000000002,1.034,1.0649000000000002,158420
2020-12-28,1.0695,1.0737999999999999,1.0566,1.066,164755
2020-12-29,1.066,1.073,1.0633,1.0671,116122
2020-12-30,1.066,1.0791,1.0645,1.0700999999999998,129572
2020-12-31,1.0724,1.0839,1.0689000000000002,1.0839,138170
2021-01-04,1.091,1.115,1.0902,1.1094000000000002,116484
2021-01-05,1.1065,1.1157000000000001,1.1000999999999999,1.111,151856
2021-01-06,1.1165,1.1325,1.1140999999999999,1.125,163112
2021-01-07,1.1348,1.1489,1.1242,1.1489,172555
2021-01-08,1.1467,1.1765999999999999,1.146,1.1765999999999999,191787
2021-01-11,1.1809,1.1967999999999999,1.1772,1.1930999999999998,123682
2021-01-12,1.1979000000000002,1.198,1.1842000000000001,1.1919000000000002,159585
2021-01-13,1.195,1.2016,1.179,1.192,150208
2021-01-14,1.1907999999999999,1.1956,1.182,1.1889,157233
2021-01-15,1.1913,1.1949,1.1881,1.1905,94376
2021-01-18,1.1930999999999998,1.1941,1.177,1.177,91660
2021-01-19,1.178,1.179,1.0947,1.1048,220843
2021-01-20,1.11,1.125,1.0673,1.125,247726
2021-01-21,1.1288,1.1515,1.113,1.1507,148284
2021-01-22,1.183,1.1892,1.1681,1.1735,186904
2021-01-25,1.172,1.1784000000000001,1.1664,1.1730999999999998,133912
2021-01-26,1.1718,1.1733,1.115,1.133,242403
2021-01-27,1.1275,1.1348,1.078,1.0822,285857
2021-01-28,1.05,1.05,1.0065,1.0065,154602
2021-01-29,0.974,1.0769000000000002,0.9662999999999999,1.0769000000000002,250006
2021-02-01,1.065,1.0757999999999999,1.03,1.03,239917
2021-02-02,1.039,1.0985999999999998,1.031,1.092,237857
2021-02-03,1.1002,1.143,1.097,1.1249,211524
2021-02-04,1.1265999999999998,1.134,1.1062,1.115,274032
2021-02-05,1.125,1.146,1.1222,1.1399000000000001,165836
2021-02-08,1.1382,1.1395,1.075,1.092,260500
2021-02-09,1.1,1.1429,1.095,1.1302999999999999,203704
2021-02-17,1.1405,1.1765999999999999,1.1401,1.1765999999999999,117832
2021-02-18,1.183,1.1873,1.1665999999999999,1.1873,120131
2021-02-19,1.176,1.1933,1.1689,1.178,168285
2021-02-22,1.1824000000000001,1.1998,1.1690999999999998,1.1730999999999998,183570
2021-02-23,1.1781,1.1979000000000002,1.1762000000000001,1.1864000000000001,214381
2021-02-24,1.1913,1.1998,1.1482,1.162,208243
2021-02-25,1.177,1.182,1.1597,1.182,207220
2021-02-26,1.1618,1.1799000000000002,1.1461,1.174,200027
2021-03-01,1.1835,1.194,1.1824000000000001,1.193,104843
2021-03-02,1.1981,1.2015,1.186,1.194,137512
2021-03-03,1.1922000000000001,1.2005,1.1902000000000001,1.1995,125104
2021-03-04,1.1959000000000002,1.2007,1.165,1.1813,186086
2021-03-05,1.1689,1.1754,1.1597,1.169,169038
2021-03-08,1.1805999999999999,1.1834,1.1605999999999999,1.165,157416
2021-03-09,1.1650999999999998,1.171,1.149,1.1585,190726
2021-03-10,1.1619000000000002,1.1789,1.1562000000000001,1.1789,175676
2021-03-11,1.185,1.1943,1.1841,1.1913,126937
2021-03-12,1.1929,1.1942000000000002,1.1835,1.19,118929
2021-03-15,1.189,1.192,1.1865999999999999,1.1887999999999999,79779
2021-03-16,1.1910999999999998,1.1915,1.1801,1.1862000000000001,98266
2021-03-17,1.1841,1.1978,1.1827,1.1978,116835
2021-03-18,1.2041,1.212,1.203,1.2115,83601
2021-03-19,1.2039000000000002,1.2105,1.1992,1.208,114105
2021-03-22,1.2076,1.2099000000000002,1.1924000000000001,1.1924000000000001,127426
2021-03-23,1.1957,1.1959000000000002,1.1799000000000002,1.1845,138578
2021-03-24,1.1785,1.179,1.155,1.1709,162190
2021-03-25,1.172,1.1779000000000002,1.1581,1.162,209777
2021-03-26,1.1642000000000001,1.175,1.1438,1.173,225707
2021-03-29,1.1767999999999998,1.187,1.1665999999999999,1.183,166664
2021-03-30,1.1827999999999999,1.1944000000000001,1.1790999999999998,1.1912,130595
2021-03-31,1.1925,1.1999000000000002,1.189,1.1919000000000002,154028
2021-04-01,1.193,1.237,1.1918,1.2355,158449
2021-04-02,1.241,1.249,1.2325,1.234,135248
2021-04-05,1.241,1.2586,1.2395,1.257,140627
2021-04-06,1.2568,1.259,1.246,1.2521,159608
2021-04-07,1.2495,1.2566,1.2475999999999998,1.252,101647
2021-04-08,1.2530999999999999,1.2589000000000001,1.241,1.2432,125107
2021-04-09,1.2448,1.2539,1.2385,1.2519,113707
2021-04-12,1.26,1.2819,1.2570999999999999,1.2746,123106
2021-04-13,1.2802,1.2960999999999998,1.267,1.271,190747
2021-04-14,1.268,1.293,1.2655,1.292,177208
2021-04-15,1.2948,1.2989000000000002,1.2825,1.2839,154811
2021-04-16,1.2835,1.2855,1.2561,1.2735,204021
2021-04-19,1.276,1.312,1.2715999999999998,1.312,185665
2021-04-20,1.316,1.334,1.2821,1.3,280266
2021-04-22,1.301,1.3128,1.2612,1.2612,247552
2021-04-23,1.2609000000000001,1.2967,1.2490999999999999,1.2967,272343
2021-04-26,1.297,1.3064,1.2497,1.254,265871
2021-04-27,1.253,1.2778,1.253,1.265,253877
2021-04-28,1.268,1.2887,1.261,1.275,222974
2021-04-29,1.285,1.305,1.2822,1.301,193860
2021-05-04,1.278,1.3271,1.2732,1.32,193972
2021-05-05,1.3232000000000002,1.3527,1.3200999999999998,1.3359,224033
2021-05-06,1.3406,1.3439,1.3271,1.3365,253034
2021-05-07,1.3362,1.3397999999999999,1.314,1.3237999999999999,209572
2021-05-10,1.3232000000000002,1.375,1.3228,1.375,189654
2021-05-11,1.3735,1.385,1.3483,1.3500999999999999,274860
2021-05-12,1.3475,1.384,1.3384,1.3820999999999999,302367
2021-05-13,1.376,1.3837000000000002,1.3600999999999999,1.3639000000000001,273637
2021-05-14,1.3722,1.3917,1.369,1.374,248354
2021-05-17,1.3820999999999999,1.3882999999999999,1.365,1.367,189026
2021-05-18,1.3719000000000001,1.3796,1.3605999999999998,1.375,212394
2021-05-19,1.3733,1.4074,1.3731,1.4049,181066
2021-05-20,1.4071,1.425,1.3971,1.425,149062
2021-05-21,1.4124,1.423,1.4064,1.414,194846
2021-05-24,1.415,1.4285,1.4142000000000001,1.426,166655
2021-05-25,1.427,1.4433,1.4235,1.438,143103
2021-05-26,1.439,1.453,1.4367,1.453,169576
2021-05-27,1.453,1.456,1.43,1.43,173927
2021-05-28,1.4342000000000001,1.4647999999999999,1.4336,1.4625,176803
2021-05-31,1.4599000000000002,1.4808,1.443,1.4795,211791
2021-06-01,1.485,1.4974,1.4757,1.4875999999999998,166167
2021-06-02,1.4875,1.4944000000000002,1.468,1.4818,212421
2021-06-03,1.4865,1.5075,1.4830999999999999,1.504,181274
2021-06-04,1.5046,1.5109000000000001,1.4955,1.5059,185937
2021-06-07,1.507,1.5092,1.473,1.485,195761
2021-06-08,1.4881,1.4984000000000002,1.4,1.4299000000000002,266105
2021-06-09,1.4399000000000002,1.4738,1.426,1.459,301935
2021-06-10,1.4609,1.47,1.438,1.453,344106
2021-06-11,1.4589,1.4949000000000001,1.4562,1.4932,231157
2021-06-14,1.4942,1.5092999999999999,1.4852,1.4975,202777
2021-06-15,1.4981,1.5058,1.4861,1.491,244831
2021-06-16,1.4907000000000001,1.4943,1.4615,1.4689,252886
2021-06-17,1.462,1.4727999999999999,1.452,1.4639000000000002,179293
2021-06-18,1.47,1.4917,1.469,1.485,212425
2021-06-21,1.476,1.487,1.471,1.4741,199586
2021-06-22,1.4848,1.5009000000000001,1.4832,1.4904000000000002,151809
2021-06-23,1.4925,1.5041,1.484,1.4904000000000002,207102
2021-06-24,1.4975999999999998,1.503,1.478,1.488,205558
2021-06-25,1.4965,1.505,1.484,1.505,187228
2021-06-28,1.5090999999999999,1.5255,1.5075,1.5238,146579
2021-06-29,1.5241,1.5354,1.5223,1.5339,167492
2021-06-30,1.5341,1.5429000000000002,1.528,1.5292000000000001,166164
2021-07-01,1.532,1.549,1.5255,1.549,192481
2021-07-02,1.551,1.558,1.547,1.5560999999999998,181560
2021-07-05,1.56,1.568,1.5334,1.568,220816
2021-07-06,1.566,1.5693,1.501,1.501,209651
2021-07-07,1.515,1.5369000000000002,1.492,1.535,293790
2021-07-08,1.5325,1.538,1.5,1.513,304982
2021-07-09,1.509,1.53,1.48,1.497,304132
2021-07-12,1.503,1.5038,1.401,1.4439000000000002,398800
2021-07-13,1.442,1.4587999999999999,1.416,1.4469,355237
2021-07-14,1.4485,1.451,1.3953,1.409,321671
2021-07-15,1.4108,1.4401,1.403,1.4318,246696
2021-07-16,1.4350999999999998,1.449,1.4342000000000001,1.44,252074
2021-07-19,1.4148,1.415,1.3665999999999998,1.368,308084
2021-07-20,1.374,1.4094,1.3580999999999999,1.405,358331
2021-07-21,1.411,1.4177,1.395,1.402,266534
2021-07-22,1.4045999999999998,1.437,1.402,1.4270999999999998,243782
2021-07-23,1.4247999999999998,1.4305,1.401,1.401,339320
2021-07-26,1.3999000000000001,1.417,1.383,1.4081,314541
2021-07-27,1.413,1.426,1.4051,1.4053,295627
2021-07-28,1.4051,1.418,1.4,1.4078,315029
2021-07-29,1.416,1.4310999999999998,1.414,1.4310999999999998,266397
2021-07-30,1.4305999999999999,1.4465999999999999,1.4272,1.445,235586
2021-08-02,1.4465999999999999,1.4581,1.4423,1.4479000000000002,216811
2021-08-03,1.4497,1.475,1.4470999999999998,1.475,308827
2021-08-04,1.473,1.481,1.4616,1.4709,253070
2021-08-05,1.468,1.4914,1.4661,1.4870999999999999,249598
2021-08-06,1.4872999999999998,1.4912,1.4715,1.4729,216366
2021-08-09,1.4699,1.5035,1.468,1.5005,198106
2021-08-10,1.5012,1.5075,1.4855,1.4941,274461
2021-08-11,1.496,1.5055,1.486,1.486,244986
2021-08-12,1.4869,1.493,1.4724000000000002,1.4770999999999999,274294
2021-08-13,1.48,1.485,1.4633,1.485,271182
2021-08-16,1.4852,1.5041,1.4852,1.503,171376
2021-08-17,1.5078,1.5085,1.4875,1.493,211704
2021-08-18,1.495,1.5052,1.4850999999999999,1.4909000000000001,233286
2021-08-19,1.493,1.5029000000000001,1.4843,1.5,182275
2021-08-20,1.4928,1.4932,1.425,1.445,291240
2021-08-23,1.4444000000000001,1.4477,1.4081,1.4112,355898
2021-08-24,1.415,1.4277,1.407,1.4150999999999998,320767
2021-08-25,1.4178,1.432,1.41,1.4315,278294
2021-08-26,1.4304000000000001,1.432,1.4021,1.4067,243290
2021-08-27,1.4095,1.4229,1.39,1.42,354844
2021-08-30,1.423,1.4353,1.4225,1.4329,196331
2021-08-31,1.4330999999999998,1.4345,1.421,1.427,192383
2021-09-01,1.4270999999999998,1.435,1.4225999999999999,1.4285999999999999,212896
2021-09-06,1.4338,1.445,1.431,1.4445999999999999,148530
2021-09-07,1.4452,1.4498,1.436,1.441,170759
2021-09-08,1.4417,1.442,1.4276,1.4310999999999998,192479
2021-09-09,1.4307,1.446,1.4298,1.446,159355
2021-09-10,1.4472,1.4533,1.4423,1.4470999999999998,153049
2021-09-13,1.4453,1.4487999999999999,1.4370999999999998,1.442,136105
2021-09-14,1.441,1.4452,1.4345,1.4365,134355
2021-09-15,1.4375,1.451,1.4347999999999999,1.4475,134646
2021-09-16,1.4479000000000002,1.4538,1.4457,1.4498,106700
2021-09-17,1.4443,1.4578,1.4433,1.4567999999999999,134748
2021-09-20,1.46,1.467,1.452,1.452,144551
2021-09-21,1.446,1.4474,1.4254,1.44,228417
2021-09-22,1.4414,1.4439000000000002,1.4336,1.4407999999999999,161234
2021-09-23,1.4478,1.4555,1.4455,1.45,143800
2021-09-24,1.4546,1.456,1.4461,1.4499000000000002,142418
2021-09-27,1.4523,1.4544000000000001,1.434,1.434,132944
2021-09-28,1.43,1.4544000000000001,1.4295,1.4544000000000001,163465
2021-09-29,1.4490999999999998,1.4525,1.4334,1.4492,236111
2021-09-30,1.451,1.4585,1.448,1.452,183857
2021-10-01,1.441,1.4465,1.436,1.441,180114
2021-10-04,1.441,1.4447999999999999,1.434,1.4403,137078
2021-10-05,1.4379000000000002,1.4498,1.4376,1.449,117088
2021-10-06,1.4512,1.4535,1.4470999999999998,1.452,105801
2021-10-07,1.4574,1.4595,1.4527999999999999,1.4547999999999999,94624
2021-10-08,1.458,1.477,1.4574,1.4745,118668
2021-10-11,1.4755,1.5148,1.4755,1.5135,132442
2021-10-12,1.5135,1.514,1.4995,1.51,161659
2021-10-13,1.513,1.5226,1.5021,1.5030999999999999,175902
2021-10-14,1.5085,1.5149000000000001,1.5,1.5059,179589
2021-10-15,1.51,1.5167,1.5003,1.5045,148017
2021-10-18,1.5050999999999999,1.522,1.5050999999999999,1.5105,148905
2021-10-19,1.5110999999999999,1.5135,1.5030999999999999,1.5106,151954
2021-10-20,1.513,1.5175,1.451,1.504,166752
2021-10-21,1.5072,1.5095,1.489,1.489,135082
2021-10-22,1.4952,1.4969000000000001,1.4853,1.492,119964
2021-10-25,1.495,1.495,1.478,1.478,132334
2021-10-26,1.477,1.4890999999999999,1.4682,1.489,151082
2021-10-27,1.4883,1.5265,1.4875,1.5232999999999999,157322
2021-10-28,1.5232999999999999,1.5359,1.5172,1.5323,150253
2021-10-29,1.532,1.54,1.5265,1.5337,151803
2021-11-01,1.535,1.5357,1.5181,1.5227,124238
2021-11-02,1.522,1.5287,1.5186,1.5241,120853
2021-11-03,1.5244000000000002,1.5383,1.5201,1.5285,174162
2021-11-04,1.5305,1.5352000000000001,1.5231,1.5298,142712
2021-11-05,1.5292999999999999,1.5395999999999999,1.5265,1.5351,99948
2021-11-08,1.5375999999999999,1.5455,1.5335999999999999,1.5377,112026
2021-11-09,1.538,1.539,1.5205,1.5255,131279
2021-11-10,1.525,1.5349000000000002,1.5186,1.5292999999999999,114035
2021-11-11,1.5275999999999998,1.53,1.506,1.513,184754
2021-11-12,1.5146,1.532,1.5050999999999999,1.5307,149193
2021-11-15,1.533,1.5366,1.5214,1.5278,118479
2021-11-16,1.5278,1.5295,1.5146,1.5172999999999999,153589
2021-11-17,1.5161,1.5232999999999999,1.5142,1.5204000000000002,104400
2021-11-18,1.5219,1.5223,1.5041,1.5041,99965
2021-11-19,1.5058,1.5232,1.488,1.5025,159956
2021-11-22,1.5035999999999998,1.5219,1.4984000000000002,1.5125,151792
2021-11-23,1.5126,1.5289000000000001,1.509,1.5289000000000001,109728
2021-11-24,1.5335,1.565,1.5295999999999998,1.5620999999999998,150549
2021-11-25,1.5645,1.575,1.5615,1.5666,124797
2021-11-26,1.5646,1.577,1.553,1.5567,144438
2021-11-29,1.548,1.552,1.5362,1.5519,154630
2021-11-30,1.556,1.5637,1.5332999999999999,1.5371,169222
2021-12-01,1.5369000000000002,1.5539,1.5303,1.5539,164930
2021-12-02,1.5499,1.5544,1.5395999999999999,1.54,137071
2021-12-03,1.545,1.5479,1.509,1.509,155487
2021-12-06,1.5081,1.5135,1.4661,1.4802,202912
2021-12-07,1.49,1.512,1.487,1.512,166399
2021-12-08,1.5157,1.5184000000000002,1.508,1.511,152650
2021-12-09,1.5128,1.533,1.51,1.532,128284
2021-12-10,1.531,1.5325,1.5125,1.5205,164139
2021-12-13,1.5269000000000001,1.5274,1.5161,1.5259,119311
2021-12-14,1.5239,1.53,1.5132,1.5185,149559
2021-12-15,1.5185,1.5275,1.5141,1.5201,125529
2021-12-16,1.5255,1.527,1.4602,1.51,124612
2021-12-17,1.514,1.5249000000000001,1.5126,1.52,132974
2021-12-20,1.512,1.5175,1.4952,1.508,135638
2021-12-21,1.511,1.5195,1.5089000000000001,1.5125,121868
2021-12-22,1.5155999999999998,1.5197,1.5,1.508,132208
2021-12-23,1.5067000000000002,1.5078,1.4750999999999999,1.4882,195699
2021-12-24,1.488,1.512,1.4842,1.509,143620
2021-12-27,1.5135,1.5188,1.5012999999999999,1.516,125770
2021-12-28,1.518,1.5245,1.5095,1.5202,142193
2021-12-29,1.522,1.5264000000000002,1.517,1.519,104588
2021-12-30,1.5189000000000001,1.5335,1.5182,1.5255,102713
2021-12-31,1.5279,1.542,1.5272999999999999,1.537,112972
2022-01-04,1.5449000000000002,1.563,1.5429000000000002,1.5585,82662
2022-01-05,1.5575999999999999,1.5605,1.5480999999999998,1.549,81630
2022-01-06,1.544,1.557,1.5435,1.5451,94415
2022-01-07,1.5479,1.548,1.5331,1.5395999999999999,109279
2022-01-10,1.54,1.5403,1.5131,1.5131,107307
2022-01-11,1.515,1.5187,1.4995,1.5035999999999998,129109
2022-01-12,1.5001,1.5289000000000001,1.4861,1.5289000000000001,177369
2022-01-13,1.5301,1.5419,1.5224000000000002,1.5257,151811
2022-01-14,1.5195,1.5323,1.515,1.5201,142052
2022-01-17,1.5229000000000001,1.5254,1.4782,1.48,178669
2022-01-18,1.475,1.4899,1.4662,1.4825,172531
2022-01-19,1.4829,1.4965,1.4765,1.482,164016
2022-01-20,1.4838,1.4958,1.4801,1.4926,110419
2022-01-21,1.493,1.5038,1.4908,1.4989000000000001,126276
2022-01-24,1.496,1.496,1.466,1.4682,158883
2022-01-25,1.4687000000000001,1.5039,1.4652,1.5039,208041
2022-01-26,1.51,1.525,1.509,1.519,159574
2022-01-27,1.5132999999999999,1.5165,1.4985,1.512,140195
2022-01-28,1.5182,1.5345,1.5171,1.528,146392
2022-02-07,1.5439,1.548,1.53,1.5328,83370
2022-02-08,1.5328,1.5437,1.5274,1.5355,111985
2022-02-09,1.54,1.5559,1.54,1.541,133395
2022-02-10,1.544,1.5445,1.5285,1.5425,135635
2022-02-11,1.5389000000000002,1.5459,1.5349000000000002,1.543,123536
2022-02-14,1.5355,1.536,1.5101,1.5101,155910
2022-02-15,1.5110999999999999,1.5275,1.511,1.522,135768
2022-02-16,1.528,1.5324,1.5145,1.521,154199
2022-02-17,1.522,1.5402,1.5212999999999999,1.5402,132651
2022-02-21,1.5232,1.5315,1.521,1.53,103489
2022-02-22,1.5179,1.5197,1.5014,1.5175,177125
2022-02-23,1.5261,1.535,1.5244000000000002,1.5292999999999999,116662
2022-02-24,1.52,1.5262,1.5025,1.5147,204657
2022-02-25,1.526,1.5299,1.517,1.517,127879
2022-02-28,1.511,1.5188,1.5075999999999998,1.5112,128545
2022-03-01,1.5178,1.5182,1.5121,1.5155999999999998,107865
2022-03-02,1.512,1.513,1.4958,1.502,173354
2022-03-03,1.5085,1.5175,1.5028,1.5175,139237
2022-03-04,1.5148,1.5175,1.51,1.513,117730
2022-03-07,1.496,1.5078,1.496,1.5042,121171
2022-03-08,1.4987000000000001,1.4994,1.4842,1.4903,147557
2022-03-09,1.494,1.4958,1.4862,1.4908,132245
2022-03-10,1.5005,1.5019,1.49,1.49,110620
2022-03-11,1.4867000000000001,1.4875,1.4710999999999999,1.476,154986
2022-03-14,1.4752,1.476,1.456,1.4634,157699
2022-03-15,1.4621,1.4697,1.4579000000000002,1.4645,146815
2022-03-16,1.471,1.4750999999999999,1.4652,1.4718,119620
2022-03-17,1.4775,1.4788,1.468,1.4722,113309
2022-03-21,1.4797,1.4961,1.4790999999999999,1.4949000000000001,109890
2022-03-22,1.4981,1.5055,1.494,1.5,116675
2022-03-23,1.5027000000000001,1.5102,1.4948,1.4972,135207
2022-03-24,1.4955,1.4995,1.491,1.494,123052
2022-03-25,1.4970999999999999,1.4970999999999999,1.488,1.494,118347
2022-03-28,1.4890999999999999,1.4908,1.4755,1.4835,122542
2022-03-29,1.4855,1.4935,1.4845,1.4934,100343
2022-03-30,1.4894,1.5039,1.4861,1.4898,165435
2022-03-31,1.492,1.4994,1.49,1.496,92519
2022-04-01,1.493,1.528,1.4922,1.525,157870
2022-04-04,1.5294,1.5372999999999999,1.5266,1.5284,103234
2022-04-05,1.5269000000000001,1.5327,1.5235,1.5252999999999999,105702
2022-04-06,1.519,1.5506,1.5178,1.5403,189989
2022-04-07,1.543,1.5445,1.5294,1.5298,145311
2022-04-08,1.5284,1.5352999999999999,1.5239,1.5239,135137
2022-04-12,1.5259,1.5266,1.5072,1.5094,168130
2022-04-13,1.5114,1.5212,1.5112999999999999,1.5197,133661
2022-04-14,1.5222,1.5246,1.509,1.5125,128856
2022-04-15,1.5118,1.5174,1.4926,1.4926,168960
2022-04-18,1.4948,1.4948,1.4730999999999999,1.479,2584
2022-04-19,1.479,1.484,1.455,1.4578,12304
2022-04-20,1.462,1.462,1.433,1.439,14907
2022-04-21,1.4449,1.4557,1.432,1.45,26273
2022-04-22,1.4423,1.4598,1.4347,1.445,226792
2022-04-25,1.4429,1.4456,1.3453,1.3531,283121
2022-04-26,1.3560999999999999,1.3932,1.3271,1.391,393901
2022-04-27,1.379,1.406,1.3580999999999999,1.401,311802
2022-04-28,1.3997,1.4067,1.388,1.392,256204
2022-04-29,1.395,1.4216,1.3896,1.409,247602
2022-05-04,1.4082999999999999,1.41,1.383,1.383,212170
2022-05-05,1.392,1.4036,1.3725999999999998,1.4025,231376
2022-05-06,1.382,1.3962999999999999,1.3588,1.362,301422
2022-05-09,1.3537000000000001,1.3558,1.3,1.3080999999999998,328581
2022-05-10,1.2997999999999998,1.3409,1.2911,1.335,361688
2022-05-11,1.335,1.349,1.3182,1.337,297741
2022-05-12,1.334,1.334,1.262,1.27,346875
2022-05-13,1.272,1.2880999999999998,1.2147000000000001,1.225,438129
2022-05-16,1.24,1.2619,1.212,1.212,354554
2022-05-17,1.22,1.283,1.2043,1.2809000000000001,364556
2022-05-18,1.2809000000000001,1.3048,1.2652999999999999,1.281,411644
2022-05-19,1.255,1.2929000000000002,1.2517,1.283,309742
2022-05-20,1.283,1.2992000000000001,1.2598,1.2768,317137
2022-05-23,1.289,1.289,1.2381,1.2530999999999999,324795
2022-05-24,1.253,1.2711,1.234,1.267,389720
2022-05-25,1.275,1.306,1.2685,1.2993,318793
2022-05-26,1.302,1.3105,1.2920999999999998,1.3009000000000002,279405
2022-05-27,1.3060999999999998,1.3288,1.3051,1.3225,255713
2022-05-30,1.3297,1.331,1.3195999999999999,1.3256,204143
2022-05-31,1.3262,1.3268,1.3105,1.3205,225070
2022-06-01,1.3185,1.3375,1.316,1.326,326533
2022-06-02,1.311,1.33,1.311,1.315,253099
2022-06-03,1.318,1.3239,1.3055999999999999,1.3185,233565
2022-06-06,1.3207,1.332,1.315,1.315,224785
2022-06-07,1.315,1.3155,1.2933,1.315,278664
2022-06-08,1.321,1.342,1.3197999999999999,1.333,267430
2022-06-09,1.3324,1.339,1.327,1.3353,264559
2022-06-10,1.328,1.3337999999999999,1.3111,1.3111,232693
2022-06-13,1.284,1.2899,1.2574,1.2602,332829
2022-06-14,1.2548,1.2725,1.25,1.2683,353777
2022-06-15,1.268,1.2705,1.2353,1.2512999999999999,357051
2022-06-16,1.261,1.2865,1.2607000000000002,1.286,284892
2022-06-17,1.2475,1.249,1.2152,1.2452,455234
2022-06-20,1.2448,1.2494,1.212,1.212,405214
2022-06-21,1.2167999999999999,1.24,1.2105,1.228,504864
2022-06-22,1.2337,1.2409000000000001,1.216,1.216,404908
2022-06-23,1.222,1.2303,1.2163,1.2278,337136
2022-06-24,1.236,1.2379,1.226,1.227,244016
2022-06-27,1.236,1.2479,1.234,1.2479,219072
2022-06-28,1.246,1.2665,1.2427000000000001,1.261,259004
2022-06-29,1.255,1.2629000000000001,1.2510999999999999,1.2605,290695
2022-06-30,1.262,1.2648,1.2401,1.2401,256951
2022-07-01,1.241,1.2435,1.2215,1.242,332852
2022-07-04,1.247,1.2521,1.2381,1.242,245644
2022-07-05,1.2483,1.2519,1.234,1.2349,332002
2022-07-06,1.2348,1.2348,1.2134,1.218,399286
2022-07-07,1.2157,1.2262,1.213,1.225,319536
2022-07-08,1.2305,1.2318,1.2235,1.225,210770
2022-07-11,1.221,1.2218,1.1970999999999998,1.2007,228673
2022-07-12,1.202,1.216,1.2019000000000002,1.2135,224734
2022-07-13,1.215,1.2201,1.2095,1.21,251969
2022-07-14,1.2067999999999999,1.2179,1.2044000000000001,1.2157,242699
2022-07-15,1.219,1.2218,1.2092,1.2101,220851
2022-07-18,1.2182,1.221,1.2122,1.2154,179182
2022-07-19,1.2139000000000002,1.2164000000000001,1.2081,1.213,196947
2022-07-20,1.2235,1.2308,1.2214,1.2261,189723
2022-07-21,1.2253,1.242,1.2252,1.2341,203851
2022-07-22,1.2305,1.234,1.2233,1.2255999999999998,206418
2022-07-25,1.2219,1.2247000000000001,1.2172,1.2219,187113
2022-07-26,1.2221,1.2255,1.2173,1.2189,154394
2022-07-27,1.216,1.223,1.213,1.223,163202
2022-07-28,1.2288,1.2372999999999998,1.2283,1.2315999999999998,164382
2022-07-29,1.2368,1.2369,1.2290999999999999,1.2307000000000001,167089
2022-08-01,1.2321,1.246,1.231,1.2444000000000002,201273
2022-08-02,1.2447000000000001,1.2494,1.2383,1.2459,185715
2022-08-03,1.2454,1.2529000000000001,1.242,1.25,220995
2022-08-04,1.256,1.26,1.2522,1.2575,194731
2022-08-05,1.259,1.2645,1.2547000000000001,1.2645,177460
2022-08-08,1.2635,1.2678,1.2612999999999999,1.266,136604
2022-08-09,1.2645,1.2758,1.2641,1.2727,195809
2022-08-10,1.271,1.2738,1.2686,1.2706,139226
2022-08-11,1.2827,1.288,1.268,1.268,201773
2022-08-12,1.268,1.2801,1.2662,1.2801,169296
2022-08-15,1.2852000000000001,1.2945,1.2847,1.293,183149
2022-08-16,1.2967,1.2975,1.2914,1.2969000000000002,181175
2022-08-17,1.2997999999999998,1.3112000000000001,1.2985,1.309,186828
2022-08-18,1.3069000000000002,1.3129000000000002,1.3046,1.3048,161249
2022-08-19,1.2920999999999998,1.2920999999999998,1.2761,1.281,191773
2022-08-22,1.275,1.2789000000000001,1.2703,1.271,182989
2022-08-23,1.2657,1.2831,1.2644000000000002,1.2831,186697
2022-08-24,1.282,1.2878,1.2784,1.2852000000000001,189828
2022-08-25,1.287,1.3043,1.2869000000000002,1.303,186414
2022-08-26,1.3052000000000001,1.3059,1.29,1.293,216003
2022-08-29,1.2709000000000001,1.286,1.2647,1.286,236496
2022-08-30,1.2887,1.2957,1.2803,1.287,248903
2022-08-31,1.282,1.2985,1.2775999999999998,1.2939,260355
2022-09-05,1.294,1.2985,1.2825,1.286,237070
2022-09-06,1.2875,1.2959,1.2866,1.29,230645
2022-09-07,1.283,1.2868,1.265,1.265,251300
2022-09-08,1.2695,1.2755999999999998,1.2634,1.2641,297182
2022-09-09,1.269,1.275,1.2592,1.275,251090
2022-09-12,1.281,1.2832000000000001,1.2751,1.2768,153315
2022-09-13,1.2783,1.2788,1.272,1.272,147214
2022-09-14,1.252,1.262,1.248,1.259,194063
2022-09-15,1.261,1.2635,1.2566,1.2622,147137
2022-09-16,1.2541,1.2543,1.2332,1.237,175111
2022-09-19,1.239,1.239,1.218,1.2235,263820
2022-09-20,1.228,1.2354,1.2216,1.2327000000000001,228800
2022-09-21,1.228,1.229,1.2135,1.2196,297328
2022-09-22,1.208,1.225,1.2037,1.225,266297
2022-09-23,1.2219,1.223,1.204,1.21,281222
2022-09-26,1.199,1.199,1.1736,1.192,312371
2022-09-27,1.1907,1.1963,1.183,1.185,300289
2022-09-28,1.1735,1.178,1.1609,1.165,349877
2022-09-29,1.1769,1.1769,1.148,1.148,271924
2022-09-30,1.1439000000000001,1.1647,1.1364,1.15,340512
2022-10-03,1.145,1.147,1.0968,1.1025999999999998,380554
2022-10-04,1.1135,1.125,1.0939,1.102,412460
2022-10-05,1.114,1.1344,1.1133,1.1152,371725
2022-10-06,1.1185,1.1194000000000002,1.08,1.08,415369
2022-10-07,1.065,1.072,1.025,1.0322,446339
2022-10-10,1.0101,1.05,1.0061,1.0325,424593
2022-10-11,1.024,1.0275999999999998,0.9797,0.989,434143
2022-10-12,0.9967,1.0389000000000002,0.995,1.0251,419387
2022-10-13,1.0275,1.0395999999999999,1.0046,1.0395999999999999,499633
2022-10-14,1.06,1.067,1.0437,1.048,300190
2022-10-17,1.036,1.05,1.0174,1.05,308351
2022-10-18,1.0551,1.0697999999999999,1.0489000000000002,1.0579,352172
2022-10-19,1.0587,1.0595,1.0455,1.053,331477
2022-10-20,1.0452000000000001,1.0597,1.0397,1.058,280262
2022-10-21,1.0386,1.0388,0.9816,0.985,417973
2022-10-24,0.9955,0.996,0.9302,0.942,462554
2022-10-25,0.94,0.985,0.9321,0.961,644884
2022-10-26,0.97,0.9766,0.9544,0.9675,469459
2022-10-27,0.9755,1.025,0.9721000000000001,1.025,474823
2022-10-28,1.0272000000000001,1.0369000000000002,1.0136,1.016,445015
2022-10-31,1.0238,1.0279,0.9843,1.024,481272
2022-11-01,1.0301,1.047,1.018,1.018,478966
2022-11-02,1.0151000000000001,1.0288,1.003,1.021,487889
2022-11-03,1.011,1.024,1.0011,1.0011,393434
2022-11-04,0.9952000000000001,0.9962000000000001,0.9581000000000001,0.98,491068
2022-11-07,0.9802000000000001,0.991,0.95,0.95,429399
2022-11-08,0.9451,0.9855,0.935,0.9721000000000001,435319
2022-11-09,0.9769,0.988,0.9555,0.959,410520
2022-11-10,0.951,0.9596,0.9054,0.9128,469249
2022-11-11,0.9341,0.9598,0.9305,0.938,533652
2022-11-14,0.934,0.938,0.9127000000000001,0.932,592403
2022-11-15,0.926,0.9269,0.8846,0.895,533665
2022-11-16,0.8761,0.9576,0.8606,0.9576,566744
2022-11-17,0.953,0.9738,0.9502,0.9725,291529
2022-11-18,0.9601000000000001,0.9755,0.9385,0.963,525965
2022-11-21,0.9692999999999999,0.971,0.9382,0.9382,443488
2022-11-22,0.933,0.99,0.926,0.926,588279
2022-11-23,0.933,0.948,0.9158,0.9241,541427
2022-11-24,0.921,0.9398,0.918,0.9389,445450
2022-11-25,0.9465,0.969,0.9452999999999999,0.969,363721
2022-11-28,0.975,1.008,0.9723999999999999,0.9937,381565
2022-11-29,0.9923,1.0155,0.9866,1.0155,411056
2022-11-30,1.02,1.0312999999999999,1.0097,1.0279,403846
2022-12-01,1.041,1.0597999999999999,1.029,1.029,415110
2022-12-02,1.029,1.101,1.025,1.101,430013
2022-12-05,1.108,1.128,1.0867,1.104,472192
2022-12-06,1.103,1.103,1.046,1.046,477035
2022-12-07,1.04,1.0622,1.0341,1.0533,503186
2022-12-08,1.0528,1.1055,1.0515,1.055,536826
2022-12-09,1.0588,1.084,1.0460999999999998,1.07,566948
2022-12-12,1.07,1.0743,1.0352000000000001,1.0352000000000001,405984
2022-12-13,1.0394,1.058,1.026,1.058,440942
2022-12-14,1.068,1.0713,1.0485,1.0595999999999999,382549
2022-12-15,1.0594000000000001,1.079,1.0566,1.0651,278784
2022-12-16,1.0592000000000001,1.076,1.0537999999999998,1.06,298058
2022-12-19,1.0533,1.076,1.045,1.045,294376
2022-12-20,1.0415,1.044,1.0063,1.027,414837
2022-12-21,1.03,1.039,1.009,1.037,407905
2022-12-22,1.0435,1.0455999999999999,1.026,1.0377,363417
2022-12-23,1.0311,1.045,1.0162,1.0348,364086
2022-12-26,1.0303,1.032,0.9863999999999999,0.9863999999999999,379662
2022-12-27,0.99,1.011,0.9821,1.001,410156
2022-12-28,0.998,1.0179,0.9909,1.008,382256
2022-12-29,1.003,1.0145,0.993,0.993,348826
2022-12-30,0.9979,1.0103,0.9952000000000001,1.0045,274298
2023-01-03,0.9997999999999999,1.0455,0.9997999999999999,1.0455,318703
2023-01-04,1.0460999999999998,1.0542,1.0385,1.0427,341378
2023-01-05,1.045,1.061,1.0432000000000001,1.0537999999999998,262657
2023-01-06,1.0535,1.068,1.046,1.051,333870
2023-01-09,1.059,1.064,1.05,1.0535999999999999,266210
2023-01-10,1.0511,1.0628,1.0474,1.0566,290594
2023-01-11,1.0619,1.073,1.0606,1.0627,260926
2023-01-12,1.067,1.0691,1.0562,1.0652000000000001,239097
2023-01-13,1.071,1.0757,1.0622,1.0691,240686
2023-01-16,1.0707,1.0757999999999999,1.0642,1.0752000000000002,207203
2023-01-17,1.08,1.1074000000000002,1.0785,1.107,270106
2023-01-18,1.1036,1.1224,1.1036,1.1173,267205
2023-01-19,1.1144,1.124,1.1128,1.121,220815
2023-01-27,1.1389,1.1458,1.1222999999999999,1.127,178930
2023-01-30,1.125,1.129,1.1098,1.1098,209140
2023-01-31,1.1084,1.1269,1.0975,1.125,215071
2023-02-01,1.1299000000000001,1.1305999999999998,1.0845,1.0885,321317
2023-02-02,1.09,1.1013,1.0762,1.088,353621
2023-02-03,1.0935,1.0935,1.08,1.0819,236022
2023-02-06,1.078,1.0951,1.0685,1.0906,284739
2023-02-07,1.0911,1.0939,1.0620999999999998,1.0673,278669
2023-02-08,1.07,1.084,1.0655,1.072,289877
2023-02-09,1.0686,1.077,1.057,1.057,371900
2023-02-10,1.0569000000000002,1.059,1.0440999999999998,1.045,267210
2023-02-13,1.0429000000000002,1.046,1.0216,1.0386,289504
2023-02-14,1.041,1.041,1.0261,1.0309000000000001,276789
2023-02-15,1.031,1.051,1.0275999999999998,1.037,348400
2023-02-16,1.041,1.0537,1.0386,1.0523,240686
2023-02-17,1.051,1.0526,1.0405,1.049,294696
2023-02-20,1.05,1.091,1.0499,1.088,296182
2023-02-21,1.0896,1.0927,1.0760999999999998,1.0760999999999998,284158
2023-02-22,1.0648,1.0706,1.0438,1.0438,309129
2023-02-23,1.0458,1.048,1.025,1.048,356692
2023-02-24,1.045,1.0477,1.0121,1.02,329590
2023-02-27,1.0174,1.02,1.0031,1.011,317053
2023-02-28,1.0145,1.0228,1.0057,1.008,306067
2023-03-01,1.0036,1.035,0.9981,1.032,407520
2023-03-02,1.031,1.036,1.0201,1.024,336940
2023-03-03,1.028,1.0321,1.0052,1.0052,362071
2023-03-06,1.0136,1.036,1.01,1.01,374052
2023-03-07,1.02,1.041,1.0186,1.0279,448337
2023-03-08,1.017,1.038,1.0136,1.038,359046
2023-03-09,1.0427,1.0577999999999999,1.036,1.0507,346144
2023-03-10,1.0429000000000002,1.0497999999999998,1.0311,1.0497999999999998,336515
2023-03-13,1.0435,1.0547,1.043,1.048,319637
2023-03-14,1.0438,1.0472000000000001,1.0326,1.0379,273841
2023-03-15,1.0513,1.069,1.0513,1.063,313927
2023-03-16,1.058,1.0595,1.0411,1.043,292482
2023-03-17,1.0563,1.0577999999999999,1.0412000000000001,1.0451,298289
2023-03-20,1.04,1.0400999999999998,1.0171000000000001,1.0224,291579
2023-03-21,1.028,1.0315,1.013,1.0305,414086
2023-03-22,1.0380999999999998,1.0415,1.0306,1.0345,369992
2023-03-23,1.027,1.0399,1.027,1.0389000000000002,287132
2023-03-24,1.0419,1.054,1.0412000000000001,1.0431,318363
2023-03-27,1.0455,1.0525,1.0406,1.0473,312228
2023-03-28,1.0526,1.06,1.0500999999999998,1.0515,307755
2023-03-29,1.0497999999999998,1.056,1.0485,1.056,263448
2023-03-30,1.0609000000000002,1.0673,1.0608,1.0645,244450
2023-03-31,1.0645,1.0754000000000001,1.0645,1.066,306844
2023-04-03,1.082,1.085,1.077,1.083,219390
2023-04-04,1.085,1.0855,1.0783,1.0802,198225
2023-04-05,1.0817999999999999,1.0840999999999998,1.0774000000000001,1.0840999999999998,148406
2023-04-06,1.0837999999999999,1.0867,1.073,1.073,161467
2023-04-07,1.076,1.076,1.068,1.0751,187621
2023-04-10,1.0755,1.0795,1.0706,1.0728,163946
2023-04-11,1.07,1.0785,1.0652000000000001,1.076,222805
2023-04-12,1.0779,1.0779,1.071,1.075,187451
2023-04-13,1.0745,1.075,1.0697,1.07,139140
2023-04-14,1.072,1.0748,1.0631,1.0631,209116
2023-04-17,1.0635,1.0648,1.0577999999999999,1.0645,183715
2023-04-18,1.0654000000000001,1.0655,1.0600999999999998,1.063,159671
2023-04-19,1.063,1.0637,1.0533,1.055,125340
2023-04-20,1.055,1.0554000000000001,1.0486,1.0539,149234
2023-04-21,1.0478,1.0478,1.04,1.04,162134
2023-04-24,1.038,1.0474,1.0369000000000002,1.0409000000000002,205199
2023-04-25,1.042,1.0443,1.0305,1.0307,188006
2023-04-26,1.0289000000000001,1.0377,1.0255999999999998,1.0375,222852
2023-04-27,1.0364,1.0392000000000001,1.0324,1.035,189036
2023-04-28,1.039,1.044,1.0372999999999999,1.0425,166214
2023-05-04,1.0419,1.0425,1.031,1.035,160855
2023-05-05,1.0321,1.0359,1.0305,1.0335,167575
2023-05-08,1.0375,1.0425,1.0363,1.0418,139125
2023-05-09,1.0419,1.046,1.0411,1.0422,121169
2023-05-10,1.043,1.052,1.0423,1.0506,147882
2023-05-11,1.0515999999999999,1.055,1.05,1.0515999999999999,137394
2023-05-12,1.0502,1.0649000000000002,1.0483,1.0649000000000002,177605
2023-05-15,1.068,1.0717999999999999,1.065,1.0665,141528
2023-05-16,1.0683,1.0694000000000001,1.0643,1.067,135694
2023-05-17,1.0657999999999999,1.0747,1.065,1.065,171758
2023-05-18,1.067,1.0763,1.0665,1.0742,145136
2023-05-19,1.0649000000000002,1.0649000000000002,1.0525,1.0625,230092
2023-05-22,1.0629000000000002,1.068,1.0606,1.0653,154764
2023-05-23,1.0674000000000001,1.0708,1.0557,1.0595,177914
2023-05-24,1.0615999999999999,1.064,1.0545,1.0560999999999998,183818
2023-05-25,1.054,1.0594000000000001,1.0526,1.057,164523
2023-05-26,1.0577999999999999,1.0589000000000002,1.0543,1.0565,121117
2023-05-29,1.0599,1.0685,1.0593,1.068,129671
2023-05-30,1.0695,1.0707,1.064,1.0682,139764
2023-05-31,1.0677999999999999,1.0685,1.059,1.0626,132710
2023-06-01,1.062,1.065,1.0567,1.065,151091
2023-06-02,1.0695,1.0848,1.0684,1.0788,212092
2023-06-05,1.0828,1.092,1.0825,1.0872,150708
2023-06-06,1.0851,1.0966,1.0840999999999998,1.0960999999999999,154939
2023-06-07,1.099,1.1004,1.0932,1.098,157620
2023-06-08,1.0991,1.1004,1.089,1.089,146445
2023-06-09,1.09,1.0953,1.086,1.0953,145563
2023-06-12,1.0983,1.15,1.0912,1.1083,157940
2023-06-13,1.109,1.1165,1.1065999999999998,1.1155,172876
2023-06-14,1.1157000000000001,1.1237000000000001,1.1120999999999999,1.1120999999999999,184858
2023-06-15,1.1095,1.118,1.1082,1.1093,149860
2023-06-16,1.1042,1.1228,1.1,1.1025999999999998,245434
2023-06-19,1.1000999999999999,1.104,1.0942,1.0965,187012
2023-06-20,1.096,1.1,1.0900999999999998,1.1,161836
2023-06-21,1.1018,1.1155,1.0956,1.1155,194488
2023-06-22,1.115,1.121,1.1102,1.114,180672
2023-06-23,1.1142,1.1235,1.1125,1.1191,214094
2023-06-26,1.118,1.1244,1.1117000000000001,1.123,219408
2023-06-27,1.1255,1.1259000000000001,1.1208,1.1252,133742
2023-06-28,1.127,1.136,1.1265,1.1324,141293
2023-06-29,1.1322,1.1325,1.115,1.115,190316
2023-06-30,1.1156,1.1199000000000001,1.1144,1.1173,152591
2023-07-03,1.1207,1.1222,1.1158,1.1175,130472
2023-07-04,1.116,1.1269,1.1135,1.123,159070
2023-07-05,1.123,1.13,1.1227,1.124,134799
2023-07-06,1.1225,1.1242999999999999,1.1112,1.116,163443
2023-07-07,1.114,1.125,1.1137000000000001,1.125,152034
2023-07-10,1.126,1.1365,1.126,1.1365,157129
2023-07-11,1.139,1.1445,1.1365,1.138,147276
2023-07-12,1.1393,1.1434000000000002,1.1352,1.1418,165457
2023-07-13,1.146,1.155,1.1456,1.155,163911
2023-07-14,1.1585,1.1621,1.1444,1.1621,180895
2023-07-17,1.1604,1.1668,1.1592,1.1618,136277
2023-07-18,1.162,1.165,1.1579000000000002,1.165,143209
2023-07-19,1.168,1.1703,1.1641,1.1641,123483
2023-07-20,1.1639000000000002,1.1657,1.159,1.1650999999999998,123619
2023-07-21,1.1649,1.1849,1.1622999999999999,1.1849,136587
2023-07-24,1.185,1.1939000000000002,1.182,1.1914,136184
2023-07-25,1.1932,1.1984000000000001,1.1903,1.194,158840
2023-07-26,1.194,1.199,1.1923,1.197,117954
2023-07-27,1.198,1.1996,1.1901,1.1938,161279
2023-07-28,1.1918,1.21,1.1912,1.21,190079
2023-07-31,1.214,1.2342,1.2137,1.2342,136135
2023-08-01,1.2352,1.2419,1.22,1.22,169285
2023-08-02,1.221,1.229,1.218,1.218,154997
2023-08-03,1.2167999999999999,1.2238,1.205,1.2084000000000001,191841
2023-08-04,1.2118,1.235,1.2116,1.2346,195548
2023-08-07,1.2379,1.2502,1.2353,1.2502,190560
2023-08-08,1.2545,1.2549000000000001,1.2412999999999998,1.248,200419
2023-08-09,1.248,1.2489000000000001,1.234,1.24,203999
2023-08-10,1.238,1.2423,1.2244000000000002,1.226,234176
2023-08-11,1.23,1.2423,1.2223,1.2395,248162
2023-08-14,1.2424000000000002,1.246,1.2353,1.2390999999999999,208826
2023-08-15,1.2418,1.2419,1.2355,1.241,148544
2023-08-16,1.2455,1.26,1.2432999999999998,1.2552999999999999,187178
2023-08-17,1.2525,1.262,1.2523,1.2535,152666
2023-08-18,1.2381,1.2406,1.173,1.188,284171
2023-08-21,1.1850999999999998,1.203,1.182,1.1909,297585
2023-08-22,1.194,1.1998,1.1609,1.196,404474
2023-08-23,1.202,1.2046,1.173,1.1805999999999999,358052
2023-08-24,1.1836,1.2053,1.1802000000000001,1.198,284347
2023-08-25,1.1950999999999998,1.1995,1.188,1.1945,264401
2023-08-28,1.2016,1.2144000000000001,1.1981,1.211,194028
2023-08-29,1.2136,1.2164000000000001,1.2050999999999998,1.2118,192052
2023-08-30,1.2144000000000001,1.2255,1.212,1.2242,215449
2023-08-31,1.224,1.2355,1.2230999999999999,1.233,182301
2023-09-05,1.2377,1.2463,1.2365,1.2425,139488
2023-09-06,1.2408,1.263,1.2372,1.263,198718
2023-09-07,1.2621,1.2657,1.2481,1.2552,216993
2023-09-08,1.2550999999999999,1.2592,1.248,1.2499,189993
2023-09-11,1.259,1.2618,1.201,1.233,230817
2023-09-12,1.2302,1.257,1.2283,1.257,226387
2023-09-13,1.257,1.261,1.2352,1.245,272841
2023-09-14,1.2463,1.2519,1.2261,1.235,286980
2023-09-15,1.2383,1.2449000000000001,1.2335999999999998,1.2405,260300
2023-09-18,1.236,1.2363,1.2125,1.222,257215
2023-09-19,1.2250999999999999,1.2294,1.2135,1.222,246151
2023-09-20,1.2229,1.2377,1.2216,1.2315999999999998,196356
2023-09-21,1.23,1.2324000000000002,1.2170999999999998,1.2206,150699
2023-09-22,1.2001,1.202,1.1762000000000001,1.1925999999999999,325672
2023-09-25,1.1861,1.1957,1.162,1.1625,236394
2023-09-26,1.161,1.176,1.1516,1.1516,382289
2023-09-27,1.1521,1.1649,1.146,1.1637,314931
2023-09-28,1.1655,1.167,1.138,1.1625,370686
2023-09-29,1.1657,1.1732,1.1605999999999999,1.1605999999999999,254431
2023-10-02,1.1625,1.172,1.1577,1.1668,206705
2023-10-03,1.1588,1.1588,1.1276,1.1313,343988
2023-10-04,1.1218,1.1435,1.1160999999999999,1.1325,303952
2023-10-05,1.133,1.1364,1.12,1.12,250256
2023-10-06,1.1225,1.1427,1.12,1.1384,240680
2023-10-09,1.1364,1.148,1.1325,1.145,223403
2023-10-10,1.156,1.1619000000000002,1.1533,1.157,193719
2023-10-11,1.157,1.166,1.1531,1.166,173702
2023-10-12,1.1685999999999999,1.1689,1.1581,1.1615,162139
2023-10-13,1.155,1.164,1.1461,1.1610999999999998,207612
2023-10-16,1.158,1.1598,1.143,1.1465,191927
2023-10-17,1.1514000000000002,1.159,1.1349,1.1349,220520
2023-10-18,1.139,1.143,1.113,1.125,264662
2023-10-19,1.124,1.1253,1.111,1.112,217804
2023-10-20,1.101,1.123,1.0969,1.117,265883
2023-10-23,1.1169,1.1173,1.0937000000000001,1.1049,294508
2023-10-24,1.109,1.1215,1.102,1.112,278023
2023-10-25,1.1162999999999998,1.1229,1.1092,1.1092,242088
2023-10-26,1.1022,1.103,1.052,1.06,427749
2023-10-27,1.0651,1.0697999999999999,1.05,1.0685,369861
2023-10-30,1.0597999999999999,1.0666,1.0399,1.0399,285307
2023-10-31,1.0439,1.0535,1.0355,1.0397,354611
2023-11-01,1.0468,1.053,1.039,1.0475,316798
2023-11-02,1.0575,1.087,1.0548,1.087,304657
2023-11-03,1.0920999999999998,1.095,1.0846,1.087,283785
2023-11-06,1.0959,1.106,1.0954000000000002,1.106,245723
2023-11-07,1.1016,1.1028,1.094,1.0954000000000002,225271
2023-11-08,1.0945,1.1369,1.0863,1.134,339848
2023-11-09,1.1351,1.139,1.1234000000000002,1.125,311476
2023-11-10,1.115,1.1242999999999999,1.106,1.1085,322149
2023-11-13,1.1091,1.1162999999999998,1.0996,1.107,283821
2023-11-14,1.1159000000000001,1.1235,1.1100999999999999,1.12,273964
2023-11-15,1.141,1.1518,1.133,1.134,278283
2023-11-16,1.1284,1.133,1.1222,1.1251,191870
2023-11-17,1.142,1.142,1.095,1.105,359199
2023-11-20,1.0819,1.117,1.0803,1.102,351409
2023-11-21,1.108,1.1125,1.101,1.111,289714
2023-11-22,1.1118,1.1149,1.0962,1.112,281618
2023-11-23,1.1182999999999998,1.1185,1.08,1.08,302446
2023-11-24,1.083,1.0865,1.066,1.0849000000000002,333397
2023-11-27,1.084,1.085,1.076,1.076,212341
2023-11-28,1.0774000000000001,1.0926,1.0683,1.087,287009
2023-11-29,1.087,1.099,1.087,1.0920999999999998,209420
2023-11-30,1.0900999999999998,1.0983,1.0755,1.076,270477
2023-12-01,1.081,1.0949,1.0774000000000001,1.0900999999999998,252210
2023-12-04,1.097,1.1168,1.0942,1.107,255111
2023-12-05,1.1056,1.1085,1.0960999999999999,1.099,217358
2023-12-06,1.1032,1.1118,1.1012,1.1111,185649
2023-12-07,1.1095,1.118,1.0974000000000002,1.112,367351
2023-12-08,1.112,1.119,1.109,1.112,234846
2023-12-11,1.1156,1.12,1.1122999999999998,1.117,159663
2023-12-12,1.1215,1.1227,1.1132,1.1188,178567
2023-12-13,1.123,1.1234000000000002,1.1063,1.107,206967
2023-12-14,1.1128,1.1135,1.1032,1.1039,207145
2023-12-15,1.1054000000000002,1.1087,1.0967,1.0993,223612
2023-12-18,1.0977999999999999,1.0995,1.082,1.082,225820
2023-12-19,1.082,1.0913,1.0780999999999998,1.0913,227937
2023-12-20,1.092,1.0975,1.0902,1.0960999999999999,151091
2023-12-21,1.0935,1.096,1.089,1.0947,131873
2023-12-22,1.1,1.1,1.0933,1.0977000000000001,170928
2023-12-25,1.0963,1.1197000000000001,1.0963,1.115,180213
2023-12-26,1.1154000000000002,1.1215,1.1133,1.1215,132812
2023-12-27,1.1218,1.1264,1.1169,1.1169,136184
2023-12-28,1.1182999999999998,1.136,1.117,1.1329,157785
2023-12-29,1.1332,1.1396,1.1305,1.1345999999999998,162096
2024-01-02,1.1385,1.1418,1.131,1.1335,167307
2024-01-03,1.1305,1.1482999999999999,1.1264,1.1482999999999999,173569
2024-01-04,1.146,1.1716,1.1455,1.1565,260804
2024-01-05,1.1561,1.166,1.1542000000000001,1.166,199452
2024-01-08,1.1664,1.1734,1.1605,1.162,182329
2024-01-09,1.166,1.166,1.1585999999999999,1.163,149850
2024-01-10,1.1628,1.1708,1.1593,1.1630999999999998,202057
2024-01-11,1.165,1.1767,1.1628,1.1681,208571
2024-01-12,1.1659000000000002,1.1698,1.151,1.1659000000000002,292209
2024-01-15,1.1689,1.1754,1.1627,1.1627,168219
2024-01-16,1.158,1.172,1.1575,1.172,175939
2024-01-17,1.1710999999999998,1.18,1.1643,1.166,228003
2024-01-18,1.1681,1.1778,1.1658,1.1728,171101
2024-01-19,1.181,1.19,1.1803,1.19,188161
2024-01-22,1.1947999999999999,1.1964000000000001,1.186,1.194,169558
2024-01-23,1.1927,1.1945999999999999,1.1805,1.184,179695
2024-01-24,1.1834,1.1905,1.1787999999999998,1.1807,201972
2024-01-25,1.181,1.184,1.175,1.1805,182856
2024-01-26,1.1829,1.189,1.181,1.187,155805
2024-01-29,1.1885999999999999,1.1895,1.1816,1.1836,114408
2024-01-30,1.184,1.1873,1.1827,1.186,81386
2024-01-31,1.1862000000000001,1.1885,1.1656,1.171,177010
2024-02-01,1.1689,1.1805,1.1685999999999999,1.1772,160396
2024-02-02,1.1799000000000002,1.1824000000000001,1.1747999999999998,1.1810999999999998,132910
2024-02-05,1.1825999999999999,1.2139000000000002,1.1813,1.2025,170249
2024-02-06,1.2014,1.206,1.2005,1.2039000000000002,111601
2024-02-07,1.2067,1.2198,1.2052,1.219,136049
2024-02-15,1.2249,1.2279,1.2178,1.2178,103152
2024-02-16,1.2255999999999998,1.2323,1.2226,1.232,130613
2024-02-19,1.2315999999999998,1.2439,1.2305,1.2405,146806
2024-02-20,1.2414,1.2439,1.2374,1.2402,133487
2024-02-21,1.2352,1.2483,1.2350999999999999,1.24,195135
2024-02-22,1.2401,1.2426,1.2355,1.238,133024
2024-02-23,1.2405,1.254,1.225,1.2250999999999999,271852
2024-02-26,1.2288,1.2315,1.2221,1.2303,143409
2024-02-27,1.231,1.2425,1.2303,1.241,179208
2024-02-28,1.2429000000000001,1.2662,1.2414,1.2662,224084
2024-02-29,1.2662,1.2715,1.255,1.2628,218472
2024-03-01,1.265,1.269,1.2590999999999999,1.2668,182964
2024-03-04,1.2702,1.272,1.2632999999999999,1.2684000000000002,155236
2024-03-05,1.267,1.279,1.2641,1.2785,173437
2024-03-06,1.2769000000000001,1.282,1.2550999999999999,1.2668,248155
2024-03-07,1.2678,1.2784,1.2642,1.2734,226526
2024-03-08,1.2745,1.276,1.2487000000000001,1.2538,341569
2024-03-11,1.2503,1.2546,1.2308,1.231,220566
2024-03-12,1.2329,1.243,1.232,1.2398,228488
2024-03-13,1.241,1.2739,1.2402,1.2712999999999999,245044
2024-03-14,1.2715999999999998,1.273,1.2525,1.2608,253064
2024-03-15,1.2570999999999999,1.268,1.2412999999999998,1.26,297841
2024-03-18,1.2579,1.2598,1.2184000000000001,1.2309,349568
2024-03-19,1.2328,1.2358,1.2242,1.23,255708
2024-03-20,1.233,1.262,1.228,1.2555,289691
2024-03-21,1.2602,1.276,1.2602,1.2757,179921
2024-03-22,1.287,1.2947,1.2757,1.2845,270641
2024-03-25,1.281,1.288,1.2672,1.2689000000000001,225890
2024-03-26,1.268,1.2909000000000002,1.2655,1.285,210720
2024-03-27,1.286,1.2894,1.2795999999999998,1.288,194509
2024-03-28,1.294,1.3069000000000002,1.2937,1.3069000000000002,196707
2024-03-29,1.3067,1.3075999999999999,1.2953,1.2980999999999998,188233
2024-04-01,1.2922,1.2995,1.283,1.2904,223772
2024-04-02,1.285,1.292,1.2741,1.29,270424
2024-04-03,1.2848,1.2882,1.2691,1.2719,241517
2024-04-04,1.2755999999999998,1.2803,1.265,1.265,260485
2024-04-05,1.254,1.265,1.2512,1.2521,229109
2024-04-08,1.2561,1.2595999999999998,1.2472,1.2542,214820
2024-04-09,1.258,1.2643,1.2542,1.2642,167195
2024-04-10,1.265,1.2729000000000001,1.2589000000000001,1.2601,200459
2024-04-11,1.2508,1.2651,1.2508,1.263,193451
2024-04-12,1.2655,1.286,1.2601,1.286,255196
2024-04-15,1.2815,1.2869000000000002,1.232,1.2363,310619
2024-04-16,1.2349,1.2379,1.2124000000000001,1.23,385513
2024-04-17,1.2338,1.2339,1.2065,1.2146,244121
2024-04-19,1.2001,1.2117,1.1917,1.1917,343787
2024-04-22,1.2,1.2155,1.2,1.2053,276424
2024-04-23,1.21,1.2125,1.187,1.2006,304445
2024-04-24,1.208,1.2345,1.2070999999999998,1.2305,297553
2024-04-25,1.2262,1.2307000000000001,1.2210999999999999,1.227,244018
2024-04-26,1.2215,1.241,1.2205,1.2324000000000002,326266
2024-05-02,1.2302,1.2425,1.2268,1.2424000000000002,210606
2024-05-03,1.25,1.2549000000000001,1.2465,1.2495999999999998,194260
2024-05-06,1.2564000000000002,1.2758,1.2562,1.27,210181
2024-05-07,1.273,1.2777,1.2662,1.276,205385
2024-05-08,1.273,1.279,1.261,1.279,262214
2024-05-09,1.277,1.2819,1.267,1.269,235911
2024-05-10,1.2742,1.2804,1.2586,1.2704000000000002,292561
2024-05-13,1.272,1.275,1.2618,1.266,198589
2024-05-14,1.2698,1.2794,1.2691,1.2744000000000002,218730
2024-05-15,1.2772999999999999,1.2937,1.2772999999999999,1.2860999999999998,202500
2024-05-16,1.2958,1.3111,1.294,1.3097999999999999,180049
2024-05-17,1.3068,1.3084,1.3017,1.3079,176193
2024-05-20,1.315,1.3197999999999999,1.3100999999999998,1.3100999999999998,156958
2024-05-21,1.3077,1.3120999999999998,1.297,1.3120999999999998,176305
2024-05-22,1.3103,1.3123,1.2874,1.2922,233324
2024-05-23,1.2888,1.3,1.283,1.3,240988
2024-05-24,1.2934,1.304,1.2712,1.2777,332506
2024-05-27,1.2798,1.2819,1.2724000000000002,1.2762,199465
2024-05-28,1.2797,1.2925,1.2791,1.2925,209266
2024-05-29,1.292,1.2924,1.2758,1.2775,248515
2024-05-30,1.2699,1.2714,1.2561,1.27,251791
2024-05-31,1.2705,1.2752000000000001,1.2665,1.27,202776
2024-06-03,1.2827,1.2986,1.2806,1.2915,196207
2024-06-04,1.2929000000000002,1.3026,1.2911,1.295,204490
2024-06-05,1.3014000000000001,1.3095999999999999,1.295,1.295,202210
2024-06-06,1.2955,1.3068,1.2920999999999998,1.2987,244921
2024-06-07,1.306,1.31,1.2977,1.308,228346
2024-06-10,1.313,1.3142,1.305,1.3109000000000002,170460
2024-06-11,1.315,1.3154000000000001,1.3003,1.305,218672
2024-06-12,1.3022,1.332,1.3013,1.3307,233683
2024-06-13,1.331,1.339,1.3247,1.335,205010
2024-06-14,1.3335,1.3359,1.317,1.317,204010
2024-06-17,1.3155,1.316,1.305,1.308,218205
2024-06-18,1.3122,1.3225,1.3085,1.3085,221266
2024-06-19,1.3099,1.3257999999999999,1.2987,1.317,278065
2024-06-20,1.3175999999999999,1.3279,1.3163,1.3237,217494
2024-06-21,1.3226,1.3235999999999999,1.3112000000000001,1.3209000000000002,250436
2024-06-24,1.314,1.3174000000000001,1.2855,1.2907,295693
2024-06-25,1.294,1.294,1.28,1.2877,248091
2024-06-26,1.288,1.2918,1.275,1.29,247917
2024-06-27,1.285,1.292,1.2806,1.289,210340
2024-06-28,1.2915999999999999,1.2928,1.2711,1.2743,233786
2024-07-01,1.2772000000000001,1.2858,1.2717,1.285,180350
2024-07-02,1.2847,1.299,1.2835,1.2952000000000001,227913
2024-07-03,1.2971,1.31,1.2945,1.307,178940
2024-07-04,1.307,1.3135,1.3033,1.3086,170552
2024-07-05,1.3085,1.3169000000000002,1.307,1.3163,194337
2024-07-08,1.317,1.3179,1.3055999999999999,1.314,182373
2024-07-09,1.3160999999999998,1.322,1.3045,1.3205,246307
2024-07-10,1.3189000000000002,1.322,1.3094000000000001,1.31,208591
2024-07-11,1.316,1.3179,1.3055,1.3057,188486
2024-07-12,1.3049000000000002,1.31,1.298,1.3,207770
2024-07-15,1.302,1.3055999999999999,1.2925,1.299,142879
2024-07-16,1.3015,1.3088,1.2985,1.3027,179097
2024-07-17,1.309,1.322,1.2944,1.3032000000000001,271812
2024-07-18,1.3032000000000001,1.305,1.2872000000000001,1.2975,208453
2024-07-19,1.3045,1.312,1.2951,1.2971,225170
2024-07-22,1.2913,1.3046,1.291,1.3,271467
2024-07-23,1.3014000000000001,1.3037999999999998,1.28,1.2842,213270
2024-07-24,1.2832999999999999,1.2875999999999999,1.2732999999999999,1.2835,251117
2024-07-25,1.2752000000000001,1.2792000000000001,1.2706,1.2766,207819
2024-07-26,1.2786,1.285,1.2768,1.285,164429
2024-07-29,1.2899,1.2948,1.2878,1.2878,137191
2024-07-30,1.2860999999999998,1.2924,1.2842,1.2924,174782
2024-07-31,1.292,1.3043,1.291,1.3043,204705
2024-08-01,1.306,1.3062,1.2705,1.275,254539
2024-08-02,1.2652999999999999,1.2778,1.2563,1.2759,271372
2024-08-05,1.257,1.263,1.2266,1.233,366001
2024-08-06,1.2448,1.2563,1.2370999999999999,1.2495999999999998,276324
2024-08-07,1.2522,1.2555999999999998,1.2455,1.25,240957
2024-08-08,1.2483,1.2514,1.2372999999999998,1.2401,259864
2024-08-09,1.249,1.2666,1.2472999999999999,1.2649000000000001,245888
2024-08-12,1.2625,1.2705,1.2587000000000002,1.27,226622
2024-08-13,1.269,1.2703,1.2622,1.267,197966
2024-08-14,1.2709000000000001,1.274,1.268,1.268,178968
2024-08-15,1.268,1.2697,1.263,1.2677,113347
2024-08-16,1.2715999999999998,1.29,1.2681,1.288,226539
2024-08-19,1.289,1.3007,1.2882,1.298,193822
2024-08-20,1.3015999999999999,1.3088,1.2983,1.302,199742
2024-08-21,1.3008,1.3146,1.2971,1.3124,222658
2024-08-22,1.3127,1.3167,1.3102,1.3142,187742
2024-08-23,1.3115999999999999,1.3188,1.3100999999999998,1.3153,182558
2024-08-26,1.3208,1.3231,1.3162,1.317,152481
2024-08-27,1.3169000000000002,1.3237999999999999,1.3152000000000001,1.3217999999999999,156114
2024-08-28,1.3206,1.3248,1.317,1.3220999999999998,166949
2024-08-29,1.3211,1.3302,1.3203,1.3268,165014
2024-08-30,1.3289000000000002,1.335,1.328,1.3327,123414
2024-09-04,1.3208,1.3215999999999999,1.3073,1.314,174577
2024-09-05,1.3160999999999998,1.3186,1.3042,1.3077,168484
2024-09-06,1.3075999999999999,1.3113,1.3055999999999999,1.309,150932
2024-09-09,1.2991,1.309,1.2985,1.3077,154640
2024-09-10,1.3105,1.3135999999999999,1.289,1.2940999999999998,201089
2024-09-11,1.2945,1.2975,1.2865,1.293,203153
2024-09-12,1.3,1.3034000000000001,1.2975,1.2975,161493
2024-09-13,1.3,1.3002,1.2912000000000001,1.2940999999999998,193826
2024-09-16,1.297,1.2974,1.282,1.282,168579
2024-09-17,1.283,1.3057999999999998,1.2822,1.3057999999999998,184839
2024-09-18,1.305,1.3185,1.3032000000000001,1.3119,217794
2024-09-19,1.314,1.3202,1.3126,1.3169000000000002,120978
2024-09-20,1.3297999999999999,1.3383,1.3275,1.33,176360
2024-09-23,1.331,1.3326,1.3245,1.3255,129997
2024-09-24,1.326,1.3354000000000001,1.322,1.335,165206
2024-09-25,1.3356,1.35,1.3356,1.344,182000
2024-09-26,1.346,1.3667,1.3452,1.3564,224845
2024-09-27,1.3577000000000001,1.3638,1.3508,1.3555,223803
2024-09-30,1.3525999999999998,1.357,1.3497000000000001,1.357,142672
2024-10-01,1.3613,1.3747,1.36,1.36,196465
2024-10-02,1.3533,1.3614000000000002,1.3516,1.3571,183317
2024-10-03,1.36,1.3769,1.349,1.349,299348
2024-10-04,1.3519,1.3527,1.343,1.343,205863
2024-10-07,1.3475,1.3494000000000002,1.3316,1.34,203511
2024-10-08,1.3400999999999998,1.35,1.3366,1.3417000000000001,224012
2024-10-09,1.3440999999999999,1.3585,1.3424,1.3583,212669
2024-10-10,1.3634000000000002,1.3734000000000002,1.3622999999999998,1.3662,209063
2024-10-11,1.3662,1.368,1.3585,1.3665999999999998,171571
2024-10-14,1.376,1.3768,1.3585,1.359,210937
2024-10-15,1.36,1.3696,1.3545,1.358,232945
2024-10-16,1.3559,1.3596,1.3505,1.3545999999999998,172569
2024-10-17,1.358,1.3619,1.3471,1.3583,162811
2024-10-18,1.375,1.378,1.3638,1.3659000000000001,257597
2024-10-21,1.364,1.3699000000000001,1.3625,1.3639000000000001,165731
2024-10-22,1.36,1.3634000000000002,1.35,1.3522,195827
2024-10-23,1.353,1.3556,1.345,1.354,210171
2024-10-24,1.3528,1.3540999999999999,1.3360999999999998,1.338,233341
2024-10-25,1.3385,1.3397999999999999,1.327,1.3272,226084
2024-10-28,1.33,1.3324,1.3272,1.332,130507
2024-10-29,1.334,1.3412,1.334,1.3394000000000001,164121
2024-10-30,1.3417999999999999,1.3427,1.3312,1.342,186935
2024-10-31,1.339,1.3479,1.3337,1.3435,202412
2024-11-01,1.3402,1.3405,1.3252000000000002,1.3304,215897
2024-11-04,1.3328,1.3329000000000002,1.317,1.3185,213933
2024-11-05,1.3195999999999999,1.3242,1.3172000000000001,1.319,142162
2024-11-06,1.325,1.341,1.324,1.341,214890
2024-11-07,1.342,1.3436,1.3337999999999999,1.3347,190000
2024-11-08,1.3375,1.3405,1.318,1.324,220730
2024-11-11,1.324,1.3244,1.3057999999999998,1.3200999999999998,233948
2024-11-12,1.3211,1.3235,1.3024,1.31,246958
2024-11-13,1.304,1.3135,1.2982,1.3073,265510
2024-11-14,1.3053,1.31,1.2929000000000002,1.2929000000000002,251563
2024-11-15,1.2928,1.2928,1.2755999999999998,1.2755999999999998,253504
2024-11-18,1.2715,1.2807,1.2618,1.2732,245512
2024-11-19,1.2729000000000001,1.2749000000000001,1.2622,1.2623,265393
2024-11-20,1.26,1.2804,1.2534,1.27,322061
2024-11-21,1.2678,1.2838,1.2644000000000002,1.2812999999999999,215891
2024-11-22,1.2947,1.3017999999999998,1.2912000000000001,1.298,236753
2024-11-25,1.2988,1.301,1.2943,1.2984,178667
2024-11-26,1.2960999999999998,1.312,1.296,1.307,196395
2024-11-27,1.3075999999999999,1.3093,1.3042,1.3077999999999999,143160
2024-11-28,1.3100999999999998,1.319,1.3049000000000002,1.3055,199664
2024-11-29,1.305,1.3187,1.3043,1.318,207782
2024-12-02,1.3229000000000002,1.3237999999999999,1.3091,1.3135,149799
2024-12-03,1.3159,1.3184,1.3053,1.314,223575
2024-12-04,1.3123,1.3129000000000002,1.3026,1.303,208588
2024-12-05,1.3037999999999998,1.3457999999999999,1.3022,1.345,297674
2024-12-06,1.3426,1.3489,1.3406,1.342,184613
2024-12-09,1.342,1.3519,1.3359,1.3399,168276
2024-12-10,1.3399,1.3456,1.3365,1.343,179171
2024-12-11,1.3406,1.3477000000000001,1.333,1.3386,186349
2024-12-12,1.3409,1.3516,1.3364,1.3395,216591
2024-12-13,1.336,1.3393,1.3300999999999998,1.335,193475
2024-12-16,1.333,1.3384,1.3272,1.335,167520
2024-12-17,1.3366,1.3366,1.3262,1.331,175869
2024-12-18,1.329,1.335,1.3287,1.331,142102
2024-12-19,1.315,1.322,1.3115,1.3123,171914
2024-12-20,1.3162,1.3212000000000002,1.3145,1.3212000000000002,136674
2024-12-23,1.3255,1.3314000000000001,1.3255,1.328,112685
2024-12-24,1.3255,1.3285,1.3215,1.328,130166
2024-12-25,1.3336,1.3559,1.332,1.3500999999999999,215245
2024-12-26,1.3512,1.3512,1.3472,1.3507,114675
2024-12-27,1.3529,1.3576,1.3485,1.3485,122641
2024-12-30,1.3468,1.3474000000000002,1.3412,1.3452,94948
2024-12-31,1.3449,1.3520999999999999,1.3442,1.3455,135212
2025-01-02,1.3477999999999999,1.3515,1.3363,1.3469,153177
2025-01-03,1.3457999999999999,1.3457999999999999,1.324,1.324,172932
2025-01-06,1.324,1.331,1.3189000000000002,1.3189000000000002,148400
2025-01-07,1.319,1.328,1.315,1.3184,174014
2025-01-08,1.3184,1.3229000000000002,1.3111,1.3225,186377
2025-01-09,1.323,1.3249000000000002,1.31,1.3145,186134
2025-01-10,1.317,1.3174000000000001,1.2912000000000001,1.2955999999999999,202986
2025-01-13,1.2865,1.2995,1.286,1.2995,181090
2025-01-14,1.3015,1.3015,1.2852999999999999,1.2912000000000001,191279
2025-01-15,1.2939,1.3024,1.2911,1.2966,201483
2025-01-16,1.3045,1.3097999999999999,1.295,1.2951,162714
2025-01-17,1.309,1.3208,1.3075,1.3208,183914
2025-01-20,1.319,1.3269000000000002,1.319,1.3245,139833
2025-01-21,1.3248,1.3333,1.3165,1.3228,181676
2025-01-22,1.3280999999999998,1.3288,1.3188,1.3205,186092
2025-01-23,1.3202,1.348,1.3202,1.339,234042
2025-01-24,1.3400999999999998,1.3465,1.3375,1.3439,156520
2025-02-03,1.331,1.3323,1.3135,1.318,177185
2025-02-04,1.3254000000000001,1.3311,1.3205,1.3285,172016
2025-02-05,1.3315,1.338,1.3294000000000001,1.3335,160904
2025-02-06,1.3355,1.3449,1.3353,1.3399,158566
2025-02-07,1.3386,1.3475,1.3349000000000002,1.3433,170155
2025-02-10,1.3333,1.3377000000000001,1.3251,1.3305,185266
2025-02-11,1.333,1.3342,1.3276,1.3340999999999998,143632
2025-02-12,1.3375,1.342,1.3295,1.3295,139180
2025-02-13,1.3319,1.3385,1.3262,1.3375,181417
2025-02-14,1.3455,1.3505999999999998,1.3400999999999998,1.3417999999999999,163646
2025-02-17,1.342,1.3420999999999998,1.3353,1.3353,120605
2025-02-18,1.3352,1.3484,1.3313,1.3389000000000002,202864
2025-02-19,1.3373,1.3473,1.3354000000000001,1.3445,177765
2025-02-20,1.345,1.3529,1.3445,1.35,126860
2025-02-21,1.345,1.3564,1.3443,1.3538,166983
2025-02-24,1.3500999999999999,1.3668,1.3500999999999999,1.3662999999999998,170128
2025-02-25,1.367,1.367,1.3576,1.3598,157253
2025-02-26,1.3625,1.3639000000000001,1.3591,1.3619,121657
2025-02-27,1.3635,1.364,1.3507,1.364,170339
2025-02-28,1.358,1.3614000000000002,1.3466,1.357,203877
2025-03-03,1.363,1.3658,1.3560999999999999,1.361,158067
2025-03-04,1.3554000000000002,1.37,1.3514000000000002,1.367,200190
2025-03-05,1.365,1.3748,1.3645,1.3652,168137
2025-03-06,1.367,1.377,1.367,1.3754000000000002,190645
2025-03-07,1.3748,1.387,1.3732,1.3852,178116
2025-03-10,1.3868,1.3949,1.3856,1.3894000000000002,149946
2025-03-11,1.379,1.392,1.3755,1.392,189794
2025-03-12,1.3949,1.3956,1.3871,1.3885,173729
2025-03-13,1.39,1.3938,1.3840999999999999,1.3855,201319
2025-03-14,1.3836,1.3938,1.3822,1.385,193169
2025-03-17,1.3871,1.3918,1.386,1.3902999999999999,129550
2025-03-18,1.3945999999999998,1.3953,1.3856,1.3875,136687
2025-03-19,1.3859000000000001,1.3859000000000001,1.3765999999999998,1.377,170296
2025-03-20,1.3780999999999999,1.383,1.3715,1.3765,168737
2025-03-21,1.375,1.3764,1.37,1.3739000000000001,140468
2025-03-24,1.376,1.39,1.3674000000000002,1.39,205980
2025-03-25,1.3912,1.3924,1.384,1.3867,163716
2025-03-26,1.388,1.3935,1.3756,1.3769,209392
2025-03-27,1.375,1.3804,1.3735,1.3748,170429
2025-03-28,1.3744,1.376,1.3651,1.3651,169888
2025-03-31,1.3573,1.3603,1.3547,1.36,133610
2025-04-01,1.3622,1.3678,1.3591,1.366,130446
2025-04-02,1.3672,1.375,1.3672,1.3716,139222
2025-04-03,1.347,1.3479,1.2755999999999998,1.2755999999999998,317691
2025-04-04,1.2525,1.2725,1.2033,1.2671,430454
2025-04-08,1.245,1.2475999999999998,1.1785,1.1785,378696
2025-04-09,1.1151,1.218,1.115,1.178,580281
2025-04-10,1.2604000000000002,1.2604000000000002,1.2522,1.2604000000000002,48891
2025-04-11,1.28,1.308,1.2631,1.307,334703
2025-04-14,1.3137999999999999,1.3204,1.3053,1.317,215798
2025-04-15,1.3102,1.3167,1.2995999999999999,1.3077,275452
2025-04-16,1.302,1.3135,1.2855999999999999,1.29,245654
2025-04-17,1.2872000000000001,1.296,1.2841,1.296,210259
2025-04-18,1.3024,1.3189000000000002,1.29,1.29,217811
2025-04-21,1.2948,1.2986,1.2865,1.291,226177
2025-04-22,1.285,1.2975,1.2125,1.292,421002
2025-04-23,1.315,1.3173,1.2953,1.301,313201
2025-04-24,1.304,1.3129000000000002,1.297,1.307,233288
2025-04-25,1.3144,1.315,1.307,1.3119,197439
2025-04-28,1.3153,1.316,1.3060999999999998,1.312,144326
2025-04-29,1.3120999999999998,1.3125,1.3062,1.3062,118296
2025-05-05,1.3132000000000001,1.3182,1.308,1.3164,90344
2025-05-06,1.3175,1.3314000000000001,1.3162,1.3175,170560
2025-05-07,1.319,1.326,1.3171,1.325,142075
2025-05-08,1.3279,1.3565,1.3253,1.355,194153
2025-05-09,1.3542,1.3574000000000002,1.3468,1.3505,177280
2025-05-12,1.356,1.379,1.3528,1.374,216949
2025-05-13,1.379,1.38,1.372,1.38,144786
2025-05-14,1.3785999999999998,1.399,1.378,1.3965,237131
2025-05-15,1.3965,1.4029,1.3865999999999998,1.4007,163755
2025-05-16,1.3979000000000001,1.3989,1.3842,1.3842,195833
2025-05-19,1.379,1.3929,1.3731,1.3800999999999999,190970
2025-05-20,1.384,1.4088,1.3822,1.408,237112
2025-05-21,1.4072,1.423,1.4072,1.4145,186482
2025-05-22,1.408,1.4219000000000002,1.402,1.402,215668
2025-05-23,1.404,1.4094,1.4005,1.4065,155741
2025-05-26,1.4094,1.418,1.3080999999999998,1.4165,262333
2025-05-27,1.4174,1.42,1.4076,1.4155,168177
2025-05-28,1.4209,1.4287999999999998,1.4185999999999999,1.4212,172978
2025-05-29,1.4279000000000002,1.4309,1.417,1.4237,158896
2025-05-30,1.42,1.4225,1.415,1.4195,119850
2025-06-02,1.4110999999999998,1.418,1.4085999999999999,1.4150999999999998,149682
2025-06-03,1.419,1.441,1.4181,1.4349,190811
2025-06-04,1.437,1.4372,1.4261,1.43,129091
2025-06-05,1.4283,1.432,1.4247,1.427,118012
2025-06-06,1.427,1.427,1.4,1.4136,175389
2025-06-09,1.4159000000000002,1.4165999999999999,1.397,1.397,149897
2025-06-10,1.3952,1.4113,1.3925999999999998,1.3969,234556
2025-06-11,1.4002000000000001,1.4028,1.3942999999999999,1.4018,159545
2025-06-12,1.4,1.426,1.3992,1.4092,206833
2025-06-13,1.399,1.3999000000000001,1.382,1.3959000000000001,262073
2025-06-16,1.3985999999999998,1.4167,1.3935,1.4167,172220
2025-06-17,1.4185,1.4302000000000001,1.4152,1.421,188457
2025-06-18,1.424,1.4335,1.4213,1.4274,160161
2025-06-19,1.4289,1.441,1.4265,1.4407999999999999,146287
2025-06-20,1.4267999999999998,1.4298,1.4205,1.4242000000000001,141241
2025-06-23,1.418,1.4356,1.414,1.4336,191017
2025-06-24,1.444,1.461,1.4432,1.449,199519
2025-06-25,1.4519000000000002,1.4576,1.4463,1.4502000000000002,159652
2025-06-26,1.4497,1.4577,1.4470999999999998,1.4487999999999999,142410
2025-06-27,1.4532,1.4635,1.4487,1.46,175334
2025-06-30,1.4679,1.469,1.4626,1.4626,93980
2025-07-01,1.4636,1.4687000000000001,1.4563,1.4592,148538
2025-07-02,1.4614,1.4718,1.4587,1.4697,156707
2025-07-03,1.4599000000000002,1.4793,1.454,1.471,219718
2025-07-04,1.472,1.4747999999999999,1.4694,1.4722,122818
2025-07-07,1.4755999999999998,1.4929000000000001,1.4755999999999998,1.4929000000000001,173016
2025-07-08,1.494,1.512,1.491,1.512,181740
2025-07-09,1.513,1.5345,1.513,1.533,246053
2025-07-10,1.5375,1.6399000000000001,1.5355999999999999,1.5679,219870
2025-07-11,1.5717,1.6025,1.5713,1.5959,248763
2025-07-14,1.6005,1.6085,1.57,1.6012,290975
2025-07-15,1.606,1.6118,1.594,1.594,172069
2025-07-16,1.5923,1.619,1.5903,1.618,186399
2025-07-17,1.6215,1.6445,1.6193,1.638,205356
2025-07-18,1.632,1.638,1.6192,1.638,263382
2025-07-21,1.637,1.649,1.621,1.6245,259627
2025-07-22,1.6205999999999998,1.655,1.6105999999999998,1.655,262279
2025-07-23,1.661,1.6645,1.6416,1.653,277689
2025-07-24,1.656,1.6579000000000002,1.6365,1.6555,252754
2025-07-25,1.6562000000000001,1.6750999999999998,1.65,1.673,220295
2025-07-28,1.6758,1.6935,1.6722000000000001,1.693,187508
2025-07-29,1.6927999999999999,1.6938,1.621,1.621,368368
2025-07-30,1.625,1.6345,1.5976,1.6233,369811
2025-07-31,1.6268,1.6316,1.593,1.6073,372945
2025-08-01,1.6012,1.615,1.5942,1.615,269595
2025-08-04,1.605,1.655,1.6020999999999999,1.6535,278270
2025-08-05,1.6615,1.7377,1.635,1.6896,423561
2025-08-06,1.6882000000000001,1.728,1.6805,1.7195,351833
2025-08-07,1.722,1.7399,1.71,1.7247999999999999,297996
2025-08-08,1.7277,1.7322,1.7055,1.7232,267798
2025-08-11,1.729,1.7457,1.7232,1.7375,256016
2025-08-12,1.736,1.7506,1.736,1.7494,221955
2025-08-13,1.7575999999999998,1.7595,1.7201,1.746,364118
2025-08-14,1.749,1.793,1.7485,1.793,308272
2025-08-15,1.7995,1.8135999999999999,1.7662,1.781,331290
2025-08-18,1.7863,1.7875999999999999,1.7692999999999999,1.7805,226074
2025-08-19,1.7826,1.839,1.7821,1.8159,321138
2025-08-20,1.814,1.8312,1.775,1.8311,429156
2025-08-21,1.8344,1.8785,1.8311,1.8769,269885
2025-08-22,1.859,1.8599,1.7812999999999999,1.805,548631
2025-08-25,1.8200999999999998,1.825,1.7732,1.783,385100
2025-08-26,1.776,1.852,1.7725,1.852,376161
2025-08-27,1.8588,1.8696,1.8431,1.8464,365348
2025-08-28,1.8485,1.865,1.826,1.8629,382899
2025-08-29,1.8679000000000001,1.8788,1.8595,1.861,236427
2025-09-03,1.8562,1.8631,1.8405,1.855,259168
2025-09-04,1.8582,1.8837000000000002,1.8436,1.8831,273665
2025-09-05,1.889,1.898,1.8451,1.8451,304496
2025-09-08,1.8445,1.8446,1.8,1.8,334568
2025-09-09,1.802,1.825,1.7952000000000001,1.825,353772
2025-09-10,1.8252000000000002,1.8308,1.806,1.8248,327940
2025-09-11,1.8269000000000002,1.8620999999999999,1.7778,1.8535,504756
2025-09-12,1.857,1.8712,1.8355,1.859,371948
2025-09-15,1.8591,1.8776,1.8505999999999998,1.876,258243
2025-09-16,1.8888,1.895,1.867,1.876,299822
2025-09-17,1.874,1.885,1.8702,1.8737000000000001,246608
2025-09-18,1.877,1.877,1.852,1.8565999999999998,242578
2025-09-19,1.8547,1.8557000000000001,1.8382,1.8482,284018
2025-09-22,1.8482,1.852,1.8005,1.8151,370638
2025-09-23,1.8139,1.8326,1.8080999999999998,1.8120999999999998,287551
2025-09-24,1.812,1.8755,1.7953,1.849,391561
2025-09-25,1.849,1.8579,1.8422,1.8494000000000002,231079
2025-09-26,1.8451,1.864,1.84,1.84,244881
2025-09-29,1.84,1.868,1.8352,1.8552,269995
2025-09-30,1.855,1.8644,1.8416,1.8544,297095
2025-10-01,1.858,1.8722999999999999,1.8533,1.864,218650
2025-10-02,1.8675,1.8816,1.84,1.8528,246038
2025-10-03,1.854,1.8678,1.844,1.8569,265745
2025-10-06,1.8645,1.92,1.864,1.9185999999999999,305487
2025-10-07,1.9227,1.9258,1.9082999999999999,1.9113,211879
2025-10-08,1.93,1.944,1.9031,1.919,319186
2025-10-09,1.9216,1.9436,1.9155,1.9365999999999999,301704
2025-10-10,1.94,1.9759,1.9362000000000001,1.9759,269526
2025-10-13,1.9656,2.021,1.9577,2.0136,276463
2025-10-14,2.013,2.041,2.0031,2.0142,346746
2025-10-15,2.0187,2.034,2.0135,2.022,281542
2025-10-16,2.0215,2.026,2.009,2.0127,226777
2025-10-17,2.0159000000000002,2.0175,1.96,1.968,280515
2025-10-20,1.9690999999999999,1.9699,1.861,1.861,350597
2025-10-21,1.8737000000000001,1.933,1.86,1.9002000000000001,496865
2025-10-22,1.908,1.926,1.8551,1.926,401911
2025-10-23,1.924,1.959,1.913,1.9435,367424
2025-10-24,1.9455,1.9543,1.9039000000000001,1.9374,412641
2025-10-27,1.952,1.9566,1.8915,1.8915,413484
2025-10-28,1.885,1.9479000000000002,1.8711,1.9409,411337
2025-10-29,1.9438,1.9647000000000001,1.9361,1.947,274890
2025-10-30,1.947,1.9484000000000001,1.9105,1.927,333332
2025-10-31,1.928,1.928,1.8875,1.892,344227
2025-11-03,1.8931,1.915,1.8551,1.86,412307
2025-11-04,1.855,1.9077,1.851,1.898,369282
2025-11-05,1.893,1.899,1.877,1.886,290770
2025-11-06,1.8896,1.8955,1.8665,1.8665,327783
2025-11-07,1.862,1.8648,1.819,1.8277999999999999,285898
2025-11-10,1.825,1.8505,1.8013,1.8013,290775
2025-11-11,1.8079,1.838,1.8042,1.815,363337
2025-11-12,1.821,1.8759000000000001,1.8197,1.8705999999999998,295937
2025-11-13,1.8705999999999998,1.8787,1.852,1.863,296977
2025-11-14,1.854,1.88,1.8513,1.8697000000000001,237240
2025-11-17,1.8737000000000001,1.8965,1.8715,1.8952,249298
2025-11-18,1.896,1.898,1.8782999999999999,1.898,262967
2025-11-19,1.893,1.8965,1.878,1.8858,191911
2025-11-20,1.8898,1.9079000000000002,1.8879000000000001,1.8981,202342
2025-11-21,1.876,1.8936,1.8602,1.8924,267558
2025-11-24,1.896,1.925,1.8942,1.911,219485
2025-11-25,1.912,1.9225,1.9,1.9081,213823
2025-11-26,1.9125,1.931,1.9096,1.9249,252444
2025-11-27,1.9292,1.934,1.915,1.921,224302
2025-11-28,1.923,1.932,1.908,1.923,205120
2025-12-01,1.9239000000000002,1.9398,1.9222000000000001,1.9332,197020
2025-12-02,1.9283,1.947,1.916,1.947,255739
2025-12-03,1.9483,1.9819,1.9483,1.972,213478
2025-12-04,1.9749,1.9861,1.9655,1.977,212389
2025-12-05,1.983,1.9865,1.9698,1.9765,201106
2025-12-08,1.9765,1.9926,1.976,1.984,193078
2025-12-09,1.9859,1.9870999999999999,1.9538,1.97,320449
2025-12-10,1.9650999999999998,1.9679,1.9315,1.935,272571
2025-12-11,1.9444000000000001,1.9444000000000001,1.9162000000000001,1.9190999999999998,335498
2025-12-12,1.925,1.9259000000000002,1.867,1.871,308918
2025-12-15,1.8684,1.887,1.856,1.8685,293599
2025-12-16,1.8705,1.9267999999999998,1.8569,1.9125999999999999,402534
2025-12-17,1.914,1.9184,1.893,1.8981,251627
2025-12-18,1.8965,1.902,1.884,1.8991,206174
2025-12-19,1.911,1.9425999999999999,1.9094,1.9369,217839
2025-12-22,1.9447999999999999,1.9972999999999999,1.9409,1.997,238545
2025-12-23,2.002,2.0259,1.9972,2.015,246118
2025-12-24,2.0194,2.0249,2.0022,2.022,280975
2025-12-25,2.023,2.0485,1.95,1.95,278828
2025-12-26,1.944,1.9897,1.9261,1.969,419216
2025-12-29,1.969,2.004,1.961,1.9902,261936
2025-12-30,1.9935,2.0141,1.985,2.0141,270269
2025-12-31,2.021,2.0377,2.0138,2.029,202596
2026-01-05,2.034,2.0361,2.0032,2.0241,229390
2026-01-06,2.0299,2.065,2.0232,2.062,290669
2026-01-07,2.0689,2.0944000000000003,2.0545999999999998,2.0881999999999996,262629
2026-01-08,2.0889,2.1096999999999997,2.0724,2.074,287536
2026-01-09,2.077,2.094,2.053,2.0616,326655
2026-01-12,2.061,2.0825,2.0585,2.0797,324313
2026-01-13,2.0859,2.0974,2.0772,2.0846,255135
2026-01-14,2.0839000000000003,2.0904000000000003,2.039,2.0665999999999998,316339
2026-01-15,2.0633000000000004,2.0633000000000004,2.026,2.0398,312195
2026-01-16,2.0404,2.0988,2.0401,2.0812,276239
2026-01-19,2.0711999999999997,2.0961999999999996,2.071,2.0889,235935
2026-01-20,2.1,2.1157,2.0724,2.0775,315990
2026-01-21,2.073,2.084,2.0551,2.078,331432
2026-01-22,2.0894,2.0997,2.0688,2.087,296223
2026-01-23,2.0935,2.0989,2.0751,2.076,252560
2026-01-26,2.072,2.0765,2.027,2.036,264482
2026-01-27,2.034,2.0425,2.019,2.022,267459
2026-01-28,2.0236,2.032,1.9909000000000001,2.0038,332998
2026-01-29,2.007,2.0251,2.006,2.0251,231624
2026-01-30,2.0265999999999997,2.042,2.0252,2.035,187194
2026-02-02,2.03,2.0329,1.979,2.0049,305178
2026-02-03,2.0199000000000003,2.0248,2.0,2.0,236543
2026-02-04,1.9998,2.01,1.9821,2.01,300351
2026-02-05,2.0056,2.0096,1.9722,1.9722,281132
2026-02-06,1.961,1.9718,1.9485999999999999,1.9513,289474
2026-02-09,1.9643,1.9704000000000002,1.9523,1.9557,170886
2026-02-10,1.9607999999999999,1.98,1.93,1.9661,283544
2026-02-11,1.9677,2.0183,1.9672,2.018,288608
2026-02-12,2.0242999999999998,2.028,2.0154,2.021,131047
2026-02-13,2.0208,2.0224,2.009,2.0105,143644
2026-02-23,2.033,2.0490999999999997,2.032,2.044,127973
2026-02-24,2.0410999999999997,2.0469,2.0322,2.0465,162962
2026-02-25,2.055,2.0668,2.0442,2.0465,210643
2026-02-26,2.0437,2.0779,2.0433,2.0671,220525
2026-02-27,2.067,2.0725,2.0481,2.0536,204592
2026-03-02,2.0341,2.05,2.015,2.015,235856
2026-03-03,2.017,2.02,1.9509,1.952,320076
2026-03-04,1.942,1.956,1.9117,1.956,394884
2026-03-05,1.9737,1.9788,1.9201,1.9244,315734
2026-03-06,1.9167,1.9365999999999999,1.8949,1.8989,354592
2026-03-09,1.82,1.8297999999999999,1.766,1.766,295902
2026-03-10,1.8182,1.8449,1.8039,1.833,400592
2026-03-11,1.8400999999999998,1.8576,1.8351,1.8559,135063
